date,factor,hump_value,mid_maturity,short_maturity,long_maturity
2000-01-03,gamma0,-8.199568107895088e-05,6m,1m,12m
2000-01-04,gamma0,9.227039634365067e-05,6m,1m,12m
2000-01-05,gamma0,-1.6551505811107216e-05,6m,1m,12m
2000-01-06,gamma0,-0.00012923245994555334,6m,1m,12m
2000-01-07,gamma0,-0.00010609985001232213,6m,1m,12m
2000-01-10,gamma0,-0.0001067743920153204,6m,1m,12m
2000-01-11,gamma0,-6.578873214014826e-05,6m,1m,12m
2000-01-12,gamma0,-4.5821597611691945e-05,6m,1m,12m
2000-01-13,gamma0,-0.0001239183779526772,6m,1m,12m
2000-01-14,gamma0,-0.00016433625507555495,6m,1m,12m
2000-01-19,gamma0,-9.225308021487099e-05,6m,1m,12m
2000-01-20,gamma0,-8.580640796527037e-05,6m,1m,12m
2000-01-21,gamma0,-0.00010770044288296911,6m,1m,12m
2000-01-24,gamma0,1.0102144335853005e-05,6m,1m,12m
2000-01-25,gamma0,-4.210081294570922e-05,6m,1m,12m
2000-01-26,gamma0,-4.069897940273247e-05,6m,1m,12m
2000-01-27,gamma0,-4.07626875696686e-05,6m,1m,12m
2000-01-28,gamma0,8.52815417735989e-05,6m,1m,12m
2000-01-31,gamma0,4.714245193022782e-06,6m,1m,12m
2000-02-01,gamma0,-6.440218252105667e-05,6m,1m,12m
2000-02-02,gamma0,-6.684959790097172e-05,6m,1m,12m
2000-02-03,gamma0,-4.632338489188537e-05,6m,1m,12m
2000-02-04,gamma0,-6.599366195184734e-05,6m,1m,12m
2000-02-07,gamma0,-8.296590569401114e-06,6m,1m,12m
2000-02-08,gamma0,-7.251766148132571e-05,6m,1m,12m
2000-02-09,gamma0,-3.526701803710045e-06,6m,1m,12m
2000-02-10,gamma0,-1.4343719212539735e-05,6m,1m,12m
2000-02-11,gamma0,3.865400200830131e-05,6m,1m,12m
2000-02-16,gamma0,-5.004132065628892e-05,6m,1m,12m
2000-02-17,gamma0,-7.869355138606264e-05,6m,1m,12m
2000-02-18,gamma0,3.690001756019893e-05,6m,1m,12m
2000-02-22,gamma0,4.810195526657516e-05,6m,1m,12m
2000-02-23,gamma0,-1.0795893988655067e-05,6m,1m,12m
2000-02-24,gamma0,-2.310565225840888e-05,6m,1m,12m
2000-02-25,gamma0,7.474801194574294e-06,6m,1m,12m
2000-02-28,gamma0,1.6222589773451337e-05,6m,1m,12m
2000-02-29,gamma0,-3.435045980378819e-05,6m,1m,12m
2000-03-01,gamma0,-9.340648571324627e-05,6m,1m,12m
2000-03-02,gamma0,-0.00010049634747408703,6m,1m,12m
2000-03-03,gamma0,-0.00016904459383569625,6m,1m,12m
2000-03-06,gamma0,-9.294989386263875e-05,6m,1m,12m
2000-03-07,gamma0,3.494842260963659e-05,6m,1m,12m
2000-03-08,gamma0,-2.694193989380475e-05,6m,1m,12m
2000-03-09,gamma0,-7.035812690561483e-05,6m,1m,12m
2000-03-10,gamma0,-9.39863079751844e-05,6m,1m,12m
2000-03-22,gamma0,-8.205100384303053e-05,6m,1m,12m
2000-03-23,gamma0,-8.881359500584308e-05,6m,1m,12m
2000-03-24,gamma0,-7.894190519195041e-05,6m,1m,12m
2000-03-27,gamma0,-4.772852299235794e-05,6m,1m,12m
2000-03-28,gamma0,-1.4197200739868236e-05,6m,1m,12m
2000-03-29,gamma0,-1.9373620996915524e-05,6m,1m,12m
2000-03-30,gamma0,3.526890602951151e-05,6m,1m,12m
2000-03-31,gamma0,-2.6595872978975894e-05,6m,1m,12m
2000-04-03,gamma0,-1.8419028430306084e-05,6m,1m,12m
2000-04-04,gamma0,6.698805731035032e-05,6m,1m,12m
2000-04-05,gamma0,0.00022143938978337371,6m,1m,12m
2000-04-06,gamma0,0.00015808152735072225,6m,1m,12m
2000-04-07,gamma0,4.761457644849347e-05,6m,1m,12m
2000-04-10,gamma0,0.0001319488025895709,6m,1m,12m
2000-04-11,gamma0,0.0001436623035385278,6m,1m,12m
2000-04-12,gamma0,0.00021971795108095395,6m,1m,12m
2000-04-13,gamma0,0.00024821643484480475,6m,1m,12m
2000-04-14,gamma0,0.0004283802207106476,6m,1m,12m
2000-04-19,gamma0,0.00015271619862655778,6m,1m,12m
2000-04-20,gamma0,7.79356905994006e-05,6m,1m,12m
2000-04-24,gamma0,0.00018074451683138592,6m,1m,12m
2000-04-25,gamma0,0.0001102865038646384,6m,1m,12m
2000-04-26,gamma0,0.000168590269788164,6m,1m,12m
2000-04-27,gamma0,0.00016402135105271547,6m,1m,12m
2000-04-28,gamma0,0.000145371343484317,6m,1m,12m
2000-05-01,gamma0,0.0001608941435352236,6m,1m,12m
2000-05-02,gamma0,0.0002773795569927784,6m,1m,12m
2000-05-03,gamma0,0.0003461402481772955,6m,1m,12m
2000-05-04,gamma0,0.00027049614590585663,6m,1m,12m
2000-05-05,gamma0,0.0001849435524388,6m,1m,12m
2000-05-08,gamma0,0.0002338643866132612,6m,1m,12m
2000-05-09,gamma0,0.00026502132473477634,6m,1m,12m
2000-05-10,gamma0,0.00022925360371502858,6m,1m,12m
2000-05-11,gamma0,0.0002006570994121391,6m,1m,12m
2000-05-12,gamma0,0.00012938266790874268,6m,1m,12m
2000-05-17,gamma0,1.3926270097665035e-05,6m,1m,12m
2000-05-18,gamma0,2.292929282402961e-05,6m,1m,12m
2000-05-19,gamma0,7.0582265130738e-05,6m,1m,12m
2000-05-22,gamma0,0.00010508526594014001,6m,1m,12m
2000-05-23,gamma0,6.137732371231836e-05,6m,1m,12m
2000-05-24,gamma0,2.520218067124411e-05,6m,1m,12m
2000-05-25,gamma0,-2.920049721801682e-05,6m,1m,12m
2000-05-26,gamma0,-3.999334142063003e-05,6m,1m,12m
2000-05-30,gamma0,1.0885630753469134e-05,6m,1m,12m
2000-05-31,gamma0,7.663718436424919e-08,6m,1m,12m
2000-06-01,gamma0,-4.53688413162478e-05,6m,1m,12m
2000-06-02,gamma0,-3.992820303571009e-05,6m,1m,12m
2000-06-05,gamma0,1.1377865078428867e-05,6m,1m,12m
2000-06-06,gamma0,-1.341231460411565e-05,6m,1m,12m
2000-06-07,gamma0,-7.294839624160605e-07,6m,1m,12m
2000-06-08,gamma0,1.862726157982414e-05,6m,1m,12m
2000-06-09,gamma0,4.083774285393283e-05,6m,1m,12m
2000-06-21,gamma0,-1.6772307839127603e-05,6m,1m,12m
2000-06-22,gamma0,1.3158727296744272e-06,6m,1m,12m
2000-06-23,gamma0,-6.888467657033425e-06,6m,1m,12m
2000-06-26,gamma0,-3.091163085656018e-05,6m,1m,12m
2000-06-27,gamma0,-9.082461065355303e-05,6m,1m,12m
2000-06-28,gamma0,-7.583656475785944e-05,6m,1m,12m
2000-06-29,gamma0,-0.00010584149632261202,6m,1m,12m
2000-06-30,gamma0,-8.434736861894792e-05,6m,1m,12m
2000-07-03,gamma0,-7.0584454530793e-05,6m,1m,12m
2000-07-05,gamma0,1.0554694342639951e-05,6m,1m,12m
2000-07-06,gamma0,-8.249469545402453e-06,6m,1m,12m
2000-07-07,gamma0,-5.192906205980761e-05,6m,1m,12m
2000-07-10,gamma0,-2.4466019205883824e-05,6m,1m,12m
2000-07-11,gamma0,-6.093356064377768e-06,6m,1m,12m
2000-07-12,gamma0,1.7766719851722324e-05,6m,1m,12m
2000-07-13,gamma0,1.7617142101694104e-05,6m,1m,12m
2000-07-14,gamma0,-8.307568644282757e-06,6m,1m,12m
2000-07-19,gamma0,-7.220549453614141e-05,6m,1m,12m
2000-07-20,gamma0,-8.202518862496646e-05,6m,1m,12m
2000-07-21,gamma0,-7.004851306638299e-05,6m,1m,12m
2000-07-24,gamma0,-3.906216865538723e-05,6m,1m,12m
2000-07-25,gamma0,-2.9941010228088616e-05,6m,1m,12m
2000-07-26,gamma0,-4.330659408883401e-05,6m,1m,12m
2000-07-27,gamma0,-3.727115996337759e-05,6m,1m,12m
2000-07-28,gamma0,-1.1874147697831574e-05,6m,1m,12m
2000-07-31,gamma0,2.930981335308486e-05,6m,1m,12m
2000-08-01,gamma0,6.83089122041134e-06,6m,1m,12m
2000-08-02,gamma0,5.356670386345944e-07,6m,1m,12m
2000-08-03,gamma0,4.983185427926489e-06,6m,1m,12m
2000-08-04,gamma0,-2.9206501184735374e-05,6m,1m,12m
2000-08-07,gamma0,5.8563889550575536e-06,6m,1m,12m
2000-08-08,gamma0,-1.075274733320882e-05,6m,1m,12m
2000-08-09,gamma0,5.353931502947098e-06,6m,1m,12m
2000-08-10,gamma0,-2.5374203166591397e-05,6m,1m,12m
2000-08-11,gamma0,-3.9255744960116804e-05,6m,1m,12m
2000-08-16,gamma0,-6.9382080409418e-05,6m,1m,12m
2000-08-17,gamma0,-5.721956527026337e-05,6m,1m,12m
2000-08-18,gamma0,-8.184899312036834e-05,6m,1m,12m
2000-08-21,gamma0,-6.265805611548652e-05,6m,1m,12m
2000-08-22,gamma0,-5.9172647060726e-05,6m,1m,12m
2000-08-23,gamma0,-2.898864307736343e-05,6m,1m,12m
2000-08-24,gamma0,-4.259295455650257e-05,6m,1m,12m
2000-08-25,gamma0,-5.483996656650223e-05,6m,1m,12m
2000-08-28,gamma0,-1.804335562203089e-05,6m,1m,12m
2000-08-29,gamma0,-2.686749334247497e-05,6m,1m,12m
2000-08-30,gamma0,2.83225491395926e-05,6m,1m,12m
2000-08-31,gamma0,-2.839606553579507e-05,6m,1m,12m
2000-09-01,gamma0,-2.5002842308580925e-05,6m,1m,12m
2000-09-05,gamma0,6.967559411990124e-05,6m,1m,12m
2000-09-06,gamma0,9.805554371633191e-05,6m,1m,12m
2000-09-07,gamma0,2.6995968202770515e-05,6m,1m,12m
2000-09-08,gamma0,-9.674057732990646e-06,6m,1m,12m
2000-09-20,gamma0,-8.999722552573078e-06,6m,1m,12m
2000-09-21,gamma0,6.535669588621905e-06,6m,1m,12m
2000-09-22,gamma0,-1.700010364087031e-05,6m,1m,12m
2000-09-25,gamma0,4.680350729583455e-05,6m,1m,12m
2000-09-26,gamma0,6.508792088089043e-05,6m,1m,12m
2000-09-27,gamma0,3.7436385759867394e-05,6m,1m,12m
2000-09-28,gamma0,-4.1667195459350446e-05,6m,1m,12m
2000-09-29,gamma0,4.496807010239945e-05,6m,1m,12m
2000-10-02,gamma0,4.5291699233504265e-05,6m,1m,12m
2000-10-03,gamma0,6.635008781363669e-05,6m,1m,12m
2000-10-04,gamma0,4.506255301807979e-05,6m,1m,12m
2000-10-05,gamma0,1.9589630385186564e-05,6m,1m,12m
2000-10-06,gamma0,2.203865629277398e-05,6m,1m,12m
2000-10-09,gamma0,0.00011183413255850208,6m,1m,12m
2000-10-10,gamma0,0.00013136562259021253,6m,1m,12m
2000-10-11,gamma0,0.0001857651988506843,6m,1m,12m
2000-10-12,gamma0,0.00030123237646184013,6m,1m,12m
2000-10-13,gamma0,0.00019131325954164694,6m,1m,12m
2000-10-18,gamma0,0.00025480776777800503,6m,1m,12m
2000-10-19,gamma0,0.0001173402858307459,6m,1m,12m
2000-10-20,gamma0,9.14182297755261e-05,6m,1m,12m
2000-10-23,gamma0,8.93869595363604e-05,6m,1m,12m
2000-10-24,gamma0,0.00011581964176945366,6m,1m,12m
2000-10-25,gamma0,0.00019284358304358018,6m,1m,12m
2000-10-26,gamma0,0.00025313691901490877,6m,1m,12m
2000-10-27,gamma0,0.00018895516603028884,6m,1m,12m
2000-10-30,gamma0,0.00016644280338369268,6m,1m,12m
2000-10-31,gamma0,0.00010434627879629498,6m,1m,12m
2000-11-01,gamma0,0.00012586346575370048,6m,1m,12m
2000-11-02,gamma0,0.00013148243175970214,6m,1m,12m
2000-11-03,gamma0,0.00010233799072716167,6m,1m,12m
2000-11-06,gamma0,0.00012080221075576809,6m,1m,12m
2000-11-07,gamma0,0.00012084289365865819,6m,1m,12m
2000-11-08,gamma0,0.00017892893611801223,6m,1m,12m
2000-11-09,gamma0,0.00023456598087287742,6m,1m,12m
2000-11-10,gamma0,0.00025814949331617773,6m,1m,12m
2000-11-15,gamma0,0.00013063042492946026,6m,1m,12m
2000-11-16,gamma0,0.00010330184923778925,6m,1m,12m
2000-11-17,gamma0,8.211206770405809e-05,6m,1m,12m
2000-11-20,gamma0,0.00017582591271886937,6m,1m,12m
2000-11-21,gamma0,0.0001382785403694778,6m,1m,12m
2000-11-22,gamma0,0.00013107674661510182,6m,1m,12m
2000-11-24,gamma0,8.55628623832164e-05,6m,1m,12m
2000-11-27,gamma0,0.00015978812778193695,6m,1m,12m
2000-11-28,gamma0,0.00014346628409949452,6m,1m,12m
2000-11-29,gamma0,0.0001383703842996441,6m,1m,12m
2000-11-30,gamma0,0.00020802132664418183,6m,1m,12m
2000-12-01,gamma0,0.00013184862481263615,6m,1m,12m
2000-12-04,gamma0,0.0001455447520544079,6m,1m,12m
2000-12-05,gamma0,1.8394183245518233e-05,6m,1m,12m
2000-12-06,gamma0,9.817891366123689e-05,6m,1m,12m
2000-12-07,gamma0,0.00011106994340813863,6m,1m,12m
2000-12-08,gamma0,0.00014947373352012917,6m,1m,12m
2000-12-20,gamma0,0.0002923122227650677,6m,1m,12m
2000-12-21,gamma0,0.00019453159813259056,6m,1m,12m
2000-12-22,gamma0,0.00014002146634900482,6m,1m,12m
2000-12-26,gamma0,0.00021789579120386822,6m,1m,12m
2000-12-27,gamma0,0.00018261084128775231,6m,1m,12m
2000-12-28,gamma0,0.00010261883667758465,6m,1m,12m
2000-12-29,gamma0,8.553097710257951e-05,6m,1m,12m
2001-01-02,gamma0,0.0001871442404841205,6m,1m,12m
2001-01-03,gamma0,0.00010079527270939403,6m,1m,12m
2001-01-04,gamma0,0.00012214923236957936,6m,1m,12m
2001-01-05,gamma0,0.00016065774337420486,6m,1m,12m
2001-01-08,gamma0,0.00020141087062093354,6m,1m,12m
2001-01-09,gamma0,0.00016631355022387237,6m,1m,12m
2001-01-10,gamma0,0.00011912615690771952,6m,1m,12m
2001-01-11,gamma0,0.00010301817123794407,6m,1m,12m
2001-01-12,gamma0,3.6956125792449634e-06,6m,1m,12m
2001-01-17,gamma0,4.801698195158928e-05,6m,1m,12m
2001-01-18,gamma0,1.4668819581114393e-05,6m,1m,12m
2001-01-19,gamma0,2.297887184399975e-05,6m,1m,12m
2001-01-22,gamma0,5.569682476627856e-06,6m,1m,12m
2001-01-23,gamma0,-4.248069055719672e-05,6m,1m,12m
2001-01-24,gamma0,-3.1936534553270172e-06,6m,1m,12m
2001-01-25,gamma0,3.5421787448955414e-06,6m,1m,12m
2001-01-26,gamma0,-1.6935995457758222e-05,6m,1m,12m
2001-01-29,gamma0,3.528603626168599e-05,6m,1m,12m
2001-01-30,gamma0,3.596650698720086e-05,6m,1m,12m
2001-01-31,gamma0,2.781817567852279e-05,6m,1m,12m
2001-02-01,gamma0,-5.4265177290773365e-06,6m,1m,12m
2001-02-02,gamma0,6.393295438274678e-07,6m,1m,12m
2001-02-05,gamma0,3.632645460291859e-05,6m,1m,12m
2001-02-06,gamma0,3.086634415911912e-05,6m,1m,12m
2001-02-07,gamma0,1.033070883494799e-05,6m,1m,12m
2001-02-08,gamma0,-3.612985080711136e-05,6m,1m,12m
2001-02-09,gamma0,-3.618302132505216e-05,6m,1m,12m
2001-02-14,gamma0,-3.0100134409119976e-05,6m,1m,12m
2001-02-15,gamma0,-8.162742459355499e-05,6m,1m,12m
2001-02-16,gamma0,-2.834597881911439e-05,6m,1m,12m
2001-02-20,gamma0,5.050852346294253e-05,6m,1m,12m
2001-02-21,gamma0,8.860837742916776e-05,6m,1m,12m
2001-02-22,gamma0,0.00010944151691052931,6m,1m,12m
2001-02-23,gamma0,0.00016304948776056291,6m,1m,12m
2001-02-26,gamma0,0.00010586352124490272,6m,1m,12m
2001-02-27,gamma0,0.00016959165015408614,6m,1m,12m
2001-02-28,gamma0,0.00024620948979551974,6m,1m,12m
2001-03-01,gamma0,0.00020840812119440335,6m,1m,12m
2001-03-02,gamma0,0.00020883237404858312,6m,1m,12m
2001-03-05,gamma0,0.0001878868961890312,6m,1m,12m
2001-03-06,gamma0,0.00011600171355605587,6m,1m,12m
2001-03-07,gamma0,0.0001091393402402551,6m,1m,12m
2001-03-08,gamma0,0.00011304659575798468,6m,1m,12m
2001-03-09,gamma0,0.00017331081676419475,6m,1m,12m
2001-03-21,gamma0,0.0003430756446194157,6m,1m,12m
2001-03-22,gamma0,0.000334462067951919,6m,1m,12m
2001-03-23,gamma0,0.0003173192532579722,6m,1m,12m
2001-03-26,gamma0,0.00021647516359941078,6m,1m,12m
2001-03-27,gamma0,0.00014438826189452724,6m,1m,12m
2001-03-28,gamma0,0.0002674140891007879,6m,1m,12m
2001-03-29,gamma0,0.000212333028364499,6m,1m,12m
2001-03-30,gamma0,0.00019101664889748798,6m,1m,12m
2001-04-02,gamma0,0.00027994473167924943,6m,1m,12m
2001-04-03,gamma0,0.0004639566641164666,6m,1m,12m
2001-04-04,gamma0,0.0004504204707478469,6m,1m,12m
2001-04-05,gamma0,0.0003105170246750362,6m,1m,12m
2001-04-06,gamma0,0.0003586737966924701,6m,1m,12m
2001-04-09,gamma0,0.0003562039865266879,6m,1m,12m
2001-04-10,gamma0,0.00031712238049201726,6m,1m,12m
2001-04-11,gamma0,0.0002500154396272446,6m,1m,12m
2001-04-12,gamma0,0.00010108096763633479,6m,1m,12m
2001-04-18,gamma0,0.00013914614163599589,6m,1m,12m
2001-04-19,gamma0,0.0001032358819682377,6m,1m,12m
2001-04-20,gamma0,0.00014083537930458667,6m,1m,12m
2001-04-23,gamma0,0.00022655207504797587,6m,1m,12m
2001-04-24,gamma0,0.0002245510411379983,6m,1m,12m
2001-04-25,gamma0,0.00019621286092267841,6m,1m,12m
2001-04-26,gamma0,0.0001500502120525111,6m,1m,12m
2001-04-27,gamma0,8.641665282760401e-05,6m,1m,12m
2001-04-30,gamma0,0.00013904208112403533,6m,1m,12m
2001-05-01,gamma0,9.245230081095888e-05,6m,1m,12m
2001-05-02,gamma0,9.998109071885145e-05,6m,1m,12m
2001-05-03,gamma0,0.0001386399546247686,6m,1m,12m
2001-05-04,gamma0,6.767308654206864e-05,6m,1m,12m
2001-05-07,gamma0,0.00012548945677824815,6m,1m,12m
2001-05-08,gamma0,9.915199136143083e-05,6m,1m,12m
2001-05-09,gamma0,8.902585057888767e-05,6m,1m,12m
2001-05-10,gamma0,6.530223518308456e-05,6m,1m,12m
2001-05-11,gamma0,5.872559641927075e-05,6m,1m,12m
2001-05-16,gamma0,2.6438006383642306e-05,6m,1m,12m
2001-05-17,gamma0,6.909849043076586e-07,6m,1m,12m
2001-05-18,gamma0,5.272252604030957e-08,6m,1m,12m
2001-05-21,gamma0,4.035684680274993e-05,6m,1m,12m
2001-05-22,gamma0,2.6351550821173563e-05,6m,1m,12m
2001-05-23,gamma0,4.591559836081141e-05,6m,1m,12m
2001-05-24,gamma0,-5.982494224872595e-05,6m,1m,12m
2001-05-25,gamma0,-6.120775942224486e-05,6m,1m,12m
2001-05-29,gamma0,1.0982527399419443e-05,6m,1m,12m
2001-05-30,gamma0,3.1157101684752524e-05,6m,1m,12m
2001-05-31,gamma0,-2.586875546855272e-06,6m,1m,12m
2001-06-01,gamma0,-4.609480270940904e-05,6m,1m,12m
2001-06-04,gamma0,-2.3476374195960998e-05,6m,1m,12m
2001-06-05,gamma0,-9.815758507130351e-05,6m,1m,12m
2001-06-06,gamma0,-3.401965979111111e-05,6m,1m,12m
2001-06-07,gamma0,-9.565842370133193e-05,6m,1m,12m
2001-06-08,gamma0,-0.0001052463085516356,6m,1m,12m
2001-06-20,gamma0,2.8758796152856595e-05,6m,1m,12m
2001-06-21,gamma0,-3.6131502230628447e-06,6m,1m,12m
2001-06-22,gamma0,3.232036810262616e-05,6m,1m,12m
2001-06-25,gamma0,9.306526665303238e-05,6m,1m,12m
2001-06-26,gamma0,9.196068320561619e-05,6m,1m,12m
2001-06-27,gamma0,6.574674004553274e-05,6m,1m,12m
2001-06-28,gamma0,5.955380602329622e-05,6m,1m,12m
2001-06-29,gamma0,-3.147061314780107e-05,6m,1m,12m
2001-07-02,gamma0,1.1468224135585803e-05,6m,1m,12m
2001-07-03,gamma0,3.0139867938982245e-05,6m,1m,12m
2001-07-05,gamma0,6.63858856289876e-05,6m,1m,12m
2001-07-06,gamma0,0.00011422755704777065,6m,1m,12m
2001-07-09,gamma0,0.00013907440633034236,6m,1m,12m
2001-07-10,gamma0,0.00017543169755352504,6m,1m,12m
2001-07-11,gamma0,0.00015074517587564118,6m,1m,12m
2001-07-12,gamma0,9.463859048978806e-05,6m,1m,12m
2001-07-13,gamma0,2.3071577309941243e-05,6m,1m,12m
2001-07-18,gamma0,0.00015059234328396865,6m,1m,12m
2001-07-19,gamma0,7.015166976948209e-05,6m,1m,12m
2001-07-20,gamma0,7.538640265315394e-05,6m,1m,12m
2001-07-23,gamma0,0.00010996537271326618,6m,1m,12m
2001-07-24,gamma0,0.00012190838422397669,6m,1m,12m
2001-07-25,gamma0,7.897116932015485e-05,6m,1m,12m
2001-07-26,gamma0,6.113862937894883e-05,6m,1m,12m
2001-07-27,gamma0,3.299794849799031e-05,6m,1m,12m
2001-07-30,gamma0,5.1682262140624946e-05,6m,1m,12m
2001-07-31,gamma0,3.575214702094552e-05,6m,1m,12m
2001-08-01,gamma0,-3.603345032136286e-05,6m,1m,12m
2001-08-02,gamma0,-7.427242582028111e-06,6m,1m,12m
2001-08-03,gamma0,-2.6407590479090428e-05,6m,1m,12m
2001-08-06,gamma0,6.041621016597017e-05,6m,1m,12m
2001-08-07,gamma0,1.4774664708120172e-05,6m,1m,12m
2001-08-08,gamma0,8.670201966048828e-06,6m,1m,12m
2001-08-09,gamma0,1.120660176404174e-05,6m,1m,12m
2001-08-10,gamma0,-1.842190256043103e-05,6m,1m,12m
2001-08-22,gamma0,2.0112641008662447e-05,6m,1m,12m
2001-08-23,gamma0,-1.6537140791215062e-05,6m,1m,12m
2001-08-24,gamma0,-7.109491157877466e-05,6m,1m,12m
2001-08-27,gamma0,-4.59870852020998e-05,6m,1m,12m
2001-08-28,gamma0,3.235298174614826e-07,6m,1m,12m
2001-08-29,gamma0,2.3964809797425652e-05,6m,1m,12m
2001-08-30,gamma0,0.00010843487428710891,6m,1m,12m
2001-08-31,gamma0,7.150835292045879e-05,6m,1m,12m
2001-09-04,gamma0,0.00017712944834547882,6m,1m,12m
2001-09-05,gamma0,0.0001495497652938735,6m,1m,12m
2001-09-06,gamma0,0.00025621144781220047,6m,1m,12m
2001-09-07,gamma0,0.0003003713205679117,6m,1m,12m
2001-09-10,gamma0,0.00026556304696453135,6m,1m,12m
2001-09-19,gamma0,0.00042541970502196145,6m,1m,12m
2001-09-20,gamma0,0.0006637655586037935,6m,1m,12m
2001-09-21,gamma0,0.00054189992208891,6m,1m,12m
2001-09-24,gamma0,0.00042646993695033466,6m,1m,12m
2001-09-25,gamma0,0.0003873669315150104,6m,1m,12m
2001-09-26,gamma0,0.00043037416577339384,6m,1m,12m
2001-09-27,gamma0,0.0003759768748716034,6m,1m,12m
2001-09-28,gamma0,0.0003430631353128345,6m,1m,12m
2001-10-01,gamma0,0.00030900002203186546,6m,1m,12m
2001-10-02,gamma0,0.00025564040427504667,6m,1m,12m
2001-10-03,gamma0,0.00025475829319034993,6m,1m,12m
2001-10-04,gamma0,0.0003164027895847857,6m,1m,12m
2001-10-05,gamma0,0.00038821826235608593,6m,1m,12m
2001-10-08,gamma0,0.00044221213844168036,6m,1m,12m
2001-10-09,gamma0,0.0004150020162523074,6m,1m,12m
2001-10-10,gamma0,0.00031421533015914385,6m,1m,12m
2001-10-11,gamma0,0.0002938746450529083,6m,1m,12m
2001-10-12,gamma0,0.0004108078887850157,6m,1m,12m
2001-10-17,gamma0,0.00036395418378208183,6m,1m,12m
2001-10-18,gamma0,0.00035430978966898756,6m,1m,12m
2001-10-19,gamma0,0.00036410459311596397,6m,1m,12m
2001-10-22,gamma0,0.0003180196733899244,6m,1m,12m
2001-10-23,gamma0,0.0002572838932352825,6m,1m,12m
2001-10-24,gamma0,0.0002846337236608007,6m,1m,12m
2001-10-25,gamma0,0.000206956969940685,6m,1m,12m
2001-10-26,gamma0,0.0002448340194294013,6m,1m,12m
2001-10-29,gamma0,0.00030016588336273194,6m,1m,12m
2001-10-30,gamma0,0.00032158166870476125,6m,1m,12m
2001-10-31,gamma0,0.0003193940423935169,6m,1m,12m
2001-11-01,gamma0,0.00025870905513103535,6m,1m,12m
2001-11-02,gamma0,0.00020068763348383495,6m,1m,12m
2001-11-05,gamma0,0.00018595354696517046,6m,1m,12m
2001-11-06,gamma0,0.00016627578599009293,6m,1m,12m
2001-11-07,gamma0,0.00014025943727887804,6m,1m,12m
2001-11-08,gamma0,0.0001108753561626933,6m,1m,12m
2001-11-09,gamma0,6.915309119265128e-05,6m,1m,12m
2001-11-21,gamma0,9.576704254426719e-06,6m,1m,12m
2001-11-23,gamma0,1.7827026503136292e-06,6m,1m,12m
2001-11-26,gamma0,3.297046688112678e-05,6m,1m,12m
2001-11-27,gamma0,1.9574433875799095e-05,6m,1m,12m
2001-11-28,gamma0,0.00010181643518186118,6m,1m,12m
2001-11-29,gamma0,2.8744826499160986e-05,6m,1m,12m
2001-11-30,gamma0,-1.6901026727251247e-05,6m,1m,12m
2001-12-03,gamma0,0.00011316755779285431,6m,1m,12m
2001-12-04,gamma0,2.695739718818079e-05,6m,1m,12m
2001-12-05,gamma0,3.475193936276994e-05,6m,1m,12m
2001-12-06,gamma0,1.3885416380460198e-05,6m,1m,12m
2001-12-07,gamma0,4.118551763750681e-05,6m,1m,12m
2001-12-10,gamma0,0.0001544819675848693,6m,1m,12m
2001-12-11,gamma0,0.00012219165037537357,6m,1m,12m
2001-12-12,gamma0,4.977582399531919e-05,6m,1m,12m
2001-12-13,gamma0,0.00016653074966497817,6m,1m,12m
2001-12-14,gamma0,4.13927200124151e-05,6m,1m,12m
2001-12-19,gamma0,-3.758355894571067e-06,6m,1m,12m
2001-12-20,gamma0,3.186033729703895e-05,6m,1m,12m
2001-12-21,gamma0,-5.9895901866355266e-05,6m,1m,12m
2001-12-24,gamma0,-5.281518429121572e-05,6m,1m,12m
2001-12-26,gamma0,-9.177060197991666e-05,6m,1m,12m
2001-12-27,gamma0,-0.00011382985564897048,6m,1m,12m
2001-12-28,gamma0,-0.00012896565243829893,6m,1m,12m
2001-12-31,gamma0,-5.196268948600655e-05,6m,1m,12m
2002-01-02,gamma0,-2.6994791109193307e-05,6m,1m,12m
2002-01-03,gamma0,-0.00012178453892879242,6m,1m,12m
2002-01-04,gamma0,-0.0001432088557890306,6m,1m,12m
2002-01-07,gamma0,-0.00010482026423372353,6m,1m,12m
2002-01-08,gamma0,-8.62541069896105e-05,6m,1m,12m
2002-01-09,gamma0,-3.226128594173628e-05,6m,1m,12m
2002-01-10,gamma0,-3.786199655986804e-05,6m,1m,12m
2002-01-11,gamma0,-5.6548969403808306e-05,6m,1m,12m
2002-01-16,gamma0,4.024934243111946e-05,6m,1m,12m
2002-01-17,gamma0,-4.1791228840543744e-05,6m,1m,12m
2002-01-18,gamma0,-1.3198188420650879e-05,6m,1m,12m
2002-01-22,gamma0,-7.737281072496116e-06,6m,1m,12m
2002-01-23,gamma0,-2.5368812086316184e-05,6m,1m,12m
2002-01-24,gamma0,-5.74018146527745e-05,6m,1m,12m
2002-01-25,gamma0,-4.924259098189622e-05,6m,1m,12m
2002-01-28,gamma0,-4.482005702457985e-06,6m,1m,12m
2002-01-29,gamma0,0.00010916830412799382,6m,1m,12m
2002-01-30,gamma0,0.0001146378705474729,6m,1m,12m
2002-01-31,gamma0,4.900811017538787e-05,6m,1m,12m
2002-02-01,gamma0,6.878894340054737e-05,6m,1m,12m
2002-02-04,gamma0,0.00020265827083991192,6m,1m,12m
2002-02-05,gamma0,0.0002201588924080772,6m,1m,12m
2002-02-06,gamma0,0.0001931365231999154,6m,1m,12m
2002-02-07,gamma0,0.0001489642637563635,6m,1m,12m
2002-02-08,gamma0,7.995882161284564e-05,6m,1m,12m
2002-02-13,gamma0,1.522888646724538e-05,6m,1m,12m
2002-02-14,gamma0,4.810710761369063e-05,6m,1m,12m
2002-02-15,gamma0,6.447552769032966e-05,6m,1m,12m
2002-02-19,gamma0,0.0001285635516779957,6m,1m,12m
2002-02-20,gamma0,6.56079399527436e-05,6m,1m,12m
2002-02-21,gamma0,0.00014022777031622404,6m,1m,12m
2002-02-22,gamma0,6.968133738394827e-05,6m,1m,12m
2002-02-25,gamma0,1.953379132878001e-05,6m,1m,12m
2002-02-26,gamma0,1.6802251352341924e-05,6m,1m,12m
2002-02-27,gamma0,2.9082711982653417e-05,6m,1m,12m
2002-02-28,gamma0,3.44006867839439e-05,6m,1m,12m
2002-03-01,gamma0,-1.638604054093801e-05,6m,1m,12m
2002-03-04,gamma0,4.387184272901819e-05,6m,1m,12m
2002-03-05,gamma0,3.494796416562335e-05,6m,1m,12m
2002-03-06,gamma0,4.953917215889089e-05,6m,1m,12m
2002-03-07,gamma0,4.168395867330054e-05,6m,1m,12m
2002-03-08,gamma0,-1.5981426023604576e-05,6m,1m,12m
2002-03-20,gamma0,-4.6195788724047236e-05,6m,1m,12m
2002-03-21,gamma0,-7.702680959239305e-05,6m,1m,12m
2002-03-22,gamma0,-8.351727848261183e-05,6m,1m,12m
2002-03-25,gamma0,-3.385708372448383e-05,6m,1m,12m
2002-03-26,gamma0,-1.6404503227622456e-05,6m,1m,12m
2002-03-27,gamma0,-3.5782295410548586e-05,6m,1m,12m
2002-03-28,gamma0,-4.5805836868039154e-05,6m,1m,12m
2002-04-01,gamma0,8.039195182077408e-06,6m,1m,12m
2002-04-02,gamma0,4.6081637378605395e-05,6m,1m,12m
2002-04-03,gamma0,7.129497253485649e-05,6m,1m,12m
2002-04-04,gamma0,2.4534251638289286e-05,6m,1m,12m
2002-04-05,gamma0,-8.672052731686982e-06,6m,1m,12m
2002-04-08,gamma0,2.898742225896077e-05,6m,1m,12m
2002-04-09,gamma0,3.0481098676977344e-05,6m,1m,12m
2002-04-10,gamma0,-2.308988857515277e-05,6m,1m,12m
2002-04-11,gamma0,3.141354995759349e-05,6m,1m,12m
2002-04-12,gamma0,9.34467319551506e-06,6m,1m,12m
2002-04-17,gamma0,5.144913715793904e-06,6m,1m,12m
2002-04-18,gamma0,2.3469194763131433e-05,6m,1m,12m
2002-04-19,gamma0,-8.894544695834118e-06,6m,1m,12m
2002-04-22,gamma0,5.8673001568923646e-05,6m,1m,12m
2002-04-23,gamma0,3.572660291979826e-05,6m,1m,12m
2002-04-24,gamma0,5.487098378921091e-05,6m,1m,12m
2002-04-25,gamma0,7.568492261466643e-05,6m,1m,12m
2002-04-26,gamma0,9.966978548528726e-05,6m,1m,12m
2002-04-29,gamma0,0.00014916041776531276,6m,1m,12m
2002-04-30,gamma0,6.339416420697047e-05,6m,1m,12m
2002-05-01,gamma0,2.549515667088754e-05,6m,1m,12m
2002-05-02,gamma0,1.8907140520193457e-05,6m,1m,12m
2002-05-03,gamma0,1.5615872423531995e-05,6m,1m,12m
2002-05-06,gamma0,6.681088483494191e-05,6m,1m,12m
2002-05-07,gamma0,4.9266263810018026e-05,6m,1m,12m
2002-05-08,gamma0,5.6093618053517246e-05,6m,1m,12m
2002-05-09,gamma0,6.420208070726793e-05,6m,1m,12m
2002-05-10,gamma0,3.3379388454602544e-05,6m,1m,12m
2002-05-22,gamma0,-2.245568598590446e-05,6m,1m,12m
2002-05-23,gamma0,-7.663027619345018e-05,6m,1m,12m
2002-05-24,gamma0,-5.2071354572949686e-05,6m,1m,12m
2002-05-28,gamma0,-4.996286164725293e-06,6m,1m,12m
2002-05-29,gamma0,-1.7149107265212213e-05,6m,1m,12m
2002-05-30,gamma0,-1.50675312919331e-05,6m,1m,12m
2002-05-31,gamma0,-4.167173426356822e-05,6m,1m,12m
2002-06-03,gamma0,6.393139193248458e-05,6m,1m,12m
2002-06-04,gamma0,0.0001071883565238101,6m,1m,12m
2002-06-05,gamma0,5.941335035812903e-05,6m,1m,12m
2002-06-06,gamma0,0.00012006998444348684,6m,1m,12m
2002-06-07,gamma0,7.826418373212814e-05,6m,1m,12m
2002-06-10,gamma0,0.00010784858267511465,6m,1m,12m
2002-06-11,gamma0,0.00013043059053890416,6m,1m,12m
2002-06-12,gamma0,0.00012119362942259628,6m,1m,12m
2002-06-13,gamma0,0.00011279232133058943,6m,1m,12m
2002-06-14,gamma0,0.0001535821522827719,6m,1m,12m
2002-06-19,gamma0,0.00014099636534362263,6m,1m,12m
2002-06-20,gamma0,0.00015360675094271335,6m,1m,12m
2002-06-21,gamma0,0.00020259764035624638,6m,1m,12m
2002-06-24,gamma0,0.00017429310858417765,6m,1m,12m
2002-06-25,gamma0,0.00022269964912941702,6m,1m,12m
2002-06-26,gamma0,0.00027676058839884714,6m,1m,12m
2002-06-27,gamma0,0.00021460177201311712,6m,1m,12m
2002-06-28,gamma0,0.00014887200086563957,6m,1m,12m
2002-07-01,gamma0,0.0002328291502923996,6m,1m,12m
2002-07-02,gamma0,0.0003208514788920469,6m,1m,12m
2002-07-03,gamma0,0.00031170067365530763,6m,1m,12m
2002-07-05,gamma0,0.00023306478400128585,6m,1m,12m
2002-07-08,gamma0,0.00028713318339396306,6m,1m,12m
2002-07-09,gamma0,0.00031849820550017874,6m,1m,12m
2002-07-10,gamma0,0.00048210296569149404,6m,1m,12m
2002-07-11,gamma0,0.0003876787119294077,6m,1m,12m
2002-07-12,gamma0,0.000387421133448919,6m,1m,12m
2002-07-17,gamma0,0.0003944223786201996,6m,1m,12m
2002-07-18,gamma0,0.00039654342091445223,6m,1m,12m
2002-07-19,gamma0,0.0005131224330777235,6m,1m,12m
2002-07-22,gamma0,0.0006549744119991721,6m,1m,12m
2002-07-23,gamma0,0.0006747710380635445,6m,1m,12m
2002-07-24,gamma0,0.0005794550410837076,6m,1m,12m
2002-07-25,gamma0,0.0004914097465742791,6m,1m,12m
2002-07-26,gamma0,0.0003642716406121471,6m,1m,12m
2002-07-29,gamma0,0.00027150804079487123,6m,1m,12m
2002-07-30,gamma0,0.00020237671899189696,6m,1m,12m
2002-07-31,gamma0,0.00025111420322401193,6m,1m,12m
2002-08-01,gamma0,0.0003674827752878383,6m,1m,12m
2002-08-02,gamma0,0.0003827549091493989,6m,1m,12m
2002-08-05,gamma0,0.0005528890000253692,6m,1m,12m
2002-08-06,gamma0,0.0004677037856135051,6m,1m,12m
2002-08-07,gamma0,0.00037194855522527037,6m,1m,12m
2002-08-08,gamma0,0.00031471008451294184,6m,1m,12m
2002-08-09,gamma0,0.0002805626501238922,6m,1m,12m
2002-08-21,gamma0,5.031100124985359e-05,6m,1m,12m
2002-08-22,gamma0,4.8179716733307227e-05,6m,1m,12m
2002-08-23,gamma0,0.0001135491550740289,6m,1m,12m
2002-08-26,gamma0,0.00011153098523493751,6m,1m,12m
2002-08-27,gamma0,6.578484498021115e-05,6m,1m,12m
2002-08-28,gamma0,0.00018477394202624312,6m,1m,12m
2002-08-29,gamma0,0.00019837277137461378,6m,1m,12m
2002-08-30,gamma0,0.00010051258658713523,6m,1m,12m
2002-09-03,gamma0,0.0003449634298004158,6m,1m,12m
2002-09-04,gamma0,0.00026977556919005434,6m,1m,12m
2002-09-05,gamma0,0.0003100205946497521,6m,1m,12m
2002-09-06,gamma0,0.00023389170691707283,6m,1m,12m
2002-09-09,gamma0,0.0002775627499609464,6m,1m,12m
2002-09-10,gamma0,0.00023011851888985043,6m,1m,12m
2002-09-11,gamma0,0.0002619054201742231,6m,1m,12m
2002-09-12,gamma0,0.00031017469363542273,6m,1m,12m
2002-09-13,gamma0,0.00019101051868764785,6m,1m,12m
2002-09-18,gamma0,0.0002979687556802854,6m,1m,12m
2002-09-19,gamma0,0.0003013753505916091,6m,1m,12m
2002-09-20,gamma0,0.0002706800473625454,6m,1m,12m
2002-09-23,gamma0,0.00026460046601692246,6m,1m,12m
2002-09-24,gamma0,0.000281058588190214,6m,1m,12m
2002-09-25,gamma0,0.0001411518349401174,6m,1m,12m
2002-09-26,gamma0,6.080141274480532e-05,6m,1m,12m
2002-09-27,gamma0,0.00012971711924821865,6m,1m,12m
2002-09-30,gamma0,0.0002540789430919691,6m,1m,12m
2002-10-01,gamma0,9.569436124862915e-05,6m,1m,12m
2002-10-02,gamma0,0.00021117216721981005,6m,1m,12m
2002-10-03,gamma0,0.000230901074095129,6m,1m,12m
2002-10-04,gamma0,0.00024601331701641773,6m,1m,12m
2002-10-07,gamma0,0.00037276293608316373,6m,1m,12m
2002-10-08,gamma0,0.00027334751983444454,6m,1m,12m
2002-10-09,gamma0,0.0003508208201977363,6m,1m,12m
2002-10-10,gamma0,0.00026916720267186893,6m,1m,12m
2002-10-11,gamma0,0.00017006131889003577,6m,1m,12m
2002-10-16,gamma0,0.00023045789222458332,6m,1m,12m
2002-10-17,gamma0,0.00020741181160087893,6m,1m,12m
2002-10-18,gamma0,0.00019251286346273465,6m,1m,12m
2002-10-21,gamma0,0.00018980449231772515,6m,1m,12m
2002-10-22,gamma0,0.00022409757318524155,6m,1m,12m
2002-10-23,gamma0,0.00019001398320452544,6m,1m,12m
2002-10-24,gamma0,0.0002707842763634718,6m,1m,12m
2002-10-25,gamma0,0.00013722047291059498,6m,1m,12m
2002-10-28,gamma0,0.00019232417684451626,6m,1m,12m
2002-10-29,gamma0,0.0002488134195172832,6m,1m,12m
2002-10-30,gamma0,0.0002128275304992969,6m,1m,12m
2002-10-31,gamma0,0.0002151774479212095,6m,1m,12m
2002-11-01,gamma0,0.00017431421387479712,6m,1m,12m
2002-11-04,gamma0,0.0002567466923573459,6m,1m,12m
2002-11-05,gamma0,0.00027916995751118895,6m,1m,12m
2002-11-06,gamma0,0.0002223192650640326,6m,1m,12m
2002-11-07,gamma0,0.00023737581211195343,6m,1m,12m
2002-11-08,gamma0,0.0001621673678460177,6m,1m,12m
2002-11-20,gamma0,-9.006422019514068e-05,6m,1m,12m
2002-11-21,gamma0,-6.597439123626919e-05,6m,1m,12m
2002-11-22,gamma0,-9.787325423925986e-05,6m,1m,12m
2002-11-25,gamma0,-3.077374318846878e-05,6m,1m,12m
2002-11-26,gamma0,2.715336307563636e-06,6m,1m,12m
2002-11-27,gamma0,9.424204390622404e-05,6m,1m,12m
2002-11-29,gamma0,0.00010213309481437976,6m,1m,12m
2002-12-02,gamma0,4.122661288762739e-05,6m,1m,12m
2002-12-03,gamma0,7.36640760488764e-05,6m,1m,12m
2002-12-04,gamma0,0.0001061000459419589,6m,1m,12m
2002-12-05,gamma0,0.0001320866147593707,6m,1m,12m
2002-12-06,gamma0,6.576649468173952e-05,6m,1m,12m
2002-12-09,gamma0,0.0001347117672533851,6m,1m,12m
2002-12-10,gamma0,5.314516996534446e-05,6m,1m,12m
2002-12-11,gamma0,1.8500045977679552e-05,6m,1m,12m
2002-12-12,gamma0,-1.0371280521265111e-05,6m,1m,12m
2002-12-13,gamma0,4.102950117207399e-05,6m,1m,12m
2002-12-18,gamma0,4.05728686085473e-06,6m,1m,12m
2002-12-19,gamma0,3.818283238408037e-05,6m,1m,12m
2002-12-20,gamma0,-0.00010638638565352231,6m,1m,12m
2002-12-23,gamma0,-0.00011160303468946645,6m,1m,12m
2002-12-24,gamma0,-0.00011851290651635076,6m,1m,12m
2002-12-26,gamma0,-5.3031023297347376e-05,6m,1m,12m
2002-12-27,gamma0,2.1028362836394247e-05,6m,1m,12m
2002-12-30,gamma0,7.75836299100416e-06,6m,1m,12m
2002-12-31,gamma0,-7.706188131197839e-05,6m,1m,12m
2003-01-02,gamma0,-0.00018772289166800801,6m,1m,12m
2003-01-03,gamma0,-0.00020095103746276872,6m,1m,12m
2003-01-06,gamma0,-9.41050274232723e-05,6m,1m,12m
2003-01-07,gamma0,-0.00014348380825060652,6m,1m,12m
2003-01-08,gamma0,-0.00012048307693526334,6m,1m,12m
2003-01-09,gamma0,-0.00014093855965205664,6m,1m,12m
2003-01-10,gamma0,-0.00013156584397564454,6m,1m,12m
2003-01-22,gamma0,1.9041062373170129e-06,6m,1m,12m
2003-01-23,gamma0,-4.864392939141661e-05,6m,1m,12m
2003-01-24,gamma0,0.00010152280743730968,6m,1m,12m
2003-01-27,gamma0,0.0002732156076986613,6m,1m,12m
2003-01-28,gamma0,0.0001082365458601511,6m,1m,12m
2003-01-29,gamma0,5.9740895825043574e-05,6m,1m,12m
2003-01-30,gamma0,1.6884080143291847e-05,6m,1m,12m
2003-01-31,gamma0,-8.234499823508567e-06,6m,1m,12m
2003-02-03,gamma0,2.6942893448153352e-05,6m,1m,12m
2003-02-04,gamma0,8.799384783334357e-05,6m,1m,12m
2003-02-05,gamma0,0.00011378150811110148,6m,1m,12m
2003-02-06,gamma0,0.00013942322312106238,6m,1m,12m
2003-02-07,gamma0,0.0001386608360440141,6m,1m,12m
2003-02-10,gamma0,0.00015793974232267458,6m,1m,12m
2003-02-11,gamma0,0.00015688726744501723,6m,1m,12m
2003-02-12,gamma0,0.00018619032254666982,6m,1m,12m
2003-02-13,gamma0,0.00021044270768635887,6m,1m,12m
2003-02-14,gamma0,0.00014649474572446574,6m,1m,12m
2003-02-19,gamma0,0.00017264086972914108,6m,1m,12m
2003-02-20,gamma0,0.0001709180387283905,6m,1m,12m
2003-02-21,gamma0,0.0001624828059959437,6m,1m,12m
2003-02-24,gamma0,0.0002456843554109819,6m,1m,12m
2003-02-25,gamma0,0.0002088047397061853,6m,1m,12m
2003-02-26,gamma0,0.00020128349382327306,6m,1m,12m
2003-02-27,gamma0,0.0001360844115908917,6m,1m,12m
2003-02-28,gamma0,0.00012597214466305505,6m,1m,12m
2003-03-03,gamma0,0.00017501116006180768,6m,1m,12m
2003-03-04,gamma0,0.00019899153696577494,6m,1m,12m
2003-03-05,gamma0,0.00014986034118635668,6m,1m,12m
2003-03-06,gamma0,0.00021291465760865105,6m,1m,12m
2003-03-07,gamma0,0.00017105555649323486,6m,1m,12m
2003-03-10,gamma0,0.0002835820966397361,6m,1m,12m
2003-03-11,gamma0,0.00030264188302929924,6m,1m,12m
2003-03-12,gamma0,0.000282587682490373,6m,1m,12m
2003-03-13,gamma0,0.0002338171651063291,6m,1m,12m
2003-03-14,gamma0,0.00019568097696724094,6m,1m,12m
2003-03-19,gamma0,0.0002879274116760531,6m,1m,12m
2003-03-20,gamma0,0.0002869048684366042,6m,1m,12m
2003-03-21,gamma0,0.00021042771259613302,6m,1m,12m
2003-03-24,gamma0,0.0002853970997511757,6m,1m,12m
2003-03-25,gamma0,0.00019813509981379221,6m,1m,12m
2003-03-26,gamma0,0.00019469631540297642,6m,1m,12m
2003-03-27,gamma0,0.0001695098638204244,6m,1m,12m
2003-03-28,gamma0,0.00014697599795698415,6m,1m,12m
2003-03-31,gamma0,0.0002114526460952179,6m,1m,12m
2003-04-01,gamma0,0.000136885931894556,6m,1m,12m
2003-04-02,gamma0,0.00013786632449495843,6m,1m,12m
2003-04-03,gamma0,0.00015354944437314175,6m,1m,12m
2003-04-04,gamma0,0.00016818500316569771,6m,1m,12m
2003-04-07,gamma0,0.0001495897703618931,6m,1m,12m
2003-04-08,gamma0,0.00011693356937671379,6m,1m,12m
2003-04-09,gamma0,0.00012019358784819569,6m,1m,12m
2003-04-10,gamma0,6.120527984174161e-05,6m,1m,12m
2003-04-11,gamma0,-6.457309402868932e-06,6m,1m,12m
2003-04-16,gamma0,-2.4688810677130912e-05,6m,1m,12m
2003-04-17,gamma0,-2.98733571141673e-05,6m,1m,12m
2003-04-21,gamma0,-2.4346384753200996e-05,6m,1m,12m
2003-04-22,gamma0,-4.067767148637429e-05,6m,1m,12m
2003-04-23,gamma0,-1.1287848598724416e-05,6m,1m,12m
2003-04-24,gamma0,-5.124785739414704e-05,6m,1m,12m
2003-04-25,gamma0,-4.0432914429294785e-05,6m,1m,12m
2003-04-28,gamma0,-2.4328654808972915e-05,6m,1m,12m
2003-04-29,gamma0,-2.5227053579980927e-05,6m,1m,12m
2003-04-30,gamma0,-1.8763438656832808e-05,6m,1m,12m
2003-05-01,gamma0,-2.979685555574926e-05,6m,1m,12m
2003-05-02,gamma0,-4.8696120651122444e-05,6m,1m,12m
2003-05-05,gamma0,9.58285760778431e-06,6m,1m,12m
2003-05-06,gamma0,-1.2333673183654952e-05,6m,1m,12m
2003-05-07,gamma0,-2.0170726978438902e-05,6m,1m,12m
2003-05-08,gamma0,-1.895558409188184e-05,6m,1m,12m
2003-05-09,gamma0,-7.983312452044637e-05,6m,1m,12m
2003-05-21,gamma0,-9.256445992536682e-05,6m,1m,12m
2003-05-22,gamma0,-0.00012942713898788126,6m,1m,12m
2003-05-23,gamma0,-0.0001407818824157435,6m,1m,12m
2003-05-27,gamma0,-6.93582474020495e-05,6m,1m,12m
2003-05-28,gamma0,-5.219861822225175e-05,6m,1m,12m
2003-05-29,gamma0,-5.365113063455005e-05,6m,1m,12m
2003-05-30,gamma0,-7.178937235182385e-05,6m,1m,12m
2003-06-02,gamma0,3.5516019742666334e-05,6m,1m,12m
2003-06-03,gamma0,-8.088831357146227e-06,6m,1m,12m
2003-06-04,gamma0,3.4226618908080503e-06,6m,1m,12m
2003-06-05,gamma0,-1.574238330017818e-05,6m,1m,12m
2003-06-06,gamma0,1.2383836184511826e-06,6m,1m,12m
2003-06-09,gamma0,2.426477253116581e-05,6m,1m,12m
2003-06-10,gamma0,-1.0857014202374473e-05,6m,1m,12m
2003-06-11,gamma0,-9.14031513004642e-06,6m,1m,12m
2003-06-12,gamma0,-1.2613705928963825e-05,6m,1m,12m
2003-06-13,gamma0,-1.7172795214952333e-05,6m,1m,12m
2003-06-18,gamma0,-1.7314302865031205e-05,6m,1m,12m
2003-06-19,gamma0,-3.4176395235091406e-05,6m,1m,12m
2003-06-20,gamma0,-3.043631443606343e-05,6m,1m,12m
2003-06-23,gamma0,2.328191129468727e-05,6m,1m,12m
2003-06-24,gamma0,3.613143866257597e-05,6m,1m,12m
2003-06-25,gamma0,2.5275725041255276e-05,6m,1m,12m
2003-06-26,gamma0,-8.238101502879908e-06,6m,1m,12m
2003-06-27,gamma0,-5.591916439091331e-05,6m,1m,12m
2003-06-30,gamma0,-4.032602344356536e-05,6m,1m,12m
2003-07-01,gamma0,-4.6048545811836764e-05,6m,1m,12m
2003-07-02,gamma0,-7.159155457085274e-05,6m,1m,12m
2003-07-03,gamma0,-6.493223436631251e-05,6m,1m,12m
2003-07-07,gamma0,1.572907892781648e-05,6m,1m,12m
2003-07-08,gamma0,-4.19214756895007e-05,6m,1m,12m
2003-07-09,gamma0,-6.221302954684473e-05,6m,1m,12m
2003-07-10,gamma0,-5.013270663159202e-05,6m,1m,12m
2003-07-11,gamma0,-7.446851869341878e-05,6m,1m,12m
2003-07-16,gamma0,-6.130871244223507e-05,6m,1m,12m
2003-07-17,gamma0,-5.937901804071672e-05,6m,1m,12m
2003-07-18,gamma0,-5.6657470057470774e-05,6m,1m,12m
2003-07-21,gamma0,-2.3827388295069584e-05,6m,1m,12m
2003-07-22,gamma0,-4.95579444081289e-05,6m,1m,12m
2003-07-23,gamma0,-6.613092268518362e-05,6m,1m,12m
2003-07-24,gamma0,-7.110625916391795e-05,6m,1m,12m
2003-07-25,gamma0,-7.095516548131677e-05,6m,1m,12m
2003-07-28,gamma0,-4.158824022706161e-05,6m,1m,12m
2003-07-29,gamma0,-4.2018831021486525e-05,6m,1m,12m
2003-07-30,gamma0,-3.083546868308285e-05,6m,1m,12m
2003-07-31,gamma0,2.962844742848676e-07,6m,1m,12m
2003-08-01,gamma0,3.086482070563378e-08,6m,1m,12m
2003-08-04,gamma0,7.597842449775762e-06,6m,1m,12m
2003-08-05,gamma0,-2.452838081030655e-05,6m,1m,12m
2003-08-06,gamma0,-4.5355560406093454e-05,6m,1m,12m
2003-08-07,gamma0,-8.840828744834434e-05,6m,1m,12m
2003-08-08,gamma0,-9.444325806117133e-05,6m,1m,12m
2003-08-20,gamma0,-0.00014634113454227177,6m,1m,12m
2003-08-21,gamma0,-0.00015195942639170885,6m,1m,12m
2003-08-22,gamma0,-0.00013037548765214304,6m,1m,12m
2003-08-25,gamma0,-7.856362374457807e-05,6m,1m,12m
2003-08-26,gamma0,-9.428831662262238e-05,6m,1m,12m
2003-08-27,gamma0,-0.00011563766729141371,6m,1m,12m
2003-08-28,gamma0,-0.0001278567397900349,6m,1m,12m
2003-08-29,gamma0,-0.0001284829984255529,6m,1m,12m
2003-09-02,gamma0,-8.003753534936418e-05,6m,1m,12m
2003-09-03,gamma0,-3.902269388826204e-05,6m,1m,12m
2003-09-04,gamma0,-8.099830665821465e-05,6m,1m,12m
2003-09-05,gamma0,-0.00011309245924043653,6m,1m,12m
2003-09-08,gamma0,-8.829538291081995e-05,6m,1m,12m
2003-09-09,gamma0,-6.988930050863163e-05,6m,1m,12m
2003-09-10,gamma0,-6.052432987603058e-05,6m,1m,12m
2003-09-11,gamma0,-7.778929105419798e-05,6m,1m,12m
2003-09-12,gamma0,-0.00012221160342618491,6m,1m,12m
2003-09-17,gamma0,-0.0001013136621130065,6m,1m,12m
2003-09-18,gamma0,-0.00010103762844186685,6m,1m,12m
2003-09-19,gamma0,-0.00010147417785796398,6m,1m,12m
2003-09-22,gamma0,-5.0389688081299256e-05,6m,1m,12m
2003-09-23,gamma0,-5.795399361812787e-05,6m,1m,12m
2003-09-24,gamma0,-2.5313937796076397e-05,6m,1m,12m
2003-09-25,gamma0,-3.0524023454464585e-06,6m,1m,12m
2003-09-26,gamma0,-6.611660560697844e-05,6m,1m,12m
2003-09-29,gamma0,-6.147406318838242e-05,6m,1m,12m
2003-09-30,gamma0,-3.724402095823605e-05,6m,1m,12m
2003-10-01,gamma0,-5.6515476784858146e-05,6m,1m,12m
2003-10-02,gamma0,-7.363489508648865e-05,6m,1m,12m
2003-10-03,gamma0,-0.0001238313239917979,6m,1m,12m
2003-10-06,gamma0,-8.413979463245035e-05,6m,1m,12m
2003-10-07,gamma0,-6.606247671155317e-05,6m,1m,12m
2003-10-08,gamma0,-8.87044272459605e-05,6m,1m,12m
2003-10-09,gamma0,-9.397286964332792e-05,6m,1m,12m
2003-10-10,gamma0,-0.00013197326177377404,6m,1m,12m
2003-10-22,gamma0,-0.00013505467440894407,6m,1m,12m
2003-10-23,gamma0,-0.00013665167555123388,6m,1m,12m
2003-10-24,gamma0,-0.000159965394441763,6m,1m,12m
2003-10-27,gamma0,-0.00011871143723575082,6m,1m,12m
2003-10-28,gamma0,-0.0001357491742672018,6m,1m,12m
2003-10-29,gamma0,-0.00012340757112307718,6m,1m,12m
2003-10-30,gamma0,-0.000124162065893841,6m,1m,12m
2003-10-31,gamma0,-0.00013453817030099162,6m,1m,12m
2003-11-03,gamma0,-8.731794781813518e-05,6m,1m,12m
2003-11-04,gamma0,-9.456174475681712e-05,6m,1m,12m
2003-11-05,gamma0,-6.515681342565515e-05,6m,1m,12m
2003-11-06,gamma0,-6.999776839420821e-05,6m,1m,12m
2003-11-07,gamma0,-7.093743914227093e-05,6m,1m,12m
2003-11-10,gamma0,-4.98891590444539e-05,6m,1m,12m
2003-11-11,gamma0,-7.537240558261056e-05,6m,1m,12m
2003-11-12,gamma0,-8.273941929230412e-05,6m,1m,12m
2003-11-13,gamma0,-8.261741589673164e-05,6m,1m,12m
2003-11-14,gamma0,-6.600567477563213e-05,6m,1m,12m
2003-11-19,gamma0,-6.804198667620627e-05,6m,1m,12m
2003-11-20,gamma0,-4.3147594703681596e-05,6m,1m,12m
2003-11-21,gamma0,-4.959454511783374e-05,6m,1m,12m
2003-11-24,gamma0,-7.343495558397768e-05,6m,1m,12m
2003-11-25,gamma0,-8.363910984070481e-05,6m,1m,12m
2003-11-26,gamma0,-0.0001140756410098666,6m,1m,12m
2003-11-28,gamma0,-0.00016193363672215217,6m,1m,12m
2003-12-01,gamma0,-6.682661064073333e-05,6m,1m,12m
2003-12-02,gamma0,-9.11423422188116e-05,6m,1m,12m
2003-12-03,gamma0,-7.9159360967646e-05,6m,1m,12m
2003-12-04,gamma0,-0.00010278964526008131,6m,1m,12m
2003-12-05,gamma0,-8.184716947127697e-05,6m,1m,12m
2003-12-08,gamma0,-5.7582922882085814e-05,6m,1m,12m
2003-12-09,gamma0,-4.7272448901242124e-05,6m,1m,12m
2003-12-10,gamma0,-8.154079121761547e-05,6m,1m,12m
2003-12-11,gamma0,-0.00011359468995960712,6m,1m,12m
2003-12-12,gamma0,-7.88036083876907e-05,6m,1m,12m
2003-12-17,gamma0,-7.559709210232143e-05,6m,1m,12m
2003-12-18,gamma0,-5.24192863810102e-05,6m,1m,12m
2003-12-19,gamma0,-3.796973407257382e-05,6m,1m,12m
2003-12-22,gamma0,-3.3133182616756416e-05,6m,1m,12m
2003-12-23,gamma0,-4.537809552895677e-05,6m,1m,12m
2003-12-24,gamma0,-3.432492510985708e-05,6m,1m,12m
2003-12-26,gamma0,-3.709054787669129e-05,6m,1m,12m
2003-12-29,gamma0,-5.532409743013651e-05,6m,1m,12m
2003-12-30,gamma0,-1.1425183796679943e-05,6m,1m,12m
2003-12-31,gamma0,3.948323494078476e-06,6m,1m,12m
2004-01-02,gamma0,7.0695380548538295e-06,6m,1m,12m
2004-01-05,gamma0,-3.832399757024985e-06,6m,1m,12m
2004-01-06,gamma0,3.5629626747379195e-05,6m,1m,12m
2004-01-07,gamma0,-2.7484281178806438e-05,6m,1m,12m
2004-01-08,gamma0,7.427199237822016e-06,6m,1m,12m
2004-01-09,gamma0,-1.7736553508254216e-05,6m,1m,12m
2004-01-21,gamma0,-0.00013766536009213108,6m,1m,12m
2004-01-22,gamma0,-0.00011506821136259868,6m,1m,12m
2004-01-23,gamma0,-0.00013431900679092775,6m,1m,12m
2004-01-26,gamma0,-0.0001289552560522482,6m,1m,12m
2004-01-27,gamma0,-0.00012338399940392222,6m,1m,12m
2004-01-28,gamma0,-9.582310160938942e-05,6m,1m,12m
2004-01-29,gamma0,-0.00013447504845635623,6m,1m,12m
2004-01-30,gamma0,-0.0001788726728901303,6m,1m,12m
2004-02-02,gamma0,-0.0001211111200396891,6m,1m,12m
2004-02-03,gamma0,-0.00012189839018973651,6m,1m,12m
2004-02-04,gamma0,-0.00012218725408485277,6m,1m,12m
2004-02-05,gamma0,-0.00011118535864305904,6m,1m,12m
2004-02-06,gamma0,-0.00018078204088172066,6m,1m,12m
2004-02-09,gamma0,-0.00013111877601677474,6m,1m,12m
2004-02-10,gamma0,-0.00013687280076496973,6m,1m,12m
2004-02-11,gamma0,-0.0001504102333555534,6m,1m,12m
2004-02-12,gamma0,-0.0001553763888593217,6m,1m,12m
2004-02-13,gamma0,-0.00016624713977028455,6m,1m,12m
2004-02-18,gamma0,-0.0001412432564900263,6m,1m,12m
2004-02-19,gamma0,-0.00014778957995088149,6m,1m,12m
2004-02-20,gamma0,-0.00010767932093225681,6m,1m,12m
2004-02-23,gamma0,-0.0001452245245295791,6m,1m,12m
2004-02-24,gamma0,-0.00013878381032672726,6m,1m,12m
2004-02-25,gamma0,-0.0001834392266668877,6m,1m,12m
2004-02-26,gamma0,-0.00017949015651404584,6m,1m,12m
2004-02-27,gamma0,-0.0001813318315898337,6m,1m,12m
2004-03-01,gamma0,-0.00016849679748386198,6m,1m,12m
2004-03-02,gamma0,-0.00015137160374381153,6m,1m,12m
2004-03-03,gamma0,-0.0001652082858923219,6m,1m,12m
2004-03-04,gamma0,-0.00015132384963742915,6m,1m,12m
2004-03-05,gamma0,-0.00015648693285691984,6m,1m,12m
2004-03-08,gamma0,-0.00010257511398910387,6m,1m,12m
2004-03-09,gamma0,-7.268805211407039e-05,6m,1m,12m
2004-03-10,gamma0,-1.8464661175843221e-06,6m,1m,12m
2004-03-11,gamma0,6.417626651166907e-05,6m,1m,12m
2004-03-12,gamma0,-2.7838017375878236e-05,6m,1m,12m
2004-03-17,gamma0,-8.917065934826169e-05,6m,1m,12m
2004-03-18,gamma0,-6.673808520962469e-05,6m,1m,12m
2004-03-19,gamma0,-6.58123450491866e-05,6m,1m,12m
2004-03-22,gamma0,1.8780550020620344e-05,6m,1m,12m
2004-03-23,gamma0,-3.79348180919815e-05,6m,1m,12m
2004-03-24,gamma0,-6.978242315740066e-05,6m,1m,12m
2004-03-25,gamma0,-0.00012933818644479886,6m,1m,12m
2004-03-26,gamma0,-0.00012524250668539448,6m,1m,12m
2004-03-29,gamma0,-9.84036513675012e-05,6m,1m,12m
2004-03-30,gamma0,-0.00011428111095997554,6m,1m,12m
2004-03-31,gamma0,-9.650841851234647e-05,6m,1m,12m
2004-04-01,gamma0,-8.591907165000315e-05,6m,1m,12m
2004-04-02,gamma0,-0.00014764508051543624,6m,1m,12m
2004-04-05,gamma0,-0.00014632110912400357,6m,1m,12m
2004-04-06,gamma0,-0.00013342932593878316,6m,1m,12m
2004-04-07,gamma0,-0.00014502989110141761,6m,1m,12m
2004-04-08,gamma0,-0.0001262194013912843,6m,1m,12m
2004-04-21,gamma0,-0.00014989538610784108,6m,1m,12m
2004-04-22,gamma0,-0.00015180573500471665,6m,1m,12m
2004-04-23,gamma0,-0.00018088283647528985,6m,1m,12m
2004-04-26,gamma0,-0.00016128084851175302,6m,1m,12m
2004-04-27,gamma0,-0.00014252288428602842,6m,1m,12m
2004-04-28,gamma0,-0.00011814374280444371,6m,1m,12m
2004-04-29,gamma0,-0.00013700005276506258,6m,1m,12m
2004-04-30,gamma0,-0.00012243368544960308,6m,1m,12m
2004-05-03,gamma0,-0.00010133154507082238,6m,1m,12m
2004-05-04,gamma0,-0.0001091820384291856,6m,1m,12m
2004-05-05,gamma0,-0.00011110878409785271,6m,1m,12m
2004-05-06,gamma0,-8.146230896017728e-05,6m,1m,12m
2004-05-07,gamma0,-7.083334238055695e-05,6m,1m,12m
2004-05-10,gamma0,-1.8820047611909552e-05,6m,1m,12m
2004-05-11,gamma0,-2.8147290980705304e-05,6m,1m,12m
2004-05-12,gamma0,-3.8966472400903313e-05,6m,1m,12m
2004-05-13,gamma0,-2.699694232752042e-05,6m,1m,12m
2004-05-14,gamma0,-3.500987152386831e-05,6m,1m,12m
2004-05-19,gamma0,-4.915475229689924e-05,6m,1m,12m
2004-05-20,gamma0,-4.359447883829001e-05,6m,1m,12m
2004-05-21,gamma0,-4.0000265280599526e-05,6m,1m,12m
2004-05-24,gamma0,-4.8804728591778946e-05,6m,1m,12m
2004-05-25,gamma0,-9.488374515787283e-05,6m,1m,12m
2004-05-26,gamma0,-0.00010565025446648818,6m,1m,12m
2004-05-27,gamma0,-0.0001239594416712895,6m,1m,12m
2004-05-28,gamma0,-0.00012254015320574077,6m,1m,12m
2004-06-01,gamma0,-8.745184710026796e-05,6m,1m,12m
2004-06-02,gamma0,-9.208321693437177e-05,6m,1m,12m
2004-06-03,gamma0,-6.558194029124032e-05,6m,1m,12m
2004-06-04,gamma0,-0.00012042947847147386,6m,1m,12m
2004-06-07,gamma0,-0.00013879852262373973,6m,1m,12m
2004-06-08,gamma0,-0.00016765372456161386,6m,1m,12m
2004-06-09,gamma0,-0.00016194717607751063,6m,1m,12m
2004-06-10,gamma0,-0.00014010834653370042,6m,1m,12m
2004-06-16,gamma0,-0.00014299030260005006,6m,1m,12m
2004-06-17,gamma0,-0.00013276998942586473,6m,1m,12m
2004-06-18,gamma0,-0.00016869899286056276,6m,1m,12m
2004-06-21,gamma0,-0.00017853524185106707,6m,1m,12m
2004-06-22,gamma0,-0.00018250916238157024,6m,1m,12m
2004-06-23,gamma0,-0.00014901953781443677,6m,1m,12m
2004-06-24,gamma0,-0.00014717771370911215,6m,1m,12m
2004-06-25,gamma0,-0.00015243480368015152,6m,1m,12m
2004-06-28,gamma0,-8.038062893192438e-05,6m,1m,12m
2004-06-29,gamma0,-0.00012376935003147286,6m,1m,12m
2004-06-30,gamma0,-0.00015496242337178598,6m,1m,12m
2004-07-01,gamma0,-0.0001320642899081597,6m,1m,12m
2004-07-02,gamma0,-0.00015198926031306984,6m,1m,12m
2004-07-06,gamma0,-0.00012052684502013689,6m,1m,12m
2004-07-07,gamma0,-0.0001682618903572682,6m,1m,12m
2004-07-08,gamma0,-0.00017614691206398406,6m,1m,12m
2004-07-09,gamma0,-0.00020644418186653506,6m,1m,12m
2004-07-21,gamma0,-0.00020204829989245308,6m,1m,12m
2004-07-22,gamma0,-0.0002134171217925085,6m,1m,12m
2004-07-23,gamma0,-0.00019903556030768672,6m,1m,12m
2004-07-26,gamma0,-0.0001573747518402867,6m,1m,12m
2004-07-27,gamma0,-0.00016170586683750856,6m,1m,12m
2004-07-28,gamma0,-0.00018093459610094595,6m,1m,12m
2004-07-29,gamma0,-0.00018245468491736168,6m,1m,12m
2004-07-30,gamma0,-0.00018631700595156622,6m,1m,12m
2004-08-02,gamma0,-0.00016587305575155873,6m,1m,12m
2004-08-03,gamma0,-0.0001434149252868055,6m,1m,12m
2004-08-04,gamma0,-0.0001330431503440327,6m,1m,12m
2004-08-05,gamma0,-8.684532883303406e-05,6m,1m,12m
2004-08-06,gamma0,-5.1514043938827486e-05,6m,1m,12m
2004-08-09,gamma0,-7.74580663236513e-05,6m,1m,12m
2004-08-10,gamma0,-0.00010264982366537463,6m,1m,12m
2004-08-11,gamma0,-7.76053832783713e-05,6m,1m,12m
2004-08-12,gamma0,-9.414830282801076e-05,6m,1m,12m
2004-08-13,gamma0,-0.00012476562668976832,6m,1m,12m
2004-08-18,gamma0,-0.0001186467242339646,6m,1m,12m
2004-08-19,gamma0,-9.72277327811556e-05,6m,1m,12m
2004-08-20,gamma0,-0.00013032034846561055,6m,1m,12m
2004-08-23,gamma0,-0.0001203555971448746,6m,1m,12m
2004-08-24,gamma0,-0.00014928002169816842,6m,1m,12m
2004-08-25,gamma0,-0.000144131036623477,6m,1m,12m
2004-08-26,gamma0,-0.0001400106701316863,6m,1m,12m
2004-08-27,gamma0,-0.00014759786687295928,6m,1m,12m
2004-08-30,gamma0,-9.599784977472553e-05,6m,1m,12m
2004-08-31,gamma0,-0.00011063544636466164,6m,1m,12m
2004-09-01,gamma0,-0.0001142625569172525,6m,1m,12m
2004-09-02,gamma0,-0.00012561740378068018,6m,1m,12m
2004-09-03,gamma0,-0.00015737404977273655,6m,1m,12m
2004-09-07,gamma0,-0.00013138682042236708,6m,1m,12m
2004-09-08,gamma0,-0.00013811794896697674,6m,1m,12m
2004-09-09,gamma0,-0.00015389825127227292,6m,1m,12m
2004-09-10,gamma0,-0.00015999318702440054,6m,1m,12m
2004-09-15,gamma0,-9.014666224118805e-05,6m,1m,12m
2004-09-16,gamma0,-0.00010220665565507193,6m,1m,12m
2004-09-17,gamma0,-9.776619438570195e-05,6m,1m,12m
2004-09-20,gamma0,-0.00011613526683532093,6m,1m,12m
2004-09-21,gamma0,-0.0001398462224078995,6m,1m,12m
2004-09-22,gamma0,-0.00011452143043920608,6m,1m,12m
2004-09-23,gamma0,-0.00011666835292619481,6m,1m,12m
2004-09-24,gamma0,-0.0001276798179298229,6m,1m,12m
2004-09-27,gamma0,-0.00012798943736712926,6m,1m,12m
2004-09-28,gamma0,-0.00015245781405065172,6m,1m,12m
2004-09-29,gamma0,-0.00017958470232572697,6m,1m,12m
2004-09-30,gamma0,-0.00017992462714780166,6m,1m,12m
2004-10-01,gamma0,-0.00015548382424532031,6m,1m,12m
2004-10-04,gamma0,-9.694115378689987e-05,6m,1m,12m
2004-10-05,gamma0,-0.00010825042582859656,6m,1m,12m
2004-10-06,gamma0,-0.00010528074617137989,6m,1m,12m
2004-10-07,gamma0,-5.204680920722302e-05,6m,1m,12m
2004-10-08,gamma0,-8.035388320722409e-05,6m,1m,12m
2004-10-20,gamma0,-0.00010496872393297824,6m,1m,12m
2004-10-21,gamma0,-0.00011882490847367065,6m,1m,12m
2004-10-22,gamma0,-7.709171591569172e-05,6m,1m,12m
2004-10-25,gamma0,-2.571294543959324e-05,6m,1m,12m
2004-10-26,gamma0,-1.6396085521578124e-05,6m,1m,12m
2004-10-27,gamma0,-4.5712939747264305e-05,6m,1m,12m
2004-10-28,gamma0,-5.65945133764697e-05,6m,1m,12m
2004-10-29,gamma0,3.2919655662135758e-06,6m,1m,12m
2004-11-01,gamma0,1.5573996225421992e-05,6m,1m,12m
2004-11-02,gamma0,1.8821174099485454e-05,6m,1m,12m
2004-11-03,gamma0,-6.374254867352658e-05,6m,1m,12m
2004-11-04,gamma0,-1.7097648351826134e-05,6m,1m,12m
2004-11-05,gamma0,-3.390711862681578e-05,6m,1m,12m
2004-11-08,gamma0,-4.845244776080069e-05,6m,1m,12m
2004-11-09,gamma0,-5.467237546579481e-05,6m,1m,12m
2004-11-10,gamma0,-7.411072196203991e-05,6m,1m,12m
2004-11-11,gamma0,-3.5757897426782176e-05,6m,1m,12m
2004-11-12,gamma0,-4.3713409451990095e-05,6m,1m,12m
2004-11-17,gamma0,-5.864508261652062e-05,6m,1m,12m
2004-11-18,gamma0,-6.167120374575464e-05,6m,1m,12m
2004-11-19,gamma0,-8.51053192076342e-05,6m,1m,12m
2004-11-22,gamma0,-7.680421665840348e-05,6m,1m,12m
2004-11-23,gamma0,-0.00010504717299490327,6m,1m,12m
2004-11-24,gamma0,-8.755204858986182e-05,6m,1m,12m
2004-11-26,gamma0,-8.825783277117586e-05,6m,1m,12m
2004-11-29,gamma0,-5.484331247811986e-05,6m,1m,12m
2004-11-30,gamma0,-7.238691437719594e-05,6m,1m,12m
2004-12-01,gamma0,-4.499911855105936e-05,6m,1m,12m
2004-12-02,gamma0,-5.7743579493435936e-05,6m,1m,12m
2004-12-03,gamma0,-6.787789865448973e-05,6m,1m,12m
2004-12-06,gamma0,-2.5402201649492743e-05,6m,1m,12m
2004-12-07,gamma0,-4.4903996677966694e-05,6m,1m,12m
2004-12-08,gamma0,-8.523425919852384e-05,6m,1m,12m
2004-12-09,gamma0,-8.465418120210628e-05,6m,1m,12m
2004-12-10,gamma0,-0.00011275424003214104,6m,1m,12m
2004-12-22,gamma0,-0.00016209303745603543,6m,1m,12m
2004-12-23,gamma0,-0.0001700620386122889,6m,1m,12m
2004-12-27,gamma0,-0.00015072762052262856,6m,1m,12m
2004-12-28,gamma0,-0.0001398618478850261,6m,1m,12m
2004-12-29,gamma0,-0.00014697861466920914,6m,1m,12m
2004-12-30,gamma0,-0.00014591236118759112,6m,1m,12m
2004-12-31,gamma0,-0.00012814942945742796,6m,1m,12m
2005-01-03,gamma0,-8.139369905181105e-05,6m,1m,12m
2005-01-04,gamma0,-9.633185433411467e-05,6m,1m,12m
2005-01-05,gamma0,-8.981735291650885e-05,6m,1m,12m
2005-01-06,gamma0,-9.950785189493495e-05,6m,1m,12m
2005-01-07,gamma0,-9.778487447402702e-05,6m,1m,12m
2005-01-10,gamma0,-7.247318925831969e-05,6m,1m,12m
2005-01-11,gamma0,-9.612520160302871e-05,6m,1m,12m
2005-01-12,gamma0,-0.00010580602958185897,6m,1m,12m
2005-01-13,gamma0,-0.000118497685155896,6m,1m,12m
2005-01-14,gamma0,-0.00010439841489450498,6m,1m,12m
2005-01-19,gamma0,-5.301370991453425e-05,6m,1m,12m
2005-01-20,gamma0,-3.2331258244827845e-05,6m,1m,12m
2005-01-21,gamma0,-4.026253950001098e-05,6m,1m,12m
2005-01-24,gamma0,-1.810962805336482e-05,6m,1m,12m
2005-01-25,gamma0,-4.902579622876454e-05,6m,1m,12m
2005-01-26,gamma0,-7.7523033883963e-05,6m,1m,12m
2005-01-27,gamma0,-6.998210037932017e-05,6m,1m,12m
2005-01-28,gamma0,-5.041907010516227e-05,6m,1m,12m
2005-01-31,gamma0,-4.7279720638195147e-05,6m,1m,12m
2005-02-01,gamma0,-7.398992608031944e-05,6m,1m,12m
2005-02-02,gamma0,-5.605024032644445e-05,6m,1m,12m
2005-02-03,gamma0,-6.415666445258964e-05,6m,1m,12m
2005-02-04,gamma0,-6.39734149913578e-05,6m,1m,12m
2005-02-07,gamma0,-5.428196728291605e-05,6m,1m,12m
2005-02-08,gamma0,-4.3407373086870784e-05,6m,1m,12m
2005-02-09,gamma0,-3.905145597531322e-05,6m,1m,12m
2005-02-10,gamma0,-4.6960973404174794e-05,6m,1m,12m
2005-02-11,gamma0,-2.576685995742921e-05,6m,1m,12m
2005-02-16,gamma0,-6.416024691860502e-06,6m,1m,12m
2005-02-17,gamma0,-2.8505862727612798e-05,6m,1m,12m
2005-02-18,gamma0,-5.854847336473053e-05,6m,1m,12m
2005-02-22,gamma0,6.977379191130675e-06,6m,1m,12m
2005-02-23,gamma0,-5.795655102644256e-05,6m,1m,12m
2005-02-24,gamma0,-7.713458261847625e-05,6m,1m,12m
2005-02-25,gamma0,-4.087591538851648e-05,6m,1m,12m
2005-02-28,gamma0,-4.5878425393191386e-05,6m,1m,12m
2005-03-01,gamma0,-4.462010588251071e-05,6m,1m,12m
2005-03-02,gamma0,-5.629974284782873e-05,6m,1m,12m
2005-03-03,gamma0,-3.995853782567199e-05,6m,1m,12m
2005-03-04,gamma0,-6.853608116727547e-05,6m,1m,12m
2005-03-07,gamma0,-4.519843912803177e-05,6m,1m,12m
2005-03-08,gamma0,-4.6640765388356726e-05,6m,1m,12m
2005-03-09,gamma0,-3.309729156411497e-05,6m,1m,12m
2005-03-10,gamma0,-7.402885586072852e-05,6m,1m,12m
2005-03-11,gamma0,-7.436738352073161e-05,6m,1m,12m
2005-03-16,gamma0,-6.659381610011437e-05,6m,1m,12m
2005-03-17,gamma0,-0.00010509955500064777,6m,1m,12m
2005-03-18,gamma0,-8.903531071167376e-05,6m,1m,12m
2005-03-21,gamma0,-0.00010224447274174125,6m,1m,12m
2005-03-22,gamma0,-9.351936040166406e-05,6m,1m,12m
2005-03-23,gamma0,-0.00013049581519582575,6m,1m,12m
2005-03-24,gamma0,-0.00012943418063457606,6m,1m,12m
2005-03-28,gamma0,-0.00012451544729229425,6m,1m,12m
2005-03-29,gamma0,-9.9717209721651e-05,6m,1m,12m
2005-03-30,gamma0,-9.5084366401834e-05,6m,1m,12m
2005-03-31,gamma0,-8.52056800160905e-05,6m,1m,12m
2005-04-01,gamma0,-6.576304620207289e-05,6m,1m,12m
2005-04-04,gamma0,-6.200141187087175e-05,6m,1m,12m
2005-04-05,gamma0,-9.940394683425881e-05,6m,1m,12m
2005-04-06,gamma0,-0.00010036269289836756,6m,1m,12m
2005-04-07,gamma0,-0.00010933729426139418,6m,1m,12m
2005-04-08,gamma0,-9.902601135446058e-05,6m,1m,12m
2005-04-20,gamma0,-1.0581547617482155e-06,6m,1m,12m
2005-04-21,gamma0,-3.679845972198707e-05,6m,1m,12m
2005-04-22,gamma0,-1.986749741201163e-05,6m,1m,12m
2005-04-25,gamma0,-2.8813684389906228e-05,6m,1m,12m
2005-04-26,gamma0,-2.5509503511355368e-05,6m,1m,12m
2005-04-27,gamma0,-1.0946251600196121e-05,6m,1m,12m
2005-04-28,gamma0,3.0074263397623798e-05,6m,1m,12m
2005-04-29,gamma0,-5.051040145826622e-05,6m,1m,12m
2005-05-02,gamma0,-3.380249542925114e-05,6m,1m,12m
2005-05-03,gamma0,-4.604009867412841e-05,6m,1m,12m
2005-05-04,gamma0,-6.885407885167165e-05,6m,1m,12m
2005-05-05,gamma0,-3.486219315434309e-05,6m,1m,12m
2005-05-06,gamma0,-4.0332905675235416e-05,6m,1m,12m
2005-05-09,gamma0,-4.057661071371344e-05,6m,1m,12m
2005-05-10,gamma0,-6.176482860782428e-06,6m,1m,12m
2005-05-11,gamma0,-4.292146140805577e-05,6m,1m,12m
2005-05-12,gamma0,-2.3058702991845812e-05,6m,1m,12m
2005-05-13,gamma0,-2.2415873835537425e-05,6m,1m,12m
2005-05-18,gamma0,-5.6315252969277957e-05,6m,1m,12m
2005-05-19,gamma0,-6.217275061318753e-05,6m,1m,12m
2005-05-20,gamma0,-6.337770437575237e-05,6m,1m,12m
2005-05-23,gamma0,-5.775295944818212e-05,6m,1m,12m
2005-05-24,gamma0,-5.594869089385782e-05,6m,1m,12m
2005-05-25,gamma0,-8.944467215039486e-05,6m,1m,12m
2005-05-26,gamma0,-8.336840155402878e-05,6m,1m,12m
2005-05-27,gamma0,-7.212183703024662e-05,6m,1m,12m
2005-05-31,gamma0,-9.17195745013025e-05,6m,1m,12m
2005-06-01,gamma0,-0.00010334153683660472,6m,1m,12m
2005-06-02,gamma0,-0.00011961047371484692,6m,1m,12m
2005-06-03,gamma0,-0.00012958177583853912,6m,1m,12m
2005-06-06,gamma0,-0.00011525494783199818,6m,1m,12m
2005-06-07,gamma0,-8.620760903866718e-05,6m,1m,12m
2005-06-08,gamma0,-0.00010286671841551057,6m,1m,12m
2005-06-09,gamma0,-0.0001302745560610472,6m,1m,12m
2005-06-10,gamma0,-0.0001381273103061269,6m,1m,12m
2005-06-15,gamma0,-0.00015878067562769406,6m,1m,12m
2005-06-16,gamma0,-0.00015563138185143859,6m,1m,12m
2005-06-17,gamma0,-0.0001337722026253907,6m,1m,12m
2005-06-20,gamma0,-0.00010798363673239936,6m,1m,12m
2005-06-21,gamma0,-0.00014715943316430884,6m,1m,12m
2005-06-22,gamma0,-0.00014827278882671252,6m,1m,12m
2005-06-23,gamma0,-0.00014059632067845685,6m,1m,12m
2005-06-24,gamma0,-0.00016562935651591242,6m,1m,12m
2005-06-27,gamma0,-0.0001466737331684142,6m,1m,12m
2005-06-28,gamma0,-0.00015474903661836945,6m,1m,12m
2005-06-29,gamma0,-0.0001614851802228464,6m,1m,12m
2005-06-30,gamma0,-0.00016203574770530323,6m,1m,12m
2005-07-01,gamma0,-0.00019474805687036103,6m,1m,12m
2005-07-05,gamma0,-0.00012706930824069767,6m,1m,12m
2005-07-06,gamma0,-0.00012160907732261663,6m,1m,12m
2005-07-07,gamma0,-9.706308569455268e-05,6m,1m,12m
2005-07-08,gamma0,-0.0001257597203872924,6m,1m,12m
2005-07-20,gamma0,-0.00013644035282650945,6m,1m,12m
2005-07-21,gamma0,-0.00014072387811457223,6m,1m,12m
2005-07-22,gamma0,-0.00014371837217832265,6m,1m,12m
2005-07-25,gamma0,-0.0001499341786711923,6m,1m,12m
2005-07-26,gamma0,-0.00013258529825467116,6m,1m,12m
2005-07-27,gamma0,-0.00015921515525559455,6m,1m,12m
2005-07-28,gamma0,-0.00013133595195572134,6m,1m,12m
2005-07-29,gamma0,-0.00013211386763774578,6m,1m,12m
2005-08-01,gamma0,-0.00010975301010416867,6m,1m,12m
2005-08-02,gamma0,-0.00011387754807068955,6m,1m,12m
2005-08-03,gamma0,-9.747931723863473e-05,6m,1m,12m
2005-08-04,gamma0,-0.00010070145918205474,6m,1m,12m
2005-08-05,gamma0,-0.0001089978479450645,6m,1m,12m
2005-08-08,gamma0,-8.305818380749841e-05,6m,1m,12m
2005-08-09,gamma0,-9.701229676175028e-05,6m,1m,12m
2005-08-10,gamma0,-0.00012700334378901352,6m,1m,12m
2005-08-11,gamma0,-0.00010592624140009507,6m,1m,12m
2005-08-12,gamma0,-0.00010139258430539276,6m,1m,12m
2005-08-17,gamma0,-7.47137316644981e-05,6m,1m,12m
2005-08-18,gamma0,-7.224048887998082e-05,6m,1m,12m
2005-08-19,gamma0,-7.976472945088899e-05,6m,1m,12m
2005-08-22,gamma0,-6.36302350819119e-05,6m,1m,12m
2005-08-23,gamma0,-6.638605730909097e-05,6m,1m,12m
2005-08-24,gamma0,-5.159356742628685e-05,6m,1m,12m
2005-08-25,gamma0,-8.124117279899029e-05,6m,1m,12m
2005-08-26,gamma0,-0.00010399985580036047,6m,1m,12m
2005-08-29,gamma0,-9.64496132808131e-05,6m,1m,12m
2005-08-30,gamma0,-9.858733404167644e-05,6m,1m,12m
2005-08-31,gamma0,-0.00011757385139500434,6m,1m,12m
2005-09-01,gamma0,-9.16416123759346e-05,6m,1m,12m
2005-09-02,gamma0,-0.00010781188761968723,6m,1m,12m
2005-09-06,gamma0,-9.177880216399747e-05,6m,1m,12m
2005-09-07,gamma0,-9.783383228336494e-05,6m,1m,12m
2005-09-08,gamma0,-0.00012173499673361602,6m,1m,12m
2005-09-09,gamma0,-0.00013156533679107657,6m,1m,12m
2005-09-21,gamma0,-0.00012127925419482962,6m,1m,12m
2005-09-22,gamma0,-0.00013545940339988247,6m,1m,12m
2005-09-23,gamma0,-0.00014745498421884877,6m,1m,12m
2005-09-26,gamma0,-0.00011442792055313663,6m,1m,12m
2005-09-27,gamma0,-0.00011650224105201078,6m,1m,12m
2005-09-28,gamma0,-0.00010432134768528577,6m,1m,12m
2005-09-29,gamma0,-0.00010555775913060621,6m,1m,12m
2005-09-30,gamma0,-0.00014100039267478438,6m,1m,12m
2005-10-03,gamma0,-0.00010976102673519817,6m,1m,12m
2005-10-04,gamma0,-8.6192493560065e-05,6m,1m,12m
2005-10-05,gamma0,-4.825782370607452e-05,6m,1m,12m
2005-10-06,gamma0,-3.8034306253979616e-05,6m,1m,12m
2005-10-07,gamma0,-4.8872237177279995e-05,6m,1m,12m
2005-10-10,gamma0,-1.017891955049335e-05,6m,1m,12m
2005-10-11,gamma0,-8.73894649609078e-06,6m,1m,12m
2005-10-12,gamma0,-1.4123479673189308e-05,6m,1m,12m
2005-10-13,gamma0,9.502106918092406e-07,6m,1m,12m
2005-10-14,gamma0,-5.278186512319995e-05,6m,1m,12m
2005-10-19,gamma0,-6.733205934667487e-05,6m,1m,12m
2005-10-20,gamma0,-1.2090995822968405e-05,6m,1m,12m
2005-10-21,gamma0,5.203328850187926e-06,6m,1m,12m
2005-10-24,gamma0,-2.8620356515066208e-05,6m,1m,12m
2005-10-25,gamma0,-4.984655858787274e-05,6m,1m,12m
2005-10-26,gamma0,-3.805960695266489e-05,6m,1m,12m
2005-10-27,gamma0,2.8970029085797612e-05,6m,1m,12m
2005-10-28,gamma0,-3.555413585887676e-05,6m,1m,12m
2005-10-31,gamma0,-1.5265623839936852e-05,6m,1m,12m
2005-11-01,gamma0,-5.704496049303967e-07,6m,1m,12m
2005-11-02,gamma0,-3.989249008071442e-05,6m,1m,12m
2005-11-03,gamma0,-6.941127483257318e-05,6m,1m,12m
2005-11-04,gamma0,-5.7686966093494215e-05,6m,1m,12m
2005-11-07,gamma0,-5.5109323402763164e-05,6m,1m,12m
2005-11-08,gamma0,-5.95881555677029e-05,6m,1m,12m
2005-11-09,gamma0,-6.946892873427982e-05,6m,1m,12m
2005-11-10,gamma0,-9.566168827593121e-05,6m,1m,12m
2005-11-11,gamma0,-8.475213579057367e-05,6m,1m,12m
2005-11-16,gamma0,-7.345241247728974e-05,6m,1m,12m
2005-11-17,gamma0,-7.81486944571527e-05,6m,1m,12m
2005-11-18,gamma0,-0.00011083015073440332,6m,1m,12m
2005-11-21,gamma0,-9.473989903711281e-05,6m,1m,12m
2005-11-22,gamma0,-0.00010856276732721894,6m,1m,12m
2005-11-23,gamma0,-9.811155617540606e-05,6m,1m,12m
2005-11-25,gamma0,-0.00010314989284354908,6m,1m,12m
2005-11-28,gamma0,-8.395736747367693e-05,6m,1m,12m
2005-11-29,gamma0,-0.00010832492609652236,6m,1m,12m
2005-11-30,gamma0,-0.0001091540201555493,6m,1m,12m
2005-12-01,gamma0,-0.00010741559882113011,6m,1m,12m
2005-12-02,gamma0,-0.00011579983575542998,6m,1m,12m
2005-12-05,gamma0,-8.673464153882743e-05,6m,1m,12m
2005-12-06,gamma0,-8.526173257273295e-05,6m,1m,12m
2005-12-07,gamma0,-6.51883654754283e-05,6m,1m,12m
2005-12-08,gamma0,-6.360139541627548e-05,6m,1m,12m
2005-12-09,gamma0,-0.00010039399367650075,6m,1m,12m
2005-12-16,gamma0,-0.0001374774826026186,6m,1m,12m
2005-12-21,gamma0,-0.00014806889398033757,6m,1m,12m
2005-12-22,gamma0,-0.00016431492443144184,6m,1m,12m
2005-12-23,gamma0,-0.00016410268648736008,6m,1m,12m
2005-12-27,gamma0,-0.00010625099657199426,6m,1m,12m
2005-12-28,gamma0,-0.0001376141076133659,6m,1m,12m
2005-12-29,gamma0,-0.00012118617029969182,6m,1m,12m
2005-12-30,gamma0,-0.00012807037674743982,6m,1m,12m
2006-01-03,gamma0,-9.410701090547356e-05,6m,1m,12m
2006-01-04,gamma0,-7.778221415110396e-05,6m,1m,12m
2006-01-05,gamma0,-5.71393766449518e-05,6m,1m,12m
2006-01-06,gamma0,-8.016709239793974e-05,6m,1m,12m
2006-01-09,gamma0,-6.612085964523195e-05,6m,1m,12m
2006-01-10,gamma0,-7.168285730212368e-05,6m,1m,12m
2006-01-11,gamma0,-8.358191569623028e-05,6m,1m,12m
2006-01-12,gamma0,-8.266577232519313e-05,6m,1m,12m
2006-01-13,gamma0,-9.959796133857858e-05,6m,1m,12m
2006-01-18,gamma0,-6.873541289401578e-05,6m,1m,12m
2006-01-19,gamma0,-6.0528995248595106e-05,6m,1m,12m
2006-01-20,gamma0,-1.4468129619827415e-05,6m,1m,12m
2006-01-23,gamma0,-3.535277225375166e-05,6m,1m,12m
2006-01-24,gamma0,-2.180674456210409e-05,6m,1m,12m
2006-01-25,gamma0,-3.452101089401391e-05,6m,1m,12m
2006-01-26,gamma0,-3.537806248827904e-05,6m,1m,12m
2006-01-27,gamma0,-4.174244797111004e-05,6m,1m,12m
2006-01-30,gamma0,-1.2462250108793861e-05,6m,1m,12m
2006-01-31,gamma0,-2.0148404223285836e-06,6m,1m,12m
2006-02-01,gamma0,-8.691427682236897e-06,6m,1m,12m
2006-02-02,gamma0,7.062498224464148e-06,6m,1m,12m
2006-02-03,gamma0,-5.3317106838966335e-06,6m,1m,12m
2006-02-06,gamma0,-5.95359475896229e-06,6m,1m,12m
2006-02-07,gamma0,-1.4748303601491618e-05,6m,1m,12m
2006-02-08,gamma0,-3.317213642029403e-05,6m,1m,12m
2006-02-09,gamma0,-1.9543899688728187e-05,6m,1m,12m
2006-02-10,gamma0,-2.0669904872352437e-05,6m,1m,12m
2006-02-15,gamma0,-3.0172049999072667e-05,6m,1m,12m
2006-02-16,gamma0,-4.7588984728144064e-05,6m,1m,12m
2006-02-17,gamma0,-2.7354327547304583e-05,6m,1m,12m
2006-02-21,gamma0,2.8340200925633258e-05,6m,1m,12m
2006-02-22,gamma0,6.544948826158136e-06,6m,1m,12m
2006-02-23,gamma0,1.11393000050586e-06,6m,1m,12m
2006-02-24,gamma0,-3.346785009534815e-05,6m,1m,12m
2006-02-27,gamma0,-1.996963780397558e-05,6m,1m,12m
2006-02-28,gamma0,-1.748535697914481e-05,6m,1m,12m
2006-03-01,gamma0,-2.5252817331438676e-05,6m,1m,12m
2006-03-02,gamma0,-4.581145633679646e-05,6m,1m,12m
2006-03-03,gamma0,-2.734960925363177e-05,6m,1m,12m
2006-03-06,gamma0,9.518027004723672e-06,6m,1m,12m
2006-03-07,gamma0,-2.1945033432685393e-05,6m,1m,12m
2006-03-08,gamma0,-4.0479498702119446e-05,6m,1m,12m
2006-03-09,gamma0,-3.601982316056259e-05,6m,1m,12m
2006-03-10,gamma0,-6.168622364208686e-05,6m,1m,12m
2006-03-22,gamma0,-6.492503306604658e-05,6m,1m,12m
2006-03-23,gamma0,-6.16947705142017e-05,6m,1m,12m
2006-03-24,gamma0,-6.436883279033439e-05,6m,1m,12m
2006-03-27,gamma0,-3.995808831426782e-05,6m,1m,12m
2006-03-28,gamma0,-4.706574684391639e-05,6m,1m,12m
2006-03-29,gamma0,-6.559934721880764e-05,6m,1m,12m
2006-03-30,gamma0,-4.2657967539604474e-05,6m,1m,12m
2006-03-31,gamma0,-4.193506133002798e-05,6m,1m,12m
2006-04-03,gamma0,-4.0039960983988146e-05,6m,1m,12m
2006-04-04,gamma0,-4.12772986457377e-05,6m,1m,12m
2006-04-05,gamma0,-3.583004033853385e-05,6m,1m,12m
2006-04-06,gamma0,-2.3145746990974044e-05,6m,1m,12m
2006-04-07,gamma0,-1.12413668449828e-05,6m,1m,12m
2006-04-10,gamma0,-1.2129251990579836e-05,6m,1m,12m
2006-04-11,gamma0,-7.751814749570559e-07,6m,1m,12m
2006-04-12,gamma0,-2.2669190461448814e-05,6m,1m,12m
2006-04-13,gamma0,-2.9144763936470002e-05,6m,1m,12m
2006-04-19,gamma0,-5.3060604886987094e-05,6m,1m,12m
2006-04-20,gamma0,-2.4331766132077438e-05,6m,1m,12m
2006-04-21,gamma0,-3.324635646335178e-05,6m,1m,12m
2006-04-24,gamma0,-1.6198660664957024e-05,6m,1m,12m
2006-04-25,gamma0,-2.8449403387289133e-05,6m,1m,12m
2006-04-26,gamma0,-1.3259014238597683e-05,6m,1m,12m
2006-04-27,gamma0,-3.109227944470699e-06,6m,1m,12m
2006-04-28,gamma0,-3.6346245748883924e-05,6m,1m,12m
2006-05-01,gamma0,1.1695223441012013e-05,6m,1m,12m
2006-05-02,gamma0,-2.2754128064472004e-05,6m,1m,12m
2006-05-03,gamma0,-2.9036509860169022e-05,6m,1m,12m
2006-05-04,gamma0,-2.4984199588869314e-05,6m,1m,12m
2006-05-05,gamma0,-2.4592068836792587e-05,6m,1m,12m
2006-05-08,gamma0,-5.2637473037223085e-06,6m,1m,12m
2006-05-09,gamma0,-2.1948218604385096e-06,6m,1m,12m
2006-05-10,gamma0,4.174105129784121e-06,6m,1m,12m
2006-05-11,gamma0,1.3501838160190441e-05,6m,1m,12m
2006-05-12,gamma0,6.549896291945307e-05,6m,1m,12m
2006-05-17,gamma0,0.00010708680546925232,6m,1m,12m
2006-05-18,gamma0,9.949621282897207e-05,6m,1m,12m
2006-05-19,gamma0,9.393866042318014e-05,6m,1m,12m
2006-05-22,gamma0,0.00012741905410968118,6m,1m,12m
2006-05-23,gamma0,0.00016276749273820413,6m,1m,12m
2006-05-24,gamma0,8.66306452591695e-05,6m,1m,12m
2006-05-25,gamma0,-1.2503893477312913e-06,6m,1m,12m
2006-05-26,gamma0,-1.8656770108452884e-05,6m,1m,12m
2006-05-30,gamma0,0.0001351772377577119,6m,1m,12m
2006-05-31,gamma0,5.980392545590351e-06,6m,1m,12m
2006-06-01,gamma0,-2.317815919506305e-05,6m,1m,12m
2006-06-02,gamma0,-4.303244859050337e-05,6m,1m,12m
2006-06-05,gamma0,7.909702330954775e-05,6m,1m,12m
2006-06-06,gamma0,5.6614421828212535e-05,6m,1m,12m
2006-06-07,gamma0,4.6272711141431746e-05,6m,1m,12m
2006-06-08,gamma0,6.809810309417265e-05,6m,1m,12m
2006-06-09,gamma0,4.996479372544166e-05,6m,1m,12m
2006-06-16,gamma0,2.3381904085252312e-05,6m,1m,12m
2006-06-21,gamma0,-4.687241820545445e-05,6m,1m,12m
2006-06-22,gamma0,-1.2731674859602976e-05,6m,1m,12m
2006-06-23,gamma0,-2.2868073116393364e-05,6m,1m,12m
2006-06-26,gamma0,-3.90382168951074e-05,6m,1m,12m
2006-06-27,gamma0,1.842946779714487e-05,6m,1m,12m
2006-06-28,gamma0,2.017267776713621e-05,6m,1m,12m
2006-06-29,gamma0,-5.4911508002226104e-05,6m,1m,12m
2006-06-30,gamma0,-6.852226905572856e-05,6m,1m,12m
2006-07-03,gamma0,-4.879999871075198e-05,6m,1m,12m
2006-07-05,gamma0,-4.580419365013377e-05,6m,1m,12m
2006-07-06,gamma0,-5.3490349213082636e-05,6m,1m,12m
2006-07-07,gamma0,-8.246844237629218e-05,6m,1m,12m
2006-07-10,gamma0,-6.53037791368285e-05,6m,1m,12m
2006-07-11,gamma0,-0.0001077319347245388,6m,1m,12m
2006-07-12,gamma0,-4.5952815394495105e-05,6m,1m,12m
2006-07-13,gamma0,8.758348200577266e-05,6m,1m,12m
2006-07-14,gamma0,6.032780298988981e-05,6m,1m,12m
2006-07-19,gamma0,-5.160979452768617e-07,6m,1m,12m
2006-07-20,gamma0,1.768741326400539e-05,6m,1m,12m
2006-07-21,gamma0,5.442972694885331e-05,6m,1m,12m
2006-07-24,gamma0,3.500328357726521e-06,6m,1m,12m
2006-07-25,gamma0,3.543664584064117e-05,6m,1m,12m
2006-07-26,gamma0,-7.1878003944292665e-06,6m,1m,12m
2006-07-27,gamma0,-6.51847893246765e-06,6m,1m,12m
2006-07-28,gamma0,-3.5339634463088426e-05,6m,1m,12m
2006-07-31,gamma0,-1.4414466539072899e-05,6m,1m,12m
2006-08-01,gamma0,-1.9808902204009235e-05,6m,1m,12m
2006-08-02,gamma0,-2.5264036145931396e-05,6m,1m,12m
2006-08-03,gamma0,-1.1422127947997202e-05,6m,1m,12m
2006-08-04,gamma0,-3.9516266492213516e-05,6m,1m,12m
2006-08-07,gamma0,-2.429256446169696e-06,6m,1m,12m
2006-08-08,gamma0,-1.4042330167989125e-05,6m,1m,12m
2006-08-09,gamma0,-3.730844543469762e-05,6m,1m,12m
2006-08-10,gamma0,-5.0663780690382335e-05,6m,1m,12m
2006-08-11,gamma0,-6.15405743622224e-05,6m,1m,12m
2006-08-16,gamma0,-8.09873823920719e-05,6m,1m,12m
2006-08-17,gamma0,-8.748757696526105e-05,6m,1m,12m
2006-08-18,gamma0,-0.00011472312194959889,6m,1m,12m
2006-08-21,gamma0,-8.505584106914654e-05,6m,1m,12m
2006-08-22,gamma0,-7.890807071244196e-05,6m,1m,12m
2006-08-23,gamma0,-7.674161517616115e-05,6m,1m,12m
2006-08-24,gamma0,-8.570002120248662e-05,6m,1m,12m
2006-08-25,gamma0,-9.09893477461134e-05,6m,1m,12m
2006-08-28,gamma0,-8.342906534389729e-05,6m,1m,12m
2006-08-29,gamma0,-9.480915700410989e-05,6m,1m,12m
2006-08-30,gamma0,-8.791856822154827e-05,6m,1m,12m
2006-08-31,gamma0,-7.305885178252467e-05,6m,1m,12m
2006-09-01,gamma0,-9.526930253881278e-05,6m,1m,12m
2006-09-05,gamma0,-4.888249028100068e-05,6m,1m,12m
2006-09-06,gamma0,-4.8572401445483154e-05,6m,1m,12m
2006-09-07,gamma0,-6.556977194330186e-05,6m,1m,12m
2006-09-08,gamma0,-8.612422773868261e-05,6m,1m,12m
2006-09-15,gamma0,-0.00012541636307329397,6m,1m,12m
2006-09-20,gamma0,-0.00013374742670619802,6m,1m,12m
2006-09-21,gamma0,-0.00010077920827561199,6m,1m,12m
2006-09-22,gamma0,-0.00010398730827967408,6m,1m,12m
2006-09-25,gamma0,-0.0001174441536950959,6m,1m,12m
2006-09-26,gamma0,-0.00012631399592642322,6m,1m,12m
2006-09-27,gamma0,-0.00013271627781649304,6m,1m,12m
2006-09-28,gamma0,-0.00012922388269390148,6m,1m,12m
2006-09-29,gamma0,-0.00012451669499579136,6m,1m,12m
2006-10-02,gamma0,-0.00010971861627972431,6m,1m,12m
2006-10-03,gamma0,-0.00011887170186666255,6m,1m,12m
2006-10-04,gamma0,-9.971598565015788e-05,6m,1m,12m
2006-10-05,gamma0,-9.937636402152108e-05,6m,1m,12m
2006-10-06,gamma0,-0.00012320670971552867,6m,1m,12m
2006-10-09,gamma0,-0.00010388615156932182,6m,1m,12m
2006-10-10,gamma0,-0.00012463839454612377,6m,1m,12m
2006-10-11,gamma0,-0.00011192025072505279,6m,1m,12m
2006-10-12,gamma0,-0.00010440559607447744,6m,1m,12m
2006-10-13,gamma0,-0.00011701256372103595,6m,1m,12m
2006-10-18,gamma0,-8.421105754362568e-05,6m,1m,12m
2006-10-19,gamma0,-0.00010587166273217459,6m,1m,12m
2006-10-20,gamma0,-0.00010634928755800064,6m,1m,12m
2006-10-23,gamma0,-6.980702026854844e-05,6m,1m,12m
2006-10-24,gamma0,-6.721964274566006e-05,6m,1m,12m
2006-10-25,gamma0,-6.759806858588899e-05,6m,1m,12m
2006-10-26,gamma0,-6.35351201232139e-05,6m,1m,12m
2006-10-27,gamma0,-6.183320145337841e-05,6m,1m,12m
2006-10-30,gamma0,-5.332528376474867e-05,6m,1m,12m
2006-10-31,gamma0,-6.707069863305018e-05,6m,1m,12m
2006-11-01,gamma0,-4.6853115494303256e-05,6m,1m,12m
2006-11-02,gamma0,-4.685527186281544e-05,6m,1m,12m
2006-11-03,gamma0,-7.632741757974483e-05,6m,1m,12m
2006-11-06,gamma0,-6.0015301153947815e-05,6m,1m,12m
2006-11-07,gamma0,-4.593746950345978e-05,6m,1m,12m
2006-11-08,gamma0,-6.501133289962504e-05,6m,1m,12m
2006-11-09,gamma0,-5.415292903741359e-05,6m,1m,12m
2006-11-10,gamma0,-6.757151144042867e-05,6m,1m,12m
2006-11-15,gamma0,-6.289956075236823e-05,6m,1m,12m
2006-11-16,gamma0,-6.395292838471073e-05,6m,1m,12m
2006-11-17,gamma0,-7.64220560845752e-05,6m,1m,12m
2006-11-20,gamma0,-7.037323648268439e-05,6m,1m,12m
2006-11-21,gamma0,-9.089531385469796e-05,6m,1m,12m
2006-11-22,gamma0,-0.00011886717277862523,6m,1m,12m
2006-11-24,gamma0,-0.00011062116173201879,6m,1m,12m
2006-11-27,gamma0,-6.395038883750256e-05,6m,1m,12m
2006-11-28,gamma0,-0.00010441131648864578,6m,1m,12m
2006-11-29,gamma0,-0.00010845110416491811,6m,1m,12m
2006-11-30,gamma0,-0.00010946269482685732,6m,1m,12m
2006-12-01,gamma0,-7.512509453842946e-05,6m,1m,12m
2006-12-04,gamma0,-8.788609600583567e-05,6m,1m,12m
2006-12-05,gamma0,-8.88521993236561e-05,6m,1m,12m
2006-12-06,gamma0,-9.811369459216043e-05,6m,1m,12m
2006-12-07,gamma0,-4.765652025259822e-05,6m,1m,12m
2006-12-08,gamma0,-8.47767300488348e-05,6m,1m,12m
2006-12-20,gamma0,-0.00017337309918056572,6m,1m,12m
2006-12-21,gamma0,-0.0001651647782304982,6m,1m,12m
2006-12-22,gamma0,-0.00013497871010983796,6m,1m,12m
2006-12-26,gamma0,-0.00014085976017541823,6m,1m,12m
2006-12-27,gamma0,-0.00017191709505859717,6m,1m,12m
2006-12-28,gamma0,-0.00015720859433974635,6m,1m,12m
2006-12-29,gamma0,-0.0001389751985903539,6m,1m,12m
2007-01-03,gamma0,-0.00010131345749315791,6m,1m,12m
2007-01-04,gamma0,-0.0001209101960635427,6m,1m,12m
2007-01-05,gamma0,-9.561784782575656e-05,6m,1m,12m
2007-01-08,gamma0,-8.915450927793694e-05,6m,1m,12m
2007-01-09,gamma0,-8.705730700686413e-05,6m,1m,12m
2007-01-10,gamma0,-0.00010471136202356329,6m,1m,12m
2007-01-11,gamma0,-0.00011715886794748067,6m,1m,12m
2007-01-12,gamma0,-0.0001419935609320645,6m,1m,12m
2007-01-17,gamma0,-0.00010039721898731295,6m,1m,12m
2007-01-18,gamma0,-0.00010691120070393872,6m,1m,12m
2007-01-19,gamma0,-0.00012774045594992294,6m,1m,12m
2007-01-22,gamma0,-0.0001077491902174402,6m,1m,12m
2007-01-23,gamma0,-0.0001003167650875281,6m,1m,12m
2007-01-24,gamma0,-0.00010021507415192748,6m,1m,12m
2007-01-25,gamma0,-5.252851094139024e-05,6m,1m,12m
2007-01-26,gamma0,-6.934360826662896e-05,6m,1m,12m
2007-01-29,gamma0,-4.233008374504839e-05,6m,1m,12m
2007-01-30,gamma0,-6.101383350826266e-05,6m,1m,12m
2007-01-31,gamma0,-8.467385351920314e-05,6m,1m,12m
2007-02-01,gamma0,-7.126962141662096e-05,6m,1m,12m
2007-02-02,gamma0,-9.893745150508674e-05,6m,1m,12m
2007-02-05,gamma0,-7.845587028229261e-05,6m,1m,12m
2007-02-06,gamma0,-7.681163959582713e-05,6m,1m,12m
2007-02-07,gamma0,-8.105966538969469e-05,6m,1m,12m
2007-02-08,gamma0,-9.133452515204678e-05,6m,1m,12m
2007-02-09,gamma0,-5.6561817330027e-05,6m,1m,12m
2007-02-14,gamma0,-8.583122102030038e-05,6m,1m,12m
2007-02-15,gamma0,-7.539902046941094e-05,6m,1m,12m
2007-02-16,gamma0,-7.6084643223713e-05,6m,1m,12m
2007-02-20,gamma0,-7.164924586296893e-05,6m,1m,12m
2007-02-21,gamma0,-6.546144180486441e-05,6m,1m,12m
2007-02-22,gamma0,-8.789935718257735e-05,6m,1m,12m
2007-02-23,gamma0,-7.407758551584469e-05,6m,1m,12m
2007-02-26,gamma0,-4.478409691751531e-05,6m,1m,12m
2007-02-27,gamma0,0.0002089483629466418,6m,1m,12m
2007-02-28,gamma0,9.869350554629486e-05,6m,1m,12m
2007-03-01,gamma0,3.6756427943642354e-05,6m,1m,12m
2007-03-02,gamma0,7.151739653468245e-05,6m,1m,12m
2007-03-05,gamma0,0.00013092045618760492,6m,1m,12m
2007-03-06,gamma0,1.6236441770996417e-05,6m,1m,12m
2007-03-07,gamma0,1.828229545275494e-05,6m,1m,12m
2007-03-08,gamma0,-3.8079726563030266e-05,6m,1m,12m
2007-03-09,gamma0,-2.0447634510862477e-05,6m,1m,12m
2007-03-12,gamma0,-1.6714755730576374e-06,6m,1m,12m
2007-03-13,gamma0,5.707901386759716e-05,6m,1m,12m
2007-03-14,gamma0,4.797469724870813e-05,6m,1m,12m
2007-03-15,gamma0,-7.12977937925636e-07,6m,1m,12m
2007-03-16,gamma0,1.7144428648434914e-05,6m,1m,12m
2007-03-19,gamma0,-2.881951861636066e-06,6m,1m,12m
2007-03-20,gamma0,-5.489156118349446e-05,6m,1m,12m
2007-03-21,gamma0,-4.2560135251144376e-05,6m,1m,12m
2007-03-22,gamma0,8.417426576343731e-06,6m,1m,12m
2007-03-23,gamma0,-2.2696761792927887e-05,6m,1m,12m
2007-03-26,gamma0,-1.8720990454191384e-05,6m,1m,12m
2007-03-27,gamma0,-1.0722814048240065e-05,6m,1m,12m
2007-03-28,gamma0,2.087325926462244e-05,6m,1m,12m
2007-03-29,gamma0,2.889953201343606e-05,6m,1m,12m
2007-03-30,gamma0,-7.816577473203326e-06,6m,1m,12m
2007-04-02,gamma0,-1.3678895601875803e-05,6m,1m,12m
2007-04-03,gamma0,-4.731524565823264e-05,6m,1m,12m
2007-04-04,gamma0,-7.181260301479842e-05,6m,1m,12m
2007-04-05,gamma0,-6.7925510417108e-05,6m,1m,12m
2007-04-09,gamma0,-4.524092536782672e-05,6m,1m,12m
2007-04-10,gamma0,-6.412595161996256e-05,6m,1m,12m
2007-04-11,gamma0,-4.7916385997159366e-05,6m,1m,12m
2007-04-12,gamma0,-6.630549474792696e-05,6m,1m,12m
2007-04-13,gamma0,-7.487000655972216e-05,6m,1m,12m
2007-04-18,gamma0,-4.972144962046221e-05,6m,1m,12m
2007-04-19,gamma0,-3.474790164733166e-05,6m,1m,12m
2007-04-20,gamma0,-3.36966534595863e-05,6m,1m,12m
2007-04-23,gamma0,1.0409372228635821e-05,6m,1m,12m
2007-04-24,gamma0,9.031218198928119e-06,6m,1m,12m
2007-04-25,gamma0,1.602156761824871e-05,6m,1m,12m
2007-04-26,gamma0,-7.210969838068755e-06,6m,1m,12m
2007-04-27,gamma0,-2.2939556748418172e-05,6m,1m,12m
2007-04-30,gamma0,4.65793708014706e-05,6m,1m,12m
2007-05-01,gamma0,5.705379852639049e-06,6m,1m,12m
2007-05-02,gamma0,-4.556374256384654e-06,6m,1m,12m
2007-05-03,gamma0,2.422898791810832e-06,6m,1m,12m
2007-05-04,gamma0,-2.4398706638429946e-05,6m,1m,12m
2007-05-07,gamma0,5.9405753145850655e-06,6m,1m,12m
2007-05-08,gamma0,3.01142399187061e-06,6m,1m,12m
2007-05-09,gamma0,-5.02333811855946e-06,6m,1m,12m
2007-05-10,gamma0,-1.1442039678159548e-05,6m,1m,12m
2007-05-11,gamma0,-4.19675589177816e-05,6m,1m,12m
2007-05-16,gamma0,6.207423214784781e-05,6m,1m,12m
2007-05-17,gamma0,-9.002884576654478e-06,6m,1m,12m
2007-05-18,gamma0,-5.4490888392140744e-05,6m,1m,12m
2007-05-21,gamma0,-3.558761497941907e-05,6m,1m,12m
2007-05-22,gamma0,-3.680807347810601e-05,6m,1m,12m
2007-05-23,gamma0,-4.4727900349411874e-05,6m,1m,12m
2007-05-24,gamma0,-3.844342634041181e-05,6m,1m,12m
2007-05-25,gamma0,-6.477466593106366e-05,6m,1m,12m
2007-05-29,gamma0,-5.5960032043571314e-05,6m,1m,12m
2007-05-30,gamma0,-8.379696259423805e-05,6m,1m,12m
2007-05-31,gamma0,-9.121567839645692e-05,6m,1m,12m
2007-06-01,gamma0,-7.713289152965035e-05,6m,1m,12m
2007-06-04,gamma0,-7.390835757113595e-05,6m,1m,12m
2007-06-05,gamma0,-7.720338590936699e-05,6m,1m,12m
2007-06-06,gamma0,-2.3644605758770936e-05,6m,1m,12m
2007-06-07,gamma0,4.0316337494515785e-05,6m,1m,12m
2007-06-08,gamma0,-1.2592449997026191e-05,6m,1m,12m
2007-06-11,gamma0,-4.546337016220195e-07,6m,1m,12m
2007-06-12,gamma0,4.762583620160509e-05,6m,1m,12m
2007-06-13,gamma0,-4.175986066955939e-07,6m,1m,12m
2007-06-14,gamma0,-4.495450915555894e-05,6m,1m,12m
2007-06-15,gamma0,-4.509076616683007e-05,6m,1m,12m
2007-06-18,gamma0,-5.2140028904747735e-05,6m,1m,12m
2007-06-19,gamma0,-0.00015758905863953328,6m,1m,12m
2007-06-20,gamma0,-3.891980258762556e-05,6m,1m,12m
2007-06-21,gamma0,-5.3404800057673925e-05,6m,1m,12m
2007-06-22,gamma0,-1.592640701108708e-05,6m,1m,12m
2007-06-25,gamma0,2.42419750032754e-05,6m,1m,12m
2007-06-26,gamma0,9.866682327978688e-05,6m,1m,12m
2007-06-27,gamma0,-3.4111972069265446e-06,6m,1m,12m
2007-06-28,gamma0,-3.4439779249634885e-06,6m,1m,12m
2007-06-29,gamma0,-4.667054706843364e-06,6m,1m,12m
2007-07-02,gamma0,-2.453047880869252e-05,6m,1m,12m
2007-07-03,gamma0,-4.197597771503972e-05,6m,1m,12m
2007-07-05,gamma0,-1.5426202218934764e-05,6m,1m,12m
2007-07-06,gamma0,-3.338337189974194e-05,6m,1m,12m
2007-07-09,gamma0,-1.99544120865231e-05,6m,1m,12m
2007-07-10,gamma0,8.848710580303732e-05,6m,1m,12m
2007-07-11,gamma0,1.1596977732720049e-05,6m,1m,12m
2007-07-12,gamma0,-4.0908696966879265e-06,6m,1m,12m
2007-07-13,gamma0,-5.295246617564935e-05,6m,1m,12m
2007-07-18,gamma0,-3.903063766244793e-05,6m,1m,12m
2007-07-19,gamma0,-7.154751799882561e-05,6m,1m,12m
2007-07-20,gamma0,-1.312061233818212e-05,6m,1m,12m
2007-07-23,gamma0,-5.252125751634356e-06,6m,1m,12m
2007-07-24,gamma0,3.442582625059695e-05,6m,1m,12m
2007-07-25,gamma0,3.3816407993499604e-05,6m,1m,12m
2007-07-26,gamma0,0.00023201533126579246,6m,1m,12m
2007-07-27,gamma0,0.0003208513108214012,6m,1m,12m
2007-07-30,gamma0,0.00017850622741042511,6m,1m,12m
2007-07-31,gamma0,0.00021135919558596154,6m,1m,12m
2007-08-01,gamma0,0.00015443781825056287,6m,1m,12m
2007-08-02,gamma0,3.9226150873783885e-05,6m,1m,12m
2007-08-03,gamma0,0.00020000815149317524,6m,1m,12m
2007-08-06,gamma0,0.00015128872092855486,6m,1m,12m
2007-08-07,gamma0,0.00011736910256511528,6m,1m,12m
2007-08-08,gamma0,0.00011958261710294744,6m,1m,12m
2007-08-09,gamma0,0.0003403582237247827,6m,1m,12m
2007-08-10,gamma0,0.00037199824294487116,6m,1m,12m
2007-08-22,gamma0,0.0001230383120280912,6m,1m,12m
2007-08-23,gamma0,0.00010061203816449327,6m,1m,12m
2007-08-24,gamma0,4.5448130976639625e-05,6m,1m,12m
2007-08-27,gamma0,7.50692327289177e-05,6m,1m,12m
2007-08-28,gamma0,0.0001454651321585582,6m,1m,12m
2007-08-29,gamma0,8.40722823059828e-05,6m,1m,12m
2007-08-30,gamma0,0.00012604532335750413,6m,1m,12m
2007-08-31,gamma0,0.00010964651651968518,6m,1m,12m
2007-09-04,gamma0,9.456191156711323e-05,6m,1m,12m
2007-09-05,gamma0,0.0001411479088256875,6m,1m,12m
2007-09-06,gamma0,0.00010417877576844629,6m,1m,12m
2007-09-07,gamma0,0.00016632948142878873,6m,1m,12m
2007-09-10,gamma0,0.00020666009966009306,6m,1m,12m
2007-09-11,gamma0,0.0001296537701124187,6m,1m,12m
2007-09-12,gamma0,0.00012602232797757042,6m,1m,12m
2007-09-13,gamma0,0.00013328994065062546,6m,1m,12m
2007-09-14,gamma0,0.00013819708534991307,6m,1m,12m
2007-09-17,gamma0,0.00020283260527273993,6m,1m,12m
2007-09-18,gamma0,1.6812227753952888e-05,6m,1m,12m
2007-09-19,gamma0,3.221868746529907e-05,6m,1m,12m
2007-09-20,gamma0,2.656654632033551e-05,6m,1m,12m
2007-09-21,gamma0,-3.189107116803178e-05,6m,1m,12m
2007-09-24,gamma0,-2.0881244527796654e-05,6m,1m,12m
2007-09-25,gamma0,-4.098306354929736e-05,6m,1m,12m
2007-09-26,gamma0,-6.26622626137805e-05,6m,1m,12m
2007-09-27,gamma0,-6.78031808395263e-05,6m,1m,12m
2007-09-28,gamma0,-4.01878919673207e-05,6m,1m,12m
2007-10-01,gamma0,-4.0172185274899454e-05,6m,1m,12m
2007-10-02,gamma0,-5.7167648403874765e-05,6m,1m,12m
2007-10-03,gamma0,-6.894722445365041e-05,6m,1m,12m
2007-10-04,gamma0,-6.98761990418523e-05,6m,1m,12m
2007-10-05,gamma0,-0.00011722811820563943,6m,1m,12m
2007-10-08,gamma0,-9.122424754616643e-05,6m,1m,12m
2007-10-09,gamma0,-0.00010275308061291502,6m,1m,12m
2007-10-10,gamma0,-8.169307910625074e-05,6m,1m,12m
2007-10-11,gamma0,-1.2033533959713106e-05,6m,1m,12m
2007-10-12,gamma0,-8.887225792993746e-05,6m,1m,12m
2007-10-17,gamma0,-0.00010683134976455114,6m,1m,12m
2007-10-18,gamma0,-0.00010523484622873447,6m,1m,12m
2007-10-19,gamma0,2.9896390239251923e-05,6m,1m,12m
2007-10-22,gamma0,-2.230615805615399e-05,6m,1m,12m
2007-10-23,gamma0,-4.743892970410449e-05,6m,1m,12m
2007-10-24,gamma0,-3.8385894779797056e-05,6m,1m,12m
2007-10-25,gamma0,-1.7479154012713725e-05,6m,1m,12m
2007-10-26,gamma0,-3.319694932649759e-05,6m,1m,12m
2007-10-29,gamma0,-5.74771293511393e-06,6m,1m,12m
2007-10-30,gamma0,1.3791051651192616e-05,6m,1m,12m
2007-10-31,gamma0,-6.270706059421463e-05,6m,1m,12m
2007-11-01,gamma0,7.045936767981468e-05,6m,1m,12m
2007-11-02,gamma0,-1.3705981269875199e-05,6m,1m,12m
2007-11-05,gamma0,6.236078450772754e-05,6m,1m,12m
2007-11-06,gamma0,-3.171288939374168e-05,6m,1m,12m
2007-11-07,gamma0,0.0001439826407348491,6m,1m,12m
2007-11-08,gamma0,9.16123519694726e-05,6m,1m,12m
2007-11-09,gamma0,0.00012398404813094562,6m,1m,12m
2007-11-16,gamma0,-0.0001096155704390503,6m,1m,12m
2007-11-21,gamma0,1.5165311006582224e-05,6m,1m,12m
2007-11-23,gamma0,2.120385831409607e-05,6m,1m,12m
2007-11-26,gamma0,6.963648734650143e-05,6m,1m,12m
2007-11-27,gamma0,3.4344223623221674e-05,6m,1m,12m
2007-11-28,gamma0,8.421436203973095e-06,6m,1m,12m
2007-11-29,gamma0,-1.65145844180575e-05,6m,1m,12m
2007-11-30,gamma0,-9.188035044625491e-05,6m,1m,12m
2007-12-03,gamma0,-7.050380366612037e-05,6m,1m,12m
2007-12-04,gamma0,-6.681827763441479e-05,6m,1m,12m
2007-12-05,gamma0,-9.363142353378638e-05,6m,1m,12m
2007-12-06,gamma0,-0.00011280283757110973,6m,1m,12m
2007-12-07,gamma0,-0.00014481842624910094,6m,1m,12m
2007-12-10,gamma0,-0.00011494274041349993,6m,1m,12m
2007-12-11,gamma0,-3.45718399019017e-05,6m,1m,12m
2007-12-12,gamma0,-8.834640093286472e-05,6m,1m,12m
2007-12-13,gamma0,-0.00010058828268405015,6m,1m,12m
2007-12-14,gamma0,-6.271489328909684e-05,6m,1m,12m
2007-12-17,gamma0,-2.3884443028618945e-05,6m,1m,12m
2007-12-18,gamma0,-0.00011120550997440807,6m,1m,12m
2007-12-19,gamma0,-0.0001416396515493603,6m,1m,12m
2007-12-20,gamma0,-0.0001601052895017644,6m,1m,12m
2007-12-21,gamma0,-0.0002273463274264174,6m,1m,12m
2007-12-24,gamma0,-0.00020698702648754556,6m,1m,12m
2007-12-26,gamma0,-0.0002128299121578867,6m,1m,12m
2007-12-27,gamma0,-0.00017264322983576806,6m,1m,12m
2007-12-28,gamma0,-0.00014620811011702823,6m,1m,12m
2007-12-31,gamma0,-9.324713144756241e-05,6m,1m,12m
2008-01-02,gamma0,-6.937459290802953e-05,6m,1m,12m
2008-01-03,gamma0,-8.83208653150919e-05,6m,1m,12m
2008-01-04,gamma0,-2.164945309167656e-05,6m,1m,12m
2008-01-07,gamma0,-1.453109165107448e-05,6m,1m,12m
2008-01-08,gamma0,2.107692501634765e-05,6m,1m,12m
2008-01-09,gamma0,-2.752009675016012e-05,6m,1m,12m
2008-01-10,gamma0,-1.5850001273740343e-06,6m,1m,12m
2008-01-11,gamma0,-9.824022939746284e-05,6m,1m,12m
2008-01-16,gamma0,4.792697138588154e-05,6m,1m,12m
2008-01-17,gamma0,0.0001235161684104473,6m,1m,12m
2008-01-18,gamma0,9.824991901681842e-05,6m,1m,12m
2008-01-22,gamma0,0.00027115761484687297,6m,1m,12m
2008-01-23,gamma0,0.00024747055679827726,6m,1m,12m
2008-01-24,gamma0,0.00019225208809990586,6m,1m,12m
2008-01-25,gamma0,0.00023934685295355044,6m,1m,12m
2008-01-28,gamma0,0.00017857345947282335,6m,1m,12m
2008-01-29,gamma0,0.00022315827391601497,6m,1m,12m
2008-01-30,gamma0,0.00022002979617527139,6m,1m,12m
2008-01-31,gamma0,0.0002227503986071632,6m,1m,12m
2008-02-01,gamma0,3.167209128085318e-05,6m,1m,12m
2008-02-04,gamma0,0.00017166369931723984,6m,1m,12m
2008-02-05,gamma0,0.00018906640511579643,6m,1m,12m
2008-02-06,gamma0,0.0001983138334096174,6m,1m,12m
2008-02-07,gamma0,0.0001640333688174976,6m,1m,12m
2008-02-08,gamma0,7.77369579532126e-05,6m,1m,12m
2008-02-15,gamma0,3.720826075543021e-06,6m,1m,12m
2008-02-20,gamma0,1.6965004181643754e-05,6m,1m,12m
2008-02-21,gamma0,3.8316353665388916e-05,6m,1m,12m
2008-02-22,gamma0,-4.503214572385613e-05,6m,1m,12m
2008-02-25,gamma0,-0.00010646897081992799,6m,1m,12m
2008-02-26,gamma0,-0.00014113958310022837,6m,1m,12m
2008-02-27,gamma0,-0.00012978911250290486,6m,1m,12m
2008-02-28,gamma0,-7.667502690650341e-05,6m,1m,12m
2008-02-29,gamma0,-3.567757844602818e-05,6m,1m,12m
2008-03-03,gamma0,-2.7735689409730815e-05,6m,1m,12m
2008-03-04,gamma0,-2.29155762349804e-05,6m,1m,12m
2008-03-05,gamma0,-3.6673072134618096e-05,6m,1m,12m
2008-03-06,gamma0,6.233706221691788e-05,6m,1m,12m
2008-03-07,gamma0,-5.627032156689073e-05,6m,1m,12m
2008-03-10,gamma0,-1.1959101872648919e-05,6m,1m,12m
2008-03-11,gamma0,-8.109453895760392e-06,6m,1m,12m
2008-03-12,gamma0,-2.3888792775630417e-05,6m,1m,12m
2008-03-13,gamma0,-4.27727145184993e-05,6m,1m,12m
2008-03-14,gamma0,8.948618476170167e-05,6m,1m,12m
2008-03-17,gamma0,0.0001307576156064828,6m,1m,12m
2008-03-18,gamma0,-1.536783998124788e-05,6m,1m,12m
2008-03-19,gamma0,6.644231857313475e-05,6m,1m,12m
2008-03-20,gamma0,-2.8663251698302517e-05,6m,1m,12m
2008-03-24,gamma0,1.4990952920673764e-06,6m,1m,12m
2008-03-25,gamma0,-2.3241517283498954e-05,6m,1m,12m
2008-03-26,gamma0,-7.787035373259162e-06,6m,1m,12m
2008-03-27,gamma0,6.465523040335583e-06,6m,1m,12m
2008-03-28,gamma0,-3.991962906146526e-06,6m,1m,12m
2008-03-31,gamma0,2.027764135916531e-05,6m,1m,12m
2008-04-01,gamma0,-5.6505556461511e-05,6m,1m,12m
2008-04-02,gamma0,-4.421730481927436e-05,6m,1m,12m
2008-04-03,gamma0,-5.518778827236636e-05,6m,1m,12m
2008-04-04,gamma0,-7.211656013978289e-05,6m,1m,12m
2008-04-07,gamma0,-1.3365480912049717e-05,6m,1m,12m
2008-04-08,gamma0,-2.9443871117501513e-05,6m,1m,12m
2008-04-09,gamma0,-2.1537230606481248e-05,6m,1m,12m
2008-04-10,gamma0,-4.70421416017565e-05,6m,1m,12m
2008-04-11,gamma0,4.325131802129018e-06,6m,1m,12m
2008-04-16,gamma0,-6.968696541711635e-05,6m,1m,12m
2008-04-17,gamma0,-6.943046924793096e-05,6m,1m,12m
2008-04-18,gamma0,-6.920038629398676e-05,6m,1m,12m
2008-04-21,gamma0,-6.998833973930563e-05,6m,1m,12m
2008-04-22,gamma0,-6.505954043166441e-05,6m,1m,12m
2008-04-23,gamma0,-9.80842600195686e-05,6m,1m,12m
2008-04-24,gamma0,-7.971698424866271e-05,6m,1m,12m
2008-04-25,gamma0,-8.093889564488748e-05,6m,1m,12m
2008-04-28,gamma0,-4.5748801397563216e-05,6m,1m,12m
2008-04-29,gamma0,-3.338702678309934e-05,6m,1m,12m
2008-04-30,gamma0,-1.935009286724391e-05,6m,1m,12m
2008-05-01,gamma0,-7.354486597832972e-05,6m,1m,12m
2008-05-02,gamma0,-0.0001206337769968492,6m,1m,12m
2008-05-05,gamma0,-8.422119200169642e-05,6m,1m,12m
2008-05-06,gamma0,-0.00011666991364067194,6m,1m,12m
2008-05-07,gamma0,-5.7360679741754115e-05,6m,1m,12m
2008-05-08,gamma0,-9.755898243880598e-05,6m,1m,12m
2008-05-09,gamma0,-9.8877741178208e-05,6m,1m,12m
2008-05-21,gamma0,-0.00021210529997909178,6m,1m,12m
2008-05-22,gamma0,-0.00021430544842910798,6m,1m,12m
2008-05-23,gamma0,-0.0001995610950395403,6m,1m,12m
2008-05-27,gamma0,-0.00015731253259657142,6m,1m,12m
2008-05-28,gamma0,-0.00018865395319182004,6m,1m,12m
2008-05-29,gamma0,-0.00019163741425374343,6m,1m,12m
2008-05-30,gamma0,-0.00022115451277284314,6m,1m,12m
2008-06-02,gamma0,-0.00016214849243953103,6m,1m,12m
2008-06-03,gamma0,-0.0001648040831962174,6m,1m,12m
2008-06-04,gamma0,-0.00012869299775063867,6m,1m,12m
2008-06-05,gamma0,-0.00017323269482125852,6m,1m,12m
2008-06-06,gamma0,-4.372230776843162e-05,6m,1m,12m
2008-06-09,gamma0,-4.5284254068240644e-05,6m,1m,12m
2008-06-10,gamma0,-5.3295102224251705e-05,6m,1m,12m
2008-06-11,gamma0,-1.0178910063281932e-05,6m,1m,12m
2008-06-12,gamma0,-2.6936801551848567e-05,6m,1m,12m
2008-06-13,gamma0,-9.054792561726004e-05,6m,1m,12m
2008-06-16,gamma0,-5.450415828424004e-05,6m,1m,12m
2008-06-17,gamma0,-7.454808698377258e-05,6m,1m,12m
2008-06-18,gamma0,-5.205612278723728e-05,6m,1m,12m
2008-06-19,gamma0,-6.128617391120618e-05,6m,1m,12m
2008-06-20,gamma0,-5.2849317274969445e-06,6m,1m,12m
2008-06-23,gamma0,-3.0641713897237367e-05,6m,1m,12m
2008-06-24,gamma0,-3.4558689244880425e-05,6m,1m,12m
2008-06-25,gamma0,-5.851073309251208e-05,6m,1m,12m
2008-06-26,gamma0,7.0572461486555985e-06,6m,1m,12m
2008-06-27,gamma0,-2.5381164428795425e-05,6m,1m,12m
2008-06-30,gamma0,2.196420264718952e-05,6m,1m,12m
2008-07-01,gamma0,5.6073586494322554e-06,6m,1m,12m
2008-07-02,gamma0,7.288166877857173e-05,6m,1m,12m
2008-07-03,gamma0,2.2006752526797145e-05,6m,1m,12m
2008-07-07,gamma0,6.38995920832389e-05,6m,1m,12m
2008-07-08,gamma0,-1.2267273293688667e-06,6m,1m,12m
2008-07-09,gamma0,8.368234394016728e-05,6m,1m,12m
2008-07-10,gamma0,8.340899026144649e-05,6m,1m,12m
2008-07-11,gamma0,0.00014443945502281256,6m,1m,12m
2008-07-16,gamma0,5.543155348515087e-05,6m,1m,12m
2008-07-17,gamma0,3.6356665367085914e-05,6m,1m,12m
2008-07-18,gamma0,2.6687772548352134e-05,6m,1m,12m
2008-07-21,gamma0,4.311575540169891e-07,6m,1m,12m
2008-07-22,gamma0,-6.25006984274208e-05,6m,1m,12m
2008-07-23,gamma0,-4.3780792192218885e-05,6m,1m,12m
2008-07-24,gamma0,-1.0942788593275361e-05,6m,1m,12m
2008-07-25,gamma0,-5.485117882581298e-05,6m,1m,12m
2008-07-28,gamma0,2.195657008091122e-05,6m,1m,12m
2008-07-29,gamma0,-1.0804259255629833e-05,6m,1m,12m
2008-07-30,gamma0,-9.490002950318083e-07,6m,1m,12m
2008-07-31,gamma0,1.5004522148198726e-05,6m,1m,12m
2008-08-01,gamma0,-1.659109100558745e-05,6m,1m,12m
2008-08-04,gamma0,4.1068727973043826e-05,6m,1m,12m
2008-08-05,gamma0,6.5726034393387715e-06,6m,1m,12m
2008-08-06,gamma0,-6.367700398430259e-05,6m,1m,12m
2008-08-07,gamma0,-4.802765711607472e-05,6m,1m,12m
2008-08-08,gamma0,-5.926065558192821e-05,6m,1m,12m
2008-08-15,gamma0,-0.00012490544339660936,6m,1m,12m
2008-08-20,gamma0,-0.00010824465298897665,6m,1m,12m
2008-08-21,gamma0,-0.00014231629647534102,6m,1m,12m
2008-08-22,gamma0,-0.00017472997785865916,6m,1m,12m
2008-08-25,gamma0,-0.00011554210071655288,6m,1m,12m
2008-08-26,gamma0,-0.00013602895945979818,6m,1m,12m
2008-08-27,gamma0,-0.0001434675150075844,6m,1m,12m
2008-08-28,gamma0,-0.0001635052333635178,6m,1m,12m
2008-08-29,gamma0,-0.00014067715696115595,6m,1m,12m
2008-09-02,gamma0,-8.743226121879944e-05,6m,1m,12m
2008-09-03,gamma0,-0.0001075387315408592,6m,1m,12m
2008-09-04,gamma0,-2.11520010493638e-05,6m,1m,12m
2008-09-05,gamma0,-4.2607548491120924e-05,6m,1m,12m
2008-09-08,gamma0,-1.3748838570437628e-05,6m,1m,12m
2008-09-09,gamma0,4.448475982147028e-05,6m,1m,12m
2008-09-10,gamma0,3.4008170789572735e-05,6m,1m,12m
2008-09-11,gamma0,3.0322452787924442e-05,6m,1m,12m
2008-09-12,gamma0,8.849877997272973e-05,6m,1m,12m
2008-09-15,gamma0,0.0003045927379379319,6m,1m,12m
2008-09-16,gamma0,0.0002928431956516285,6m,1m,12m
2008-09-17,gamma0,0.00043922265186459823,6m,1m,12m
2008-09-18,gamma0,0.00038622205151574146,6m,1m,12m
2008-09-19,gamma0,0.0003153099433839447,6m,1m,12m
2008-09-22,gamma0,0.0003757686705513891,6m,1m,12m
2008-09-23,gamma0,0.0004176309324835894,6m,1m,12m
2008-09-24,gamma0,0.00042402704221548143,6m,1m,12m
2008-09-25,gamma0,0.0003543390061697346,6m,1m,12m
2008-09-26,gamma0,0.00046093426829310987,6m,1m,12m
2008-09-29,gamma0,0.0007172285779607305,6m,1m,12m
2008-09-30,gamma0,0.0006144990797006006,6m,1m,12m
2008-10-01,gamma0,0.0006369394211739075,6m,1m,12m
2008-10-02,gamma0,0.0007172285779607305,6m,1m,12m
2008-10-03,gamma0,0.0007172285779607305,6m,1m,12m
2008-10-06,gamma0,0.0007172285779607305,6m,1m,12m
2008-10-07,gamma0,0.0007172285779607305,6m,1m,12m
2008-10-08,gamma0,0.0007172285779607305,6m,1m,12m
2008-10-09,gamma0,0.0007172285779607305,6m,1m,12m
2008-10-10,gamma0,0.0007172285779607305,6m,1m,12m
2008-10-17,gamma0,0.0007172285779607305,6m,1m,12m
2008-10-22,gamma0,0.0007172285779607305,6m,1m,12m
2008-10-23,gamma0,0.0007172285779607305,6m,1m,12m
2008-10-24,gamma0,0.0007172285779607305,6m,1m,12m
2008-10-27,gamma0,0.0007172285779607305,6m,1m,12m
2008-10-28,gamma0,0.0007172285779607305,6m,1m,12m
2008-10-29,gamma0,0.0007172285779607305,6m,1m,12m
2008-10-30,gamma0,0.0007172285779607305,6m,1m,12m
2008-10-31,gamma0,0.0005674993013784212,6m,1m,12m
2008-11-03,gamma0,0.0004957991165121648,6m,1m,12m
2008-11-04,gamma0,0.00024103982027419367,6m,1m,12m
2008-11-05,gamma0,0.0004920132017817294,6m,1m,12m
2008-11-06,gamma0,0.0006599847577252018,6m,1m,12m
2008-11-07,gamma0,0.0004939857381012087,6m,1m,12m
2008-11-10,gamma0,0.0005764169054021128,6m,1m,12m
2008-11-11,gamma0,0.0006219348548967316,6m,1m,12m
2008-11-12,gamma0,0.000269112790962935,6m,1m,12m
2008-11-13,gamma0,0.0005198784437209103,6m,1m,12m
2008-11-14,gamma0,0.0006963191923395904,6m,1m,12m
2008-11-19,gamma0,0.0007172285779607305,6m,1m,12m
2008-11-20,gamma0,0.0007172285779607305,6m,1m,12m
2008-11-21,gamma0,0.0005589772929168171,6m,1m,12m
2008-11-24,gamma0,0.0006580262596675014,6m,1m,12m
2008-11-25,gamma0,0.00048748038456868,6m,1m,12m
2008-11-26,gamma0,0.00031238045602762713,6m,1m,12m
2008-11-28,gamma0,0.00041458130507525577,6m,1m,12m
2008-12-01,gamma0,0.0005665340633887604,6m,1m,12m
2008-12-02,gamma0,0.0004670526806845682,6m,1m,12m
2008-12-03,gamma0,0.00041049375224682413,6m,1m,12m
2008-12-04,gamma0,0.0005408723053075291,6m,1m,12m
2008-12-05,gamma0,0.0002611142973336802,6m,1m,12m
2008-12-08,gamma0,0.00021571400199070907,6m,1m,12m
2008-12-09,gamma0,0.0001677112577582766,6m,1m,12m
2008-12-10,gamma0,9.216456003833403e-05,6m,1m,12m
2008-12-11,gamma0,6.319199693132077e-05,6m,1m,12m
2008-12-12,gamma0,9.197746994459393e-05,6m,1m,12m
2008-12-15,gamma0,0.00022622857138267336,6m,1m,12m
2008-12-16,gamma0,0.00012117065426743071,6m,1m,12m
2008-12-17,gamma0,8.173275593133066e-05,6m,1m,12m
2008-12-18,gamma0,8.556947470153094e-05,6m,1m,12m
2008-12-19,gamma0,7.86747046153156e-05,6m,1m,12m
2008-12-22,gamma0,0.000129182555671032,6m,1m,12m
2008-12-23,gamma0,0.0001416738853703476,6m,1m,12m
2008-12-24,gamma0,0.00014382571990820704,6m,1m,12m
2008-12-26,gamma0,1.3670957696109275e-05,6m,1m,12m
2008-12-29,gamma0,0.0001085546314136483,6m,1m,12m
2008-12-30,gamma0,1.0919343129307284e-05,6m,1m,12m
2008-12-31,gamma0,-4.994428024267701e-05,6m,1m,12m
2009-01-02,gamma0,3.830263452582318e-06,6m,1m,12m
2009-01-05,gamma0,0.00014680311201829862,6m,1m,12m
2009-01-06,gamma0,0.00010832601263488593,6m,1m,12m
2009-01-07,gamma0,0.0002839304365592179,6m,1m,12m
2009-01-08,gamma0,0.00020462897778968,6m,1m,12m
2009-01-09,gamma0,0.00017827232286754448,6m,1m,12m
2009-01-16,gamma0,5.403085647648549e-06,6m,1m,12m
2009-01-21,gamma0,7.968664561201872e-05,6m,1m,12m
2009-01-22,gamma0,-0.0001107022536223726,6m,1m,12m
2009-01-23,gamma0,-8.28626907714127e-05,6m,1m,12m
2009-01-26,gamma0,3.9242770684039076e-05,6m,1m,12m
2009-01-27,gamma0,6.884483775098773e-05,6m,1m,12m
2009-01-28,gamma0,5.43810329792074e-05,6m,1m,12m
2009-01-29,gamma0,0.00022177713702359626,6m,1m,12m
2009-01-30,gamma0,0.00013239559477062007,6m,1m,12m
2009-02-02,gamma0,0.00020229406927304292,6m,1m,12m
2009-02-03,gamma0,0.00010479542840920778,6m,1m,12m
2009-02-04,gamma0,0.0002035485205758552,6m,1m,12m
2009-02-05,gamma0,0.00019758535922417115,6m,1m,12m
2009-02-06,gamma0,0.0001870144601747328,6m,1m,12m
2009-02-09,gamma0,0.00024309440719612484,6m,1m,12m
2009-02-10,gamma0,0.00032981685308985063,6m,1m,12m
2009-02-11,gamma0,0.00021166415311105072,6m,1m,12m
2009-02-12,gamma0,0.00010974574973793627,6m,1m,12m
2009-02-13,gamma0,0.00014099405161563969,6m,1m,12m
2009-02-18,gamma0,0.00023433641823399697,6m,1m,12m
2009-02-19,gamma0,0.00017957164619731097,6m,1m,12m
2009-02-20,gamma0,0.0002374722180850738,6m,1m,12m
2009-02-23,gamma0,0.0003042743157231868,6m,1m,12m
2009-02-24,gamma0,0.00011770630501780103,6m,1m,12m
2009-02-25,gamma0,9.835615093075358e-05,6m,1m,12m
2009-02-26,gamma0,7.718680405736434e-05,6m,1m,12m
2009-02-27,gamma0,0.00013249503205938206,6m,1m,12m
2009-03-02,gamma0,0.0002635133560965806,6m,1m,12m
2009-03-03,gamma0,0.0002068052642288693,6m,1m,12m
2009-03-04,gamma0,0.00018783083923588876,6m,1m,12m
2009-03-05,gamma0,0.0003160678640425622,6m,1m,12m
2009-03-06,gamma0,0.00023321584111871916,6m,1m,12m
2009-03-09,gamma0,0.0003023122435341256,6m,1m,12m
2009-03-10,gamma0,0.0001122657662682064,6m,1m,12m
2009-03-11,gamma0,7.411819198945376e-05,6m,1m,12m
2009-03-12,gamma0,1.6566728779191756e-05,6m,1m,12m
2009-03-13,gamma0,4.643488183659426e-05,6m,1m,12m
2009-03-16,gamma0,0.00011220063144168563,6m,1m,12m
2009-03-17,gamma0,1.95235324179049e-05,6m,1m,12m
2009-03-18,gamma0,1.2042314849613995e-05,6m,1m,12m
2009-03-19,gamma0,3.493210476590065e-05,6m,1m,12m
2009-03-20,gamma0,4.1013752988711865e-05,6m,1m,12m
2009-03-23,gamma0,9.870198564762029e-05,6m,1m,12m
2009-03-24,gamma0,5.068252986680049e-05,6m,1m,12m
2009-03-25,gamma0,4.521622467654879e-05,6m,1m,12m
2009-03-26,gamma0,5.186410849611761e-05,6m,1m,12m
2009-03-27,gamma0,2.1916375819795563e-05,6m,1m,12m
2009-03-30,gamma0,0.00014516385824309117,6m,1m,12m
2009-03-31,gamma0,9.510888943277922e-05,6m,1m,12m
2009-04-01,gamma0,1.6403058827886598e-05,6m,1m,12m
2009-04-02,gamma0,6.473878603805526e-05,6m,1m,12m
2009-04-03,gamma0,-6.0719254689939887e-05,6m,1m,12m
2009-04-06,gamma0,-3.920433542124284e-05,6m,1m,12m
2009-04-07,gamma0,-4.0088060035788474e-05,6m,1m,12m
2009-04-08,gamma0,-0.00010675335350571056,6m,1m,12m
2009-04-09,gamma0,-0.00015578895797862584,6m,1m,12m
2009-04-15,gamma0,-8.114227008233789e-05,6m,1m,12m
2009-04-16,gamma0,-0.00010044358892981916,6m,1m,12m
2009-04-17,gamma0,-0.00011983135506853093,6m,1m,12m
2009-04-20,gamma0,7.251075084672851e-05,6m,1m,12m
2009-04-21,gamma0,4.801905491330108e-05,6m,1m,12m
2009-04-22,gamma0,5.271179818274432e-05,6m,1m,12m
2009-04-23,gamma0,2.0555366933102364e-05,6m,1m,12m
2009-04-24,gamma0,-2.0856482784870677e-06,6m,1m,12m
2009-04-27,gamma0,8.608307611028673e-05,6m,1m,12m
2009-04-28,gamma0,6.340529740293081e-05,6m,1m,12m
2009-04-29,gamma0,3.196976145610283e-05,6m,1m,12m
2009-04-30,gamma0,2.5911819038869383e-05,6m,1m,12m
2009-05-01,gamma0,-4.499279208452438e-07,6m,1m,12m
2009-05-04,gamma0,6.506018777025847e-05,6m,1m,12m
2009-05-05,gamma0,7.18399680104071e-06,6m,1m,12m
2009-05-06,gamma0,-6.97328597308126e-07,6m,1m,12m
2009-05-07,gamma0,5.414369938006277e-05,6m,1m,12m
2009-05-08,gamma0,1.3391937689368873e-05,6m,1m,12m
2009-05-15,gamma0,-5.005473579167388e-06,6m,1m,12m
2009-05-20,gamma0,-4.4904343085060235e-05,6m,1m,12m
2009-05-21,gamma0,-1.1153723884950175e-05,6m,1m,12m
2009-05-22,gamma0,-1.5475086054939816e-05,6m,1m,12m
2009-05-26,gamma0,-4.5800727846012324e-05,6m,1m,12m
2009-05-27,gamma0,1.2731954017745815e-05,6m,1m,12m
2009-05-28,gamma0,-3.62763229737334e-05,6m,1m,12m
2009-05-29,gamma0,-0.0001858609416289393,6m,1m,12m
2009-06-01,gamma0,-0.0001369054686392346,6m,1m,12m
2009-06-02,gamma0,-9.749934635228874e-05,6m,1m,12m
2009-06-03,gamma0,-0.00013239472377642267,6m,1m,12m
2009-06-04,gamma0,-0.00011800214840262854,6m,1m,12m
2009-06-05,gamma0,-0.00015381602163757783,6m,1m,12m
2009-06-08,gamma0,-0.00015381229549694576,6m,1m,12m
2009-06-09,gamma0,-0.00020816302990830032,6m,1m,12m
2009-06-10,gamma0,-0.00017547383504316468,6m,1m,12m
2009-06-11,gamma0,-0.00012479600927405515,6m,1m,12m
2009-06-12,gamma0,-0.00012446311815106587,6m,1m,12m
2009-06-15,gamma0,-1.0914460730594063e-05,6m,1m,12m
2009-06-16,gamma0,3.0724856379480356e-05,6m,1m,12m
2009-06-17,gamma0,-5.4388740228683255e-05,6m,1m,12m
2009-06-18,gamma0,-5.435659712067491e-05,6m,1m,12m
2009-06-19,gamma0,-0.0001649129188668375,6m,1m,12m
2009-06-22,gamma0,-2.876315664335623e-05,6m,1m,12m
2009-06-23,gamma0,-5.819880253122695e-05,6m,1m,12m
2009-06-24,gamma0,-6.434565317821773e-05,6m,1m,12m
2009-06-25,gamma0,-9.312549537370287e-05,6m,1m,12m
2009-06-26,gamma0,-0.00013234990182175592,6m,1m,12m
2009-06-29,gamma0,-4.9966191222496715e-05,6m,1m,12m
2009-06-30,gamma0,-0.00010108617096265797,6m,1m,12m
2009-07-01,gamma0,-0.0001017214067306846,6m,1m,12m
2009-07-02,gamma0,-8.330370822715563e-05,6m,1m,12m
2009-07-06,gamma0,1.5422272880165745e-05,6m,1m,12m
2009-07-07,gamma0,4.6843384291500896e-05,6m,1m,12m
2009-07-08,gamma0,6.057996986695624e-05,6m,1m,12m
2009-07-09,gamma0,-1.988442392952483e-05,6m,1m,12m
2009-07-10,gamma0,-7.898521208684036e-05,6m,1m,12m
2009-07-17,gamma0,-0.00019208896675501733,6m,1m,12m
2009-07-22,gamma0,-0.00018726491723494943,6m,1m,12m
2009-07-23,gamma0,-0.00015128351825500092,6m,1m,12m
2009-07-24,gamma0,-0.00018569942707881198,6m,1m,12m
2009-07-27,gamma0,-0.00011981325665384347,6m,1m,12m
2009-07-28,gamma0,-0.00013913777712660477,6m,1m,12m
2009-07-29,gamma0,-0.00012450378497786291,6m,1m,12m
2009-07-30,gamma0,-0.00013149882558740304,6m,1m,12m
2009-07-31,gamma0,-9.860877336164315e-05,6m,1m,12m
2009-08-03,gamma0,-5.632901195485571e-05,6m,1m,12m
2009-08-04,gamma0,-5.77137186897847e-05,6m,1m,12m
2009-08-05,gamma0,-8.712304270233273e-05,6m,1m,12m
2009-08-06,gamma0,-7.846332175941563e-05,6m,1m,12m
2009-08-07,gamma0,-7.926926178959516e-05,6m,1m,12m
2009-08-10,gamma0,-5.075677598081246e-05,6m,1m,12m
2009-08-11,gamma0,-5.187280115460978e-05,6m,1m,12m
2009-08-12,gamma0,-7.661483394353624e-05,6m,1m,12m
2009-08-13,gamma0,-7.904665733448527e-05,6m,1m,12m
2009-08-14,gamma0,-6.935959448023098e-05,6m,1m,12m
2009-08-19,gamma0,-4.225274087589579e-05,6m,1m,12m
2009-08-20,gamma0,-0.00011669455577732892,6m,1m,12m
2009-08-21,gamma0,-9.012798646241147e-05,6m,1m,12m
2009-08-24,gamma0,-0.00014602861063458538,6m,1m,12m
2009-08-25,gamma0,-0.00015801203183807362,6m,1m,12m
2009-08-26,gamma0,-0.00018379100445220872,6m,1m,12m
2009-08-27,gamma0,-0.00018878804120238933,6m,1m,12m
2009-08-28,gamma0,-0.00021744834547064016,6m,1m,12m
2009-08-31,gamma0,-0.00018038272247347312,6m,1m,12m
2009-09-01,gamma0,-7.456136893610657e-05,6m,1m,12m
2009-09-02,gamma0,-7.642779447820628e-05,6m,1m,12m
2009-09-03,gamma0,-0.00012732022806343909,6m,1m,12m
2009-09-04,gamma0,-0.00018817543359610247,6m,1m,12m
2009-09-08,gamma0,-0.0001438504638565398,6m,1m,12m
2009-09-09,gamma0,-0.00016272325703771228,6m,1m,12m
2009-09-10,gamma0,-0.00014506252682154968,6m,1m,12m
2009-09-11,gamma0,-0.00011260723262747208,6m,1m,12m
2009-09-14,gamma0,-8.630611180377533e-05,6m,1m,12m
2009-09-15,gamma0,-8.30260969165799e-05,6m,1m,12m
2009-09-16,gamma0,-1.7357335279678983e-05,6m,1m,12m
2009-09-17,gamma0,-3.2400645908523296e-05,6m,1m,12m
2009-09-18,gamma0,-5.290512133109373e-05,6m,1m,12m
2009-09-21,gamma0,-9.493665813421745e-05,6m,1m,12m
2009-09-22,gamma0,-0.00012401624592614502,6m,1m,12m
2009-09-23,gamma0,-0.0001129762603250765,6m,1m,12m
2009-09-24,gamma0,-9.576116502396623e-05,6m,1m,12m
2009-09-25,gamma0,-7.400425222826535e-05,6m,1m,12m
2009-09-28,gamma0,-4.5142719701413824e-05,6m,1m,12m
2009-09-29,gamma0,-2.471795188886082e-05,6m,1m,12m
2009-09-30,gamma0,1.1466167303351086e-05,6m,1m,12m
2009-10-01,gamma0,0.00010146831796648505,6m,1m,12m
2009-10-02,gamma0,7.58746545467746e-05,6m,1m,12m
2009-10-05,gamma0,9.098270462352057e-06,6m,1m,12m
2009-10-06,gamma0,6.349429948002849e-06,6m,1m,12m
2009-10-07,gamma0,-3.894096552126179e-05,6m,1m,12m
2009-10-08,gamma0,-4.512837740123584e-05,6m,1m,12m
2009-10-09,gamma0,-0.00010279346920402133,6m,1m,12m
2009-10-16,gamma0,-0.00012046633538794954,6m,1m,12m
2009-10-21,gamma0,-8.942422377784885e-05,6m,1m,12m
2009-10-22,gamma0,-0.00014314326240031123,6m,1m,12m
2009-10-23,gamma0,-9.495798249828251e-05,6m,1m,12m
2009-10-26,gamma0,-1.756364056380972e-05,6m,1m,12m
2009-10-27,gamma0,6.9772318128336054e-06,6m,1m,12m
2009-10-28,gamma0,8.647845568918912e-05,6m,1m,12m
2009-10-29,gamma0,-2.5472311837120785e-05,6m,1m,12m
2009-10-30,gamma0,0.00019305548405496826,6m,1m,12m
2009-11-02,gamma0,0.00013774787379305538,6m,1m,12m
2009-11-03,gamma0,7.355988370010102e-05,6m,1m,12m
2009-11-04,gamma0,5.377948646922882e-05,6m,1m,12m
2009-11-05,gamma0,-3.602997687151715e-05,6m,1m,12m
2009-11-06,gamma0,-7.707145393479254e-05,6m,1m,12m
2009-11-09,gamma0,-5.726364430624983e-05,6m,1m,12m
2009-11-10,gamma0,-8.154078798117924e-05,6m,1m,12m
2009-11-11,gamma0,-0.00010245329679638542,6m,1m,12m
2009-11-12,gamma0,-5.3794207454500376e-05,6m,1m,12m
2009-11-13,gamma0,-0.00010290764527967085,6m,1m,12m
2009-11-18,gamma0,-0.00014927219504406365,6m,1m,12m
2009-11-19,gamma0,-0.00011930231117848046,6m,1m,12m
2009-11-20,gamma0,-9.270788726029996e-05,6m,1m,12m
2009-11-23,gamma0,-0.00016660132406957337,6m,1m,12m
2009-11-24,gamma0,-0.00020782132927000066,6m,1m,12m
2009-11-25,gamma0,-0.00021364176774997087,6m,1m,12m
2009-11-27,gamma0,-0.00012533687432915436,6m,1m,12m
2009-11-30,gamma0,-0.00014058590173810577,6m,1m,12m
2009-12-01,gamma0,-0.00022027162271053973,6m,1m,12m
2009-12-02,gamma0,-0.00025204737574077306,6m,1m,12m
2009-12-03,gamma0,-0.00025663408697268626,6m,1m,12m
2009-12-04,gamma0,-0.0002286865580935988,6m,1m,12m
2009-12-07,gamma0,-0.00019827964036047481,6m,1m,12m
2009-12-08,gamma0,-0.00016062938431632046,6m,1m,12m
2009-12-09,gamma0,-0.0002164846319465085,6m,1m,12m
2009-12-10,gamma0,-0.00022191831728093672,6m,1m,12m
2009-12-11,gamma0,-0.0002611941451719144,6m,1m,12m
2009-12-14,gamma0,-0.00022251849432049177,6m,1m,12m
2009-12-15,gamma0,-0.00018586714256487664,6m,1m,12m
2009-12-16,gamma0,-0.00019785239520824245,6m,1m,12m
2009-12-17,gamma0,-0.0001370228881550033,6m,1m,12m
2009-12-18,gamma0,-0.00016577304166848995,6m,1m,12m
2009-12-21,gamma0,-0.00019433282590104647,6m,1m,12m
2009-12-22,gamma0,-0.0002229604347845997,6m,1m,12m
2009-12-23,gamma0,-0.00022048463751752218,6m,1m,12m
2009-12-24,gamma0,-0.00020573290263223512,6m,1m,12m
2009-12-28,gamma0,-0.00015000885368545875,6m,1m,12m
2009-12-29,gamma0,-0.0001350315270094048,6m,1m,12m
2009-12-30,gamma0,-0.0001303059539170405,6m,1m,12m
2009-12-31,gamma0,-4.826240726775178e-05,6m,1m,12m
2010-01-04,gamma0,-8.980198082671756e-05,6m,1m,12m
2010-01-05,gamma0,-8.728563783802825e-05,6m,1m,12m
2010-01-06,gamma0,-7.984363223580645e-05,6m,1m,12m
2010-01-07,gamma0,-4.02795992856472e-05,6m,1m,12m
2010-01-08,gamma0,-0.00010051308603940065,6m,1m,12m
2010-01-15,gamma0,-0.00021983301318567877,6m,1m,12m
2010-01-20,gamma0,-0.00014535313459475358,6m,1m,12m
2010-01-21,gamma0,3.703232139353693e-05,6m,1m,12m
2010-01-22,gamma0,0.00017034633842679287,6m,1m,12m
2010-01-25,gamma0,0.00012853601907532295,6m,1m,12m
2010-01-26,gamma0,4.611620051678971e-05,6m,1m,12m
2010-01-27,gamma0,1.6772870450786877e-05,6m,1m,12m
2010-01-28,gamma0,1.793056730952326e-05,6m,1m,12m
2010-01-29,gamma0,1.796508233517146e-05,6m,1m,12m
2010-02-01,gamma0,-8.694724581744114e-08,6m,1m,12m
2010-02-02,gamma0,-1.893286659806161e-05,6m,1m,12m
2010-02-03,gamma0,-3.008360891788554e-05,6m,1m,12m
2010-02-04,gamma0,0.0001055909825749609,6m,1m,12m
2010-02-05,gamma0,4.652595197967806e-05,6m,1m,12m
2010-02-08,gamma0,8.422372543886708e-05,6m,1m,12m
2010-02-09,gamma0,5.946051962386407e-05,6m,1m,12m
2010-02-10,gamma0,1.9433952054739178e-05,6m,1m,12m
2010-02-11,gamma0,-3.525087631130874e-05,6m,1m,12m
2010-02-12,gamma0,-5.030902810013869e-05,6m,1m,12m
2010-02-17,gamma0,-1.1135553751183587e-06,6m,1m,12m
2010-02-18,gamma0,-4.683719085459109e-05,6m,1m,12m
2010-02-19,gamma0,-4.1378328046387624e-05,6m,1m,12m
2010-02-22,gamma0,-5.7451573259767336e-05,6m,1m,12m
2010-02-23,gamma0,-3.189799490238744e-05,6m,1m,12m
2010-02-24,gamma0,-8.942129573188368e-05,6m,1m,12m
2010-02-25,gamma0,-0.00010908466319556001,6m,1m,12m
2010-02-26,gamma0,-0.0001161627159811171,6m,1m,12m
2010-03-01,gamma0,-0.00015671146187848343,6m,1m,12m
2010-03-02,gamma0,-0.00013270113258394875,6m,1m,12m
2010-03-03,gamma0,-0.00011000416674894032,6m,1m,12m
2010-03-04,gamma0,-0.00014781981223625134,6m,1m,12m
2010-03-05,gamma0,-0.00014299642729809355,6m,1m,12m
2010-03-08,gamma0,-9.009005062020479e-05,6m,1m,12m
2010-03-09,gamma0,-0.00010386607120677734,6m,1m,12m
2010-03-10,gamma0,-9.1895867573723e-05,6m,1m,12m
2010-03-11,gamma0,-0.000138562227968014,6m,1m,12m
2010-03-12,gamma0,-0.0001493967993367985,6m,1m,12m
2010-03-15,gamma0,-0.00013628505310951842,6m,1m,12m
2010-03-16,gamma0,-0.00011787828993556476,6m,1m,12m
2010-03-17,gamma0,-0.00014849093259199648,6m,1m,12m
2010-03-18,gamma0,-0.00016755230522160955,6m,1m,12m
2010-03-19,gamma0,-0.0001537457713436231,6m,1m,12m
2010-03-22,gamma0,-0.0002091608645118694,6m,1m,12m
2010-03-23,gamma0,-0.0002095183104801716,6m,1m,12m
2010-03-24,gamma0,-0.00017668331426896943,6m,1m,12m
2010-03-25,gamma0,-0.00014227972565370654,6m,1m,12m
2010-03-26,gamma0,-0.00016894591819165014,6m,1m,12m
2010-03-29,gamma0,-0.00017796150615878665,6m,1m,12m
2010-03-30,gamma0,-0.00017729630034602414,6m,1m,12m
2010-03-31,gamma0,-0.00016399350848620112,6m,1m,12m
2010-04-01,gamma0,-0.0001724834433161835,6m,1m,12m
2010-04-05,gamma0,-0.00016873357221423515,6m,1m,12m
2010-04-06,gamma0,-0.00019174030894118793,6m,1m,12m
2010-04-07,gamma0,-0.00017128612358191747,6m,1m,12m
2010-04-08,gamma0,-0.00018545501482567005,6m,1m,12m
2010-04-09,gamma0,-0.0001824021696411207,6m,1m,12m
2010-04-16,gamma0,-9.573750562720319e-05,6m,1m,12m
2010-04-21,gamma0,-0.00018937439243277708,6m,1m,12m
2010-04-22,gamma0,-0.00019615265078266533,6m,1m,12m
2010-04-23,gamma0,-0.0001508970535827433,6m,1m,12m
2010-04-26,gamma0,-0.00012685082969795899,6m,1m,12m
2010-04-27,gamma0,3.128216195067951e-05,6m,1m,12m
2010-04-28,gamma0,-7.970192815140572e-05,6m,1m,12m
2010-04-29,gamma0,-0.00016596102961921112,6m,1m,12m
2010-04-30,gamma0,-6.31183795161314e-05,6m,1m,12m
2010-05-03,gamma0,-0.00014387796212762002,6m,1m,12m
2010-05-04,gamma0,-2.393180248274984e-05,6m,1m,12m
2010-05-05,gamma0,-3.051570924603903e-05,6m,1m,12m
2010-05-06,gamma0,0.00025280153060144633,6m,1m,12m
2010-05-07,gamma0,0.000453348917183435,6m,1m,12m
2010-05-10,gamma0,7.883161228395034e-05,6m,1m,12m
2010-05-11,gamma0,2.7094996795340874e-05,6m,1m,12m
2010-05-12,gamma0,-3.364706930197297e-05,6m,1m,12m
2010-05-13,gamma0,1.4682459173589055e-05,6m,1m,12m
2010-05-14,gamma0,0.00013083323956840321,6m,1m,12m
2010-05-19,gamma0,0.00012625861209441497,6m,1m,12m
2010-05-20,gamma0,0.0003659603171986081,6m,1m,12m
2010-05-21,gamma0,0.00023654073143199828,6m,1m,12m
2010-05-24,gamma0,0.0001512630830675705,6m,1m,12m
2010-05-25,gamma0,5.8329504476633295e-05,6m,1m,12m
2010-05-26,gamma0,9.069310223657917e-05,6m,1m,12m
2010-05-27,gamma0,-1.4126583042271176e-05,6m,1m,12m
2010-05-28,gamma0,5.477731552251804e-05,6m,1m,12m
2010-06-01,gamma0,0.0001462792586538449,6m,1m,12m
2010-06-02,gamma0,-2.4719505587043858e-05,6m,1m,12m
2010-06-03,gamma0,-1.7196113468303827e-05,6m,1m,12m
2010-06-04,gamma0,0.0002110370440028994,6m,1m,12m
2010-06-07,gamma0,0.00020465636771626125,6m,1m,12m
2010-06-08,gamma0,4.7095308899894144e-05,6m,1m,12m
2010-06-09,gamma0,6.03986892124028e-05,6m,1m,12m
2010-06-10,gamma0,-1.7575708529959686e-05,6m,1m,12m
2010-06-11,gamma0,-8.034321577023767e-05,6m,1m,12m
2010-06-14,gamma0,-4.753562103283562e-05,6m,1m,12m
2010-06-15,gamma0,-7.449716694331544e-05,6m,1m,12m
2010-06-16,gamma0,-9.640985113018221e-05,6m,1m,12m
2010-06-17,gamma0,-0.00011744622816632275,6m,1m,12m
2010-06-18,gamma0,-0.0001751318137983315,6m,1m,12m
2010-06-21,gamma0,-9.859816679957896e-05,6m,1m,12m
2010-06-22,gamma0,-2.8246103711631057e-05,6m,1m,12m
2010-06-23,gamma0,-6.511758562869383e-05,6m,1m,12m
2010-06-24,gamma0,1.1505981053864366e-05,6m,1m,12m
2010-06-25,gamma0,-6.49313429317071e-05,6m,1m,12m
2010-06-28,gamma0,-5.1422868157202164e-05,6m,1m,12m
2010-06-29,gamma0,0.00015171324984717923,6m,1m,12m
2010-06-30,gamma0,0.00010707965207343191,6m,1m,12m
2010-07-01,gamma0,4.88537231043757e-06,6m,1m,12m
2010-07-02,gamma0,-0.00013145377218969876,6m,1m,12m
2010-07-06,gamma0,-2.0439316710276828e-05,6m,1m,12m
2010-07-07,gamma0,-5.366289568942547e-05,6m,1m,12m
2010-07-08,gamma0,-8.78911052683848e-05,6m,1m,12m
2010-07-09,gamma0,-0.00016204861754910864,6m,1m,12m
2010-07-16,gamma0,-0.00014382663422882376,6m,1m,12m
2010-07-21,gamma0,-0.0001428185291014925,6m,1m,12m
2010-07-22,gamma0,-0.0001260985186314057,6m,1m,12m
2010-07-23,gamma0,-0.00016373493958244946,6m,1m,12m
2010-07-26,gamma0,-0.00019239608902148873,6m,1m,12m
2010-07-27,gamma0,-0.00018313079252189828,6m,1m,12m
2010-07-28,gamma0,-0.00014736727529320859,6m,1m,12m
2010-07-29,gamma0,-0.0001550346665279756,6m,1m,12m
2010-07-30,gamma0,-0.00018456215088490246,6m,1m,12m
2010-08-02,gamma0,-0.00013568656994632602,6m,1m,12m
2010-08-03,gamma0,-0.00013104476506831222,6m,1m,12m
2010-08-04,gamma0,-0.0001653360675839985,6m,1m,12m
2010-08-05,gamma0,-0.00019136655380610557,6m,1m,12m
2010-08-06,gamma0,-0.00025020868159206775,6m,1m,12m
2010-08-09,gamma0,-0.0002109421624995496,6m,1m,12m
2010-08-10,gamma0,-0.00019930699679852432,6m,1m,12m
2010-08-11,gamma0,-0.00013226261492745188,6m,1m,12m
2010-08-12,gamma0,-0.00013453973043093062,6m,1m,12m
2010-08-13,gamma0,-0.0001391306950430168,6m,1m,12m
2010-08-18,gamma0,-0.00017207742085685368,6m,1m,12m
2010-08-19,gamma0,-0.00016961901667094048,6m,1m,12m
2010-08-20,gamma0,-0.00021699975474900093,6m,1m,12m
2010-08-23,gamma0,-0.00019108486658268612,6m,1m,12m
2010-08-24,gamma0,-0.0001591831802717638,6m,1m,12m
2010-08-25,gamma0,-0.000140996345703573,6m,1m,12m
2010-08-26,gamma0,-0.00015245919540475038,6m,1m,12m
2010-08-27,gamma0,-0.00021522636960848846,6m,1m,12m
2010-08-30,gamma0,-0.00013397565756910774,6m,1m,12m
2010-08-31,gamma0,-0.0001608166162288757,6m,1m,12m
2010-09-01,gamma0,-0.00019966517004507196,6m,1m,12m
2010-09-02,gamma0,-0.00017792662543733258,6m,1m,12m
2010-09-03,gamma0,-0.0002499597865454487,6m,1m,12m
2010-09-07,gamma0,-0.00016104602071337262,6m,1m,12m
2010-09-08,gamma0,-0.00018404341922606787,6m,1m,12m
2010-09-09,gamma0,-0.00017893264186010844,6m,1m,12m
2010-09-10,gamma0,-0.0002215320374516679,6m,1m,12m
2010-09-13,gamma0,-0.00019654134938504732,6m,1m,12m
2010-09-14,gamma0,-0.00018055543739754738,6m,1m,12m
2010-09-15,gamma0,-0.00012642273704784886,6m,1m,12m
2010-09-16,gamma0,-0.00015725576296642978,6m,1m,12m
2010-09-17,gamma0,-0.00016237380616448217,6m,1m,12m
2010-09-20,gamma0,-0.00017485503951321737,6m,1m,12m
2010-09-21,gamma0,-0.00011919541207399243,6m,1m,12m
2010-09-22,gamma0,-0.00017793480922610023,6m,1m,12m
2010-09-23,gamma0,-0.0001314202666769163,6m,1m,12m
2010-09-24,gamma0,-0.00019103500894313458,6m,1m,12m
2010-09-27,gamma0,-0.00014982355486492068,6m,1m,12m
2010-09-28,gamma0,-0.0001573351733725365,6m,1m,12m
2010-09-29,gamma0,-0.00014781779207482772,6m,1m,12m
2010-09-30,gamma0,-0.00015297829874256856,6m,1m,12m
2010-10-01,gamma0,-0.0001959566555083168,6m,1m,12m
2010-10-04,gamma0,-0.00012466299366682823,6m,1m,12m
2010-10-05,gamma0,-0.0001475444213439994,6m,1m,12m
2010-10-06,gamma0,-0.00017391871975029497,6m,1m,12m
2010-10-07,gamma0,-0.00016013727977225514,6m,1m,12m
2010-10-08,gamma0,-0.00017057291128623963,6m,1m,12m
2010-10-14,gamma0,-0.00015832618420801196,6m,1m,12m
2010-10-15,gamma0,-0.00020970242183508296,6m,1m,12m
2010-10-20,gamma0,-0.00018060946017496452,6m,1m,12m
2010-10-21,gamma0,-0.00015234046451460316,6m,1m,12m
2010-10-22,gamma0,-0.00016041560776501194,6m,1m,12m
2010-10-25,gamma0,-0.00011055431935880641,6m,1m,12m
2010-10-26,gamma0,-0.00010476050028307906,6m,1m,12m
2010-10-27,gamma0,-0.00011590532627738141,6m,1m,12m
2010-10-28,gamma0,-0.00010209521748739337,6m,1m,12m
2010-10-29,gamma0,-8.031073282186624e-05,6m,1m,12m
2010-11-01,gamma0,-5.1463973131101734e-05,6m,1m,12m
2010-11-02,gamma0,-3.266907887117556e-05,6m,1m,12m
2010-11-03,gamma0,-9.037344753233396e-05,6m,1m,12m
2010-11-04,gamma0,-0.00016751470176402307,6m,1m,12m
2010-11-05,gamma0,-0.00013486890999072642,6m,1m,12m
2010-11-08,gamma0,-0.0001421385660147348,6m,1m,12m
2010-11-09,gamma0,-9.441866760006772e-05,6m,1m,12m
2010-11-10,gamma0,-0.0001546317194380217,6m,1m,12m
2010-11-11,gamma0,-0.00015524423250737134,6m,1m,12m
2010-11-12,gamma0,-7.80022109651799e-05,6m,1m,12m
2010-11-17,gamma0,-8.440897259097123e-05,6m,1m,12m
2010-11-18,gamma0,-0.00015065551033064973,6m,1m,12m
2010-11-19,gamma0,-0.00021107350362915774,6m,1m,12m
2010-11-22,gamma0,-0.00021111826330676988,6m,1m,12m
2010-11-23,gamma0,-0.0001292041155142386,6m,1m,12m
2010-11-24,gamma0,-0.0001636774834547212,6m,1m,12m
2010-11-26,gamma0,-0.00010243950966538498,6m,1m,12m
2010-11-29,gamma0,-0.0001425771109378392,6m,1m,12m
2010-11-30,gamma0,-0.00011586715568629363,6m,1m,12m
2010-12-01,gamma0,-0.0002081430534238086,6m,1m,12m
2010-12-02,gamma0,-0.00020845914299590047,6m,1m,12m
2010-12-03,gamma0,-0.00026996102680895543,6m,1m,12m
2010-12-06,gamma0,-0.00024896119792374,6m,1m,12m
2010-12-07,gamma0,-0.0002200426517269814,6m,1m,12m
2010-12-08,gamma0,-0.00024087317739630843,6m,1m,12m
2010-12-09,gamma0,-0.0002449703076810126,6m,1m,12m
2010-12-10,gamma0,-0.0002511269257575188,6m,1m,12m
2010-12-13,gamma0,-0.00018544371345374666,6m,1m,12m
2010-12-14,gamma0,-0.000206794030079854,6m,1m,12m
2010-12-15,gamma0,-0.00019749566898297598,6m,1m,12m
2010-12-16,gamma0,-0.00020497028480701094,6m,1m,12m
2010-12-17,gamma0,-0.00026721161100373497,6m,1m,12m
2010-12-20,gamma0,-0.00022212498271679328,6m,1m,12m
2010-12-21,gamma0,-0.00017053683007085013,6m,1m,12m
2010-12-22,gamma0,-0.0002304039180108056,6m,1m,12m
2010-12-23,gamma0,-0.0002190861006460895,6m,1m,12m
2010-12-27,gamma0,-0.00019496371173517447,6m,1m,12m
2010-12-28,gamma0,-0.00021745947761817272,6m,1m,12m
2010-12-29,gamma0,-0.00025924735703729577,6m,1m,12m
2010-12-30,gamma0,-0.0002117047587895711,6m,1m,12m
2010-12-31,gamma0,-0.00018592381274680194,6m,1m,12m
2011-01-03,gamma0,-0.0001621232733755233,6m,1m,12m
2011-01-04,gamma0,-0.00017576788028838926,6m,1m,12m
2011-01-05,gamma0,-0.00017488895333533754,6m,1m,12m
2011-01-06,gamma0,-0.00014857145346138336,6m,1m,12m
2011-01-07,gamma0,-0.000176145164506937,6m,1m,12m
2011-01-10,gamma0,-0.0001420073624680723,6m,1m,12m
2011-01-11,gamma0,-0.0001712042960791067,6m,1m,12m
2011-01-12,gamma0,-0.00016071944786643266,6m,1m,12m
2011-01-13,gamma0,-0.00013555133293358546,6m,1m,12m
2011-01-14,gamma0,-0.00017054365333575499,6m,1m,12m
2011-01-19,gamma0,-7.7059785760863e-05,6m,1m,12m
2011-01-20,gamma0,-5.4153696398268365e-05,6m,1m,12m
2011-01-21,gamma0,-4.8829258628008484e-05,6m,1m,12m
2011-01-24,gamma0,-7.318113227876516e-05,6m,1m,12m
2011-01-25,gamma0,-7.967550130418414e-05,6m,1m,12m
2011-01-26,gamma0,-9.27813788944457e-05,6m,1m,12m
2011-01-27,gamma0,-0.0001070680482881602,6m,1m,12m
2011-01-28,gamma0,2.0410814165920178e-06,6m,1m,12m
2011-01-31,gamma0,-1.042834305864684e-05,6m,1m,12m
2011-02-01,gamma0,1.5959880101448223e-05,6m,1m,12m
2011-02-02,gamma0,-3.0507628828066032e-05,6m,1m,12m
2011-02-03,gamma0,-8.293390222942272e-05,6m,1m,12m
2011-02-04,gamma0,-0.0001033517603314816,6m,1m,12m
2011-02-07,gamma0,-4.059749982155488e-05,6m,1m,12m
2011-02-08,gamma0,-7.088716732085491e-05,6m,1m,12m
2011-02-09,gamma0,-6.416031769423727e-05,6m,1m,12m
2011-02-10,gamma0,-6.455562125638937e-05,6m,1m,12m
2011-02-11,gamma0,-6.738765752938914e-05,6m,1m,12m
2011-02-16,gamma0,-2.0162312945495745e-05,6m,1m,12m
2011-02-17,gamma0,-6.111019532521007e-05,6m,1m,12m
2011-02-18,gamma0,-0.00010309061201329118,6m,1m,12m
2011-02-22,gamma0,3.124227260855682e-06,6m,1m,12m
2011-02-23,gamma0,4.4718046018418095e-08,6m,1m,12m
2011-02-24,gamma0,-4.617118841713185e-05,6m,1m,12m
2011-02-25,gamma0,-8.423424587367912e-05,6m,1m,12m
2011-02-28,gamma0,-0.00010122505368395667,6m,1m,12m
2011-03-01,gamma0,-4.2885041299887955e-05,6m,1m,12m
2011-03-02,gamma0,-7.359785578376696e-05,6m,1m,12m
2011-03-03,gamma0,-0.00013274657825003942,6m,1m,12m
2011-03-04,gamma0,-0.00012798022453606222,6m,1m,12m
2011-03-07,gamma0,-6.5326527352572e-05,6m,1m,12m
2011-03-08,gamma0,-0.00013330926646186857,6m,1m,12m
2011-03-09,gamma0,-0.00011872606114330708,6m,1m,12m
2011-03-10,gamma0,-2.0346564947421138e-05,6m,1m,12m
2011-03-11,gamma0,-7.922425968565799e-05,6m,1m,12m
2011-03-14,gamma0,-5.649892979364765e-05,6m,1m,12m
2011-03-15,gamma0,3.8763840537678435e-05,6m,1m,12m
2011-03-16,gamma0,0.00019871393299165154,6m,1m,12m
2011-03-17,gamma0,7.455399665795136e-05,6m,1m,12m
2011-03-18,gamma0,2.916018254241296e-06,6m,1m,12m
2011-03-21,gamma0,-9.99828538293381e-05,6m,1m,12m
2011-03-22,gamma0,-8.380124061023529e-05,6m,1m,12m
2011-03-23,gamma0,-0.00010279502664331075,6m,1m,12m
2011-03-24,gamma0,-0.0001103006192060329,6m,1m,12m
2011-03-25,gamma0,-0.0001495813636760022,6m,1m,12m
2011-03-28,gamma0,-9.765253282720328e-05,6m,1m,12m
2011-03-29,gamma0,-0.00012137523165268547,6m,1m,12m
2011-03-30,gamma0,-0.00012765822660642102,6m,1m,12m
2011-03-31,gamma0,-0.0001445465512669828,6m,1m,12m
2011-04-01,gamma0,-0.00016589733950242002,6m,1m,12m
2011-04-04,gamma0,-0.0001335368182610353,6m,1m,12m
2011-04-05,gamma0,-0.00016885292525485558,6m,1m,12m
2011-04-06,gamma0,-0.00017998586081143707,6m,1m,12m
2011-04-07,gamma0,-0.00016312696291908196,6m,1m,12m
2011-04-08,gamma0,-0.00012601162019562599,6m,1m,12m
2011-04-14,gamma0,-0.00023001497095519893,6m,1m,12m
2011-04-20,gamma0,-0.00023087626488335977,6m,1m,12m
2011-04-21,gamma0,-0.00026737941877451115,6m,1m,12m
2011-04-25,gamma0,-0.00020659202428096915,6m,1m,12m
2011-04-26,gamma0,-0.0001946438766594178,6m,1m,12m
2011-04-27,gamma0,-0.00018114974494803294,6m,1m,12m
2011-04-28,gamma0,-0.00019769934570302113,6m,1m,12m
2011-04-29,gamma0,-0.00017296612001973507,6m,1m,12m
2011-05-02,gamma0,-0.00015717875935810282,6m,1m,12m
2011-05-03,gamma0,-0.00016586617074983612,6m,1m,12m
2011-05-04,gamma0,-0.00015025178910005695,6m,1m,12m
2011-05-05,gamma0,-8.675227976022012e-05,6m,1m,12m
2011-05-06,gamma0,-8.135164749909937e-05,6m,1m,12m
2011-05-09,gamma0,-0.00014227229747488092,6m,1m,12m
2011-05-10,gamma0,-0.00017591869894447788,6m,1m,12m
2011-05-11,gamma0,-0.0001244908560881673,6m,1m,12m
2011-05-12,gamma0,-0.00015355843779939226,6m,1m,12m
2011-05-13,gamma0,-0.00010967659764210846,6m,1m,12m
2011-05-18,gamma0,-0.00013775100829005904,6m,1m,12m
2011-05-19,gamma0,-0.0001670540488547387,6m,1m,12m
2011-05-20,gamma0,-0.00010740652933485528,6m,1m,12m
2011-05-23,gamma0,-0.00010651455210975547,6m,1m,12m
2011-05-24,gamma0,-0.0001409478572597155,6m,1m,12m
2011-05-25,gamma0,-0.00012015897423543993,6m,1m,12m
2011-05-26,gamma0,-0.00014086086402471774,6m,1m,12m
2011-05-27,gamma0,-0.0001618331656439938,6m,1m,12m
2011-05-31,gamma0,-0.00016130209525575857,6m,1m,12m
2011-06-01,gamma0,-8.686855813076819e-05,6m,1m,12m
2011-06-02,gamma0,-0.00014955897896734213,6m,1m,12m
2011-06-03,gamma0,-0.00015037985036647368,6m,1m,12m
2011-06-06,gamma0,-5.3255727074204666e-05,6m,1m,12m
2011-06-07,gamma0,-5.018454282046786e-05,6m,1m,12m
2011-06-08,gamma0,-4.778261589911132e-05,6m,1m,12m
2011-06-09,gamma0,-5.7224120667267255e-05,6m,1m,12m
2011-06-10,gamma0,-1.5470539894021335e-05,6m,1m,12m
2011-06-13,gamma0,1.5544299970131809e-06,6m,1m,12m
2011-06-14,gamma0,-4.9902715034825706e-05,6m,1m,12m
2011-06-15,gamma0,-1.7468585315744877e-05,6m,1m,12m
2011-06-16,gamma0,-9.765113669982878e-06,6m,1m,12m
2011-06-17,gamma0,5.487621646263969e-05,6m,1m,12m
2011-06-20,gamma0,-6.91177916975884e-06,6m,1m,12m
2011-06-21,gamma0,-2.8236341481275147e-05,6m,1m,12m
2011-06-22,gamma0,-0.0001262672599534911,6m,1m,12m
2011-06-23,gamma0,-4.528179400716635e-05,6m,1m,12m
2011-06-24,gamma0,3.333109133332241e-05,6m,1m,12m
2011-06-27,gamma0,-2.3927656246683083e-05,6m,1m,12m
2011-06-28,gamma0,-5.614306916401629e-05,6m,1m,12m
2011-06-29,gamma0,-0.00012836845671286562,6m,1m,12m
2011-06-30,gamma0,-0.0001030227507530471,6m,1m,12m
2011-07-01,gamma0,-2.611741120167584e-05,6m,1m,12m
2011-07-05,gamma0,-6.737771195834725e-05,6m,1m,12m
2011-07-06,gamma0,-9.164023699253219e-05,6m,1m,12m
2011-07-07,gamma0,-5.0964451781544475e-05,6m,1m,12m
2011-07-08,gamma0,-8.99117646703778e-05,6m,1m,12m
2011-07-14,gamma0,1.3786554455877796e-05,6m,1m,12m
2011-07-15,gamma0,-9.276721421264095e-05,6m,1m,12m
2011-07-20,gamma0,-2.1463044054405734e-05,6m,1m,12m
2011-07-21,gamma0,-3.717346890158442e-05,6m,1m,12m
2011-07-22,gamma0,-2.9333276044005117e-05,6m,1m,12m
2011-07-25,gamma0,6.807567138596832e-06,6m,1m,12m
2011-07-26,gamma0,2.93014987770756e-05,6m,1m,12m
2011-07-27,gamma0,0.00010686494171098813,6m,1m,12m
2011-07-28,gamma0,0.00014802918607475374,6m,1m,12m
2011-07-29,gamma0,0.0002788215780369275,6m,1m,12m
2011-08-01,gamma0,0.00019178632115305502,6m,1m,12m
2011-08-02,gamma0,0.00019755600149943745,6m,1m,12m
2011-08-03,gamma0,0.00010662515610118533,6m,1m,12m
2011-08-04,gamma0,0.0003706184132692829,6m,1m,12m
2011-08-05,gamma0,0.00030445817852814134,6m,1m,12m
2011-08-08,gamma0,0.0007172285779607305,6m,1m,12m
2011-08-09,gamma0,0.0003986211501751972,6m,1m,12m
2011-08-10,gamma0,0.0007172285779607305,6m,1m,12m
2011-08-11,gamma0,0.0005519249478434089,6m,1m,12m
2011-08-12,gamma0,0.0003907560611324909,6m,1m,12m
2011-08-17,gamma0,0.0001845904648145832,6m,1m,12m
2011-08-18,gamma0,0.0004960087917740503,6m,1m,12m
2011-08-19,gamma0,0.0004756017296662329,6m,1m,12m
2011-08-22,gamma0,0.00041024278923710504,6m,1m,12m
2011-08-23,gamma0,0.00015737523051930744,6m,1m,12m
2011-08-24,gamma0,0.0001436197128506619,6m,1m,12m
2011-08-25,gamma0,0.0003423451830261723,6m,1m,12m
2011-08-26,gamma0,0.0002090939579538105,6m,1m,12m
2011-08-29,gamma0,0.00010791605417923423,6m,1m,12m
2011-08-30,gamma0,8.699745550203771e-05,6m,1m,12m
2011-08-31,gamma0,7.697476205503312e-05,6m,1m,12m
2011-09-01,gamma0,8.217127571326076e-05,6m,1m,12m
2011-09-02,gamma0,8.582673463602443e-05,6m,1m,12m
2011-09-06,gamma0,0.00019796429652342725,6m,1m,12m
2011-09-07,gamma0,9.963545099067364e-05,6m,1m,12m
2011-09-08,gamma0,0.00012086499997835687,6m,1m,12m
2011-09-09,gamma0,0.0002748168171201956,6m,1m,12m
2011-09-12,gamma0,0.00020572506299271456,6m,1m,12m
2011-09-13,gamma0,0.00013841725032475745,6m,1m,12m
2011-09-14,gamma0,5.5792654489672904e-05,6m,1m,12m
2011-09-15,gamma0,1.636320195880968e-06,6m,1m,12m
2011-09-16,gamma0,-5.302737666358958e-05,6m,1m,12m
2011-09-19,gamma0,-3.0578811165274047e-06,6m,1m,12m
2011-09-20,gamma0,4.857427948048781e-07,6m,1m,12m
2011-09-21,gamma0,8.285725482905613e-05,6m,1m,12m
2011-09-22,gamma0,0.0002950173172861285,6m,1m,12m
2011-09-23,gamma0,0.0002726483455289925,6m,1m,12m
2011-09-26,gamma0,0.00018912029839132421,6m,1m,12m
2011-09-27,gamma0,0.0001733429153659137,6m,1m,12m
2011-09-28,gamma0,0.00024803263156709335,6m,1m,12m
2011-09-29,gamma0,0.0001986754786948318,6m,1m,12m
2011-09-30,gamma0,0.0003105449403787737,6m,1m,12m
2011-10-03,gamma0,0.0003756171759104348,6m,1m,12m
2011-10-04,gamma0,0.00016894710308719836,6m,1m,12m
2011-10-05,gamma0,0.00010656324632616934,6m,1m,12m
2011-10-06,gamma0,7.495215639962785e-05,6m,1m,12m
2011-10-07,gamma0,6.923208452298731e-05,6m,1m,12m
2011-10-10,gamma0,-1.4805742477806167e-05,6m,1m,12m
2011-10-11,gamma0,-2.0917324641615243e-05,6m,1m,12m
2011-10-12,gamma0,-1.9386626654008995e-05,6m,1m,12m
2011-10-13,gamma0,-7.68525112873605e-05,6m,1m,12m
2011-10-14,gamma0,-0.00010180191023731268,6m,1m,12m
2011-10-19,gamma0,0.000110657706597157,6m,1m,12m
2011-10-20,gamma0,0.00017840330104425145,6m,1m,12m
2011-10-21,gamma0,2.8616097229170836e-06,6m,1m,12m
2011-10-24,gamma0,-8.530335434974106e-06,6m,1m,12m
2011-10-25,gamma0,7.194980986426186e-05,6m,1m,12m
2011-10-26,gamma0,2.59081648359672e-05,6m,1m,12m
2011-10-27,gamma0,-3.0906448548393725e-05,6m,1m,12m
2011-10-28,gamma0,-7.475807866254588e-05,6m,1m,12m
2011-10-31,gamma0,7.96751175236704e-05,6m,1m,12m
2011-11-01,gamma0,0.00020561696811462516,6m,1m,12m
2011-11-02,gamma0,0.00010397172175112905,6m,1m,12m
2011-11-03,gamma0,4.101293047715658e-06,6m,1m,12m
2011-11-04,gamma0,2.8735200630066856e-05,6m,1m,12m
2011-11-07,gamma0,-4.318630439258398e-06,6m,1m,12m
2011-11-08,gamma0,-7.857602262617176e-05,6m,1m,12m
2011-11-09,gamma0,0.0001879221669268455,6m,1m,12m
2011-11-10,gamma0,4.0295616633213444e-05,6m,1m,12m
2011-11-11,gamma0,-2.8088075596169386e-05,6m,1m,12m
2011-11-16,gamma0,3.118567969247957e-05,6m,1m,12m
2011-11-17,gamma0,9.739648309645347e-05,6m,1m,12m
2011-11-18,gamma0,-5.342042944046129e-05,6m,1m,12m
2011-11-21,gamma0,-5.4081875948266476e-05,6m,1m,12m
2011-11-22,gamma0,-5.6699079449250815e-05,6m,1m,12m
2011-11-23,gamma0,-5.58580002524866e-05,6m,1m,12m
2011-11-25,gamma0,-2.604669073870253e-05,6m,1m,12m
2011-11-28,gamma0,-0.00011625463803184829,6m,1m,12m
2011-11-29,gamma0,-0.00017966105177548498,6m,1m,12m
2011-11-30,gamma0,-0.0001786725319481011,6m,1m,12m
2011-12-01,gamma0,-0.00021432269549879758,6m,1m,12m
2011-12-02,gamma0,-0.00021942709935380834,6m,1m,12m
2011-12-05,gamma0,-0.0001941483472740508,6m,1m,12m
2011-12-06,gamma0,-0.00018729028185549877,6m,1m,12m
2011-12-07,gamma0,-0.00016370413383556245,6m,1m,12m
2011-12-08,gamma0,-0.00012427560843805008,6m,1m,12m
2011-12-09,gamma0,-0.00025435894141337704,6m,1m,12m
2011-12-12,gamma0,-0.00023983986935607597,6m,1m,12m
2011-12-13,gamma0,-0.000246652191460122,6m,1m,12m
2011-12-14,gamma0,-0.00026306062142016827,6m,1m,12m
2011-12-15,gamma0,-0.00029076829838312377,6m,1m,12m
2011-12-16,gamma0,-0.00025478220409794547,6m,1m,12m
2011-12-19,gamma0,-0.00022069366778223201,6m,1m,12m
2011-12-20,gamma0,-0.00024184674963472966,6m,1m,12m
2011-12-21,gamma0,-0.00022078639824363945,6m,1m,12m
2011-12-22,gamma0,-0.00023884303652928955,6m,1m,12m
2011-12-23,gamma0,-0.0002738767691132009,6m,1m,12m
2011-12-27,gamma0,-0.0002106840180247348,6m,1m,12m
2011-12-28,gamma0,-0.00018050937020181937,6m,1m,12m
2011-12-29,gamma0,-0.0002159420944990005,6m,1m,12m
2011-12-30,gamma0,-0.00018690632911441343,6m,1m,12m
2012-01-03,gamma0,-0.00016872591578410512,6m,1m,12m
2012-01-04,gamma0,-0.00018023425854558222,6m,1m,12m
2012-01-05,gamma0,-0.0001950030465548188,6m,1m,12m
2012-01-06,gamma0,-0.00021446271335591146,6m,1m,12m
2012-01-09,gamma0,-0.00017473462020979347,6m,1m,12m
2012-01-10,gamma0,-0.00017634925019817673,6m,1m,12m
2012-01-11,gamma0,-0.00017232066400399779,6m,1m,12m
2012-01-12,gamma0,-0.00019938830764640384,6m,1m,12m
2012-01-13,gamma0,-0.00020310543408640726,6m,1m,12m
2012-01-18,gamma0,-0.00015676215391496006,6m,1m,12m
2012-01-19,gamma0,-0.0001723423221883877,6m,1m,12m
2012-01-20,gamma0,-0.00020546150456731994,6m,1m,12m
2012-01-23,gamma0,-0.00016979048231197458,6m,1m,12m
2012-01-24,gamma0,-0.00014683276929477066,6m,1m,12m
2012-01-25,gamma0,-0.00015622954613112337,6m,1m,12m
2012-01-26,gamma0,-0.0001277808006974088,6m,1m,12m
2012-01-27,gamma0,-0.00016194883094699776,6m,1m,12m
2012-01-30,gamma0,-0.00012117499881202938,6m,1m,12m
2012-01-31,gamma0,-0.0001320554033223013,6m,1m,12m
2012-02-01,gamma0,-0.0001465479640265313,6m,1m,12m
2012-02-02,gamma0,-0.00014305189733397432,6m,1m,12m
2012-02-03,gamma0,-0.00015331783753716797,6m,1m,12m
2012-02-06,gamma0,-0.00010720791045872029,6m,1m,12m
2012-02-07,gamma0,-0.00011063845159664225,6m,1m,12m
2012-02-08,gamma0,-9.969143643333139e-05,6m,1m,12m
2012-02-09,gamma0,-0.00013226511750021367,6m,1m,12m
2012-02-10,gamma0,-6.742727100566534e-05,6m,1m,12m
2012-02-15,gamma0,-6.019180081736883e-05,6m,1m,12m
2012-02-16,gamma0,-0.0001455087617001637,6m,1m,12m
2012-02-17,gamma0,-0.00019891252869286256,6m,1m,12m
2012-02-21,gamma0,-0.00016935403209531504,6m,1m,12m
2012-02-22,gamma0,-0.00017967462439353923,6m,1m,12m
2012-02-23,gamma0,-0.00018366258204703946,6m,1m,12m
2012-02-24,gamma0,-0.00019514800616676498,6m,1m,12m
2012-02-27,gamma0,-0.00017661546222119155,6m,1m,12m
2012-02-28,gamma0,-0.00018643593274530188,6m,1m,12m
2012-02-29,gamma0,-0.00016258560128379126,6m,1m,12m
2012-03-01,gamma0,-0.00018157807911649,6m,1m,12m
2012-03-02,gamma0,-0.0002080135987561111,6m,1m,12m
2012-03-05,gamma0,-0.00016069976694051347,6m,1m,12m
2012-03-06,gamma0,-0.00011769787602487309,6m,1m,12m
2012-03-07,gamma0,-0.0001631960038745661,6m,1m,12m
2012-03-08,gamma0,-0.00017757331787265137,6m,1m,12m
2012-03-09,gamma0,-0.0001542960121259454,6m,1m,12m
2012-03-12,gamma0,-0.0001507692003638822,6m,1m,12m
2012-03-13,gamma0,-0.00011220118252523469,6m,1m,12m
2012-03-14,gamma0,-0.00012031968937031426,6m,1m,12m
2012-03-15,gamma0,-0.00016520284080560145,6m,1m,12m
2012-03-16,gamma0,-0.00023151547807508056,6m,1m,12m
2012-03-19,gamma0,-0.00017634107092258833,6m,1m,12m
2012-03-20,gamma0,-0.00016609267178624963,6m,1m,12m
2012-03-21,gamma0,-0.000218231465659594,6m,1m,12m
2012-03-22,gamma0,-0.00025900206172560085,6m,1m,12m
2012-03-23,gamma0,-0.00022096645692996594,6m,1m,12m
2012-03-26,gamma0,-0.00021208718885743584,6m,1m,12m
2012-03-27,gamma0,-0.000187799347174604,6m,1m,12m
2012-03-28,gamma0,-0.00019049104651498852,6m,1m,12m
2012-03-29,gamma0,-0.00020881549934124815,6m,1m,12m
2012-03-30,gamma0,-0.00018259175216377393,6m,1m,12m
2012-04-02,gamma0,-0.00010483445658716785,6m,1m,12m
2012-04-03,gamma0,-0.00013030610806672875,6m,1m,12m
2012-04-04,gamma0,-0.00011567770007934207,6m,1m,12m
2012-04-05,gamma0,-0.00013103017254908512,6m,1m,12m
2012-04-09,gamma0,-7.140655910340184e-05,6m,1m,12m
2012-04-10,gamma0,-4.146496297381301e-05,6m,1m,12m
2012-04-11,gamma0,-6.975101334364347e-05,6m,1m,12m
2012-04-12,gamma0,-0.00011966791455834293,6m,1m,12m
2012-04-13,gamma0,-7.12092701651721e-05,6m,1m,12m
2012-04-18,gamma0,-6.420072360615605e-05,6m,1m,12m
2012-04-19,gamma0,-9.735274877294721e-05,6m,1m,12m
2012-04-20,gamma0,-0.00011092417197857947,6m,1m,12m
2012-04-23,gamma0,-8.293053097366739e-05,6m,1m,12m
2012-04-24,gamma0,-0.00010161017485536792,6m,1m,12m
2012-04-25,gamma0,-0.00010048044803339241,6m,1m,12m
2012-04-26,gamma0,-8.28569744174604e-05,6m,1m,12m
2012-04-27,gamma0,-9.852342538132823e-05,6m,1m,12m
2012-04-30,gamma0,-7.033399933634911e-05,6m,1m,12m
2012-05-01,gamma0,-0.00011904740895721141,6m,1m,12m
2012-05-02,gamma0,-8.306746907697272e-05,6m,1m,12m
2012-05-03,gamma0,-7.435576501115214e-05,6m,1m,12m
2012-05-04,gamma0,-8.185897609492009e-05,6m,1m,12m
2012-05-07,gamma0,-3.575501080914648e-05,6m,1m,12m
2012-05-08,gamma0,4.4760570543175515e-06,6m,1m,12m
2012-05-09,gamma0,-2.7446392780761354e-05,6m,1m,12m
2012-05-10,gamma0,-7.778191758612437e-05,6m,1m,12m
2012-05-11,gamma0,-4.522233042546536e-05,6m,1m,12m
2012-05-16,gamma0,-7.184793166439921e-05,6m,1m,12m
2012-05-17,gamma0,-6.31296656266014e-05,6m,1m,12m
2012-05-18,gamma0,-9.519481081027834e-05,6m,1m,12m
2012-05-21,gamma0,-0.000158267758471163,6m,1m,12m
2012-05-22,gamma0,-0.00014867270623617797,6m,1m,12m
2012-05-23,gamma0,-0.0001598771084175825,6m,1m,12m
2012-05-24,gamma0,-0.0001905256249262224,6m,1m,12m
2012-05-25,gamma0,-0.00019017657740956164,6m,1m,12m
2012-05-29,gamma0,-0.0001295572112536168,6m,1m,12m
2012-05-30,gamma0,-9.421123515352818e-05,6m,1m,12m
2012-05-31,gamma0,-8.99937497558753e-05,6m,1m,12m
2012-06-01,gamma0,-2.285291053895102e-05,6m,1m,12m
2012-06-04,gamma0,-7.587641921884082e-05,6m,1m,12m
2012-06-05,gamma0,-9.396977465376581e-05,6m,1m,12m
2012-06-06,gamma0,-8.701883594200122e-05,6m,1m,12m
2012-06-07,gamma0,-0.00011785367026611401,6m,1m,12m
2012-06-08,gamma0,-0.00013012308714881367,6m,1m,12m
2012-06-11,gamma0,-6.457140210393037e-05,6m,1m,12m
2012-06-12,gamma0,-8.260196230754476e-05,6m,1m,12m
2012-06-13,gamma0,-1.5654779302845043e-05,6m,1m,12m
2012-06-14,gamma0,-7.067646627777241e-05,6m,1m,12m
2012-06-15,gamma0,-6.338740289315214e-05,6m,1m,12m
2012-06-18,gamma0,-0.00015125748836925884,6m,1m,12m
2012-06-19,gamma0,-0.00012906418633524972,6m,1m,12m
2012-06-20,gamma0,-0.00016113590878776127,6m,1m,12m
2012-06-21,gamma0,-0.00012162601290711364,6m,1m,12m
2012-06-22,gamma0,-0.0001876366829028881,6m,1m,12m
2012-06-25,gamma0,-0.00013115924328112327,6m,1m,12m
2012-06-26,gamma0,-0.00011581638535153267,6m,1m,12m
2012-06-27,gamma0,-0.00013946341842607378,6m,1m,12m
2012-06-28,gamma0,-0.00013202855403899715,6m,1m,12m
2012-06-29,gamma0,-0.0001719391866183757,6m,1m,12m
2012-07-02,gamma0,-0.00014681456273595744,6m,1m,12m
2012-07-03,gamma0,-0.00012343179731142472,6m,1m,12m
2012-07-05,gamma0,-0.0001214958042479979,6m,1m,12m
2012-07-06,gamma0,-0.000129718524422518,6m,1m,12m
2012-07-09,gamma0,-9.890262309505176e-05,6m,1m,12m
2012-07-10,gamma0,-7.68197094349834e-05,6m,1m,12m
2012-07-11,gamma0,-8.580828147619149e-05,6m,1m,12m
2012-07-12,gamma0,-9.717594665130138e-05,6m,1m,12m
2012-07-13,gamma0,-0.00011377960972990014,6m,1m,12m
2012-07-16,gamma0,-8.889468581584219e-05,6m,1m,12m
2012-07-17,gamma0,-8.91305118513722e-05,6m,1m,12m
2012-07-18,gamma0,-0.00013642532990639045,6m,1m,12m
2012-07-19,gamma0,-0.0001389565805864552,6m,1m,12m
2012-07-20,gamma0,-0.00018271639211154495,6m,1m,12m
2012-07-23,gamma0,-0.00013567517079908866,6m,1m,12m
2012-07-24,gamma0,-0.00010232055530479074,6m,1m,12m
2012-07-25,gamma0,-0.00013548858819612377,6m,1m,12m
2012-07-26,gamma0,-0.00015353507995964668,6m,1m,12m
2012-07-27,gamma0,-0.00016618793792279207,6m,1m,12m
2012-07-30,gamma0,-0.0001204136929872647,6m,1m,12m
2012-07-31,gamma0,-0.00010035028440769263,6m,1m,12m
2012-08-01,gamma0,-9.232643915887688e-05,6m,1m,12m
2012-08-02,gamma0,-0.0001506299255823908,6m,1m,12m
2012-08-03,gamma0,-0.0001975087222860453,6m,1m,12m
2012-08-06,gamma0,-0.0001803592846411577,6m,1m,12m
2012-08-07,gamma0,-0.00018047377486340007,6m,1m,12m
2012-08-08,gamma0,-0.00020534220667405955,6m,1m,12m
2012-08-09,gamma0,-0.00020678633230666955,6m,1m,12m
2012-08-10,gamma0,-0.00021025330383202744,6m,1m,12m
2012-08-13,gamma0,-0.00021798296060916743,6m,1m,12m
2012-08-14,gamma0,-0.00021732535451012873,6m,1m,12m
2012-08-15,gamma0,-0.00021510241927021802,6m,1m,12m
2012-08-16,gamma0,-0.00022341841001741235,6m,1m,12m
2012-08-17,gamma0,-0.000249951003343735,6m,1m,12m
2012-08-20,gamma0,-0.0002205003435566931,6m,1m,12m
2012-08-21,gamma0,-0.0002689028510552497,6m,1m,12m
2012-08-22,gamma0,-0.00030572765215001346,6m,1m,12m
2012-08-23,gamma0,-0.000185132235229759,6m,1m,12m
2012-08-24,gamma0,-0.00019311319960699886,6m,1m,12m
2012-08-27,gamma0,-0.0001700518929871691,6m,1m,12m
2012-08-28,gamma0,-0.00014387984008643127,6m,1m,12m
2012-08-29,gamma0,-0.00018111086081495586,6m,1m,12m
2012-08-30,gamma0,-0.00016568780673415303,6m,1m,12m
2012-08-31,gamma0,-0.0001967944967684299,6m,1m,12m
2012-09-04,gamma0,-0.00018558611858064683,6m,1m,12m
2012-09-05,gamma0,-0.00010673862190335289,6m,1m,12m
2012-09-06,gamma0,-0.00017218298501091813,6m,1m,12m
2012-09-07,gamma0,-0.00021322315082982613,6m,1m,12m
2012-09-10,gamma0,-0.0001403061247258976,6m,1m,12m
2012-09-11,gamma0,-0.00013746551813140733,6m,1m,12m
2012-09-12,gamma0,-0.00016259713228514597,6m,1m,12m
2012-09-13,gamma0,-9.393473654759478e-05,6m,1m,12m
2012-09-14,gamma0,-0.00012919211580547483,6m,1m,12m
2012-09-17,gamma0,-0.00012825142941118753,6m,1m,12m
2012-09-18,gamma0,-0.00012138931648007789,6m,1m,12m
2012-09-19,gamma0,-0.00010507670420849857,6m,1m,12m
2012-09-20,gamma0,-0.00012677617352671776,6m,1m,12m
2012-09-21,gamma0,-0.00013455153258740683,6m,1m,12m
2012-09-24,gamma0,-0.00014821782193556336,6m,1m,12m
2012-09-25,gamma0,-0.00012942752024443945,6m,1m,12m
2012-09-26,gamma0,-0.00012964030616942105,6m,1m,12m
2012-09-27,gamma0,-0.0001357481713713806,6m,1m,12m
2012-09-28,gamma0,-0.00010643642247229864,6m,1m,12m
2012-10-01,gamma0,-9.243698268101308e-05,6m,1m,12m
2012-10-02,gamma0,-0.0001113372062520299,6m,1m,12m
2012-10-03,gamma0,-0.0001275316832147286,6m,1m,12m
2012-10-04,gamma0,-0.00011285084691924408,6m,1m,12m
2012-10-05,gamma0,-0.0001482238091023161,6m,1m,12m
2012-10-08,gamma0,-0.0001252849399357346,6m,1m,12m
2012-10-09,gamma0,-5.8101782471260344e-05,6m,1m,12m
2012-10-10,gamma0,-6.074425991006076e-05,6m,1m,12m
2012-10-11,gamma0,-5.7769244180052055e-05,6m,1m,12m
2012-10-12,gamma0,-5.588718852178198e-05,6m,1m,12m
2012-10-15,gamma0,-4.354134453388834e-05,6m,1m,12m
2012-10-16,gamma0,-2.8645494844696436e-05,6m,1m,12m
2012-10-17,gamma0,-3.543718621825564e-05,6m,1m,12m
2012-10-18,gamma0,-3.416953135781284e-05,6m,1m,12m
2012-10-19,gamma0,-4.8126646985347315e-05,6m,1m,12m
2012-10-22,gamma0,-4.964168917934468e-05,6m,1m,12m
2012-10-23,gamma0,-2.742988811445646e-05,6m,1m,12m
2012-10-24,gamma0,-3.7142604455717824e-05,6m,1m,12m
2012-10-25,gamma0,-3.695065463796789e-05,6m,1m,12m
2012-10-26,gamma0,-5.36999748451561e-05,6m,1m,12m
2012-10-31,gamma0,-2.85465472398809e-05,6m,1m,12m
2012-11-01,gamma0,-6.31716215835469e-05,6m,1m,12m
2012-11-02,gamma0,-4.9916671191414515e-05,6m,1m,12m
2012-11-05,gamma0,-2.5649591469894368e-05,6m,1m,12m
2012-11-06,gamma0,-2.3796609987164214e-05,6m,1m,12m
2012-11-07,gamma0,-3.7150576715979695e-05,6m,1m,12m
2012-11-08,gamma0,-7.599738966897684e-05,6m,1m,12m
2012-11-09,gamma0,-7.777365493035744e-05,6m,1m,12m
2012-11-12,gamma0,-0.00011666062370793095,6m,1m,12m
2012-11-13,gamma0,-0.0001195596260472174,6m,1m,12m
2012-11-14,gamma0,-8.945792084806331e-05,6m,1m,12m
2012-11-15,gamma0,-7.569251310818672e-05,6m,1m,12m
2012-11-16,gamma0,-0.0001189980248324484,6m,1m,12m
2012-11-19,gamma0,-0.00010979864667684362,6m,1m,12m
2012-11-20,gamma0,-9.686882492649274e-05,6m,1m,12m
2012-11-21,gamma0,-9.23980068683942e-05,6m,1m,12m
2012-11-23,gamma0,-8.854536246324205e-05,6m,1m,12m
2012-11-26,gamma0,-7.509565681892885e-05,6m,1m,12m
2012-11-27,gamma0,-7.867064143728751e-05,6m,1m,12m
2012-11-28,gamma0,-8.099550006489129e-05,6m,1m,12m
2012-11-29,gamma0,-0.00013335760667030375,6m,1m,12m
2012-11-30,gamma0,-8.793688442237105e-05,6m,1m,12m
2012-12-03,gamma0,-5.5997592210058105e-05,6m,1m,12m
2012-12-04,gamma0,-1.5989218663251106e-05,6m,1m,12m
2012-12-05,gamma0,-1.730920391305649e-05,6m,1m,12m
2012-12-06,gamma0,-3.394868242655764e-05,6m,1m,12m
2012-12-07,gamma0,-5.722915118433456e-05,6m,1m,12m
2012-12-10,gamma0,-4.358639364646631e-05,6m,1m,12m
2012-12-11,gamma0,-5.534995004743733e-05,6m,1m,12m
2012-12-12,gamma0,-4.795517806789723e-05,6m,1m,12m
2012-12-13,gamma0,-3.90072752311507e-05,6m,1m,12m
2012-12-14,gamma0,-5.297726355682852e-05,6m,1m,12m
2012-12-17,gamma0,-1.478821870162591e-05,6m,1m,12m
2012-12-18,gamma0,-2.0678591489603276e-05,6m,1m,12m
2012-12-19,gamma0,5.518647191304059e-05,6m,1m,12m
2012-12-20,gamma0,6.527105752174834e-05,6m,1m,12m
2012-12-21,gamma0,1.8254458981057742e-05,6m,1m,12m
2012-12-24,gamma0,-3.010990131855738e-05,6m,1m,12m
2012-12-26,gamma0,-1.2841989235632802e-05,6m,1m,12m
2012-12-27,gamma0,3.2650808605920022e-06,6m,1m,12m
2012-12-28,gamma0,4.756504648088257e-05,6m,1m,12m
2012-12-31,gamma0,-2.923516445236198e-06,6m,1m,12m
2013-01-02,gamma0,-0.00012499799438776745,6m,1m,12m
2013-01-03,gamma0,-0.00014962312612424984,6m,1m,12m
2013-01-04,gamma0,-0.0001705471669043472,6m,1m,12m
2013-01-07,gamma0,-0.0001866458987871162,6m,1m,12m
2013-01-08,gamma0,-0.00019184776246580792,6m,1m,12m
2013-01-09,gamma0,-0.00018913259143181233,6m,1m,12m
2013-01-10,gamma0,-0.00016844481737503632,6m,1m,12m
2013-01-11,gamma0,-0.00017112853464272939,6m,1m,12m
2013-01-14,gamma0,-0.0001398168362623492,6m,1m,12m
2013-01-15,gamma0,-0.0001456745471254974,6m,1m,12m
2013-01-16,gamma0,-0.0001589945151530271,6m,1m,12m
2013-01-17,gamma0,-0.00013273069200438038,6m,1m,12m
2013-01-18,gamma0,-0.00019362113142500358,6m,1m,12m
2013-01-22,gamma0,-0.00018935551965150221,6m,1m,12m
2013-01-23,gamma0,-0.00017186919965994854,6m,1m,12m
2013-01-24,gamma0,-0.0001862855942929574,6m,1m,12m
2013-01-25,gamma0,-0.00016608159545562865,6m,1m,12m
2013-01-28,gamma0,-0.0001366382215003797,6m,1m,12m
2013-01-29,gamma0,-0.00013575807444826638,6m,1m,12m
2013-01-30,gamma0,-0.00010251642857351913,6m,1m,12m
2013-01-31,gamma0,-0.00012729955143195133,6m,1m,12m
2013-02-01,gamma0,-0.00016804897635397555,6m,1m,12m
2013-02-04,gamma0,-0.00012257869006054135,6m,1m,12m
2013-02-05,gamma0,-0.00015315409644258741,6m,1m,12m
2013-02-06,gamma0,-0.00016861580678674803,6m,1m,12m
2013-02-07,gamma0,-0.00015374595521477644,6m,1m,12m
2013-02-08,gamma0,-0.0001551603098092657,6m,1m,12m
2013-02-11,gamma0,-0.00012112250868003152,6m,1m,12m
2013-02-12,gamma0,-0.00011265237498771174,6m,1m,12m
2013-02-13,gamma0,-0.00010612086881779792,6m,1m,12m
2013-02-14,gamma0,-0.00011371810973177211,6m,1m,12m
2013-02-15,gamma0,-0.00013153840937299224,6m,1m,12m
2013-02-19,gamma0,-0.00015080752442541573,6m,1m,12m
2013-02-20,gamma0,-8.275272218419302e-05,6m,1m,12m
2013-02-21,gamma0,-4.323738099947208e-05,6m,1m,12m
2013-02-22,gamma0,-6.076372293175302e-05,6m,1m,12m
2013-02-25,gamma0,0.00010946711101418932,6m,1m,12m
2013-02-26,gamma0,-3.2835594086947395e-05,6m,1m,12m
2013-02-27,gamma0,-8.569079383349788e-05,6m,1m,12m
2013-02-28,gamma0,-7.979609746308274e-05,6m,1m,12m
2013-03-01,gamma0,-0.0001044183692182346,6m,1m,12m
2013-03-04,gamma0,-0.0001373240893021432,6m,1m,12m
2013-03-05,gamma0,-0.00012640301758035541,6m,1m,12m
2013-03-06,gamma0,-0.00011696399093552383,6m,1m,12m
2013-03-07,gamma0,-0.00013047191172113512,6m,1m,12m
2013-03-08,gamma0,-0.0001322634407774932,6m,1m,12m
2013-03-11,gamma0,-0.00015518897755528697,6m,1m,12m
2013-03-12,gamma0,-0.00013064695503516206,6m,1m,12m
2013-03-13,gamma0,-0.00013531687759130065,6m,1m,12m
2013-03-14,gamma0,-0.0001531052979179341,6m,1m,12m
2013-03-15,gamma0,-0.00017067966116876787,6m,1m,12m
2013-03-18,gamma0,-0.00011913319007815357,6m,1m,12m
2013-03-19,gamma0,-9.578407061034623e-05,6m,1m,12m
2013-03-20,gamma0,-0.00017816115233183175,6m,1m,12m
2013-03-21,gamma0,-0.00013401841812149702,6m,1m,12m
2013-03-22,gamma0,-0.000139059551933222,6m,1m,12m
2013-03-25,gamma0,-0.0001358463327000393,6m,1m,12m
2013-03-26,gamma0,-0.00016962634703370275,6m,1m,12m
2013-03-27,gamma0,-0.0001347387759403882,6m,1m,12m
2013-03-28,gamma0,-0.0001504407028233507,6m,1m,12m
2013-04-01,gamma0,-9.456229185800031e-05,6m,1m,12m
2013-04-02,gamma0,-0.0001209109697599846,6m,1m,12m
2013-04-03,gamma0,-6.165134134490434e-05,6m,1m,12m
2013-04-04,gamma0,-6.407883062812855e-05,6m,1m,12m
2013-04-05,gamma0,-7.705720052706524e-05,6m,1m,12m
2013-04-08,gamma0,-6.522822153892637e-05,6m,1m,12m
2013-04-09,gamma0,-7.107223603406501e-05,6m,1m,12m
2013-04-10,gamma0,-6.0115097102781344e-05,6m,1m,12m
2013-04-11,gamma0,-7.163569625148369e-05,6m,1m,12m
2013-04-12,gamma0,-7.638217339656462e-05,6m,1m,12m
2013-04-15,gamma0,6.424227236430583e-05,6m,1m,12m
2013-04-16,gamma0,-3.98987930395367e-06,6m,1m,12m
2013-04-17,gamma0,6.710796295693285e-05,6m,1m,12m
2013-04-18,gamma0,3.42400472847915e-05,6m,1m,12m
2013-04-19,gamma0,-5.4084244758958035e-05,6m,1m,12m
2013-04-22,gamma0,-6.216440142566312e-05,6m,1m,12m
2013-04-23,gamma0,-7.240977700334566e-05,6m,1m,12m
2013-04-24,gamma0,-5.1667382042464415e-05,6m,1m,12m
2013-04-25,gamma0,-4.078507646437236e-05,6m,1m,12m
2013-04-26,gamma0,-6.224640635661462e-05,6m,1m,12m
2013-04-29,gamma0,-4.9838262137407504e-05,6m,1m,12m
2013-04-30,gamma0,-7.142448959533068e-05,6m,1m,12m
2013-05-01,gamma0,-4.4436096219412056e-05,6m,1m,12m
2013-05-02,gamma0,-9.005583427079084e-05,6m,1m,12m
2013-05-03,gamma0,-8.183367105938712e-05,6m,1m,12m
2013-05-06,gamma0,-9.092922010437283e-05,6m,1m,12m
2013-05-07,gamma0,-9.828427806300298e-05,6m,1m,12m
2013-05-08,gamma0,-8.878480750995056e-05,6m,1m,12m
2013-05-09,gamma0,-0.00010336383774684471,6m,1m,12m
2013-05-10,gamma0,-0.00015215645827649048,6m,1m,12m
2013-05-13,gamma0,-0.00010574092476997693,6m,1m,12m
2013-05-14,gamma0,-0.00011058888192365567,6m,1m,12m
2013-05-15,gamma0,-0.00012049621781072275,6m,1m,12m
2013-05-16,gamma0,-9.372513667959286e-05,6m,1m,12m
2013-05-17,gamma0,-0.00010201576665371716,6m,1m,12m
2013-05-20,gamma0,-9.279089781134215e-05,6m,1m,12m
2013-05-21,gamma0,-0.00011644877912023859,6m,1m,12m
2013-05-22,gamma0,-7.537282907298428e-05,6m,1m,12m
2013-05-23,gamma0,-7.45427472859927e-05,6m,1m,12m
2013-05-24,gamma0,-7.327261720000971e-05,6m,1m,12m
2013-05-28,gamma0,-5.742993997656861e-05,6m,1m,12m
2013-05-29,gamma0,-5.900307944415993e-05,6m,1m,12m
2013-05-30,gamma0,-8.023183760276862e-05,6m,1m,12m
2013-05-31,gamma0,-4.393154315379467e-05,6m,1m,12m
2013-06-03,gamma0,-3.0290689760439246e-05,6m,1m,12m
2013-06-04,gamma0,-1.7671004522673984e-05,6m,1m,12m
2013-06-05,gamma0,2.2879793547545324e-05,6m,1m,12m
2013-06-06,gamma0,-1.4035945429803046e-06,6m,1m,12m
2013-06-07,gamma0,-8.251775640081564e-05,6m,1m,12m
2013-06-10,gamma0,-4.744764477217549e-05,6m,1m,12m
2013-06-11,gamma0,-1.5155138738495803e-05,6m,1m,12m
2013-06-12,gamma0,3.3822627391067635e-05,6m,1m,12m
2013-06-13,gamma0,-5.750179733824315e-05,6m,1m,12m
2013-06-14,gamma0,-3.790357978892865e-05,6m,1m,12m
2013-06-17,gamma0,-7.35973977794998e-06,6m,1m,12m
2013-06-18,gamma0,2.7389026106040295e-06,6m,1m,12m
2013-06-19,gamma0,-9.446646792699197e-06,6m,1m,12m
2013-06-20,gamma0,0.00011696114193774843,6m,1m,12m
2013-06-21,gamma0,4.2781062036332745e-05,6m,1m,12m
2013-06-24,gamma0,4.6122558031986556e-05,6m,1m,12m
2013-06-25,gamma0,-6.211769929302698e-06,6m,1m,12m
2013-06-26,gamma0,-7.03194497815517e-05,6m,1m,12m
2013-06-27,gamma0,-6.0291466525569026e-05,6m,1m,12m
2013-06-28,gamma0,-8.233536378466221e-05,6m,1m,12m
2013-07-01,gamma0,-7.431183856367649e-05,6m,1m,12m
2013-07-02,gamma0,-8.858585213163392e-05,6m,1m,12m
2013-07-03,gamma0,-7.751308298732453e-05,6m,1m,12m
2013-07-05,gamma0,-0.00011418927644050611,6m,1m,12m
2013-07-08,gamma0,-0.00010585354150069311,6m,1m,12m
2013-07-09,gamma0,-8.850003528107295e-05,6m,1m,12m
2013-07-10,gamma0,-8.203735743700712e-05,6m,1m,12m
2013-07-11,gamma0,-0.00011228012435586956,6m,1m,12m
2013-07-12,gamma0,-0.00013114142414726222,6m,1m,12m
2013-07-15,gamma0,-0.00011939216921677166,6m,1m,12m
2013-07-16,gamma0,-9.854875971006507e-05,6m,1m,12m
2013-07-17,gamma0,-0.00011690220826565322,6m,1m,12m
2013-07-18,gamma0,-0.00011618764864603008,6m,1m,12m
2013-07-19,gamma0,-0.00013302187053073516,6m,1m,12m
2013-07-22,gamma0,-0.00014731300423138176,6m,1m,12m
2013-07-23,gamma0,-0.00020101403787032988,6m,1m,12m
2013-07-24,gamma0,-0.0001868022069912327,6m,1m,12m
2013-07-25,gamma0,-0.00014298190409111635,6m,1m,12m
2013-07-26,gamma0,-0.0001531982525545491,6m,1m,12m
2013-07-29,gamma0,-0.00012603730416269098,6m,1m,12m
2013-07-30,gamma0,-0.0001257281967907722,6m,1m,12m
2013-07-31,gamma0,-0.00012591891623901737,6m,1m,12m
2013-08-01,gamma0,-0.00013522435148774007,6m,1m,12m
2013-08-02,gamma0,-0.00017476493893205927,6m,1m,12m
2013-08-05,gamma0,-0.00019677123955147313,6m,1m,12m
2013-08-06,gamma0,-0.00016441530640248054,6m,1m,12m
2013-08-07,gamma0,-0.00015978531491923735,6m,1m,12m
2013-08-08,gamma0,-0.00016779734878899922,6m,1m,12m
2013-08-09,gamma0,-0.0001546547507366528,6m,1m,12m
2013-08-12,gamma0,-0.00013740192137704375,6m,1m,12m
2013-08-13,gamma0,-0.0001704089265474266,6m,1m,12m
2013-08-14,gamma0,-0.000179231290678258,6m,1m,12m
2013-08-15,gamma0,-0.00010076527860082476,6m,1m,12m
2013-08-16,gamma0,-0.00010244588959526881,6m,1m,12m
2013-08-19,gamma0,-9.98909685622092e-05,6m,1m,12m
2013-08-20,gamma0,-9.024992580745119e-05,6m,1m,12m
2013-08-21,gamma0,-4.181009795627115e-05,6m,1m,12m
2013-08-22,gamma0,-8.19660827157181e-05,6m,1m,12m
2013-08-23,gamma0,-0.00010105075803320335,6m,1m,12m
2013-08-26,gamma0,-8.803040908846002e-05,6m,1m,12m
2013-08-27,gamma0,-4.0934962437250635e-05,6m,1m,12m
2013-08-28,gamma0,-5.98717779616589e-05,6m,1m,12m
2013-08-29,gamma0,-5.390905863013742e-05,6m,1m,12m
2013-08-30,gamma0,-3.890289447495057e-05,6m,1m,12m
2013-09-03,gamma0,-3.304191557712309e-05,6m,1m,12m
2013-09-04,gamma0,-7.894968105038081e-05,6m,1m,12m
2013-09-05,gamma0,-7.941247940615188e-05,6m,1m,12m
2013-09-06,gamma0,-8.241678809003537e-05,6m,1m,12m
2013-09-09,gamma0,-8.224311662343506e-05,6m,1m,12m
2013-09-10,gamma0,-0.00010351173917462455,6m,1m,12m
2013-09-11,gamma0,-0.00011892009110112535,6m,1m,12m
2013-09-12,gamma0,-9.96281188547755e-05,6m,1m,12m
2013-09-13,gamma0,-0.00012097272522985647,6m,1m,12m
2013-09-16,gamma0,-6.642405378419536e-05,6m,1m,12m
2013-09-17,gamma0,-6.169406113453272e-05,6m,1m,12m
2013-09-18,gamma0,-5.940351370845895e-05,6m,1m,12m
2013-09-19,gamma0,-0.00011944142426439155,6m,1m,12m
2013-09-20,gamma0,-0.00011793005731736471,6m,1m,12m
2013-09-23,gamma0,-0.0001240608411645638,6m,1m,12m
2013-09-24,gamma0,-0.00012031320728700226,6m,1m,12m
2013-09-25,gamma0,-0.0001524926180403312,6m,1m,12m
2013-09-26,gamma0,-0.000122674600417801,6m,1m,12m
2013-09-27,gamma0,-7.373848227313666e-05,6m,1m,12m
2013-09-30,gamma0,4.136403878482838e-06,6m,1m,12m
2013-10-01,gamma0,-2.452931068055692e-05,6m,1m,12m
2013-10-02,gamma0,9.207255292986141e-06,6m,1m,12m
2013-10-03,gamma0,4.157800888132627e-05,6m,1m,12m
2013-10-04,gamma0,2.5232367215880423e-05,6m,1m,12m
2013-10-07,gamma0,0.00010225321456989287,6m,1m,12m
2013-10-08,gamma0,0.00013585595177237195,6m,1m,12m
2013-10-09,gamma0,0.00011584615074762279,6m,1m,12m
2013-10-10,gamma0,1.953494416319427e-05,6m,1m,12m
2013-10-11,gamma0,-1.9690959140067563e-05,6m,1m,12m
2013-10-14,gamma0,1.81753670016131e-05,6m,1m,12m
2013-10-15,gamma0,8.309983412583825e-05,6m,1m,12m
2013-10-16,gamma0,-5.859732922302831e-06,6m,1m,12m
2013-10-17,gamma0,-4.8973342414834395e-05,6m,1m,12m
2013-10-18,gamma0,-1.0494712736781322e-06,6m,1m,12m
2013-10-21,gamma0,-5.907699261980085e-05,6m,1m,12m
2013-10-22,gamma0,-5.064860421252721e-05,6m,1m,12m
2013-10-23,gamma0,-5.882665059496929e-05,6m,1m,12m
2013-10-24,gamma0,-6.923036024320788e-05,6m,1m,12m
2013-10-25,gamma0,-7.91952885537597e-05,6m,1m,12m
2013-10-28,gamma0,-9.165793613314414e-05,6m,1m,12m
2013-10-29,gamma0,-7.65149640864479e-05,6m,1m,12m
2013-10-30,gamma0,-8.020167090376734e-05,6m,1m,12m
2013-10-31,gamma0,-8.998860913266523e-05,6m,1m,12m
2013-11-01,gamma0,-0.0001053335610798544,6m,1m,12m
2013-11-04,gamma0,-0.00012496056401708412,6m,1m,12m
2013-11-05,gamma0,-0.00010600922490650944,6m,1m,12m
2013-11-06,gamma0,-0.0001386731811753147,6m,1m,12m
2013-11-07,gamma0,-0.00010705867905640452,6m,1m,12m
2013-11-08,gamma0,-0.00013451386170271014,6m,1m,12m
2013-11-11,gamma0,-0.00011810297431018599,6m,1m,12m
2013-11-12,gamma0,-0.00012590015136247228,6m,1m,12m
2013-11-13,gamma0,-0.00013583800079296782,6m,1m,12m
2013-11-14,gamma0,-0.00014942762909278166,6m,1m,12m
2013-11-15,gamma0,-0.00014836752603724306,6m,1m,12m
2013-11-18,gamma0,-8.370828533379753e-05,6m,1m,12m
2013-11-19,gamma0,-6.900059342896921e-05,6m,1m,12m
2013-11-20,gamma0,-2.9108405963100843e-05,6m,1m,12m
2013-11-21,gamma0,-5.370988010979801e-05,6m,1m,12m
2013-11-22,gamma0,-6.785926675035282e-05,6m,1m,12m
2013-11-25,gamma0,-9.429200492656005e-05,6m,1m,12m
2013-11-26,gamma0,-0.00010901864957322859,6m,1m,12m
2013-11-27,gamma0,-0.00012581740796464033,6m,1m,12m
2013-11-29,gamma0,-0.00010394684863413882,6m,1m,12m
2013-12-02,gamma0,-8.436193138502728e-05,6m,1m,12m
2013-12-03,gamma0,-0.00010128265109290757,6m,1m,12m
2013-12-04,gamma0,-6.669088101578038e-05,6m,1m,12m
2013-12-05,gamma0,-5.168577796285126e-05,6m,1m,12m
2013-12-06,gamma0,-9.037291059818032e-05,6m,1m,12m
2013-12-09,gamma0,-8.058062463703877e-05,6m,1m,12m
2013-12-10,gamma0,-7.358570477867563e-05,6m,1m,12m
2013-12-11,gamma0,-5.6986618863821286e-05,6m,1m,12m
2013-12-12,gamma0,-1.9128803842947416e-05,6m,1m,12m
2013-12-13,gamma0,-1.3384453704593676e-05,6m,1m,12m
2013-12-16,gamma0,1.0783843266923217e-05,6m,1m,12m
2013-12-17,gamma0,1.2709689069329783e-05,6m,1m,12m
2013-12-18,gamma0,-1.3270228762526053e-05,6m,1m,12m
2013-12-19,gamma0,-4.790558067083051e-06,6m,1m,12m
2013-12-20,gamma0,-4.1269599047573917e-05,6m,1m,12m
2013-12-23,gamma0,-8.23235649503818e-05,6m,1m,12m
2013-12-24,gamma0,-8.80116443632751e-05,6m,1m,12m
2013-12-26,gamma0,-0.0001205880428488779,6m,1m,12m
2013-12-27,gamma0,-0.00010966242863403279,6m,1m,12m
2013-12-30,gamma0,-6.172434097952378e-05,6m,1m,12m
2013-12-31,gamma0,-1.5665849790818124e-05,6m,1m,12m
2014-01-02,gamma0,-1.3504998821516068e-05,6m,1m,12m
2014-01-03,gamma0,-4.287399661507452e-05,6m,1m,12m
2014-01-06,gamma0,-5.790317363086341e-05,6m,1m,12m
2014-01-07,gamma0,-6.865359302343736e-05,6m,1m,12m
2014-01-08,gamma0,-7.939462149790696e-05,6m,1m,12m
2014-01-09,gamma0,-8.820983721474063e-05,6m,1m,12m
2014-01-10,gamma0,-0.00011959908350143057,6m,1m,12m
2014-01-13,gamma0,-8.344976075093751e-05,6m,1m,12m
2014-01-14,gamma0,-0.00013093820301781806,6m,1m,12m
2014-01-15,gamma0,-0.00013416827803056547,6m,1m,12m
2014-01-16,gamma0,-0.00014274026633564668,6m,1m,12m
2014-01-17,gamma0,-0.00015021413799147984,6m,1m,12m
2014-01-21,gamma0,-0.00011555586691217117,6m,1m,12m
2014-01-22,gamma0,-0.00013247899706786797,6m,1m,12m
2014-01-23,gamma0,-8.249921001154361e-05,6m,1m,12m
2014-01-24,gamma0,4.1636025757157386e-06,6m,1m,12m
2014-01-27,gamma0,1.44287907834235e-05,6m,1m,12m
2014-01-28,gamma0,-2.9375289980429543e-05,6m,1m,12m
2014-01-29,gamma0,1.2583755390694713e-05,6m,1m,12m
2014-01-30,gamma0,-2.0683583895695972e-05,6m,1m,12m
2014-01-31,gamma0,1.3050923775055039e-05,6m,1m,12m
2014-02-03,gamma0,7.630409067999549e-05,6m,1m,12m
2014-02-04,gamma0,-6.884897658631528e-06,6m,1m,12m
2014-02-05,gamma0,1.6465379269873238e-05,6m,1m,12m
2014-02-06,gamma0,-3.062335064217446e-05,6m,1m,12m
2014-02-07,gamma0,-7.428027989148588e-05,6m,1m,12m
2014-02-10,gamma0,-7.895435107359045e-05,6m,1m,12m
2014-02-11,gamma0,-0.00011054068167151083,6m,1m,12m
2014-02-12,gamma0,-0.00011970590432243495,6m,1m,12m
2014-02-13,gamma0,-0.00010901004564665455,6m,1m,12m
2014-02-14,gamma0,-0.0001006693917190304,6m,1m,12m
2014-02-18,gamma0,-3.0065161742083408e-05,6m,1m,12m
2014-02-19,gamma0,1.3723796380640406e-05,6m,1m,12m
2014-02-20,gamma0,4.796323806410538e-06,6m,1m,12m
2014-02-21,gamma0,-6.426820434741651e-06,6m,1m,12m
2014-02-24,gamma0,-2.744291915293381e-05,6m,1m,12m
2014-02-25,gamma0,-5.6858316062763286e-05,6m,1m,12m
2014-02-26,gamma0,-7.5576596354542e-05,6m,1m,12m
2014-02-27,gamma0,-7.854155592545723e-05,6m,1m,12m
2014-02-28,gamma0,-8.873506092491761e-05,6m,1m,12m
2014-03-03,gamma0,-4.574237701472001e-05,6m,1m,12m
2014-03-04,gamma0,-0.00011605356519440878,6m,1m,12m
2014-03-05,gamma0,-0.00010232046811046129,6m,1m,12m
2014-03-06,gamma0,-0.00011638653828864043,6m,1m,12m
2014-03-07,gamma0,-0.00010293345220269062,6m,1m,12m
2014-03-10,gamma0,-8.924820808657862e-05,6m,1m,12m
2014-03-11,gamma0,-8.021885812997868e-05,6m,1m,12m
2014-03-12,gamma0,-7.973025931527822e-05,6m,1m,12m
2014-03-13,gamma0,-2.3125547745050725e-05,6m,1m,12m
2014-03-14,gamma0,2.2392445864104987e-06,6m,1m,12m
2014-03-17,gamma0,-2.6727161272253646e-05,6m,1m,12m
2014-03-18,gamma0,-9.1774631841341e-05,6m,1m,12m
2014-03-19,gamma0,-2.9777584301941673e-05,6m,1m,12m
2014-03-20,gamma0,-5.765304658926039e-05,6m,1m,12m
2014-03-21,gamma0,-8.958740454730556e-05,6m,1m,12m
2014-03-24,gamma0,-7.70252644211826e-05,6m,1m,12m
2014-03-25,gamma0,-9.401048402649442e-05,6m,1m,12m
2014-03-26,gamma0,-6.123537779157738e-05,6m,1m,12m
2014-03-27,gamma0,-6.68928559378621e-05,6m,1m,12m
2014-03-28,gamma0,-5.632185008076532e-05,6m,1m,12m
2014-03-31,gamma0,-4.6714655637168024e-05,6m,1m,12m
2014-04-01,gamma0,-6.248154854335207e-05,6m,1m,12m
2014-04-02,gamma0,-6.620597857715149e-05,6m,1m,12m
2014-04-03,gamma0,-5.133178212584323e-05,6m,1m,12m
2014-04-04,gamma0,-3.47794337732016e-05,6m,1m,12m
2014-04-07,gamma0,1.058743625504353e-05,6m,1m,12m
2014-04-08,gamma0,-1.3259056810793147e-05,6m,1m,12m
2014-04-09,gamma0,-4.192027540604768e-05,6m,1m,12m
2014-04-10,gamma0,1.3729134965713339e-05,6m,1m,12m
2014-04-11,gamma0,2.6358769252141987e-05,6m,1m,12m
2014-04-14,gamma0,2.1325756972611265e-05,6m,1m,12m
2014-04-15,gamma0,1.6670694989847635e-05,6m,1m,12m
2014-04-16,gamma0,-4.968859251629299e-05,6m,1m,12m
2014-04-17,gamma0,-7.236124226699152e-05,6m,1m,12m
2014-04-21,gamma0,-7.317720652641584e-05,6m,1m,12m
2014-04-22,gamma0,-7.294924506856293e-05,6m,1m,12m
2014-04-23,gamma0,-8.128512885475112e-05,6m,1m,12m
2014-04-24,gamma0,-7.805134301410654e-05,6m,1m,12m
2014-04-25,gamma0,-5.6686632593353506e-05,6m,1m,12m
2014-04-28,gamma0,-7.446335003722087e-05,6m,1m,12m
2014-04-29,gamma0,-8.286114616572307e-05,6m,1m,12m
2014-04-30,gamma0,-0.00010652063832691122,6m,1m,12m
2014-05-01,gamma0,-0.00011683062610744188,6m,1m,12m
2014-05-02,gamma0,-0.00015804755791860097,6m,1m,12m
2014-05-05,gamma0,-0.00013475278093925575,6m,1m,12m
2014-05-06,gamma0,-0.00011180818286469825,6m,1m,12m
2014-05-07,gamma0,-0.00010903101702581733,6m,1m,12m
2014-05-08,gamma0,-0.00010452753711173406,6m,1m,12m
2014-05-09,gamma0,-0.00013575860568738773,6m,1m,12m
2014-05-12,gamma0,-9.58891412245163e-05,6m,1m,12m
2014-05-13,gamma0,-0.00010640669935554468,6m,1m,12m
2014-05-14,gamma0,-0.00012702610077974802,6m,1m,12m
2014-05-15,gamma0,-8.886703144352908e-05,6m,1m,12m
2014-05-16,gamma0,-0.00013522725057558315,6m,1m,12m
2014-05-19,gamma0,-0.00012517306855471867,6m,1m,12m
2014-05-20,gamma0,-0.00010528415193753921,6m,1m,12m
2014-05-21,gamma0,-0.00011589233816130441,6m,1m,12m
2014-05-22,gamma0,-0.00010339770891263961,6m,1m,12m
2014-05-23,gamma0,-0.00016075793006278328,6m,1m,12m
2014-05-27,gamma0,-0.00011972580455571427,6m,1m,12m
2014-05-28,gamma0,-0.00012784582295042213,6m,1m,12m
2014-05-29,gamma0,-0.0001416915021960685,6m,1m,12m
2014-05-30,gamma0,-0.00018196408409704417,6m,1m,12m
2014-06-02,gamma0,-0.00016939445161762878,6m,1m,12m
2014-06-03,gamma0,-0.00015861497360322377,6m,1m,12m
2014-06-04,gamma0,-0.00012277297173908796,6m,1m,12m
2014-06-05,gamma0,-0.00014455169090931276,6m,1m,12m
2014-06-06,gamma0,-0.00014316780987407872,6m,1m,12m
2014-06-09,gamma0,-0.00016926854746884186,6m,1m,12m
2014-06-10,gamma0,-0.00019408745850813252,6m,1m,12m
2014-06-11,gamma0,-0.00014017081677811022,6m,1m,12m
2014-06-12,gamma0,-0.00011449132657197214,6m,1m,12m
2014-06-13,gamma0,-0.00012510465437112344,6m,1m,12m
2014-06-16,gamma0,-7.060525537329293e-05,6m,1m,12m
2014-06-17,gamma0,-7.513778160163963e-05,6m,1m,12m
2014-06-18,gamma0,-0.00011610215109390897,6m,1m,12m
2014-06-19,gamma0,-0.00010358949321024104,6m,1m,12m
2014-06-20,gamma0,-0.00013105222309008175,6m,1m,12m
2014-06-23,gamma0,-0.000123776027258332,6m,1m,12m
2014-06-24,gamma0,-7.710918508497318e-05,6m,1m,12m
2014-06-25,gamma0,-9.393410253053506e-05,6m,1m,12m
2014-06-26,gamma0,-9.156605701393219e-05,6m,1m,12m
2014-06-27,gamma0,-9.443930326486428e-05,6m,1m,12m
2014-06-30,gamma0,-8.826703967836879e-05,6m,1m,12m
2014-07-01,gamma0,-9.798425998335563e-05,6m,1m,12m
2014-07-02,gamma0,-0.00010692172431095799,6m,1m,12m
2014-07-03,gamma0,-0.00012768739704032203,6m,1m,12m
2014-07-07,gamma0,-9.716129961129876e-05,6m,1m,12m
2014-07-08,gamma0,-8.234838358877418e-05,6m,1m,12m
2014-07-09,gamma0,-8.475791990084623e-05,6m,1m,12m
2014-07-10,gamma0,-6.682200559684514e-05,6m,1m,12m
2014-07-11,gamma0,-8.321685602683692e-05,6m,1m,12m
2014-07-14,gamma0,-6.0681061736556714e-05,6m,1m,12m
2014-07-15,gamma0,-4.772865459734077e-05,6m,1m,12m
2014-07-16,gamma0,-9.188393030821215e-05,6m,1m,12m
2014-07-17,gamma0,2.561028768133735e-05,6m,1m,12m
2014-07-18,gamma0,-5.00353980394497e-05,6m,1m,12m
2014-07-21,gamma0,-6.193774394759167e-05,6m,1m,12m
2014-07-22,gamma0,-8.559811382255486e-05,6m,1m,12m
2014-07-23,gamma0,-0.0001135602371731487,6m,1m,12m
2014-07-24,gamma0,-0.00012858127925468874,6m,1m,12m
2014-07-25,gamma0,-0.00012760099562990769,6m,1m,12m
2014-07-28,gamma0,-8.144317738313829e-05,6m,1m,12m
2014-07-29,gamma0,-5.36949694640242e-05,6m,1m,12m
2014-07-30,gamma0,-5.4918164309287454e-05,6m,1m,12m
2014-07-31,gamma0,7.545054463826957e-05,6m,1m,12m
2014-08-01,gamma0,5.433765290306258e-05,6m,1m,12m
2014-08-04,gamma0,4.846616881177637e-06,6m,1m,12m
2014-08-05,gamma0,5.9061037838196215e-05,6m,1m,12m
2014-08-06,gamma0,2.0251544109602338e-05,6m,1m,12m
2014-08-07,gamma0,3.15457280916447e-05,6m,1m,12m
2014-08-08,gamma0,-2.9369274444693774e-05,6m,1m,12m
2014-08-11,gamma0,-4.869831658735773e-05,6m,1m,12m
2014-08-12,gamma0,-4.865175550730527e-05,6m,1m,12m
2014-08-13,gamma0,-7.943744562646003e-05,6m,1m,12m
2014-08-14,gamma0,-7.584950459025371e-05,6m,1m,12m
2014-08-15,gamma0,-7.385950375802043e-05,6m,1m,12m
2014-08-18,gamma0,-7.529296569055788e-05,6m,1m,12m
2014-08-19,gamma0,-5.021887004907436e-05,6m,1m,12m
2014-08-20,gamma0,-7.476822971964324e-05,6m,1m,12m
2014-08-21,gamma0,-6.968957719698796e-05,6m,1m,12m
2014-08-22,gamma0,-8.491353953603863e-05,6m,1m,12m
2014-08-25,gamma0,-0.00010690946248179573,6m,1m,12m
2014-08-26,gamma0,-9.782420595251774e-05,6m,1m,12m
2014-08-27,gamma0,-0.000129391564914082,6m,1m,12m
2014-08-28,gamma0,-0.00012285699340321677,6m,1m,12m
2014-08-29,gamma0,-0.00012941226438090592,6m,1m,12m
2014-09-02,gamma0,-0.00013890235024617857,6m,1m,12m
2014-09-03,gamma0,-0.00014387094053308307,6m,1m,12m
2014-09-04,gamma0,-0.00013162435270789246,6m,1m,12m
2014-09-05,gamma0,-0.00020075214825222035,6m,1m,12m
2014-09-08,gamma0,-0.00014807568058981108,6m,1m,12m
2014-09-09,gamma0,-0.00013831956679882419,6m,1m,12m
2014-09-10,gamma0,-0.00015007150128526703,6m,1m,12m
2014-09-11,gamma0,-0.00015253110094055108,6m,1m,12m
2014-09-12,gamma0,-0.00012372746479654345,6m,1m,12m
2014-09-15,gamma0,-8.161919193111115e-05,6m,1m,12m
2014-09-16,gamma0,-7.902089642072712e-05,6m,1m,12m
2014-09-17,gamma0,-9.542580076461656e-05,6m,1m,12m
2014-09-18,gamma0,-0.00014557661781412206,6m,1m,12m
2014-09-19,gamma0,-0.0001787643159991736,6m,1m,12m
2014-09-22,gamma0,-0.00010751864605211038,6m,1m,12m
2014-09-23,gamma0,-6.756106727384701e-05,6m,1m,12m
2014-09-24,gamma0,-0.00011187586458889105,6m,1m,12m
2014-09-25,gamma0,-4.124019375145567e-05,6m,1m,12m
2014-09-26,gamma0,-8.719123460175336e-05,6m,1m,12m
2014-09-29,gamma0,-6.772529354603112e-05,6m,1m,12m
2014-09-30,gamma0,-4.102821842535388e-05,6m,1m,12m
2014-10-01,gamma0,-3.134387541009099e-05,6m,1m,12m
2014-10-02,gamma0,-7.23327908532047e-05,6m,1m,12m
2014-10-03,gamma0,-9.593539071525442e-05,6m,1m,12m
2014-10-06,gamma0,-7.440928703921481e-05,6m,1m,12m
2014-10-07,gamma0,-2.020695730077839e-05,6m,1m,12m
2014-10-08,gamma0,-6.74793272283087e-05,6m,1m,12m
2014-10-09,gamma0,4.4926552478325075e-05,6m,1m,12m
2014-10-10,gamma0,0.00011320824221189437,6m,1m,12m
2014-10-13,gamma0,0.00017737383917105126,6m,1m,12m
2014-10-14,gamma0,0.00013213081724992916,6m,1m,12m
2014-10-15,gamma0,0.00013607961716895981,6m,1m,12m
2014-10-16,gamma0,0.00017375018319660087,6m,1m,12m
2014-10-17,gamma0,5.295604044939697e-05,6m,1m,12m
2014-10-20,gamma0,-4.600886427019899e-05,6m,1m,12m
2014-10-21,gamma0,-9.495806946043154e-05,6m,1m,12m
2014-10-22,gamma0,-2.848004451949875e-05,6m,1m,12m
2014-10-23,gamma0,-5.4210099642129736e-05,6m,1m,12m
2014-10-24,gamma0,-5.534101593606106e-05,6m,1m,12m
2014-10-27,gamma0,-7.32858979081656e-05,6m,1m,12m
2014-10-28,gamma0,-0.00011871978701935332,6m,1m,12m
2014-10-29,gamma0,-0.00010105503285906498,6m,1m,12m
2014-10-30,gamma0,-0.00010806606752087967,6m,1m,12m
2014-10-31,gamma0,-9.601107193763814e-05,6m,1m,12m
2014-11-03,gamma0,-7.694384618442116e-05,6m,1m,12m
2014-11-04,gamma0,-8.808089812501325e-05,6m,1m,12m
2014-11-05,gamma0,-9.247120379910151e-05,6m,1m,12m
2014-11-06,gamma0,-8.924390094515833e-05,6m,1m,12m
2014-11-07,gamma0,-0.00011986415224842816,6m,1m,12m
2014-11-10,gamma0,-0.00013156717648491714,6m,1m,12m
2014-11-11,gamma0,-0.00011348057755652598,6m,1m,12m
2014-11-12,gamma0,-0.0001505860425439259,6m,1m,12m
2014-11-13,gamma0,-0.00013295659805705407,6m,1m,12m
2014-11-14,gamma0,-0.00013408442256720922,6m,1m,12m
2014-11-17,gamma0,-9.911713038139297e-05,6m,1m,12m
2014-11-18,gamma0,-7.613560105439254e-05,6m,1m,12m
2014-11-19,gamma0,-4.9036107518779425e-05,6m,1m,12m
2014-11-20,gamma0,-7.414876468735751e-05,6m,1m,12m
2014-11-21,gamma0,-0.00010710110825734341,6m,1m,12m
2014-11-24,gamma0,-0.00014262170327644918,6m,1m,12m
2014-11-25,gamma0,-0.00015727232273310586,6m,1m,12m
2014-11-26,gamma0,-0.00015993476035584939,6m,1m,12m
2014-11-28,gamma0,-0.00010179430741006276,6m,1m,12m
2014-12-01,gamma0,-8.149375032667754e-05,6m,1m,12m
2014-12-02,gamma0,-0.00015642652268462592,6m,1m,12m
2014-12-03,gamma0,-0.0001858959030111525,6m,1m,12m
2014-12-04,gamma0,-0.00016691031884811456,6m,1m,12m
2014-12-05,gamma0,-0.0001777632491285523,6m,1m,12m
2014-12-08,gamma0,-0.00010472501761919175,6m,1m,12m
2014-12-09,gamma0,-9.129780296691013e-05,6m,1m,12m
2014-12-10,gamma0,-8.834766177583411e-06,6m,1m,12m
2014-12-11,gamma0,-1.4595037526585523e-06,6m,1m,12m
2014-12-12,gamma0,4.7958468207912346e-06,6m,1m,12m
2014-12-15,gamma0,5.067358898010447e-05,6m,1m,12m
2014-12-16,gamma0,0.00012160162676504736,6m,1m,12m
2014-12-17,gamma0,1.3266113923589466e-05,6m,1m,12m
2014-12-18,gamma0,-9.950835394238676e-05,6m,1m,12m
2014-12-19,gamma0,-7.827426944216667e-05,6m,1m,12m
2014-12-22,gamma0,-0.00011210357867094059,6m,1m,12m
2014-12-23,gamma0,-0.0001577710583273447,6m,1m,12m
2014-12-24,gamma0,-0.00017045302373621367,6m,1m,12m
2014-12-26,gamma0,-0.00010843256571011468,6m,1m,12m
2014-12-29,gamma0,-9.666736590595532e-05,6m,1m,12m
2014-12-30,gamma0,-9.599786287772553e-05,6m,1m,12m
2014-12-31,gamma0,1.365105356357927e-05,6m,1m,12m
2015-01-02,gamma0,-0.0001229823877311469,6m,1m,12m
2015-01-05,gamma0,-5.21105230814361e-05,6m,1m,12m
2015-01-06,gamma0,-4.006239390394523e-06,6m,1m,12m
2015-01-07,gamma0,-2.743336889411329e-05,6m,1m,12m
2015-01-08,gamma0,-8.926808739002412e-05,6m,1m,12m
2015-01-09,gamma0,-6.677676849442562e-05,6m,1m,12m
2015-01-12,gamma0,-2.0478330887141772e-05,6m,1m,12m
2015-01-13,gamma0,-2.049041686358548e-06,6m,1m,12m
2015-01-14,gamma0,5.2107598394340095e-05,6m,1m,12m
2015-01-15,gamma0,8.604044102279592e-05,6m,1m,12m
2015-01-16,gamma0,5.0812348695917004e-05,6m,1m,12m
2015-01-20,gamma0,8.174175712514065e-06,6m,1m,12m
2015-01-21,gamma0,-1.8487004428589864e-05,6m,1m,12m
2015-01-22,gamma0,-6.615114791191173e-05,6m,1m,12m
2015-01-23,gamma0,-8.196976214185446e-05,6m,1m,12m
2015-01-26,gamma0,-0.00010416833897440087,6m,1m,12m
2015-01-27,gamma0,-3.364235527135027e-05,6m,1m,12m
2015-01-28,gamma0,-1.637378854781327e-05,6m,1m,12m
2015-01-29,gamma0,-2.5349455989365344e-05,6m,1m,12m
2015-01-30,gamma0,5.187165142729757e-05,6m,1m,12m
2015-02-02,gamma0,-3.4830457785794315e-05,6m,1m,12m
2015-02-03,gamma0,-0.0001277844527608291,6m,1m,12m
2015-02-04,gamma0,-7.856481148854249e-05,6m,1m,12m
2015-02-05,gamma0,-0.00011766341124869179,6m,1m,12m
2015-02-06,gamma0,-8.221066071747113e-05,6m,1m,12m
2015-02-09,gamma0,-6.57927541466635e-05,6m,1m,12m
2015-02-10,gamma0,-8.832976747602644e-05,6m,1m,12m
2015-02-11,gamma0,-5.6752196085096255e-05,6m,1m,12m
2015-02-12,gamma0,-0.00011689147980822526,6m,1m,12m
2015-02-13,gamma0,-0.00012316995766880741,6m,1m,12m
2015-02-17,gamma0,-7.563196448120743e-05,6m,1m,12m
2015-02-18,gamma0,-0.0001105415412095063,6m,1m,12m
2015-02-19,gamma0,-0.00012230079135150073,6m,1m,12m
2015-02-20,gamma0,-0.00011993295328097139,6m,1m,12m
2015-02-23,gamma0,-0.00011490681994803276,6m,1m,12m
2015-02-24,gamma0,-0.00015563740746621634,6m,1m,12m
2015-02-25,gamma0,-0.00015206955709159243,6m,1m,12m
2015-02-26,gamma0,-0.0001451025344201841,6m,1m,12m
2015-02-27,gamma0,-0.00017460930621538196,6m,1m,12m
2015-03-02,gamma0,-0.00017107069013364145,6m,1m,12m
2015-03-03,gamma0,-0.00014257759434047323,6m,1m,12m
2015-03-04,gamma0,-0.00013669544156909524,6m,1m,12m
2015-03-05,gamma0,-0.00013764721099879544,6m,1m,12m
2015-03-06,gamma0,-9.898141851660312e-05,6m,1m,12m
2015-03-09,gamma0,-0.000106218874918019,6m,1m,12m
2015-03-10,gamma0,-7.173611916137504e-05,6m,1m,12m
2015-03-11,gamma0,-9.718681288775617e-05,6m,1m,12m
2015-03-12,gamma0,-0.00011556220839475728,6m,1m,12m
2015-03-13,gamma0,-8.234196609887732e-05,6m,1m,12m
2015-03-16,gamma0,-7.550567748694105e-05,6m,1m,12m
2015-03-17,gamma0,-5.91774048324913e-05,6m,1m,12m
2015-03-18,gamma0,-0.0001340186846002359,6m,1m,12m
2015-03-19,gamma0,-0.00016747647162068975,6m,1m,12m
2015-03-20,gamma0,-0.00019013338926320288,6m,1m,12m
2015-03-23,gamma0,-0.00018180211348588468,6m,1m,12m
2015-03-24,gamma0,-0.0001703563672444136,6m,1m,12m
2015-03-25,gamma0,-0.00014446283479156176,6m,1m,12m
2015-03-26,gamma0,-0.00012071648814278193,6m,1m,12m
2015-03-27,gamma0,-0.00013440437676088749,6m,1m,12m
2015-03-30,gamma0,-0.00014231428826460868,6m,1m,12m
2015-03-31,gamma0,-0.00010987349711293702,6m,1m,12m
2015-04-01,gamma0,-0.00011495842788612031,6m,1m,12m
2015-04-02,gamma0,-0.00014046636091913947,6m,1m,12m
2015-04-06,gamma0,-9.262024719532542e-05,6m,1m,12m
2015-04-07,gamma0,-9.182389764692369e-05,6m,1m,12m
2015-04-08,gamma0,-0.00011221002738549045,6m,1m,12m
2015-04-09,gamma0,-0.00012773490136666594,6m,1m,12m
2015-04-10,gamma0,-0.00010658725692399662,6m,1m,12m
2015-04-13,gamma0,-7.516107011330331e-05,6m,1m,12m
2015-04-14,gamma0,-7.338730011832629e-05,6m,1m,12m
2015-04-15,gamma0,-0.00011032570381093726,6m,1m,12m
2015-04-16,gamma0,-0.00010398323834806867,6m,1m,12m
2015-04-17,gamma0,-0.00010102221021997783,6m,1m,12m
2015-04-20,gamma0,-0.0001102223039327663,6m,1m,12m
2015-04-21,gamma0,-0.00012602292496921607,6m,1m,12m
2015-04-22,gamma0,-0.0001429353617231508,6m,1m,12m
2015-04-23,gamma0,-0.00013048779664498822,6m,1m,12m
2015-04-24,gamma0,-0.000149975629537515,6m,1m,12m
2015-04-27,gamma0,-0.0001084002316734554,6m,1m,12m
2015-04-28,gamma0,-0.0001326639037202436,6m,1m,12m
2015-04-29,gamma0,-0.00012428869184577098,6m,1m,12m
2015-04-30,gamma0,-6.931839662432154e-05,6m,1m,12m
2015-05-01,gamma0,-0.00011391910176793615,6m,1m,12m
2015-05-04,gamma0,-0.00010829240245396279,6m,1m,12m
2015-05-05,gamma0,-8.311909891138561e-05,6m,1m,12m
2015-05-06,gamma0,-6.0729550666621034e-05,6m,1m,12m
2015-05-07,gamma0,-4.743927250421058e-05,6m,1m,12m
2015-05-08,gamma0,-0.00012636102060862604,6m,1m,12m
2015-05-11,gamma0,-0.00010055162805558423,6m,1m,12m
2015-05-12,gamma0,-0.0001042362422504564,6m,1m,12m
2015-05-13,gamma0,-0.00011846985253168433,6m,1m,12m
2015-05-14,gamma0,-0.0001208462887744101,6m,1m,12m
2015-05-15,gamma0,-0.00014599137687383853,6m,1m,12m
2015-05-18,gamma0,-8.821432725566332e-05,6m,1m,12m
2015-05-19,gamma0,-8.635822340088877e-05,6m,1m,12m
2015-05-20,gamma0,-6.400666052722396e-05,6m,1m,12m
2015-05-21,gamma0,-8.522628080451487e-05,6m,1m,12m
2015-05-22,gamma0,-9.201021711562631e-05,6m,1m,12m
2015-05-26,gamma0,-5.6111172520979956e-05,6m,1m,12m
2015-05-27,gamma0,-5.931467003320028e-05,6m,1m,12m
2015-05-28,gamma0,-8.054199171469413e-05,6m,1m,12m
2015-05-29,gamma0,-8.198195625236538e-05,6m,1m,12m
2015-06-01,gamma0,-5.8226468482260466e-05,6m,1m,12m
2015-06-02,gamma0,-5.197273018791031e-05,6m,1m,12m
2015-06-03,gamma0,-7.027773162409368e-05,6m,1m,12m
2015-06-04,gamma0,-3.575923672945504e-05,6m,1m,12m
2015-06-05,gamma0,-9.679259550544176e-05,6m,1m,12m
2015-06-08,gamma0,-7.070411126577729e-05,6m,1m,12m
2015-06-09,gamma0,-9.095452661836302e-05,6m,1m,12m
2015-06-10,gamma0,-8.846442457980282e-05,6m,1m,12m
2015-06-11,gamma0,-0.00010511912905522124,6m,1m,12m
2015-06-12,gamma0,-5.216733563796408e-05,6m,1m,12m
2015-06-15,gamma0,-1.9421527620802967e-05,6m,1m,12m
2015-06-16,gamma0,-1.1134306412335506e-05,6m,1m,12m
2015-06-17,gamma0,-7.545396964566797e-05,6m,1m,12m
2015-06-18,gamma0,-9.829278764984627e-05,6m,1m,12m
2015-06-19,gamma0,-6.989118606919832e-05,6m,1m,12m
2015-06-22,gamma0,-0.00010637207550630109,6m,1m,12m
2015-06-23,gamma0,-0.000107850624972897,6m,1m,12m
2015-06-24,gamma0,-8.309763699277954e-05,6m,1m,12m
2015-06-25,gamma0,-4.986481892877627e-05,6m,1m,12m
2015-06-26,gamma0,-5.6179836984708855e-05,6m,1m,12m
2015-06-29,gamma0,7.632458655767335e-05,6m,1m,12m
2015-06-30,gamma0,2.157905334968189e-05,6m,1m,12m
2015-07-01,gamma0,-2.2901636130299495e-05,6m,1m,12m
2015-07-02,gamma0,-4.467963938022815e-05,6m,1m,12m
2015-07-06,gamma0,-3.0496558609544432e-05,6m,1m,12m
2015-07-07,gamma0,-3.589415679098274e-05,6m,1m,12m
2015-07-08,gamma0,3.700541426026959e-05,6m,1m,12m
2015-07-09,gamma0,5.334341494278348e-05,6m,1m,12m
2015-07-10,gamma0,-1.1548695578213075e-05,6m,1m,12m
2015-07-13,gamma0,-6.780888600999442e-05,6m,1m,12m
2015-07-14,gamma0,-9.178354576534329e-05,6m,1m,12m
2015-07-15,gamma0,-5.568394031908448e-05,6m,1m,12m
2015-07-16,gamma0,-0.00012397051221042164,6m,1m,12m
2015-07-17,gamma0,-0.00011115879773201784,6m,1m,12m
2015-07-20,gamma0,-9.116815267108487e-05,6m,1m,12m
2015-07-21,gamma0,-9.378795441093281e-05,6m,1m,12m
2015-07-22,gamma0,-9.156810287839369e-05,6m,1m,12m
2015-07-23,gamma0,-7.689964350599594e-05,6m,1m,12m
2015-07-24,gamma0,-5.38336899850156e-05,6m,1m,12m
2015-07-27,gamma0,-1.6309928659523225e-05,6m,1m,12m
2015-07-28,gamma0,-7.315175655269092e-05,6m,1m,12m
2015-07-29,gamma0,-0.00011409158856919024,6m,1m,12m
2015-07-30,gamma0,-0.00011343528298064312,6m,1m,12m
2015-07-31,gamma0,-0.0001303759504569857,6m,1m,12m
2015-08-03,gamma0,-0.00013231413007117456,6m,1m,12m
2015-08-04,gamma0,-0.00013168045851899096,6m,1m,12m
2015-08-05,gamma0,-0.00014724102955358348,6m,1m,12m
2015-08-06,gamma0,-0.0001048981136464227,6m,1m,12m
2015-08-07,gamma0,-0.00012106050138721789,6m,1m,12m
2015-08-10,gamma0,-0.00014207005228482746,6m,1m,12m
2015-08-11,gamma0,-0.00010823880031162202,6m,1m,12m
2015-08-12,gamma0,-0.000115390230081629,6m,1m,12m
2015-08-13,gamma0,-0.00010031277500978291,6m,1m,12m
2015-08-14,gamma0,-0.00011807004593023767,6m,1m,12m
2015-08-17,gamma0,-8.072278202247613e-05,6m,1m,12m
2015-08-18,gamma0,-2.6149803630369658e-05,6m,1m,12m
2015-08-19,gamma0,-2.049801345409154e-05,6m,1m,12m
2015-08-20,gamma0,8.475531073402523e-05,6m,1m,12m
2015-08-21,gamma0,0.00033915758698728195,6m,1m,12m
2015-08-24,gamma0,0.0006610946009084108,6m,1m,12m
2015-08-25,gamma0,0.0005258822318326892,6m,1m,12m
2015-08-26,gamma0,0.00033575165759566506,6m,1m,12m
2015-08-27,gamma0,0.0001977313755774471,6m,1m,12m
2015-08-28,gamma0,0.00015706583729465187,6m,1m,12m
2015-08-31,gamma0,0.00015607528054327257,6m,1m,12m
2015-09-01,gamma0,0.00026553762045672716,6m,1m,12m
2015-09-02,gamma0,0.00011371624694068218,6m,1m,12m
2015-09-03,gamma0,6.029183654670216e-05,6m,1m,12m
2015-09-04,gamma0,9.885782822471444e-05,6m,1m,12m
2015-09-08,gamma0,1.7631612485851287e-05,6m,1m,12m
2015-09-09,gamma0,0.0001194987335991384,6m,1m,12m
2015-09-10,gamma0,7.465858908480252e-05,6m,1m,12m
2015-09-11,gamma0,4.2630502954301705e-05,6m,1m,12m
2015-09-14,gamma0,2.2254236190549534e-05,6m,1m,12m
2015-09-15,gamma0,5.128617965862753e-05,6m,1m,12m
2015-09-16,gamma0,4.282523991695921e-05,6m,1m,12m
2015-09-17,gamma0,5.385838752867466e-05,6m,1m,12m
2015-09-18,gamma0,6.267362383335085e-05,6m,1m,12m
2015-09-21,gamma0,-2.711298929611296e-05,6m,1m,12m
2015-09-22,gamma0,1.7513661510941354e-05,6m,1m,12m
2015-09-23,gamma0,-8.56387813173228e-06,6m,1m,12m
2015-09-24,gamma0,1.5445734368800473e-05,6m,1m,12m
2015-09-25,gamma0,1.0732252609846244e-05,6m,1m,12m
2015-09-28,gamma0,0.00013784241119470277,6m,1m,12m
2015-09-29,gamma0,0.00010815895167076647,6m,1m,12m
2015-09-30,gamma0,6.0743726674056904e-05,6m,1m,12m
2015-10-01,gamma0,3.107906122333011e-05,6m,1m,12m
2015-10-02,gamma0,4.646651466274849e-06,6m,1m,12m
2015-10-05,gamma0,-2.1689572440368723e-05,6m,1m,12m
2015-10-06,gamma0,-3.2653760769550954e-05,6m,1m,12m
2015-10-07,gamma0,-4.376649958136284e-05,6m,1m,12m
2015-10-08,gamma0,-5.575705339110229e-05,6m,1m,12m
2015-10-09,gamma0,-7.283558623692034e-05,6m,1m,12m
2015-10-12,gamma0,-7.619008507493255e-05,6m,1m,12m
2015-10-13,gamma0,-5.679197877625481e-05,6m,1m,12m
2015-10-14,gamma0,-6.505130524510645e-05,6m,1m,12m
2015-10-15,gamma0,-0.00010055283626197182,6m,1m,12m
2015-10-16,gamma0,-0.0001432969658167702,6m,1m,12m
2015-10-19,gamma0,-0.00011137372202314428,6m,1m,12m
2015-10-20,gamma0,-7.669522153520012e-05,6m,1m,12m
2015-10-21,gamma0,-8.303621589995541e-05,6m,1m,12m
2015-10-22,gamma0,-0.00010197303669347436,6m,1m,12m
2015-10-23,gamma0,-0.00010570846941758278,6m,1m,12m
2015-10-26,gamma0,-8.022139361312877e-05,6m,1m,12m
2015-10-27,gamma0,-6.677012556421937e-05,6m,1m,12m
2015-10-28,gamma0,-9.508402288451766e-05,6m,1m,12m
2015-10-29,gamma0,-9.132902450163087e-05,6m,1m,12m
2015-10-30,gamma0,-9.875442786496488e-05,6m,1m,12m
2015-11-02,gamma0,-7.995797390035196e-05,6m,1m,12m
2015-11-03,gamma0,-6.197986694075566e-05,6m,1m,12m
2015-11-04,gamma0,-4.0682477258032764e-05,6m,1m,12m
2015-11-05,gamma0,-6.687549692077581e-05,6m,1m,12m
2015-11-06,gamma0,-8.796052472171357e-05,6m,1m,12m
2015-11-09,gamma0,-4.266798319084291e-05,6m,1m,12m
2015-11-10,gamma0,-6.823767888278842e-05,6m,1m,12m
2015-11-11,gamma0,-5.1265291906063155e-05,6m,1m,12m
2015-11-12,gamma0,-4.030367133702362e-05,6m,1m,12m
2015-11-13,gamma0,-1.1817906315870794e-05,6m,1m,12m
2015-11-16,gamma0,-1.184749752540138e-05,6m,1m,12m
2015-11-17,gamma0,1.4106484637216494e-05,6m,1m,12m
2015-11-18,gamma0,-5.5473085122006803e-05,6m,1m,12m
2015-11-19,gamma0,-6.631232144993916e-05,6m,1m,12m
2015-11-20,gamma0,-0.00010681120422939761,6m,1m,12m
2015-11-23,gamma0,-0.000121344107916355,6m,1m,12m
2015-11-24,gamma0,-0.0001393490396231146,6m,1m,12m
2015-11-25,gamma0,-0.0001469530835080938,6m,1m,12m
2015-11-27,gamma0,-0.00013472715245807125,6m,1m,12m
2015-11-30,gamma0,-0.0001122798463945089,6m,1m,12m
2015-12-01,gamma0,-0.00015445060520394147,6m,1m,12m
2015-12-02,gamma0,-9.708274502992177e-05,6m,1m,12m
2015-12-03,gamma0,-6.257398259482725e-05,6m,1m,12m
2015-12-04,gamma0,-0.00014312505474756412,6m,1m,12m
2015-12-07,gamma0,-0.000123468364643086,6m,1m,12m
2015-12-08,gamma0,-6.685167024721327e-05,6m,1m,12m
2015-12-09,gamma0,-1.2758794565171588e-05,6m,1m,12m
2015-12-10,gamma0,-2.6200211344847906e-05,6m,1m,12m
2015-12-11,gamma0,9.300941394238985e-05,6m,1m,12m
2015-12-14,gamma0,5.616556664392906e-05,6m,1m,12m
2015-12-15,gamma0,2.5269036548985675e-05,6m,1m,12m
2015-12-16,gamma0,-2.0193360381304166e-05,6m,1m,12m
2015-12-17,gamma0,-2.7962919414586173e-05,6m,1m,12m
2015-12-18,gamma0,-2.8201132804661294e-05,6m,1m,12m
2015-12-21,gamma0,-6.562582808337763e-05,6m,1m,12m
2015-12-22,gamma0,-0.00010679275667686104,6m,1m,12m
2015-12-23,gamma0,-0.00015897160376545099,6m,1m,12m
2015-12-24,gamma0,-0.00014423257714362401,6m,1m,12m
2015-12-28,gamma0,-0.00011083225780166193,6m,1m,12m
2015-12-29,gamma0,-0.00010161061448028416,6m,1m,12m
2015-12-30,gamma0,-6.857841023626821e-05,6m,1m,12m
2015-12-31,gamma0,-6.854519042549134e-05,6m,1m,12m
2016-01-04,gamma0,9.318547596232784e-06,6m,1m,12m
2016-01-05,gamma0,-2.2492328176596644e-05,6m,1m,12m
2016-01-06,gamma0,1.2514617033669235e-05,6m,1m,12m
2016-01-07,gamma0,0.00012386704424159145,6m,1m,12m
2016-01-08,gamma0,0.000127825607160664,6m,1m,12m
2016-01-11,gamma0,5.955602372513397e-05,6m,1m,12m
2016-01-12,gamma0,2.3490579051059747e-05,6m,1m,12m
2016-01-13,gamma0,6.097651073149462e-05,6m,1m,12m
2016-01-14,gamma0,7.75555418603504e-05,6m,1m,12m
2016-01-15,gamma0,0.0001445682193165124,6m,1m,12m
2016-01-19,gamma0,8.69059188524576e-05,6m,1m,12m
2016-01-20,gamma0,0.00016212745292988774,6m,1m,12m
2016-01-21,gamma0,0.00011384419715398215,6m,1m,12m
2016-01-22,gamma0,-2.6664654040428893e-05,6m,1m,12m
2016-01-25,gamma0,4.116830389188737e-05,6m,1m,12m
2016-01-26,gamma0,1.1998796078342945e-05,6m,1m,12m
2016-01-27,gamma0,-1.899823244815481e-07,6m,1m,12m
2016-01-28,gamma0,-4.324928291304045e-05,6m,1m,12m
2016-01-29,gamma0,-7.327886363567209e-05,6m,1m,12m
2016-02-01,gamma0,-6.856611691357043e-05,6m,1m,12m
2016-02-02,gamma0,-2.6439700466871866e-05,6m,1m,12m
2016-02-03,gamma0,-2.4573915791964255e-05,6m,1m,12m
2016-02-04,gamma0,-4.763088184075192e-05,6m,1m,12m
2016-02-05,gamma0,-1.9038700264918876e-05,6m,1m,12m
2016-02-08,gamma0,6.0030747555679976e-05,6m,1m,12m
2016-02-09,gamma0,5.447818626282118e-05,6m,1m,12m
2016-02-10,gamma0,6.528763447437092e-05,6m,1m,12m
2016-02-11,gamma0,9.12001897797765e-05,6m,1m,12m
2016-02-12,gamma0,-2.0139644860635114e-05,6m,1m,12m
2016-02-16,gamma0,5.132088341380761e-06,6m,1m,12m
2016-02-17,gamma0,-2.951764167447943e-05,6m,1m,12m
2016-02-18,gamma0,-4.693202545065592e-05,6m,1m,12m
2016-02-19,gamma0,-7.086527501658422e-05,6m,1m,12m
2016-02-22,gamma0,-8.144362566980065e-05,6m,1m,12m
2016-02-23,gamma0,-3.450776878502405e-05,6m,1m,12m
2016-02-24,gamma0,-2.8976713216856622e-05,6m,1m,12m
2016-02-25,gamma0,-7.084843487853512e-05,6m,1m,12m
2016-02-26,gamma0,-6.065057013470219e-05,6m,1m,12m
2016-02-29,gamma0,-4.591923586317837e-05,6m,1m,12m
2016-03-01,gamma0,-9.418598010195037e-05,6m,1m,12m
2016-03-02,gamma0,-0.00011282324023007275,6m,1m,12m
2016-03-03,gamma0,-0.00011479727697216662,6m,1m,12m
2016-03-04,gamma0,-0.00012665900434889488,6m,1m,12m
2016-03-07,gamma0,-0.00010520018217553789,6m,1m,12m
2016-03-08,gamma0,-8.076828182048807e-05,6m,1m,12m
2016-03-09,gamma0,-8.723398792189843e-05,6m,1m,12m
2016-03-10,gamma0,-8.703439609352997e-05,6m,1m,12m
2016-03-11,gamma0,-0.00012880108233132134,6m,1m,12m
2016-03-14,gamma0,-9.025133838320984e-05,6m,1m,12m
2016-03-15,gamma0,-9.865830060739544e-05,6m,1m,12m
2016-03-16,gamma0,-0.00014726029196749632,6m,1m,12m
2016-03-17,gamma0,-0.0001591611623387943,6m,1m,12m
2016-03-18,gamma0,-0.00019900472096567764,6m,1m,12m
2016-03-21,gamma0,-0.00022397202244373764,6m,1m,12m
2016-03-22,gamma0,-0.00018438800891514579,6m,1m,12m
2016-03-23,gamma0,-0.00018290652797003267,6m,1m,12m
2016-03-24,gamma0,-0.00019415367754758878,6m,1m,12m
2016-03-28,gamma0,-0.00017897603688165557,6m,1m,12m
2016-03-29,gamma0,-0.0002060053147209943,6m,1m,12m
2016-03-30,gamma0,-0.00019932128718389713,6m,1m,12m
2016-03-31,gamma0,-0.00019262755611035865,6m,1m,12m
2016-04-01,gamma0,-0.00021430550735100618,6m,1m,12m
2016-04-04,gamma0,-0.00017798781909389146,6m,1m,12m
2016-04-05,gamma0,-0.00014717295499307317,6m,1m,12m
2016-04-06,gamma0,-0.00021505735111723552,6m,1m,12m
2016-04-07,gamma0,-0.00013037700435277843,6m,1m,12m
2016-04-08,gamma0,-0.00017526470026882373,6m,1m,12m
2016-04-11,gamma0,-0.00015555820274995789,6m,1m,12m
2016-04-12,gamma0,-0.00017898580047770885,6m,1m,12m
2016-04-13,gamma0,-0.00018678473491658945,6m,1m,12m
2016-04-14,gamma0,-0.00020864099931447813,6m,1m,12m
2016-04-15,gamma0,-0.00020181174791175202,6m,1m,12m
2016-04-18,gamma0,-0.0001685880984494473,6m,1m,12m
2016-04-19,gamma0,-0.00014863110523428134,6m,1m,12m
2016-04-20,gamma0,-0.00015655346729882055,6m,1m,12m
2016-04-21,gamma0,-0.00016741915531506612,6m,1m,12m
2016-04-22,gamma0,-0.0001856929117171949,6m,1m,12m
2016-04-25,gamma0,-0.00018644523272377732,6m,1m,12m
2016-04-26,gamma0,-0.00017314162962490424,6m,1m,12m
2016-04-27,gamma0,-0.000174679456879993,6m,1m,12m
2016-04-28,gamma0,-0.00014525192061166242,6m,1m,12m
2016-04-29,gamma0,-0.00014278946429901774,6m,1m,12m
2016-05-02,gamma0,-0.0002034786142481192,6m,1m,12m
2016-05-03,gamma0,-0.0001733517362469028,6m,1m,12m
2016-05-04,gamma0,-0.00014198329489512168,6m,1m,12m
2016-05-05,gamma0,-0.0001648252688950202,6m,1m,12m
2016-05-06,gamma0,-0.0001926739330673618,6m,1m,12m
2016-05-09,gamma0,-0.00019072050882883062,6m,1m,12m
2016-05-10,gamma0,-0.00013903205177891702,6m,1m,12m
2016-05-11,gamma0,-0.00013702517971480314,6m,1m,12m
2016-05-12,gamma0,-0.00015586104217677952,6m,1m,12m
2016-05-13,gamma0,-0.00012131274093897709,6m,1m,12m
2016-05-16,gamma0,-9.78470716744591e-05,6m,1m,12m
2016-05-17,gamma0,-8.243318323515103e-05,6m,1m,12m
2016-05-18,gamma0,-7.348006427413888e-05,6m,1m,12m
2016-05-19,gamma0,-7.675698854695735e-05,6m,1m,12m
2016-05-20,gamma0,-0.00011749438908415449,6m,1m,12m
2016-05-23,gamma0,-0.00010546545746964808,6m,1m,12m
2016-05-24,gamma0,-9.16246040196352e-05,6m,1m,12m
2016-05-25,gamma0,-0.00013111303695590262,6m,1m,12m
2016-05-26,gamma0,-0.0001368358920786304,6m,1m,12m
2016-05-27,gamma0,-0.00014890061039374042,6m,1m,12m
2016-05-31,gamma0,-0.00014701608176298817,6m,1m,12m
2016-06-01,gamma0,-0.00012670301409047104,6m,1m,12m
2016-06-02,gamma0,-0.0001523141540718999,6m,1m,12m
2016-06-03,gamma0,-8.383859943124782e-05,6m,1m,12m
2016-06-06,gamma0,-0.00010002921306475108,6m,1m,12m
2016-06-07,gamma0,-0.00013282255649407825,6m,1m,12m
2016-06-08,gamma0,-8.516998376019983e-05,6m,1m,12m
2016-06-09,gamma0,-0.00013101151369494162,6m,1m,12m
2016-06-10,gamma0,-8.06959633352037e-05,6m,1m,12m
2016-06-13,gamma0,-3.819531524692869e-05,6m,1m,12m
2016-06-14,gamma0,-4.8996410055995374e-05,6m,1m,12m
2016-06-15,gamma0,-3.155069740038044e-05,6m,1m,12m
2016-06-16,gamma0,-7.658852329605833e-05,6m,1m,12m
2016-06-17,gamma0,-8.421785261616502e-05,6m,1m,12m
2016-06-20,gamma0,-7.950710759135982e-05,6m,1m,12m
2016-06-21,gamma0,-6.256524365660281e-05,6m,1m,12m
2016-06-22,gamma0,6.0713323656736984e-05,6m,1m,12m
2016-06-23,gamma0,-1.745615356143805e-05,6m,1m,12m
2016-06-24,gamma0,6.796396621835011e-05,6m,1m,12m
2016-06-27,gamma0,7.330096113233989e-05,6m,1m,12m
2016-06-28,gamma0,-7.537141388583453e-05,6m,1m,12m
2016-06-29,gamma0,-8.639139889230227e-05,6m,1m,12m
2016-06-30,gamma0,-0.00012653831285600216,6m,1m,12m
2016-07-01,gamma0,-0.00014276840935704702,6m,1m,12m
2016-07-05,gamma0,-8.125150930852934e-05,6m,1m,12m
2016-07-06,gamma0,-7.43640460726176e-05,6m,1m,12m
2016-07-07,gamma0,-8.241221023118211e-05,6m,1m,12m
2016-07-08,gamma0,-0.00011231842941211499,6m,1m,12m
2016-07-11,gamma0,-9.928610537522142e-05,6m,1m,12m
2016-07-12,gamma0,-0.00017923871929681414,6m,1m,12m
2016-07-13,gamma0,-0.00013401834858446432,6m,1m,12m
2016-07-14,gamma0,-0.00012781760311768227,6m,1m,12m
2016-07-15,gamma0,-0.00015715340183694007,6m,1m,12m
2016-07-18,gamma0,-0.00012845699591461363,6m,1m,12m
2016-07-19,gamma0,-0.00016341905190414083,6m,1m,12m
2016-07-20,gamma0,-0.0002111697668983137,6m,1m,12m
2016-07-21,gamma0,-0.00021190288001331402,6m,1m,12m
2016-07-22,gamma0,-0.00023554353345109938,6m,1m,12m
2016-07-25,gamma0,-0.00023791041741537703,6m,1m,12m
2016-07-26,gamma0,-0.0002642669836672849,6m,1m,12m
2016-07-27,gamma0,-0.00024305677996698183,6m,1m,12m
2016-07-28,gamma0,-0.00024288371870289385,6m,1m,12m
2016-07-29,gamma0,-0.00025238633103201024,6m,1m,12m
2016-08-01,gamma0,-0.0002423027418335782,6m,1m,12m
2016-08-02,gamma0,-0.0002494437857000489,6m,1m,12m
2016-08-03,gamma0,-0.00025800417354797156,6m,1m,12m
2016-08-04,gamma0,-0.0002726407435379044,6m,1m,12m
2016-08-05,gamma0,-0.00026873746300891833,6m,1m,12m
2016-08-08,gamma0,-0.00030176187137502937,6m,1m,12m
2016-08-09,gamma0,-0.00019778054636437225,6m,1m,12m
2016-08-10,gamma0,-0.0001315063292661163,6m,1m,12m
2016-08-11,gamma0,-0.00013453592055382249,6m,1m,12m
2016-08-12,gamma0,-0.00015146350612529587,6m,1m,12m
2016-08-15,gamma0,-0.00012191337085799063,6m,1m,12m
2016-08-16,gamma0,-9.91320066593004e-05,6m,1m,12m
2016-08-17,gamma0,-0.00011053312546709145,6m,1m,12m
2016-08-18,gamma0,-0.0001578730679929876,6m,1m,12m
2016-08-19,gamma0,-0.00015754116653378565,6m,1m,12m
2016-08-22,gamma0,-0.00013690730367591012,6m,1m,12m
2016-08-23,gamma0,-0.0001471189447774493,6m,1m,12m
2016-08-24,gamma0,-8.507798617746152e-05,6m,1m,12m
2016-08-25,gamma0,-8.83983277774574e-05,6m,1m,12m
2016-08-26,gamma0,-0.00010992515252887857,6m,1m,12m
2016-08-29,gamma0,-0.00013581426579274382,6m,1m,12m
2016-08-30,gamma0,-0.00013280422260823817,6m,1m,12m
2016-08-31,gamma0,-0.00014959151765675928,6m,1m,12m
2016-09-01,gamma0,-0.00014333033488482522,6m,1m,12m
2016-09-02,gamma0,-0.00023513390716071894,6m,1m,12m
2016-09-06,gamma0,-0.00024541387564083793,6m,1m,12m
2016-09-07,gamma0,-0.00018532218380827982,6m,1m,12m
2016-09-08,gamma0,-0.00018972761691929115,6m,1m,12m
2016-09-09,gamma0,-3.8166214682018026e-05,6m,1m,12m
2016-09-12,gamma0,-7.023825090808585e-05,6m,1m,12m
2016-09-13,gamma0,1.3245350893838643e-05,6m,1m,12m
2016-09-14,gamma0,-2.427653174848875e-05,6m,1m,12m
2016-09-15,gamma0,-7.940747728502537e-05,6m,1m,12m
2016-09-16,gamma0,-9.828587055717386e-05,6m,1m,12m
2016-09-19,gamma0,-0.00010023265269635528,6m,1m,12m
2016-09-20,gamma0,-8.245317237058824e-05,6m,1m,12m
2016-09-21,gamma0,-0.00015081712376640801,6m,1m,12m
2016-09-22,gamma0,-0.00019041876794237018,6m,1m,12m
2016-09-23,gamma0,-0.00016526273520874334,6m,1m,12m
2016-09-26,gamma0,-0.00011661837353361471,6m,1m,12m
2016-09-27,gamma0,-0.00016693134154038147,6m,1m,12m
2016-09-28,gamma0,-0.00019215603600420967,6m,1m,12m
2016-09-29,gamma0,-0.00015036221845448196,6m,1m,12m
2016-09-30,gamma0,-0.00017879212460260747,6m,1m,12m
2016-10-03,gamma0,-0.00017450208184602252,6m,1m,12m
2016-10-04,gamma0,-0.00016095063847233022,6m,1m,12m
2016-10-05,gamma0,-0.00018669124148454732,6m,1m,12m
2016-10-06,gamma0,-0.0001795914445907311,6m,1m,12m
2016-10-07,gamma0,-0.00016389855349517672,6m,1m,12m
2016-10-10,gamma0,-0.0001261450803117896,6m,1m,12m
2016-10-11,gamma0,-7.556070119912264e-05,6m,1m,12m
2016-10-12,gamma0,-8.244494486435468e-05,6m,1m,12m
2016-10-13,gamma0,-5.8740845365703176e-05,6m,1m,12m
2016-10-14,gamma0,-0.00010966388304522677,6m,1m,12m
2016-10-17,gamma0,-8.583810112985774e-05,6m,1m,12m
2016-10-18,gamma0,-0.0001011304062235939,6m,1m,12m
2016-10-19,gamma0,-8.719884789527241e-05,6m,1m,12m
2016-10-20,gamma0,-0.00010619378711722335,6m,1m,12m
2016-10-21,gamma0,-0.00011429481061551471,6m,1m,12m
2016-10-24,gamma0,-0.0001347876444677923,6m,1m,12m
2016-10-25,gamma0,-0.00010565467418672912,6m,1m,12m
2016-10-26,gamma0,-8.412929994514642e-05,6m,1m,12m
2016-10-27,gamma0,-9.162584589408151e-05,6m,1m,12m
2016-10-28,gamma0,-5.8148022562975684e-05,6m,1m,12m
2016-10-31,gamma0,-1.7877232822681963e-05,6m,1m,12m
2016-11-01,gamma0,3.928622407336493e-05,6m,1m,12m
2016-11-02,gamma0,5.967966353030914e-05,6m,1m,12m
2016-11-03,gamma0,0.00016928577568441164,6m,1m,12m
2016-11-04,gamma0,0.00016741599063097379,6m,1m,12m
2016-11-07,gamma0,5.430011616089824e-05,6m,1m,12m
2016-11-08,gamma0,5.3389338468606834e-05,6m,1m,12m
2016-11-09,gamma0,-3.7053603538850704e-05,6m,1m,12m
2016-11-10,gamma0,-4.1862320174624375e-05,6m,1m,12m
2016-11-11,gamma0,-0.00012609877973809142,6m,1m,12m
2016-11-14,gamma0,-6.912492592685937e-05,6m,1m,12m
2016-11-15,gamma0,-4.910921204074433e-05,6m,1m,12m
2016-11-16,gamma0,-4.408311290095649e-05,6m,1m,12m
2016-11-17,gamma0,-7.597444242081567e-05,6m,1m,12m
2016-11-18,gamma0,-0.00015379650002624392,6m,1m,12m
2016-11-21,gamma0,-0.00019896689386458512,6m,1m,12m
2016-11-22,gamma0,-0.00021107453603630877,6m,1m,12m
2016-11-23,gamma0,-0.00017372627284764825,6m,1m,12m
2016-11-25,gamma0,-0.00017914490463983443,6m,1m,12m
2016-11-28,gamma0,-0.00022498757584983703,6m,1m,12m
2016-11-29,gamma0,-0.00018452949850432,6m,1m,12m
2016-11-30,gamma0,-0.00013485175964591883,6m,1m,12m
2016-12-01,gamma0,-0.00013386902334956575,6m,1m,12m
2016-12-02,gamma0,-0.00019786500454035548,6m,1m,12m
2016-12-05,gamma0,-0.00017009218627444514,6m,1m,12m
2016-12-06,gamma0,-0.00022472347620257208,6m,1m,12m
2016-12-07,gamma0,-0.00011737189929408416,6m,1m,12m
2016-12-08,gamma0,-0.00014436138491647624,6m,1m,12m
2016-12-09,gamma0,-0.00024353017225359766,6m,1m,12m
2016-12-12,gamma0,-0.00022810586005609827,6m,1m,12m
2016-12-13,gamma0,-0.00021143347265811094,6m,1m,12m
2016-12-14,gamma0,-0.00015140134196219964,6m,1m,12m
2016-12-15,gamma0,-0.00021298266872290568,6m,1m,12m
2016-12-16,gamma0,-0.00024455588236254374,6m,1m,12m
2016-12-19,gamma0,-0.00028695542820386406,6m,1m,12m
2016-12-20,gamma0,-0.0002290969601882447,6m,1m,12m
2016-12-21,gamma0,-0.00026300563593457504,6m,1m,12m
2016-12-22,gamma0,-0.00023717808249908365,6m,1m,12m
2016-12-23,gamma0,-0.0002894080458554859,6m,1m,12m
2016-12-27,gamma0,-0.00021430770235061816,6m,1m,12m
2016-12-28,gamma0,-0.00014930330621897752,6m,1m,12m
2016-12-29,gamma0,-0.00013750840997265896,6m,1m,12m
2016-12-30,gamma0,-0.0001518016481724818,6m,1m,12m
2017-01-03,gamma0,-0.00013721247967961257,6m,1m,12m
2017-01-04,gamma0,-0.00011996322146868493,6m,1m,12m
2017-01-05,gamma0,-0.00013163951147416995,6m,1m,12m
2017-01-06,gamma0,-0.00018353310708687178,6m,1m,12m
2017-01-09,gamma0,-0.00017315630737738515,6m,1m,12m
2017-01-10,gamma0,-0.00018730329060939266,6m,1m,12m
2017-01-11,gamma0,-0.0001433729946038819,6m,1m,12m
2017-01-12,gamma0,-0.00013630163395077265,6m,1m,12m
2017-01-13,gamma0,-0.00020221368518185637,6m,1m,12m
2017-01-17,gamma0,-8.580118495940085e-05,6m,1m,12m
2017-01-18,gamma0,-4.8386528784514704e-05,6m,1m,12m
2017-01-19,gamma0,-3.73098138101613e-05,6m,1m,12m
2017-01-20,gamma0,-0.00016309752644044128,6m,1m,12m
2017-01-23,gamma0,-0.00017873651832220526,6m,1m,12m
2017-01-24,gamma0,-0.00014170383638416589,6m,1m,12m
2017-01-25,gamma0,-0.00010526311166655096,6m,1m,12m
2017-01-26,gamma0,-0.00011533051411853564,6m,1m,12m
2017-01-27,gamma0,-0.00013276821187341363,6m,1m,12m
2017-01-30,gamma0,-9.339552349549841e-05,6m,1m,12m
2017-01-31,gamma0,-0.00012432806866406707,6m,1m,12m
2017-02-01,gamma0,-0.00010889453195111368,6m,1m,12m
2017-02-02,gamma0,-6.636979876582748e-05,6m,1m,12m
2017-02-03,gamma0,-0.00013596991032461224,6m,1m,12m
2017-02-06,gamma0,-0.00010934781340530098,6m,1m,12m
2017-02-07,gamma0,-0.00011826576648348917,6m,1m,12m
2017-02-08,gamma0,-0.00013903614177834258,6m,1m,12m
2017-02-09,gamma0,-0.00011693827184685264,6m,1m,12m
2017-02-10,gamma0,-0.00016178916661178515,6m,1m,12m
2017-02-13,gamma0,-7.768047808999045e-05,6m,1m,12m
2017-02-14,gamma0,-3.099782925545985e-05,6m,1m,12m
2017-02-15,gamma0,2.3025629158634063e-05,6m,1m,12m
2017-02-16,gamma0,-1.1718873384521198e-05,6m,1m,12m
2017-02-17,gamma0,-0.00010708484440439461,6m,1m,12m
2017-02-21,gamma0,-0.0001032720904227577,6m,1m,12m
2017-02-22,gamma0,-9.653495428459604e-05,6m,1m,12m
2017-02-23,gamma0,-0.00014203705367239403,6m,1m,12m
2017-02-24,gamma0,-0.00022991604266352125,6m,1m,12m
2017-02-27,gamma0,-0.00017900321769320792,6m,1m,12m
2017-02-28,gamma0,-0.00015596637397290476,6m,1m,12m
2017-03-01,gamma0,-9.676944031070297e-05,6m,1m,12m
2017-03-02,gamma0,-9.610285166240089e-05,6m,1m,12m
2017-03-03,gamma0,-0.00017329820524293789,6m,1m,12m
2017-03-06,gamma0,-0.00018177330548295939,6m,1m,12m
2017-03-07,gamma0,-0.00017281728302332783,6m,1m,12m
2017-03-08,gamma0,-0.00014349842194335757,6m,1m,12m
2017-03-09,gamma0,-0.00015074958879849156,6m,1m,12m
2017-03-10,gamma0,-0.000218460677817692,6m,1m,12m
2017-03-13,gamma0,-0.00020298223763565062,6m,1m,12m
2017-03-14,gamma0,-0.00014872526503922738,6m,1m,12m
2017-03-15,gamma0,-0.00015422459951166102,6m,1m,12m
2017-03-16,gamma0,-0.00015074915850092228,6m,1m,12m
2017-03-17,gamma0,-0.00021696855886788518,6m,1m,12m
2017-03-20,gamma0,-0.00018917226341486271,6m,1m,12m
2017-03-21,gamma0,-8.932225961730329e-05,6m,1m,12m
2017-03-22,gamma0,-5.2836959860909173e-05,6m,1m,12m
2017-03-23,gamma0,-6.487440334423375e-05,6m,1m,12m
2017-03-24,gamma0,-0.00012525802891259736,6m,1m,12m
2017-03-27,gamma0,-9.187344924246947e-05,6m,1m,12m
2017-03-28,gamma0,-0.00012952641860509883,6m,1m,12m
2017-03-29,gamma0,-8.075916463624717e-05,6m,1m,12m
2017-03-30,gamma0,-6.640543043504561e-05,6m,1m,12m
2017-03-31,gamma0,-8.009785218146011e-05,6m,1m,12m
2017-04-03,gamma0,-8.060176759914668e-05,6m,1m,12m
2017-04-04,gamma0,-0.00010132886343016932,6m,1m,12m
2017-04-05,gamma0,-6.393198185841812e-05,6m,1m,12m
2017-04-06,gamma0,-7.145150341021677e-05,6m,1m,12m
2017-04-07,gamma0,-9.409319543345254e-05,6m,1m,12m
2017-04-10,gamma0,-3.442951508676754e-05,6m,1m,12m
2017-04-11,gamma0,-2.1611210018644206e-06,6m,1m,12m
2017-04-12,gamma0,4.790836671311123e-05,6m,1m,12m
2017-04-13,gamma0,2.3750956074589013e-05,6m,1m,12m
2017-04-17,gamma0,1.1033873804416432e-05,6m,1m,12m
2017-04-18,gamma0,1.7687438664881328e-05,6m,1m,12m
2017-04-19,gamma0,3.8140933088898394e-05,6m,1m,12m
2017-04-20,gamma0,3.682001679677681e-05,6m,1m,12m
2017-04-21,gamma0,-2.151397325450376e-05,6m,1m,12m
2017-04-24,gamma0,-0.00013725016933220096,6m,1m,12m
2017-04-25,gamma0,-0.00010633900344699413,6m,1m,12m
2017-04-26,gamma0,-8.509848790181384e-05,6m,1m,12m
2017-04-27,gamma0,-0.00012803352011956588,6m,1m,12m
2017-04-28,gamma0,-0.00016184936872671205,6m,1m,12m
2017-05-01,gamma0,-0.00011185393647049201,6m,1m,12m
2017-05-02,gamma0,-0.00010379834509366676,6m,1m,12m
2017-05-03,gamma0,-0.00013165708306511878,6m,1m,12m
2017-05-04,gamma0,-0.00014628027876291687,6m,1m,12m
2017-05-05,gamma0,-0.0001422256904786307,6m,1m,12m
2017-05-08,gamma0,-0.00017319051445305317,6m,1m,12m
2017-05-09,gamma0,-0.00014189195969281458,6m,1m,12m
2017-05-10,gamma0,-0.0001379541080730707,6m,1m,12m
2017-05-11,gamma0,-0.0001407129928117993,6m,1m,12m
2017-05-12,gamma0,-0.0001990320075200004,6m,1m,12m
2017-05-15,gamma0,-0.00018576428098837644,6m,1m,12m
2017-05-16,gamma0,-9.016153632350964e-05,6m,1m,12m
2017-05-17,gamma0,-5.838997055365864e-05,6m,1m,12m
2017-05-18,gamma0,-5.694599438477208e-05,6m,1m,12m
2017-05-19,gamma0,-0.00012911929350316087,6m,1m,12m
2017-05-22,gamma0,-0.00017301429846778614,6m,1m,12m
2017-05-23,gamma0,-0.00014638094748334145,6m,1m,12m
2017-05-24,gamma0,-0.0001701497159729783,6m,1m,12m
2017-05-25,gamma0,-0.00017060688158105247,6m,1m,12m
2017-05-26,gamma0,-0.0002157736585944234,6m,1m,12m
2017-05-30,gamma0,-0.0001789378690978206,6m,1m,12m
2017-05-31,gamma0,-0.0001000313021121961,6m,1m,12m
2017-06-01,gamma0,-0.00016007875475166868,6m,1m,12m
2017-06-02,gamma0,-0.00019201368926829245,6m,1m,12m
2017-06-05,gamma0,-0.00023732301611348279,6m,1m,12m
2017-06-06,gamma0,-0.00019556116739781118,6m,1m,12m
2017-06-07,gamma0,-0.00019801784979302172,6m,1m,12m
2017-06-08,gamma0,-0.00019714742586896732,6m,1m,12m
2017-06-09,gamma0,-0.00019518338393975432,6m,1m,12m
2017-06-12,gamma0,-0.00018016496343798395,6m,1m,12m
2017-06-13,gamma0,-0.00016547749915316257,6m,1m,12m
2017-06-14,gamma0,-0.00014367278856791853,6m,1m,12m
2017-06-15,gamma0,-0.00016402593795759456,6m,1m,12m
2017-06-16,gamma0,-0.00021876925721354935,6m,1m,12m
2017-06-19,gamma0,-0.00013034368421901293,6m,1m,12m
2017-06-20,gamma0,-7.384437781515432e-05,6m,1m,12m
2017-06-21,gamma0,-0.0001191968062959402,6m,1m,12m
2017-06-22,gamma0,-0.00017552805104886158,6m,1m,12m
2017-06-23,gamma0,-0.00017061247486972357,6m,1m,12m
2017-06-26,gamma0,-0.00018400503645004497,6m,1m,12m
2017-06-27,gamma0,-0.00011484937114740824,6m,1m,12m
2017-06-28,gamma0,-0.00014389398067693942,6m,1m,12m
2017-06-29,gamma0,-0.00012319829864232336,6m,1m,12m
2017-06-30,gamma0,-0.00017460433657104704,6m,1m,12m
2017-07-03,gamma0,-0.00017085656300687337,6m,1m,12m
2017-07-05,gamma0,-0.00018430478173046843,6m,1m,12m
2017-07-06,gamma0,-0.00015597224113294002,6m,1m,12m
2017-07-07,gamma0,-0.00021220203520282783,6m,1m,12m
2017-07-10,gamma0,-0.00021273504498734922,6m,1m,12m
2017-07-11,gamma0,-0.00019612582507275717,6m,1m,12m
2017-07-12,gamma0,-0.00019921389588330114,6m,1m,12m
2017-07-13,gamma0,-0.00024868183195621063,6m,1m,12m
2017-07-14,gamma0,-0.0002501282937101268,6m,1m,12m
2017-07-17,gamma0,-0.00025793060496970727,6m,1m,12m
2017-07-18,gamma0,-0.00018684297392512693,6m,1m,12m
2017-07-19,gamma0,-0.00012212644395007992,6m,1m,12m
2017-07-20,gamma0,-0.00018383893487771178,6m,1m,12m
2017-07-21,gamma0,-0.00027113579605177776,6m,1m,12m
2017-07-24,gamma0,-0.0002682788504091229,6m,1m,12m
2017-07-25,gamma0,-0.00024386225585714633,6m,1m,12m
2017-07-26,gamma0,-0.00017089681395570714,6m,1m,12m
2017-07-27,gamma0,-0.00019703167802450922,6m,1m,12m
2017-07-28,gamma0,-0.00021337285177455275,6m,1m,12m
2017-07-31,gamma0,-0.00022860263076762957,6m,1m,12m
2017-08-01,gamma0,-0.00019895976420207452,6m,1m,12m
2017-08-02,gamma0,-6.0062953784902764e-05,6m,1m,12m
2017-08-03,gamma0,-0.00011961372962420004,6m,1m,12m
2017-08-04,gamma0,-0.00016333799321988952,6m,1m,12m
2017-08-07,gamma0,-0.00015012445423231134,6m,1m,12m
2017-08-08,gamma0,-0.00013760272783209314,6m,1m,12m
2017-08-09,gamma0,-0.00014193482829044613,6m,1m,12m
2017-08-10,gamma0,-7.509870337040767e-05,6m,1m,12m
2017-08-11,gamma0,-0.00010686873739782625,6m,1m,12m
2017-08-14,gamma0,-0.00015264228932253076,6m,1m,12m
2017-08-15,gamma0,-0.0001084954117196524,6m,1m,12m
2017-08-16,gamma0,-9.016845268573073e-05,6m,1m,12m
2017-08-17,gamma0,-5.655778383656535e-05,6m,1m,12m
2017-08-18,gamma0,-8.387982962246446e-05,6m,1m,12m
2017-08-21,gamma0,-0.00010988984250402792,6m,1m,12m
2017-08-22,gamma0,-0.00013951595076969013,6m,1m,12m
2017-08-23,gamma0,-0.00012204912661106455,6m,1m,12m
2017-08-24,gamma0,-0.0001423889053576755,6m,1m,12m
2017-08-25,gamma0,-0.000190292587523933,6m,1m,12m
2017-08-28,gamma0,-0.00019408873016918992,6m,1m,12m
2017-08-29,gamma0,-0.00016272621823084922,6m,1m,12m
2017-08-30,gamma0,-0.00014472999645055777,6m,1m,12m
2017-08-31,gamma0,-0.00016832298085232467,6m,1m,12m
2017-09-01,gamma0,-0.00019803675325744634,6m,1m,12m
2017-09-05,gamma0,-0.0001675379181907654,6m,1m,12m
2017-09-06,gamma0,-0.00013622229577090115,6m,1m,12m
2017-09-07,gamma0,-0.00016799279308847868,6m,1m,12m
2017-09-08,gamma0,-0.00019878103652166078,6m,1m,12m
2017-09-11,gamma0,-0.00022420299929523993,6m,1m,12m
2017-09-12,gamma0,-0.0002266607775961982,6m,1m,12m
2017-09-13,gamma0,-0.00015408100042966003,6m,1m,12m
2017-09-14,gamma0,-0.00018152727579984234,6m,1m,12m
2017-09-15,gamma0,-0.00024370229238812656,6m,1m,12m
2017-09-18,gamma0,-0.0002503052404313116,6m,1m,12m
2017-09-19,gamma0,-0.00012933049823824885,6m,1m,12m
2017-09-20,gamma0,-0.00014568290219875055,6m,1m,12m
2017-09-21,gamma0,-0.00019749361741268833,6m,1m,12m
2017-09-22,gamma0,-0.00023016018745637104,6m,1m,12m
2017-09-25,gamma0,-0.00020101584111136564,6m,1m,12m
2017-09-26,gamma0,-0.00016910941993643857,6m,1m,12m
2017-09-27,gamma0,-0.00010863064341526934,6m,1m,12m
2017-09-28,gamma0,-0.000141906173829121,6m,1m,12m
2017-09-29,gamma0,-0.00015907616434052146,6m,1m,12m
2017-10-02,gamma0,-0.00016046635997293043,6m,1m,12m
2017-10-03,gamma0,-0.00015507777078085206,6m,1m,12m
2017-10-04,gamma0,-0.00018404654067092838,6m,1m,12m
2017-10-05,gamma0,-0.00016755106827314085,6m,1m,12m
2017-10-06,gamma0,-0.00019340436272025308,6m,1m,12m
2017-10-09,gamma0,-0.00019309259949050554,6m,1m,12m
2017-10-10,gamma0,-0.00015640051236024799,6m,1m,12m
2017-10-11,gamma0,-0.00011473384238498108,6m,1m,12m
2017-10-12,gamma0,-0.00012590769963988178,6m,1m,12m
2017-10-13,gamma0,-0.00015361472314401857,6m,1m,12m
2017-10-16,gamma0,-0.0001699163383284462,6m,1m,12m
2017-10-17,gamma0,-6.557708710758208e-05,6m,1m,12m
2017-10-18,gamma0,-4.9248123129432445e-05,6m,1m,12m
2017-10-19,gamma0,-8.408823298255217e-05,6m,1m,12m
2017-10-20,gamma0,-9.048477224732023e-05,6m,1m,12m
2017-10-23,gamma0,-9.259248694494283e-05,6m,1m,12m
2017-10-24,gamma0,-5.468035747813895e-05,6m,1m,12m
2017-10-25,gamma0,-2.9085925136589498e-05,6m,1m,12m
2017-10-26,gamma0,-3.364880154613001e-05,6m,1m,12m
2017-10-27,gamma0,-0.0001367590995809537,6m,1m,12m
2017-10-30,gamma0,-0.00016118785192834495,6m,1m,12m
2017-10-31,gamma0,-9.940772051632823e-05,6m,1m,12m
2017-11-01,gamma0,-4.909636740872862e-05,6m,1m,12m
2017-11-02,gamma0,-0.00011553117631124749,6m,1m,12m
2017-11-03,gamma0,-0.0001502875277722849,6m,1m,12m
2017-11-06,gamma0,-0.00015328765055905926,6m,1m,12m
2017-11-07,gamma0,-0.0001150177625200224,6m,1m,12m
2017-11-08,gamma0,-0.00012062271210544381,6m,1m,12m
2017-11-09,gamma0,-0.0001281174739870352,6m,1m,12m
2017-11-10,gamma0,-0.00016369382603606146,6m,1m,12m
2017-11-13,gamma0,-0.00016321654273082205,6m,1m,12m
2017-11-14,gamma0,-8.385677757213291e-05,6m,1m,12m
2017-11-15,gamma0,-7.364139277846891e-06,6m,1m,12m
2017-11-16,gamma0,-5.616755550457594e-05,6m,1m,12m
2017-11-17,gamma0,-0.00015516100633532944,6m,1m,12m
2017-11-20,gamma0,-0.00019816405791374755,6m,1m,12m
2017-11-21,gamma0,-0.00018028737041769007,6m,1m,12m
2017-11-22,gamma0,-0.00010470061503621621,6m,1m,12m
2017-11-24,gamma0,-0.0001522514708290338,6m,1m,12m
2017-11-27,gamma0,-0.0002261849646084742,6m,1m,12m
2017-11-28,gamma0,-0.00015548544388165378,6m,1m,12m
2017-11-29,gamma0,-0.00013132665939763477,6m,1m,12m
2017-11-30,gamma0,-0.00013188259013859164,6m,1m,12m
2017-12-01,gamma0,-9.836434925951909e-05,6m,1m,12m
2017-12-04,gamma0,-0.00011091586567053106,6m,1m,12m
2017-12-05,gamma0,-0.00011600060914532657,6m,1m,12m
2017-12-06,gamma0,-0.00011490142981045249,6m,1m,12m
2017-12-07,gamma0,-0.00014484218850368625,6m,1m,12m
2017-12-08,gamma0,-0.00017260273192259453,6m,1m,12m
2017-12-11,gamma0,-0.00016894224425344716,6m,1m,12m
2017-12-12,gamma0,-0.00014622237046186105,6m,1m,12m
2017-12-13,gamma0,-0.00010431868736465872,6m,1m,12m
2017-12-14,gamma0,-0.00015608428431812296,6m,1m,12m
2017-12-15,gamma0,-0.0001849815376698664,6m,1m,12m
2017-12-18,gamma0,-0.0002247157666351671,6m,1m,12m
2017-12-19,gamma0,-0.00010991265434560781,6m,1m,12m
2017-12-20,gamma0,-0.00013394569353497045,6m,1m,12m
2017-12-21,gamma0,-0.00015597275973588669,6m,1m,12m
2017-12-22,gamma0,-0.0001794789423651183,6m,1m,12m
2017-12-26,gamma0,-0.0001540806967257324,6m,1m,12m
2017-12-27,gamma0,-0.00010891015858004555,6m,1m,12m
2017-12-28,gamma0,-0.00015961171764964163,6m,1m,12m
2017-12-29,gamma0,-0.00018512959252086145,6m,1m,12m
2018-01-02,gamma0,-0.0001919084774218277,6m,1m,12m
2018-01-03,gamma0,-0.0001442958446599035,6m,1m,12m
2018-01-04,gamma0,-0.00015690175300683048,6m,1m,12m
2018-01-05,gamma0,-0.0001741317558333895,6m,1m,12m
2018-01-08,gamma0,-0.0001677404172505213,6m,1m,12m
2018-01-09,gamma0,-0.00010370225563451553,6m,1m,12m
2018-01-10,gamma0,-9.105119509940504e-05,6m,1m,12m
2018-01-11,gamma0,-5.730785979729793e-05,6m,1m,12m
2018-01-12,gamma0,-5.9725019481704175e-05,6m,1m,12m
2018-01-16,gamma0,1.1510647235769527e-05,6m,1m,12m
2018-01-17,gamma0,3.091952178873698e-05,6m,1m,12m
2018-01-18,gamma0,1.910821205369026e-05,6m,1m,12m
2018-01-19,gamma0,-3.747892342609851e-05,6m,1m,12m
2018-01-22,gamma0,-8.61540240876869e-05,6m,1m,12m
2018-01-23,gamma0,-7.744555843616234e-05,6m,1m,12m
2018-01-24,gamma0,-3.01578743543839e-05,6m,1m,12m
2018-01-25,gamma0,-5.172743351546394e-05,6m,1m,12m
2018-01-26,gamma0,-8.895882785329871e-05,6m,1m,12m
2018-01-29,gamma0,-3.5388114355212014e-05,6m,1m,12m
2018-01-30,gamma0,-1.7160424217088532e-05,6m,1m,12m
2018-01-31,gamma0,-3.748563830937523e-05,6m,1m,12m
2018-02-01,gamma0,7.757057413388885e-05,6m,1m,12m
2018-02-02,gamma0,0.00012793602698647628,6m,1m,12m
2018-02-05,gamma0,0.00042566754808585504,6m,1m,12m
2018-02-06,gamma0,0.0005042146468390593,6m,1m,12m
2018-02-07,gamma0,0.00031688158571228404,6m,1m,12m
2018-02-08,gamma0,0.0003885397046874405,6m,1m,12m
2018-02-09,gamma0,0.00023438242015790933,6m,1m,12m
2018-02-12,gamma0,0.000125556054888809,6m,1m,12m
2018-02-13,gamma0,0.00035724172261226696,6m,1m,12m
2018-02-14,gamma0,0.00018297080875066425,6m,1m,12m
2018-02-15,gamma0,0.00016014573998551822,6m,1m,12m
2018-02-16,gamma0,3.829076002949183e-05,6m,1m,12m
2018-02-20,gamma0,6.881400499082769e-05,6m,1m,12m
2018-02-21,gamma0,8.655805494305696e-05,6m,1m,12m
2018-02-22,gamma0,5.7491022278430344e-05,6m,1m,12m
2018-02-23,gamma0,-6.175201329871829e-05,6m,1m,12m
2018-02-26,gamma0,-5.29747913700722e-05,6m,1m,12m
2018-02-27,gamma0,7.376722000355913e-05,6m,1m,12m
2018-02-28,gamma0,8.679426524548084e-05,6m,1m,12m
2018-03-01,gamma0,2.669509495097163e-05,6m,1m,12m
2018-03-02,gamma0,-7.46832970730564e-05,6m,1m,12m
2018-03-05,gamma0,-5.0464503041481595e-05,6m,1m,12m
2018-03-06,gamma0,3.828559538146237e-05,6m,1m,12m
2018-03-07,gamma0,5.2541835528038166e-05,6m,1m,12m
2018-03-08,gamma0,3.526652027857223e-06,6m,1m,12m
2018-03-09,gamma0,-5.8591937836506515e-05,6m,1m,12m
2018-03-12,gamma0,-9.647929159293149e-05,6m,1m,12m
2018-03-13,gamma0,-8.085584969285008e-05,6m,1m,12m
2018-03-14,gamma0,-4.625281530643227e-05,6m,1m,12m
2018-03-15,gamma0,-0.00011500537938489777,6m,1m,12m
2018-03-16,gamma0,-0.00017337167843469183,6m,1m,12m
2018-03-19,gamma0,-0.00011472885114319765,6m,1m,12m
2018-03-20,gamma0,2.8898474417997488e-05,6m,1m,12m
2018-03-21,gamma0,5.166311039278359e-05,6m,1m,12m
2018-03-22,gamma0,0.00013116115092511824,6m,1m,12m
2018-03-23,gamma0,0.0001490374925835285,6m,1m,12m
2018-03-26,gamma0,2.184019648675536e-05,6m,1m,12m
2018-03-27,gamma0,0.0001040343458674322,6m,1m,12m
2018-03-28,gamma0,0.00010853913022836347,6m,1m,12m
2018-03-29,gamma0,6.216322960521427e-05,6m,1m,12m
2018-04-02,gamma0,6.87209997091688e-05,6m,1m,12m
2018-04-03,gamma0,5.270495753388875e-05,6m,1m,12m
2018-04-04,gamma0,6.972996699349356e-05,6m,1m,12m
2018-04-05,gamma0,-1.173624086140178e-05,6m,1m,12m
2018-04-06,gamma0,4.792868542404831e-05,6m,1m,12m
2018-04-09,gamma0,7.049604469580062e-05,6m,1m,12m
2018-04-10,gamma0,4.080352489119517e-05,6m,1m,12m
2018-04-11,gamma0,4.108710088487298e-05,6m,1m,12m
2018-04-12,gamma0,-1.5457640324881905e-06,6m,1m,12m
2018-04-13,gamma0,-9.565335267562374e-06,6m,1m,12m
2018-04-16,gamma0,-8.822658531139585e-05,6m,1m,12m
2018-04-17,gamma0,9.846297475945117e-05,6m,1m,12m
2018-04-18,gamma0,0.00010676281492452575,6m,1m,12m
2018-04-19,gamma0,5.5117379157657454e-05,6m,1m,12m
2018-04-20,gamma0,9.748080096043112e-06,6m,1m,12m
2018-04-23,gamma0,-8.537820327509882e-05,6m,1m,12m
2018-04-24,gamma0,1.4809679378602244e-05,6m,1m,12m
2018-04-25,gamma0,2.588743567488715e-05,6m,1m,12m
2018-04-26,gamma0,-4.570319608121179e-05,6m,1m,12m
2018-04-27,gamma0,-9.397262155652714e-05,6m,1m,12m
2018-04-30,gamma0,-0.00012541672248529793,6m,1m,12m
2018-05-01,gamma0,-7.307977533126594e-05,6m,1m,12m
2018-05-02,gamma0,-3.252146711516478e-05,6m,1m,12m
2018-05-03,gamma0,-2.6739411103060024e-05,6m,1m,12m
2018-05-04,gamma0,-9.805878426155556e-05,6m,1m,12m
2018-05-07,gamma0,-9.432864408788396e-05,6m,1m,12m
2018-05-08,gamma0,-6.963496953975949e-05,6m,1m,12m
2018-05-09,gamma0,-8.698266922925056e-05,6m,1m,12m
2018-05-10,gamma0,-8.813325509882857e-05,6m,1m,12m
2018-05-11,gamma0,-0.00013155088682703143,6m,1m,12m
2018-05-14,gamma0,-6.955427317274834e-05,6m,1m,12m
2018-05-15,gamma0,5.6121740105035376e-05,6m,1m,12m
2018-05-16,gamma0,8.91847340153218e-06,6m,1m,12m
2018-05-17,gamma0,-3.2124312045760114e-05,6m,1m,12m
2018-05-18,gamma0,-9.008665692091281e-05,6m,1m,12m
2018-05-21,gamma0,-8.423947681828167e-05,6m,1m,12m
2018-05-22,gamma0,-8.289628019849986e-05,6m,1m,12m
2018-05-23,gamma0,-6.720962585032412e-05,6m,1m,12m
2018-05-24,gamma0,-9.507340988556013e-05,6m,1m,12m
2018-05-25,gamma0,-0.00012241713867686333,6m,1m,12m
2018-05-29,gamma0,-2.280712990844171e-05,6m,1m,12m
2018-05-30,gamma0,-1.7618126918401142e-05,6m,1m,12m
2018-05-31,gamma0,-7.547726587078033e-05,6m,1m,12m
2018-06-01,gamma0,-0.00011369233085900069,6m,1m,12m
2018-06-04,gamma0,-0.00012175309477133734,6m,1m,12m
2018-06-05,gamma0,-0.0001419716578149758,6m,1m,12m
2018-06-06,gamma0,-0.00011912635024338147,6m,1m,12m
2018-06-07,gamma0,-0.0001254325969544854,6m,1m,12m
2018-06-08,gamma0,-0.0001488800082584548,6m,1m,12m
2018-06-11,gamma0,-0.00018665370404212343,6m,1m,12m
2018-06-12,gamma0,-0.00014595678103356685,6m,1m,12m
2018-06-13,gamma0,-9.567230436291333e-05,6m,1m,12m
2018-06-14,gamma0,-0.00010004540575109719,6m,1m,12m
2018-06-15,gamma0,-0.00018054073987194992,6m,1m,12m
2018-06-18,gamma0,-0.00019919157069558932,6m,1m,12m
2018-06-19,gamma0,-9.211770652655303e-05,6m,1m,12m
2018-06-20,gamma0,-0.00010866335239778433,6m,1m,12m
2018-06-21,gamma0,-0.00010551255153623986,6m,1m,12m
2018-06-22,gamma0,-0.00019817710796234676,6m,1m,12m
2018-06-25,gamma0,-0.0001187944988364759,6m,1m,12m
2018-06-26,gamma0,-0.0001456627310596122,6m,1m,12m
2018-06-27,gamma0,-5.8419545017895734e-05,6m,1m,12m
2018-06-28,gamma0,-0.00010206350718957911,6m,1m,12m
2018-06-29,gamma0,-0.00016963922272792626,6m,1m,12m
2018-07-02,gamma0,-0.00017285688494787392,6m,1m,12m
2018-07-03,gamma0,-9.04862619642611e-05,6m,1m,12m
2018-07-05,gamma0,-8.428745370911835e-05,6m,1m,12m
2018-07-06,gamma0,-0.00011320151225914319,6m,1m,12m
2018-07-09,gamma0,-0.00018583772088874275,6m,1m,12m
2018-07-10,gamma0,-0.00014930074156665652,6m,1m,12m
2018-07-11,gamma0,-0.00013070371463618177,6m,1m,12m
2018-07-12,gamma0,-0.00016622060021760353,6m,1m,12m
2018-07-13,gamma0,-0.0002074511314659773,6m,1m,12m
2018-07-16,gamma0,-0.00023684480867651884,6m,1m,12m
2018-07-17,gamma0,-0.00014188569232683514,6m,1m,12m
2018-07-18,gamma0,-0.00014259308048996086,6m,1m,12m
2018-07-19,gamma0,-0.00018764610880358281,6m,1m,12m
2018-07-20,gamma0,-0.00026940256269297383,6m,1m,12m
2018-07-23,gamma0,-0.0002629854974657318,6m,1m,12m
2018-07-24,gamma0,-0.00023629408534622736,6m,1m,12m
2018-07-25,gamma0,-0.000188928353132612,6m,1m,12m
2018-07-26,gamma0,-0.00020104575929408308,6m,1m,12m
2018-07-27,gamma0,-0.0002316608597812632,6m,1m,12m
2018-07-30,gamma0,-0.00023150005292462832,6m,1m,12m
2018-07-31,gamma0,-0.00021543787655965637,6m,1m,12m
2018-08-01,gamma0,-0.000171705058300018,6m,1m,12m
2018-08-02,gamma0,-0.00022471956589714887,6m,1m,12m
2018-08-03,gamma0,-0.00027315363271514297,6m,1m,12m
2018-08-06,gamma0,-0.00030443501372128624,6m,1m,12m
2018-08-07,gamma0,-0.00026310482968492337,6m,1m,12m
2018-08-08,gamma0,-0.00026710522464925125,6m,1m,12m
2018-08-09,gamma0,-0.00012567147919952581,6m,1m,12m
2018-08-10,gamma0,-0.0001479142295821602,6m,1m,12m
2018-08-13,gamma0,-0.00010059929146570348,6m,1m,12m
2018-08-14,gamma0,-7.757209176341354e-05,6m,1m,12m
2018-08-15,gamma0,-7.2970179443423636e-06,6m,1m,12m
2018-08-16,gamma0,-3.76863396697252e-05,6m,1m,12m
2018-08-17,gamma0,-9.867313908436526e-05,6m,1m,12m
2018-08-20,gamma0,-0.00012912332608414545,6m,1m,12m
2018-08-21,gamma0,7.259896508881623e-06,6m,1m,12m
2018-08-22,gamma0,-7.425091008731718e-05,6m,1m,12m
2018-08-23,gamma0,-0.00010286433764215414,6m,1m,12m
2018-08-24,gamma0,-0.00014378703912886466,6m,1m,12m
2018-08-27,gamma0,-0.00015375827103810292,6m,1m,12m
2018-08-28,gamma0,-0.00015673119804463626,6m,1m,12m
2018-08-29,gamma0,-0.00015888313903987525,6m,1m,12m
2018-08-30,gamma0,-0.0001761631022253242,6m,1m,12m
2018-08-31,gamma0,-0.00020719995477860016,6m,1m,12m
2018-09-04,gamma0,-0.00020808239834348033,6m,1m,12m
2018-09-05,gamma0,-0.0001684926207530897,6m,1m,12m
2018-09-06,gamma0,-0.0001700223623783011,6m,1m,12m
2018-09-07,gamma0,-0.0002653634021833109,6m,1m,12m
2018-09-10,gamma0,-0.00028002636909123653,6m,1m,12m
2018-09-11,gamma0,-0.00021345602454719175,6m,1m,12m
2018-09-12,gamma0,-0.00019053157407159137,6m,1m,12m
2018-09-13,gamma0,-0.0002061381309306074,6m,1m,12m
2018-09-14,gamma0,-0.00023937128125203677,6m,1m,12m
2018-09-17,gamma0,-0.00019546500138714463,6m,1m,12m
2018-09-18,gamma0,-0.00015035525164093923,6m,1m,12m
2018-09-19,gamma0,-0.00018607192159658307,6m,1m,12m
2018-09-20,gamma0,-0.0002193727822453345,6m,1m,12m
2018-09-21,gamma0,-0.00025961664229660653,6m,1m,12m
2018-09-24,gamma0,-0.00024876017929929546,6m,1m,12m
2018-09-25,gamma0,-0.00017920715926339438,6m,1m,12m
2018-09-26,gamma0,-0.00014315605926171427,6m,1m,12m
2018-09-27,gamma0,-7.983525548207145e-05,6m,1m,12m
2018-09-28,gamma0,-0.00018425203280664776,6m,1m,12m
2018-10-01,gamma0,-0.0002380996923778164,6m,1m,12m
2018-10-02,gamma0,-0.00017740635909501435,6m,1m,12m
2018-10-03,gamma0,-0.0001670038831073613,6m,1m,12m
2018-10-04,gamma0,-0.00017377287426957567,6m,1m,12m
2018-10-05,gamma0,-0.00022630498341800397,6m,1m,12m
2018-10-08,gamma0,-0.0001292054638231113,6m,1m,12m
2018-10-09,gamma0,-0.00013682544465187506,6m,1m,12m
2018-10-10,gamma0,0.00013523740814552402,6m,1m,12m
2018-10-11,gamma0,0.0002066419546034216,6m,1m,12m
2018-10-12,gamma0,4.0963075373282615e-05,6m,1m,12m
2018-10-15,gamma0,1.8804280542614182e-06,6m,1m,12m
2018-10-16,gamma0,-5.195038692123547e-06,6m,1m,12m
2018-10-17,gamma0,-2.834481299669459e-05,6m,1m,12m
2018-10-18,gamma0,5.203269470749863e-06,6m,1m,12m
2018-10-19,gamma0,-5.457099078855696e-05,6m,1m,12m
2018-10-22,gamma0,-6.596748235658817e-05,6m,1m,12m
2018-10-23,gamma0,1.5046581836124966e-05,6m,1m,12m
2018-10-24,gamma0,0.00021322338593420684,6m,1m,12m
2018-10-25,gamma0,7.796136607776277e-05,6m,1m,12m
2018-10-26,gamma0,0.00011432431804831803,6m,1m,12m
2018-10-29,gamma0,7.424028815239591e-05,6m,1m,12m
2018-10-30,gamma0,6.22518319899414e-05,6m,1m,12m
2018-10-31,gamma0,2.425440474158753e-05,6m,1m,12m
2018-11-01,gamma0,5.7818422831721426e-05,6m,1m,12m
2018-11-02,gamma0,1.7172452411615072e-05,6m,1m,12m
2018-11-05,gamma0,1.4666468950599339e-05,6m,1m,12m
2018-11-06,gamma0,7.079714375183337e-05,6m,1m,12m
2018-11-07,gamma0,2.301028669983582e-05,6m,1m,12m
2018-11-08,gamma0,3.7912370470420155e-05,6m,1m,12m
2018-11-09,gamma0,-2.3253835401178785e-05,6m,1m,12m
2018-11-12,gamma0,3.4659367615476296e-05,6m,1m,12m
2018-11-13,gamma0,3.710836228216407e-05,6m,1m,12m
2018-11-14,gamma0,6.687771881660673e-05,6m,1m,12m
2018-11-15,gamma0,7.743382767855706e-06,6m,1m,12m
2018-11-16,gamma0,-6.71174591651264e-05,6m,1m,12m
2018-11-19,gamma0,-1.581332668044959e-05,6m,1m,12m
2018-11-20,gamma0,5.076802341260085e-05,6m,1m,12m
2018-11-21,gamma0,1.1689443422955148e-05,6m,1m,12m
2018-11-23,gamma0,-2.213849214435293e-05,6m,1m,12m
2018-11-26,gamma0,-0.00011018971430181697,6m,1m,12m
2018-11-27,gamma0,-7.062212327499145e-05,6m,1m,12m
2018-11-28,gamma0,-1.4128104536183333e-05,6m,1m,12m
2018-11-29,gamma0,7.839620550241046e-07,6m,1m,12m
2018-11-30,gamma0,-3.791460767518163e-05,6m,1m,12m
2018-12-03,gamma0,-0.00015049681046794662,6m,1m,12m
2018-12-04,gamma0,-1.3393373301183268e-05,6m,1m,12m
2018-12-06,gamma0,-1.465924498410089e-05,6m,1m,12m
2018-12-07,gamma0,5.237285001783625e-05,6m,1m,12m
2018-12-10,gamma0,1.1024086125870202e-05,6m,1m,12m
2018-12-11,gamma0,-1.3598290835702256e-05,6m,1m,12m
2018-12-12,gamma0,-1.6422175831011087e-05,6m,1m,12m
2018-12-13,gamma0,-7.27133134459753e-05,6m,1m,12m
2018-12-14,gamma0,-6.835927650344526e-05,6m,1m,12m
2018-12-17,gamma0,1.0359540652471306e-05,6m,1m,12m
2018-12-18,gamma0,0.00012970042149161907,6m,1m,12m
2018-12-19,gamma0,9.725923254572601e-05,6m,1m,12m
2018-12-20,gamma0,0.0001863421419912856,6m,1m,12m
2018-12-21,gamma0,0.00018196055896188825,6m,1m,12m
2018-12-24,gamma0,0.0003621550847513588,6m,1m,12m
2018-12-26,gamma0,0.0003009272582054372,6m,1m,12m
2018-12-27,gamma0,0.00025369146327662166,6m,1m,12m
2018-12-28,gamma0,0.0001446952464216149,6m,1m,12m
2018-12-31,gamma0,5.638644066355064e-05,6m,1m,12m
2019-01-02,gamma0,-5.700183541820288e-06,6m,1m,12m
2019-01-03,gamma0,1.8683983504139942e-05,6m,1m,12m
2019-01-04,gamma0,-0.00011797126787123484,6m,1m,12m
2019-01-07,gamma0,-0.0001261679924985878,6m,1m,12m
2019-01-08,gamma0,-0.00013764800292094333,6m,1m,12m
2019-01-09,gamma0,-0.00012478408445049682,6m,1m,12m
2019-01-10,gamma0,-0.00014544901360257704,6m,1m,12m
2019-01-11,gamma0,-0.00019416474065665952,6m,1m,12m
2019-01-14,gamma0,-0.00017949560028351664,6m,1m,12m
2019-01-15,gamma0,-4.098399001079315e-05,6m,1m,12m
2019-01-16,gamma0,1.2691624713300578e-05,6m,1m,12m
2019-01-17,gamma0,-6.359800019450092e-05,6m,1m,12m
2019-01-18,gamma0,-9.082970549583452e-05,6m,1m,12m
2019-01-22,gamma0,-7.143699783287312e-05,6m,1m,12m
2019-01-23,gamma0,-7.47763727931915e-05,6m,1m,12m
2019-01-24,gamma0,-0.00013011696747940825,6m,1m,12m
2019-01-25,gamma0,-0.00017339903253960653,6m,1m,12m
2019-01-28,gamma0,-0.00012591230511674285,6m,1m,12m
2019-01-29,gamma0,-4.9786690374713046e-05,6m,1m,12m
2019-01-30,gamma0,-0.00012425961589193233,6m,1m,12m
2019-01-31,gamma0,-0.00015078466854942852,6m,1m,12m
2019-02-01,gamma0,-3.245570009532968e-05,6m,1m,12m
2019-02-04,gamma0,-3.667026298873955e-05,6m,1m,12m
2019-02-05,gamma0,-4.768221144169518e-05,6m,1m,12m
2019-02-06,gamma0,-2.8255180649184217e-05,6m,1m,12m
2019-02-07,gamma0,-3.562252143078502e-05,6m,1m,12m
2019-02-08,gamma0,-9.134038642977697e-05,6m,1m,12m
2019-02-11,gamma0,-9.093390298883905e-05,6m,1m,12m
2019-02-12,gamma0,3.6176304138111086e-06,6m,1m,12m
2019-02-13,gamma0,-1.684087879495841e-05,6m,1m,12m
2019-02-14,gamma0,-5.04564252247385e-05,6m,1m,12m
2019-02-15,gamma0,-0.0001251108372353067,6m,1m,12m
2019-02-19,gamma0,-0.00011477863255027044,6m,1m,12m
2019-02-20,gamma0,-5.474821476149274e-05,6m,1m,12m
2019-02-21,gamma0,-0.0001117015967057882,6m,1m,12m
2019-02-22,gamma0,-0.00014330393372008425,6m,1m,12m
2019-02-25,gamma0,-0.00010894074136245391,6m,1m,12m
2019-02-26,gamma0,-0.00010780963494527291,6m,1m,12m
2019-02-27,gamma0,-7.411614515054225e-05,6m,1m,12m
2019-02-28,gamma0,-5.709732349068295e-05,6m,1m,12m
2019-03-01,gamma0,-0.00015920753647821796,6m,1m,12m
2019-03-04,gamma0,-0.0001574090502126477,6m,1m,12m
2019-03-05,gamma0,-0.0001598902604183788,6m,1m,12m
2019-03-06,gamma0,-9.494099916457844e-05,6m,1m,12m
2019-03-07,gamma0,-7.819481535505413e-05,6m,1m,12m
2019-03-08,gamma0,-0.00014663764744165224,6m,1m,12m
2019-03-11,gamma0,-0.00017561938402813515,6m,1m,12m
2019-03-12,gamma0,-0.00012489336211674403,6m,1m,12m
2019-03-13,gamma0,-0.00010438929796000157,6m,1m,12m
2019-03-14,gamma0,-9.743528836862553e-05,6m,1m,12m
2019-03-15,gamma0,-0.0001520886205976365,6m,1m,12m
2019-03-18,gamma0,-9.479116017089523e-05,6m,1m,12m
2019-03-19,gamma0,-0.00012410449787806702,6m,1m,12m
2019-03-20,gamma0,-0.00012493532301981091,6m,1m,12m
2019-03-21,gamma0,-0.0001258309275710702,6m,1m,12m
2019-03-22,gamma0,-5.426670654907515e-05,6m,1m,12m
2019-03-25,gamma0,-6.680380234638581e-05,6m,1m,12m
2019-03-26,gamma0,-0.00011039721127632541,6m,1m,12m
2019-03-27,gamma0,-8.737243592222435e-05,6m,1m,12m
2019-03-28,gamma0,-0.0001163931036541133,6m,1m,12m
2019-03-29,gamma0,-0.00017522429799197753,6m,1m,12m
2019-04-01,gamma0,-0.00013520352219597667,6m,1m,12m
2019-04-02,gamma0,-0.00014299466077618504,6m,1m,12m
2019-04-03,gamma0,-8.97268906591042e-05,6m,1m,12m
2019-04-04,gamma0,-9.949824617275312e-05,6m,1m,12m
2019-04-05,gamma0,-0.00011807433853885176,6m,1m,12m
2019-04-08,gamma0,-0.00013269045539901505,6m,1m,12m
2019-04-09,gamma0,-0.00010751338351473078,6m,1m,12m
2019-04-10,gamma0,-0.00011518554427023908,6m,1m,12m
2019-04-11,gamma0,-0.00011549669469370632,6m,1m,12m
2019-04-12,gamma0,-0.00016405016749047597,6m,1m,12m
2019-04-15,gamma0,-0.0001162727991208873,6m,1m,12m
2019-04-16,gamma0,-0.00011002539260973662,6m,1m,12m
2019-04-17,gamma0,-0.0001207388935554478,6m,1m,12m
2019-04-18,gamma0,-0.0001324277986695161,6m,1m,12m
2019-04-22,gamma0,-0.00016585678185708302,6m,1m,12m
2019-04-23,gamma0,-0.00010620920524943706,6m,1m,12m
2019-04-24,gamma0,-4.176582142792719e-05,6m,1m,12m
2019-04-25,gamma0,-4.786040994097481e-05,6m,1m,12m
2019-04-26,gamma0,-0.0001111475425559873,6m,1m,12m
2019-04-29,gamma0,-0.00012700813815635502,6m,1m,12m
2019-04-30,gamma0,-0.00012451901316681716,6m,1m,12m
2019-05-01,gamma0,-5.413169580451017e-05,6m,1m,12m
2019-05-02,gamma0,-5.1822406841250765e-05,6m,1m,12m
2019-05-03,gamma0,-0.00013481699088599463,6m,1m,12m
2019-05-06,gamma0,-7.675433990773803e-05,6m,1m,12m
2019-05-07,gamma0,9.055426679177605e-05,6m,1m,12m
2019-05-08,gamma0,0.00011509654114312621,6m,1m,12m
2019-05-09,gamma0,0.00010994413808836636,6m,1m,12m
2019-05-10,gamma0,-3.0239082442513794e-05,6m,1m,12m
2019-05-13,gamma0,6.780343865045511e-05,6m,1m,12m
2019-05-14,gamma0,1.486844092845814e-05,6m,1m,12m
2019-05-15,gamma0,2.4987109181965704e-06,6m,1m,12m
2019-05-16,gamma0,-8.944961334649134e-07,6m,1m,12m
2019-05-17,gamma0,-2.7478751675975922e-05,6m,1m,12m
2019-05-20,gamma0,4.3267430369502206e-05,6m,1m,12m
2019-05-21,gamma0,-2.742056254818202e-06,6m,1m,12m
2019-05-22,gamma0,-2.9042804426741416e-05,6m,1m,12m
2019-05-23,gamma0,2.4330860094240335e-05,6m,1m,12m
2019-05-24,gamma0,-5.70220504154446e-05,6m,1m,12m
2019-05-28,gamma0,7.042964783946592e-07,6m,1m,12m
2019-05-29,gamma0,1.0083822139873698e-05,6m,1m,12m
2019-05-30,gamma0,-6.413492111386107e-06,6m,1m,12m
2019-05-31,gamma0,2.544066419959338e-05,6m,1m,12m
2019-06-03,gamma0,4.414237888802112e-05,6m,1m,12m
2019-06-04,gamma0,-1.6405921014929656e-06,6m,1m,12m
2019-06-05,gamma0,-2.6967276990861045e-05,6m,1m,12m
2019-06-06,gamma0,1.4588151163488651e-05,6m,1m,12m
2019-06-07,gamma0,1.6115578787567076e-05,6m,1m,12m
2019-06-10,gamma0,-1.5772888946507494e-05,6m,1m,12m
2019-06-11,gamma0,-1.635261722046067e-05,6m,1m,12m
2019-06-12,gamma0,-2.5235566470630614e-05,6m,1m,12m
2019-06-13,gamma0,-4.442540152857053e-05,6m,1m,12m
2019-06-14,gamma0,-9.841725634435689e-05,6m,1m,12m
2019-06-17,gamma0,-0.0001029448090284404,6m,1m,12m
2019-06-18,gamma0,-4.65326050518554e-05,6m,1m,12m
2019-06-19,gamma0,-8.537394460005742e-05,6m,1m,12m
2019-06-20,gamma0,-6.57692069542498e-05,6m,1m,12m
2019-06-21,gamma0,-0.00010354622927314646,6m,1m,12m
2019-06-24,gamma0,-9.200106457619792e-05,6m,1m,12m
2019-06-25,gamma0,-6.832828915620382e-05,6m,1m,12m
2019-06-26,gamma0,-4.6967371765310586e-05,6m,1m,12m
2019-06-27,gamma0,-7.052356200488343e-05,6m,1m,12m
2019-06-28,gamma0,-6.982120512003612e-05,6m,1m,12m
2019-07-01,gamma0,-6.271240434660026e-05,6m,1m,12m
2019-07-02,gamma0,-6.441957880619435e-05,6m,1m,12m
2019-07-03,gamma0,-4.321608028230084e-05,6m,1m,12m
2019-07-05,gamma0,-4.734893491834357e-05,6m,1m,12m
2019-07-08,gamma0,-7.415651160297461e-05,6m,1m,12m
2019-07-09,gamma0,-6.338822805827048e-05,6m,1m,12m
2019-07-10,gamma0,-9.656846269183401e-05,6m,1m,12m
2019-07-11,gamma0,-0.000121181466889772,6m,1m,12m
2019-07-12,gamma0,-0.00014758802343495735,6m,1m,12m
2019-07-15,gamma0,-0.00019639541897163208,6m,1m,12m
2019-07-16,gamma0,-0.00014093714696581972,6m,1m,12m
2019-07-17,gamma0,-0.00013989340536274967,6m,1m,12m
2019-07-18,gamma0,-0.00015200225353654415,6m,1m,12m
2019-07-19,gamma0,-0.0001678181723423521,6m,1m,12m
2019-07-22,gamma0,-0.000201507261376135,6m,1m,12m
2019-07-23,gamma0,-0.0001975399109024209,6m,1m,12m
2019-07-24,gamma0,-0.00018196895027229322,6m,1m,12m
2019-07-25,gamma0,-0.00018706912642591918,6m,1m,12m
2019-07-26,gamma0,-0.00022327118027187437,6m,1m,12m
2019-07-29,gamma0,-0.00019599806504278037,6m,1m,12m
2019-07-30,gamma0,-0.00013492955463057253,6m,1m,12m
2019-07-31,gamma0,-8.47567550074372e-05,6m,1m,12m
2019-08-01,gamma0,4.414810710305743e-05,6m,1m,12m
2019-08-02,gamma0,1.2246108913572435e-05,6m,1m,12m
2019-08-05,gamma0,0.00017079569278404542,6m,1m,12m
2019-08-06,gamma0,6.891660953499964e-05,6m,1m,12m
2019-08-07,gamma0,4.478330891600337e-05,6m,1m,12m
2019-08-08,gamma0,-7.4864480824345285e-06,6m,1m,12m
2019-08-09,gamma0,-2.5081897693908045e-06,6m,1m,12m
2019-08-12,gamma0,5.7504532113104214e-05,6m,1m,12m
2019-08-13,gamma0,-1.10660910112718e-05,6m,1m,12m
2019-08-14,gamma0,9.332103290142488e-05,6m,1m,12m
2019-08-15,gamma0,6.441141139319743e-05,6m,1m,12m
2019-08-16,gamma0,-5.504590568699838e-05,6m,1m,12m
2019-08-19,gamma0,-8.065151583431454e-05,6m,1m,12m
2019-08-20,gamma0,-8.158597756756923e-06,6m,1m,12m
2019-08-21,gamma0,-5.153900819752311e-05,6m,1m,12m
2019-08-22,gamma0,-2.9578969101720144e-05,6m,1m,12m
2019-08-23,gamma0,3.3415824388347955e-05,6m,1m,12m
2019-08-26,gamma0,1.5412913375922477e-05,6m,1m,12m
2019-08-27,gamma0,2.7726472285903364e-05,6m,1m,12m
2019-08-28,gamma0,1.2582878766613206e-05,6m,1m,12m
2019-08-29,gamma0,-1.3454303634037598e-05,6m,1m,12m
2019-08-30,gamma0,-4.0346692758884264e-05,6m,1m,12m
2019-09-03,gamma0,-4.181711299512179e-05,6m,1m,12m
2019-09-04,gamma0,-9.929033266277781e-05,6m,1m,12m
2019-09-05,gamma0,-0.00014338863521189382,6m,1m,12m
2019-09-06,gamma0,-0.00018864311942204628,6m,1m,12m
2019-09-09,gamma0,-0.00019920695565941866,6m,1m,12m
2019-09-10,gamma0,-0.000173921391563517,6m,1m,12m
2019-09-11,gamma0,-0.000176258659290712,6m,1m,12m
2019-09-12,gamma0,-0.00019007073741369716,6m,1m,12m
2019-09-13,gamma0,-0.0002262764027385372,6m,1m,12m
2019-09-16,gamma0,-0.00022945259494959236,6m,1m,12m
2019-09-17,gamma0,-0.0001851893161549884,6m,1m,12m
2019-09-18,gamma0,-0.00018534198478898517,6m,1m,12m
2019-09-19,gamma0,-0.00023353590510696596,6m,1m,12m
2019-09-20,gamma0,-0.0002308770108629447,6m,1m,12m
2019-09-23,gamma0,-0.00023913418253836315,6m,1m,12m
2019-09-24,gamma0,-0.00015838039401186953,6m,1m,12m
2019-09-25,gamma0,-0.000162867102777779,6m,1m,12m
2019-09-26,gamma0,-0.00019173086050386704,6m,1m,12m
2019-09-27,gamma0,-0.00017652646418095844,6m,1m,12m
2019-09-30,gamma0,-0.00018519078629694924,6m,1m,12m
2019-10-01,gamma0,-8.340706182606347e-05,6m,1m,12m
2019-10-02,gamma0,2.3239506914676337e-05,6m,1m,12m
2019-10-03,gamma0,-2.991720274465235e-05,6m,1m,12m
2019-10-04,gamma0,-0.00012587719975453937,6m,1m,12m
2019-10-07,gamma0,-9.125214219200524e-05,6m,1m,12m
2019-10-08,gamma0,-1.2481860233084755e-05,6m,1m,12m
2019-10-09,gamma0,-6.636574747798071e-05,6m,1m,12m
2019-10-10,gamma0,-9.836300433209276e-05,6m,1m,12m
2019-10-11,gamma0,-0.00014484746758670233,6m,1m,12m
2019-10-14,gamma0,-0.0002088110314435448,6m,1m,12m
2019-10-15,gamma0,-0.00019406651049262973,6m,1m,12m
2019-10-16,gamma0,-0.0001957019238638676,6m,1m,12m
2019-10-17,gamma0,-0.00020915615178708838,6m,1m,12m
2019-10-18,gamma0,-0.00019291164551587506,6m,1m,12m
2019-10-21,gamma0,-0.00022614598939310601,6m,1m,12m
2019-10-22,gamma0,-0.00019355919613333884,6m,1m,12m
2019-10-23,gamma0,-0.00018801879834352947,6m,1m,12m
2019-10-24,gamma0,-0.00016239514066709987,6m,1m,12m
2019-10-25,gamma0,-0.00018354597631021956,6m,1m,12m
2019-10-28,gamma0,-0.00017428001371625458,6m,1m,12m
2019-10-29,gamma0,-0.00017492284403939403,6m,1m,12m
2019-10-30,gamma0,-0.00022690047448161701,6m,1m,12m
2019-10-31,gamma0,-0.0002098711346812858,6m,1m,12m
2019-11-01,gamma0,-0.00023981358412527722,6m,1m,12m
2019-11-04,gamma0,-0.00019793412455178675,6m,1m,12m
2019-11-05,gamma0,-0.00019452574853460287,6m,1m,12m
2019-11-06,gamma0,-0.00020476580071882556,6m,1m,12m
2019-11-07,gamma0,-0.000199486495260223,6m,1m,12m
2019-11-08,gamma0,-0.00024073354505718835,6m,1m,12m
2019-11-11,gamma0,-0.00021663881676770204,6m,1m,12m
2019-11-12,gamma0,-0.00019277558406949086,6m,1m,12m
2019-11-13,gamma0,-0.00015832142560099266,6m,1m,12m
2019-11-14,gamma0,-0.00017317031785003045,6m,1m,12m
2019-11-15,gamma0,-0.0002169614358875601,6m,1m,12m
2019-11-18,gamma0,-0.00021943176925318163,6m,1m,12m
2019-11-19,gamma0,-0.000140593816404696,6m,1m,12m
2019-11-20,gamma0,-0.00014390862981576206,6m,1m,12m
2019-11-21,gamma0,-0.0001166474285327137,6m,1m,12m
2019-11-22,gamma0,-0.00017245350964840007,6m,1m,12m
2019-11-25,gamma0,-0.00020567996537594483,6m,1m,12m
2019-11-26,gamma0,-0.00020796259655664443,6m,1m,12m
2019-11-27,gamma0,-0.0001983121603335427,6m,1m,12m
2019-11-29,gamma0,-0.00022177603114911733,6m,1m,12m
2019-12-02,gamma0,-0.0001664014224915223,6m,1m,12m
2019-12-03,gamma0,-0.00012889075219465167,6m,1m,12m
2019-12-04,gamma0,-0.00012382812777969975,6m,1m,12m
2019-12-05,gamma0,-0.00014103429005178582,6m,1m,12m
2019-12-06,gamma0,-0.00020349584206142877,6m,1m,12m
2019-12-09,gamma0,-0.0001855884214741899,6m,1m,12m
2019-12-10,gamma0,-0.0001594634067245545,6m,1m,12m
2019-12-11,gamma0,-0.00015826267511731746,6m,1m,12m
2019-12-12,gamma0,-0.00018107912455791165,6m,1m,12m
2019-12-13,gamma0,-0.00023072916284150606,6m,1m,12m
2019-12-16,gamma0,-0.00023791063240362386,6m,1m,12m
2019-12-17,gamma0,-0.00017932999812980582,6m,1m,12m
2019-12-18,gamma0,-0.00016863743238635504,6m,1m,12m
2019-12-19,gamma0,-0.000218128469536858,6m,1m,12m
2019-12-20,gamma0,-0.00022612352481159515,6m,1m,12m
2019-12-23,gamma0,-0.0003027103265219395,6m,1m,12m
2019-12-24,gamma0,-0.0002508091323557295,6m,1m,12m
2019-12-26,gamma0,-0.00026654087122757306,6m,1m,12m
2019-12-27,gamma0,-0.0002465499572542037,6m,1m,12m
2019-12-30,gamma0,-0.00018379105069162583,6m,1m,12m
2019-12-31,gamma0,-0.0001773919065003706,6m,1m,12m
2020-01-02,gamma0,-0.00017660317605692078,6m,1m,12m
2020-01-03,gamma0,-0.00016089612076316179,6m,1m,12m
2020-01-06,gamma0,-0.00014077547607624957,6m,1m,12m
2020-01-07,gamma0,-0.00011968583925372557,6m,1m,12m
2020-01-08,gamma0,-7.884744706175505e-05,6m,1m,12m
2020-01-09,gamma0,-0.0001391584927881604,6m,1m,12m
2020-01-10,gamma0,-0.00013631490102458064,6m,1m,12m
2020-01-13,gamma0,-0.00014053611946810741,6m,1m,12m
2020-01-14,gamma0,-0.00010780423005606972,6m,1m,12m
2020-01-15,gamma0,-0.00010368198781888199,6m,1m,12m
2020-01-16,gamma0,-0.00011034729353516607,6m,1m,12m
2020-01-17,gamma0,-0.0001193418220174529,6m,1m,12m
2020-01-21,gamma0,-6.860918804303596e-05,6m,1m,12m
2020-01-22,gamma0,-8.341540923644603e-05,6m,1m,12m
2020-01-23,gamma0,-9.628837097058458e-05,6m,1m,12m
2020-01-24,gamma0,-9.480775576858324e-05,6m,1m,12m
2020-01-27,gamma0,-6.262762037357009e-06,6m,1m,12m
2020-01-28,gamma0,-1.9886721179224465e-05,6m,1m,12m
2020-01-29,gamma0,-5.7749682330431555e-06,6m,1m,12m
2020-01-30,gamma0,-4.371473159745043e-05,6m,1m,12m
2020-01-31,gamma0,-1.8070376240628125e-06,6m,1m,12m
2020-02-03,gamma0,2.65747701972566e-05,6m,1m,12m
2020-02-04,gamma0,1.5017505015392354e-05,6m,1m,12m
2020-02-05,gamma0,5.469787874739239e-05,6m,1m,12m
2020-02-06,gamma0,2.9154382205164747e-05,6m,1m,12m
2020-02-07,gamma0,8.352648105894246e-06,6m,1m,12m
2020-02-10,gamma0,-1.1046247124703258e-05,6m,1m,12m
2020-02-11,gamma0,-3.501461953859096e-06,6m,1m,12m
2020-02-12,gamma0,-2.5170371017771984e-05,6m,1m,12m
2020-02-13,gamma0,-2.4776249259395562e-05,6m,1m,12m
2020-02-14,gamma0,-6.981890379287972e-05,6m,1m,12m
2020-02-18,gamma0,-3.472024909122084e-06,6m,1m,12m
2020-02-19,gamma0,-2.1712014939145405e-05,6m,1m,12m
2020-02-20,gamma0,-4.0567832202635816e-05,6m,1m,12m
2020-02-21,gamma0,-1.9084568096434995e-05,6m,1m,12m
2020-02-24,gamma0,0.00021514678780699237,6m,1m,12m
2020-02-25,gamma0,0.0002658831199777974,6m,1m,12m
2020-02-26,gamma0,0.00026443604458020693,6m,1m,12m
2020-02-27,gamma0,0.0005635027749498559,6m,1m,12m
2020-02-28,gamma0,0.0007172285779607305,6m,1m,12m
2020-03-02,gamma0,0.00031817024077682827,6m,1m,12m
2020-03-03,gamma0,0.0004922391002715815,6m,1m,12m
2020-03-04,gamma0,0.0003190592433375005,6m,1m,12m
2020-03-05,gamma0,0.0004610466401115614,6m,1m,12m
2020-03-06,gamma0,0.00035148224265901904,6m,1m,12m
2020-03-09,gamma0,0.000633548327905427,6m,1m,12m
2020-03-10,gamma0,0.00042324610373459953,6m,1m,12m
2020-03-11,gamma0,0.0005058119279163641,6m,1m,12m
2020-03-12,gamma0,0.0007172285779607305,6m,1m,12m
2020-03-13,gamma0,0.0006109066651544062,6m,1m,12m
2020-03-16,gamma0,0.0007172285779607305,6m,1m,12m
2020-03-17,gamma0,0.0007172285779607305,6m,1m,12m
2020-03-18,gamma0,0.0007172285779607305,6m,1m,12m
2020-03-19,gamma0,0.0007172285779607305,6m,1m,12m
2020-03-20,gamma0,0.00047741620716356824,6m,1m,12m
2020-03-23,gamma0,0.0006292008678938175,6m,1m,12m
2020-03-24,gamma0,0.0007172285779607305,6m,1m,12m
2020-03-25,gamma0,0.0007172285779607305,6m,1m,12m
2020-03-26,gamma0,0.0007172285779607305,6m,1m,12m
2020-03-27,gamma0,0.0007172285779607305,6m,1m,12m
2020-03-30,gamma0,0.0006921532966764633,6m,1m,12m
2020-03-31,gamma0,0.0005213688751913466,6m,1m,12m
2020-04-01,gamma0,0.0006546061588873945,6m,1m,12m
2020-04-02,gamma0,0.0004536928155520853,6m,1m,12m
2020-04-03,gamma0,0.0003373339072542086,6m,1m,12m
2020-04-06,gamma0,0.00022529983251209313,6m,1m,12m
2020-04-07,gamma0,0.000306897556629068,6m,1m,12m
2020-04-08,gamma0,0.0001637350864389597,6m,1m,12m
2020-04-09,gamma0,0.0001831951896643824,6m,1m,12m
2020-04-13,gamma0,0.00025443264316113564,6m,1m,12m
2020-04-14,gamma0,0.000254510408640379,6m,1m,12m
2020-04-15,gamma0,0.0002526833385400636,6m,1m,12m
2020-04-16,gamma0,0.00019209056952825364,6m,1m,12m
2020-04-17,gamma0,6.875241990102717e-05,6m,1m,12m
2020-04-20,gamma0,0.0001816584163852623,6m,1m,12m
2020-04-21,gamma0,0.00019552752169013895,6m,1m,12m
2020-04-22,gamma0,0.0001222371569332704,6m,1m,12m
2020-04-23,gamma0,5.813937768670555e-05,6m,1m,12m
2020-04-24,gamma0,-0.00014195819608816757,6m,1m,12m
2020-04-27,gamma0,-0.00015091347252009355,6m,1m,12m
2020-04-28,gamma0,-8.3663343429745e-05,6m,1m,12m
2020-04-29,gamma0,-9.239068582700036e-06,6m,1m,12m
2020-04-30,gamma0,3.017015612811844e-05,6m,1m,12m
2020-05-01,gamma0,-5.8046683141777826e-05,6m,1m,12m
2020-05-04,gamma0,-5.82447904268863e-05,6m,1m,12m
2020-05-05,gamma0,-0.00010110160180088294,6m,1m,12m
2020-05-06,gamma0,-6.574596258772744e-05,6m,1m,12m
2020-05-07,gamma0,-0.00012925484175405343,6m,1m,12m
2020-05-08,gamma0,-0.00028500315453870885,6m,1m,12m
2020-05-11,gamma0,-0.0002512332663154364,6m,1m,12m
2020-05-12,gamma0,-0.00012449933533086518,6m,1m,12m
2020-05-13,gamma0,-7.35669741504132e-05,6m,1m,12m
2020-05-14,gamma0,-9.605833709059079e-05,6m,1m,12m
2020-05-15,gamma0,-0.0001918414580239696,6m,1m,12m
2020-05-18,gamma0,-4.097782563446407e-05,6m,1m,12m
2020-05-19,gamma0,3.7246199301092396e-05,6m,1m,12m
2020-05-20,gamma0,-3.557353092692611e-05,6m,1m,12m
2020-05-21,gamma0,-4.986641127425572e-05,6m,1m,12m
2020-05-22,gamma0,-0.00018666770444738108,6m,1m,12m
2020-05-26,gamma0,-0.00018214036324989055,6m,1m,12m
2020-05-27,gamma0,-0.00016835246585016422,6m,1m,12m
2020-05-28,gamma0,-0.00013184343133916076,6m,1m,12m
2020-05-29,gamma0,-0.00024178212158782432,6m,1m,12m
2020-06-01,gamma0,-0.00014042825445538794,6m,1m,12m
2020-06-02,gamma0,-0.0002355855679198803,6m,1m,12m
2020-06-03,gamma0,-0.0002517552018053338,6m,1m,12m
2020-06-04,gamma0,-0.0001690563891407182,6m,1m,12m
2020-06-05,gamma0,-0.0002029007956444286,6m,1m,12m
2020-06-08,gamma0,-0.00010230907310729843,6m,1m,12m
2020-06-09,gamma0,-0.00012290409101219253,6m,1m,12m
2020-06-10,gamma0,-0.0001418243385214087,6m,1m,12m
2020-06-11,gamma0,7.583748118331068e-05,6m,1m,12m
2020-06-12,gamma0,-0.00011368380502935056,6m,1m,12m
2020-06-15,gamma0,-4.160372710552504e-05,6m,1m,12m
2020-06-16,gamma0,-2.5372334784875753e-05,6m,1m,12m
2020-06-17,gamma0,-7.910351143789876e-05,6m,1m,12m
2020-06-18,gamma0,-0.0001436481847290928,6m,1m,12m
2020-06-19,gamma0,-0.00025194211354006787,6m,1m,12m
2020-06-22,gamma0,-0.0002395249934014734,6m,1m,12m
2020-06-23,gamma0,-0.00019701321814741724,6m,1m,12m
2020-06-24,gamma0,-0.00011637694517420917,6m,1m,12m
2020-06-25,gamma0,-0.00014358676890217296,6m,1m,12m
2020-06-26,gamma0,-0.00015786674240152033,6m,1m,12m
2020-06-29,gamma0,-0.0001737845030283221,6m,1m,12m
2020-06-30,gamma0,-0.00020151163379519818,6m,1m,12m
2020-07-01,gamma0,-0.0001977125147106124,6m,1m,12m
2020-07-02,gamma0,-0.000207905874754491,6m,1m,12m
2020-07-06,gamma0,-0.0002744099374496885,6m,1m,12m
2020-07-07,gamma0,-0.00021692556082499742,6m,1m,12m
2020-07-08,gamma0,-0.00027056253260014597,6m,1m,12m
2020-07-09,gamma0,-0.000212346204050088,6m,1m,12m
2020-07-10,gamma0,-0.00034910473108893487,6m,1m,12m
2020-07-13,gamma0,-0.00023225423104031786,6m,1m,12m
2020-07-14,gamma0,-0.00028138376106398306,6m,1m,12m
2020-07-15,gamma0,-0.00029559347307175237,6m,1m,12m
2020-07-16,gamma0,-0.00032596414203915543,6m,1m,12m
2020-07-17,gamma0,-0.0003952787308953383,6m,1m,12m
2020-07-20,gamma0,-0.000357473843466537,6m,1m,12m
2020-07-21,gamma0,-0.0003102062988794527,6m,1m,12m
2020-07-22,gamma0,-0.00035742175811846267,6m,1m,12m
2020-07-23,gamma0,-0.0003184245769985679,6m,1m,12m
2020-07-24,gamma0,-0.0003952787308953383,6m,1m,12m
2020-07-27,gamma0,-0.0003952787308953383,6m,1m,12m
2020-07-28,gamma0,-0.00034913236446393775,6m,1m,12m
2020-07-29,gamma0,-0.0003952787308953383,6m,1m,12m
2020-07-30,gamma0,-0.000383680368997664,6m,1m,12m
2020-07-31,gamma0,-0.0003952787308953383,6m,1m,12m
2020-08-03,gamma0,-0.0003952787308953383,6m,1m,12m
2020-08-04,gamma0,-0.0003944189203389021,6m,1m,12m
2020-08-05,gamma0,-0.0003952787308953383,6m,1m,12m
2020-08-06,gamma0,-0.0003952787308953383,6m,1m,12m
2020-08-07,gamma0,-0.0003952787308953383,6m,1m,12m
2020-08-10,gamma0,-0.0003952787308953383,6m,1m,12m
2020-08-11,gamma0,-0.00036908393265665837,6m,1m,12m
2020-08-12,gamma0,-0.0003952787308953383,6m,1m,12m
2020-08-13,gamma0,-0.0003952787308953383,6m,1m,12m
2020-08-14,gamma0,-0.0003952787308953383,6m,1m,12m
2020-08-17,gamma0,-0.0003952787308953383,6m,1m,12m
2020-08-18,gamma0,-0.0003561905825541927,6m,1m,12m
2020-08-19,gamma0,-0.00037169815156830544,6m,1m,12m
2020-08-20,gamma0,-0.00038260657842739096,6m,1m,12m
2020-08-21,gamma0,-0.0003297816472499019,6m,1m,12m
2020-08-24,gamma0,-0.00033930880251883375,6m,1m,12m
2020-08-25,gamma0,-0.0003203552224413793,6m,1m,12m
2020-08-26,gamma0,-0.0003149794174577941,6m,1m,12m
2020-08-27,gamma0,-0.0003133084072874057,6m,1m,12m
2020-08-28,gamma0,-0.0003952787308953383,6m,1m,12m
2020-08-31,gamma0,-0.00035897334994163167,6m,1m,12m
2020-09-01,gamma0,-0.0003830037688903138,6m,1m,12m
2020-09-02,gamma0,-0.000266784885791664,6m,1m,12m
2020-09-03,gamma0,-0.0002268187124566148,6m,1m,12m
2020-09-04,gamma0,-0.0003215409362826765,6m,1m,12m
2020-09-08,gamma0,-8.826831095908471e-05,6m,1m,12m
2020-09-09,gamma0,-0.00016537226023439399,6m,1m,12m
2020-09-10,gamma0,-0.0001651409511344019,6m,1m,12m
2020-09-11,gamma0,-0.00030966313972909646,6m,1m,12m
2020-09-14,gamma0,-0.00020468999265340444,6m,1m,12m
2020-09-15,gamma0,-0.0001783668767925626,6m,1m,12m
2020-09-16,gamma0,-0.00016376689525014033,6m,1m,12m
2020-09-17,gamma0,-0.00015515230371465535,6m,1m,12m
2020-09-18,gamma0,-0.00029139179418273634,6m,1m,12m
2020-09-21,gamma0,-0.0002367203421481299,6m,1m,12m
2020-09-22,gamma0,-0.0002884298238927732,6m,1m,12m
2020-09-23,gamma0,-0.0002177254046249864,6m,1m,12m
2020-09-24,gamma0,-0.0002246067148399414,6m,1m,12m
2020-09-25,gamma0,-0.0003952787308953383,6m,1m,12m
2020-09-28,gamma0,-0.00034460437757371,6m,1m,12m
2020-09-29,gamma0,-0.0003003845759057167,6m,1m,12m
2020-09-30,gamma0,-0.0003519039778663919,6m,1m,12m
2020-10-01,gamma0,-0.0003712537599401509,6m,1m,12m
2020-10-02,gamma0,-0.0003952787308953383,6m,1m,12m
2020-10-05,gamma0,-0.00028686599263852235,6m,1m,12m
2020-10-06,gamma0,-0.00023430962021161629,6m,1m,12m
2020-10-07,gamma0,-0.00021348569746614644,6m,1m,12m
2020-10-08,gamma0,-0.00023113725797158351,6m,1m,12m
2020-10-09,gamma0,-0.0003113103299645446,6m,1m,12m
2020-10-12,gamma0,-0.000242102094766833,6m,1m,12m
2020-10-13,gamma0,-0.00020826149367950364,6m,1m,12m
2020-10-14,gamma0,-0.0001649655487545518,6m,1m,12m
2020-10-15,gamma0,-0.00014452505027829984,6m,1m,12m
2020-10-16,gamma0,-0.00017563251635753654,6m,1m,12m
2020-10-19,gamma0,1.4008526699125122e-05,6m,1m,12m
2020-10-20,gamma0,5.5513909601392785e-05,6m,1m,12m
2020-10-21,gamma0,2.82576191232022e-05,6m,1m,12m
2020-10-22,gamma0,2.2693342088915986e-05,6m,1m,12m
2020-10-23,gamma0,-4.731463773321975e-05,6m,1m,12m
2020-10-26,gamma0,0.0001262613302418976,6m,1m,12m
2020-10-27,gamma0,0.0001332063414147215,6m,1m,12m
2020-10-28,gamma0,0.0003017075830614629,6m,1m,12m
2020-10-29,gamma0,0.00018226701361763342,6m,1m,12m
2020-10-30,gamma0,0.00021094779109476704,6m,1m,12m
2020-11-02,gamma0,0.00023194609700267376,6m,1m,12m
2020-11-03,gamma0,0.0001986089591471023,6m,1m,12m
2020-11-04,gamma0,6.999724424921055e-05,6m,1m,12m
2020-11-05,gamma0,-5.9734333761900734e-05,6m,1m,12m
2020-11-06,gamma0,-0.00015336085495797655,6m,1m,12m
2020-11-09,gamma0,-4.280254832637381e-05,6m,1m,12m
2020-11-10,gamma0,-4.835177134262542e-05,6m,1m,12m
2020-11-11,gamma0,-7.663257159807048e-05,6m,1m,12m
2020-11-12,gamma0,-4.144608096880124e-05,6m,1m,12m
2020-11-13,gamma0,-0.00013544233433507156,6m,1m,12m
2020-11-16,gamma0,-0.00011214107966066374,6m,1m,12m
2020-11-17,gamma0,-8.34789200135464e-05,6m,1m,12m
2020-11-18,gamma0,-9.221770356440284e-05,6m,1m,12m
2020-11-19,gamma0,-0.00011382767343065771,6m,1m,12m
2020-11-20,gamma0,-0.00015947078140518122,6m,1m,12m
2020-11-23,gamma0,-0.00017673055556388848,6m,1m,12m
2020-11-24,gamma0,-0.00016486952960356423,6m,1m,12m
2020-11-25,gamma0,-0.00015312553566343193,6m,1m,12m
2020-11-27,gamma0,-0.00023481716849125752,6m,1m,12m
2020-11-30,gamma0,-0.00020716506491799403,6m,1m,12m
2020-12-01,gamma0,-0.00019386538326056636,6m,1m,12m
2020-12-02,gamma0,-0.00018226510482352484,6m,1m,12m
2020-12-03,gamma0,-0.00017376090007927006,6m,1m,12m
2020-12-04,gamma0,-0.00026518149390659007,6m,1m,12m
2020-12-07,gamma0,-0.00021116917835141964,6m,1m,12m
2020-12-08,gamma0,-0.00017118470653454445,6m,1m,12m
2020-12-09,gamma0,-0.00015734654634082213,6m,1m,12m
2020-12-10,gamma0,-0.0001385386757060508,6m,1m,12m
2020-12-11,gamma0,-0.0001850310131368492,6m,1m,12m
2020-12-14,gamma0,-0.00013121815279465096,6m,1m,12m
2020-12-15,gamma0,-0.00016291802157881126,6m,1m,12m
2020-12-16,gamma0,-0.00020618037464446585,6m,1m,12m
2020-12-17,gamma0,-0.0002273134842950622,6m,1m,12m
2020-12-18,gamma0,-0.00028259280573758,6m,1m,12m
2020-12-21,gamma0,-0.00021056449246826083,6m,1m,12m
2020-12-22,gamma0,-0.00024856733159226265,6m,1m,12m
2020-12-23,gamma0,-0.0002603853187722128,6m,1m,12m
2020-12-24,gamma0,-0.00032318934966456145,6m,1m,12m
2020-12-28,gamma0,-0.00030990764431230907,6m,1m,12m
2020-12-29,gamma0,-0.0002654153920108339,6m,1m,12m
2020-12-30,gamma0,-0.000311809575060483,6m,1m,12m
2020-12-31,gamma0,-0.00032007000946061403,6m,1m,12m
2021-01-04,gamma0,-0.00015213551762861737,6m,1m,12m
2021-01-05,gamma0,-0.00023813049862462556,6m,1m,12m
2021-01-06,gamma0,-0.00013249600241746124,6m,1m,12m
2021-01-07,gamma0,-0.0002514562957030815,6m,1m,12m
2021-01-08,gamma0,-0.0003314077416026313,6m,1m,12m
2021-01-11,gamma0,-0.00028338561027045915,6m,1m,12m
2021-01-12,gamma0,-0.00025119158629550504,6m,1m,12m
2021-01-13,gamma0,-0.0002866949553030045,6m,1m,12m
2021-01-14,gamma0,-0.00026766805656485804,6m,1m,12m
2021-01-15,gamma0,-9.807106517737004e-05,6m,1m,12m
2021-01-19,gamma0,-2.554299525193568e-05,6m,1m,12m
2021-01-20,gamma0,-7.031466320650197e-05,6m,1m,12m
2021-01-21,gamma0,-0.00019445583754892462,6m,1m,12m
2021-01-22,gamma0,-0.000271528486519898,6m,1m,12m
2021-01-25,gamma0,-0.00020905901909995176,6m,1m,12m
2021-01-26,gamma0,-0.0001933222769962026,6m,1m,12m
2021-01-27,gamma0,3.4205188850237784e-05,6m,1m,12m
2021-01-28,gamma0,-0.00010468791213013532,6m,1m,12m
2021-01-29,gamma0,-5.906836511598518e-05,6m,1m,12m
2021-02-01,gamma0,-0.00015853440657721205,6m,1m,12m
2021-02-02,gamma0,-0.00021388765540450582,6m,1m,12m
2021-02-03,gamma0,-0.00022602251034286515,6m,1m,12m
2021-02-04,gamma0,-0.00021929279079455755,6m,1m,12m
2021-02-05,gamma0,-0.00026725470248866606,6m,1m,12m
2021-02-08,gamma0,-0.00026420652017555347,6m,1m,12m
2021-02-09,gamma0,-0.0002547124005017796,6m,1m,12m
2021-02-10,gamma0,-0.00024864915148086305,6m,1m,12m
2021-02-11,gamma0,-0.00027592194617344416,6m,1m,12m
2021-02-12,gamma0,-0.0003414308166186052,6m,1m,12m
2021-02-16,gamma0,-0.0002639825254229442,6m,1m,12m
2021-02-17,gamma0,-0.0003115144500765766,6m,1m,12m
2021-02-18,gamma0,-0.00027518126975804765,6m,1m,12m
2021-02-19,gamma0,-0.00034351897001634645,6m,1m,12m
2021-02-22,gamma0,-0.0003952787308953383,6m,1m,12m
2021-02-23,gamma0,-0.0003243364724783864,6m,1m,12m
2021-02-24,gamma0,-0.00029576666468083206,6m,1m,12m
2021-02-25,gamma0,-0.0001386552383387961,6m,1m,12m
2021-02-26,gamma0,-0.000175517412177913,6m,1m,12m
2021-03-01,gamma0,-0.0002071328971474034,6m,1m,12m
2021-03-02,gamma0,-0.0001903583276453301,6m,1m,12m
2021-03-03,gamma0,-0.00012700641598128364,6m,1m,12m
2021-03-04,gamma0,5.8557546662590726e-05,6m,1m,12m
2021-03-05,gamma0,-0.00013014904230677042,6m,1m,12m
2021-03-08,gamma0,-9.07472171877142e-05,6m,1m,12m
2021-03-09,gamma0,-0.00013428235806288498,6m,1m,12m
2021-03-10,gamma0,-0.0001680503496569282,6m,1m,12m
2021-03-11,gamma0,-0.00018873205465468333,6m,1m,12m
2021-03-12,gamma0,-0.00030091191070158793,6m,1m,12m
2021-03-15,gamma0,-0.0002840118729970368,6m,1m,12m
2021-03-16,gamma0,-0.00025781831425518214,6m,1m,12m
2021-03-17,gamma0,-0.0002781993088531067,6m,1m,12m
2021-03-18,gamma0,-0.00026547261680674093,6m,1m,12m
2021-03-19,gamma0,-0.00036694811010834277,6m,1m,12m
2021-03-22,gamma0,-0.00035871844595198774,6m,1m,12m
2021-03-23,gamma0,-0.0003174284150675463,6m,1m,12m
2021-03-24,gamma0,-0.00029675303754410977,6m,1m,12m
2021-03-25,gamma0,-0.00027113037083422825,6m,1m,12m
2021-03-26,gamma0,-0.00035241039176344443,6m,1m,12m
2021-03-29,gamma0,-0.00026441372395578,6m,1m,12m
2021-03-30,gamma0,-0.0003073424595914488,6m,1m,12m
2021-03-31,gamma0,-0.0003069396921175701,6m,1m,12m
2021-04-01,gamma0,-0.0001574140575641487,6m,1m,12m
2021-04-05,gamma0,-0.00032826142175004824,6m,1m,12m
2021-04-06,gamma0,-0.00030936051003843174,6m,1m,12m
2021-04-07,gamma0,-0.0003446470589500091,6m,1m,12m
2021-04-08,gamma0,-0.0003245449035344635,6m,1m,12m
2021-04-09,gamma0,-0.00035479219115023257,6m,1m,12m
2021-04-12,gamma0,-0.00034328392870100987,6m,1m,12m
2021-04-13,gamma0,-0.00033606199000464935,6m,1m,12m
2021-04-14,gamma0,-0.00032269710842102145,6m,1m,12m
2021-04-15,gamma0,-0.0003559638194713845,6m,1m,12m
2021-04-16,gamma0,-0.000357843115960112,6m,1m,12m
2021-04-19,gamma0,-0.00025607332242815156,6m,1m,12m
2021-04-20,gamma0,-0.00017616706108116497,6m,1m,12m
2021-04-21,gamma0,-0.000231074536119286,6m,1m,12m
2021-04-22,gamma0,-0.00020555900204112092,6m,1m,12m
2021-04-23,gamma0,-0.0002449067468578394,6m,1m,12m
2021-04-26,gamma0,-0.00019457803436686888,6m,1m,12m
2021-04-27,gamma0,-0.00020840059504528114,6m,1m,12m
2021-04-28,gamma0,-0.00016928347110363895,6m,1m,12m
2021-04-29,gamma0,-0.0001850825899734935,6m,1m,12m
2021-04-30,gamma0,-0.00022937296783721736,6m,1m,12m
2021-05-03,gamma0,-0.0002059963736833686,6m,1m,12m
2021-05-04,gamma0,-0.00020156017899265028,6m,1m,12m
2021-05-05,gamma0,-6.957178886028737e-05,6m,1m,12m
2021-05-06,gamma0,-9.929723381585869e-05,6m,1m,12m
2021-05-07,gamma0,-0.00013475606433603426,6m,1m,12m
2021-05-10,gamma0,-0.00030194100128643907,6m,1m,12m
2021-05-11,gamma0,-0.00024256223285739714,6m,1m,12m
2021-05-12,gamma0,-7.704030548045961e-05,6m,1m,12m
2021-05-13,gamma0,-0.00012951590073887668,6m,1m,12m
2021-05-14,gamma0,-0.00021067046384552857,6m,1m,12m
2021-05-17,gamma0,-0.00017377110151935423,6m,1m,12m
2021-05-18,gamma0,-0.00015160832557765193,6m,1m,12m
2021-05-19,gamma0,-0.00011626510147152454,6m,1m,12m
2021-05-20,gamma0,-0.0001516527322696727,6m,1m,12m
2021-05-21,gamma0,-0.00024149093604754546,6m,1m,12m
2021-05-24,gamma0,-0.0002758527956361032,6m,1m,12m
2021-05-25,gamma0,-0.00026213378481961826,6m,1m,12m
2021-05-26,gamma0,-0.00027718272021032395,6m,1m,12m
2021-05-27,gamma0,-0.00023291526294882587,6m,1m,12m
2021-05-28,gamma0,-0.00030208521499536277,6m,1m,12m
2021-06-01,gamma0,-0.00025212528704411755,6m,1m,12m
2021-06-02,gamma0,-0.00026092079180502475,6m,1m,12m
2021-06-03,gamma0,-0.00027864990652478965,6m,1m,12m
2021-06-04,gamma0,-7.720049034119102e-05,6m,1m,12m
2021-06-07,gamma0,-0.00013497497122678058,6m,1m,12m
2021-06-08,gamma0,-0.00013276976789405192,6m,1m,12m
2021-06-09,gamma0,-0.00011277053423493462,6m,1m,12m
2021-06-10,gamma0,-0.00017604285419003715,6m,1m,12m
2021-06-11,gamma0,-0.0002518184674511775,6m,1m,12m
2021-06-14,gamma0,-0.00021567677179543926,6m,1m,12m
2021-06-15,gamma0,-0.00019073549441098018,6m,1m,12m
2021-06-16,gamma0,-0.00018005159896914506,6m,1m,12m
2021-06-17,gamma0,-0.0002557713362348645,6m,1m,12m
2021-06-18,gamma0,-0.00018438539526312856,6m,1m,12m
2021-06-21,gamma0,-0.0002827502636281437,6m,1m,12m
2021-06-22,gamma0,-0.00029968782408819225,6m,1m,12m
2021-06-23,gamma0,-0.00024911466053582096,6m,1m,12m
2021-06-24,gamma0,-0.00020238807088411137,6m,1m,12m
2021-06-25,gamma0,-0.00027858724085524017,6m,1m,12m
2021-06-28,gamma0,-0.00027579243422869994,6m,1m,12m
2021-06-29,gamma0,-0.0002951824206600355,6m,1m,12m
2021-06-30,gamma0,-0.00021217364118558506,6m,1m,12m
2021-07-01,gamma0,-0.00022795958670756764,6m,1m,12m
2021-07-02,gamma0,-0.00025457585588581073,6m,1m,12m
2021-07-06,gamma0,-0.00021896075038343587,6m,1m,12m
2021-07-07,gamma0,-0.00029081765574506856,6m,1m,12m
2021-07-08,gamma0,-0.00028920321078923863,6m,1m,12m
2021-07-09,gamma0,-0.0002714152182811712,6m,1m,12m
2021-07-12,gamma0,-0.00031868429663719133,6m,1m,12m
2021-07-13,gamma0,-0.00032339888733991907,6m,1m,12m
2021-07-14,gamma0,-0.0003423913877494277,6m,1m,12m
2021-07-15,gamma0,-0.00033018656146461937,6m,1m,12m
2021-07-16,gamma0,-0.00028751636258109165,6m,1m,12m
2021-07-19,gamma0,-0.00023171455285277414,6m,1m,12m
2021-07-20,gamma0,-0.0002746174746127015,6m,1m,12m
2021-07-21,gamma0,-0.0003402201660215605,6m,1m,12m
2021-07-22,gamma0,-0.000326327751765073,6m,1m,12m
2021-07-23,gamma0,-0.00037999252536854517,6m,1m,12m
2021-07-26,gamma0,-0.0003342697812757985,6m,1m,12m
2021-07-27,gamma0,-0.0002835080785264191,6m,1m,12m
2021-07-28,gamma0,-0.0002904755179026736,6m,1m,12m
2021-07-29,gamma0,-0.0002988788647420837,6m,1m,12m
2021-07-30,gamma0,-0.000350519827904124,6m,1m,12m
2021-08-02,gamma0,-5.362721370964173e-05,6m,1m,12m
2021-08-03,gamma0,-0.00010159255117856714,6m,1m,12m
2021-08-04,gamma0,-5.081450121255984e-05,6m,1m,12m
2021-08-05,gamma0,-7.658160172311581e-05,6m,1m,12m
2021-08-06,gamma0,-0.00015344703120265328,6m,1m,12m
2021-08-09,gamma0,-0.0002139666287175701,6m,1m,12m
2021-08-10,gamma0,-0.00023128188552294372,6m,1m,12m
2021-08-11,gamma0,-0.00021542064935065915,6m,1m,12m
2021-08-12,gamma0,-0.00022819518942634215,6m,1m,12m
2021-08-13,gamma0,-0.00031527757451820556,6m,1m,12m
2021-08-16,gamma0,-0.0002968012464533465,6m,1m,12m
2021-08-17,gamma0,-0.0002397925978264435,6m,1m,12m
2021-08-18,gamma0,-0.0002209812741216235,6m,1m,12m
2021-08-19,gamma0,-0.00022285389320442206,6m,1m,12m
2021-08-20,gamma0,-0.0003826583848908066,6m,1m,12m
2021-08-23,gamma0,-0.0003952787308953383,6m,1m,12m
2021-08-24,gamma0,-0.0003952787308953383,6m,1m,12m
2021-08-25,gamma0,-0.00037576883917233916,6m,1m,12m
2021-08-26,gamma0,-0.0003381502956127849,6m,1m,12m
2021-08-27,gamma0,-0.0003952787308953383,6m,1m,12m
2021-08-30,gamma0,-0.0003952787308953383,6m,1m,12m
2021-08-31,gamma0,-0.00032432020678407767,6m,1m,12m
2021-09-01,gamma0,-0.0003270167040095713,6m,1m,12m
2021-09-02,gamma0,-9.854011142703634e-05,6m,1m,12m
2021-09-03,gamma0,-0.0001862238072855479,6m,1m,12m
2021-09-07,gamma0,-0.00021978436207214787,6m,1m,12m
2021-09-08,gamma0,-0.00018822060328657273,6m,1m,12m
2021-09-09,gamma0,-0.00015570719111227796,6m,1m,12m
2021-09-10,gamma0,-0.00019376978660441381,6m,1m,12m
2021-09-13,gamma0,-0.00018857024606337534,6m,1m,12m
2021-09-14,gamma0,-0.00018580423196431676,6m,1m,12m
2021-09-15,gamma0,-0.00023748532773353465,6m,1m,12m
2021-09-16,gamma0,-0.00022789282925738522,6m,1m,12m
2021-09-17,gamma0,-0.00025103546828996126,6m,1m,12m
2021-09-20,gamma0,-0.00014828006398887885,6m,1m,12m
2021-09-21,gamma0,-0.00016021673880322178,6m,1m,12m
2021-09-22,gamma0,-0.00017465004878889137,6m,1m,12m
2021-09-23,gamma0,-0.0002279302828189435,6m,1m,12m
2021-09-24,gamma0,-0.0002980488095346303,6m,1m,12m
2021-09-27,gamma0,-0.0002774613409768882,6m,1m,12m
2021-09-28,gamma0,-0.00018228057489411484,6m,1m,12m
2021-09-29,gamma0,-0.00014766422540643396,6m,1m,12m
2021-09-30,gamma0,-0.00018110456173135492,6m,1m,12m
2021-10-01,gamma0,-0.00028986187657039617,6m,1m,12m
2021-10-04,gamma0,-0.00025955966753384116,6m,1m,12m
2021-10-05,gamma0,-0.0002965169419677842,6m,1m,12m
2021-10-06,gamma0,-0.0002648667622202211,6m,1m,12m
2021-10-07,gamma0,-0.00032064302105399537,6m,1m,12m
2021-10-08,gamma0,-0.00038406083303956954,6m,1m,12m
2021-10-11,gamma0,-0.0003393135467654791,6m,1m,12m
2021-10-12,gamma0,-0.00032688674156627895,6m,1m,12m
2021-10-13,gamma0,-0.0003207006235777986,6m,1m,12m
2021-10-14,gamma0,-0.00035738500326966866,6m,1m,12m
2021-10-15,gamma0,-0.0003952787308953383,6m,1m,12m
2021-10-18,gamma0,-0.0003617940596963939,6m,1m,12m
2021-10-19,gamma0,-0.0002457129347607312,6m,1m,12m
2021-10-20,gamma0,-0.00027261896353081386,6m,1m,12m
2021-10-21,gamma0,-0.00028019213423028847,6m,1m,12m
2021-10-22,gamma0,-0.00032665137089671017,6m,1m,12m
2021-10-25,gamma0,-0.00033843925855595817,6m,1m,12m
2021-10-26,gamma0,-0.0003051267722177408,6m,1m,12m
2021-10-27,gamma0,-0.0003186895953787482,6m,1m,12m
2021-10-28,gamma0,-0.000344083759633506,6m,1m,12m
2021-10-29,gamma0,-0.00036906730405890115,6m,1m,12m
2021-11-01,gamma0,-0.00013313350831900366,6m,1m,12m
2021-11-02,gamma0,-0.0001418733107805439,6m,1m,12m
2021-11-03,gamma0,-0.0001178612053736758,6m,1m,12m
2021-11-04,gamma0,-0.0001366157018560495,6m,1m,12m
2021-11-05,gamma0,-0.00015361640088318437,6m,1m,12m
2021-11-08,gamma0,-0.0002034325947241818,6m,1m,12m
2021-11-09,gamma0,-0.00020714893141075445,6m,1m,12m
2021-11-10,gamma0,-0.00016676058142865404,6m,1m,12m
2021-11-11,gamma0,-0.00021883686366092753,6m,1m,12m
2021-11-12,gamma0,-0.00030751460905823803,6m,1m,12m
2021-11-15,gamma0,-0.0002839730334190189,6m,1m,12m
2021-11-16,gamma0,-0.00024483817776580635,6m,1m,12m
2021-11-17,gamma0,-0.00029657289325063984,6m,1m,12m
2021-11-18,gamma0,-0.000327378683144481,6m,1m,12m
2021-11-19,gamma0,-0.00038295058370648816,6m,1m,12m
2021-11-22,gamma0,-0.0002933171909801904,6m,1m,12m
2021-11-23,gamma0,-0.0003133762585560695,6m,1m,12m
2021-11-24,gamma0,-0.0003406088208621945,6m,1m,12m
2021-11-26,gamma0,-0.0002491888576328801,6m,1m,12m
2021-11-29,gamma0,-0.0002728747811661643,6m,1m,12m
2021-11-30,gamma0,-0.00016215615904037543,6m,1m,12m
2021-12-01,gamma0,-8.069030086680121e-05,6m,1m,12m
2021-12-02,gamma0,-0.00015125390778086083,6m,1m,12m
2021-12-03,gamma0,-0.00016640046712955645,6m,1m,12m
2021-12-06,gamma0,-2.3893931825944134e-05,6m,1m,12m
2021-12-07,gamma0,-0.00013306023149515237,6m,1m,12m
2021-12-08,gamma0,-0.00014592081805609488,6m,1m,12m
2021-12-09,gamma0,-0.0001373269322812864,6m,1m,12m
2021-12-10,gamma0,-0.00027098282791033454,6m,1m,12m
2021-12-13,gamma0,-0.00027978297001534454,6m,1m,12m
2021-12-14,gamma0,-0.00025938881456065226,6m,1m,12m
2021-12-15,gamma0,-0.00030274936146148596,6m,1m,12m
2021-12-16,gamma0,-0.0003085688842047888,6m,1m,12m
2021-12-17,gamma0,-0.0003409267639325253,6m,1m,12m
2021-12-20,gamma0,-0.00022334696413218617,6m,1m,12m
2021-12-21,gamma0,-0.00021416380280594042,6m,1m,12m
2021-12-22,gamma0,-0.00026301592422745175,6m,1m,12m
2021-12-23,gamma0,-0.00033995779585923046,6m,1m,12m
2021-12-27,gamma0,-0.0003482841558702022,6m,1m,12m
2021-12-28,gamma0,-0.0003193338047679144,6m,1m,12m
2021-12-29,gamma0,-0.00032155321293547305,6m,1m,12m
2021-12-30,gamma0,-0.00031290853966862845,6m,1m,12m
2021-12-31,gamma0,-0.00033506667950511116,6m,1m,12m
2022-01-03,gamma0,-0.0003253732107565238,6m,1m,12m
2022-01-04,gamma0,-0.0003329883787242466,6m,1m,12m
2022-01-05,gamma0,-0.00017720994511165853,6m,1m,12m
2022-01-06,gamma0,-0.00021126636986444638,6m,1m,12m
2022-01-07,gamma0,-0.0003002757030186966,6m,1m,12m
2022-01-10,gamma0,-0.0002347074088224297,6m,1m,12m
2022-01-11,gamma0,-0.0002679597133319674,6m,1m,12m
2022-01-12,gamma0,-0.00025411652802021385,6m,1m,12m
2022-01-13,gamma0,-0.00021680403816614155,6m,1m,12m
2022-01-14,gamma0,-0.0002965056338627064,6m,1m,12m
2022-01-18,gamma0,-0.0001045756894888655,6m,1m,12m
2022-01-19,gamma0,-8.122814099512546e-05,6m,1m,12m
2022-01-20,gamma0,1.2368450595833741e-05,6m,1m,12m
2022-01-21,gamma0,5.135203104512989e-06,6m,1m,12m
2022-01-24,gamma0,4.805251994620888e-06,6m,1m,12m
2022-01-25,gamma0,4.8667016790905993e-05,6m,1m,12m
2022-01-26,gamma0,8.379092447969033e-05,6m,1m,12m
2022-01-27,gamma0,0.00012460861332791248,6m,1m,12m
2022-01-28,gamma0,5.9787878433177844e-05,6m,1m,12m
2022-01-31,gamma0,-2.8086434355997318e-05,6m,1m,12m
2022-02-01,gamma0,-0.0001441136583322721,6m,1m,12m
2022-02-02,gamma0,-6.972700014662523e-05,6m,1m,12m
2022-02-03,gamma0,6.336908761826587e-06,6m,1m,12m
2022-02-04,gamma0,-0.00013071267486172112,6m,1m,12m
2022-02-07,gamma0,-0.00013968440021182768,6m,1m,12m
2022-02-08,gamma0,-0.0001906021056714827,6m,1m,12m
2022-02-09,gamma0,-0.00019810145454742819,6m,1m,12m
2022-02-10,gamma0,-0.00012164048380393749,6m,1m,12m
2022-02-11,gamma0,-6.749140834659667e-05,6m,1m,12m
2022-02-14,gamma0,2.8124064912566022e-05,6m,1m,12m
2022-02-15,gamma0,1.3828428587470869e-05,6m,1m,12m
2022-02-16,gamma0,-4.912929919178642e-05,6m,1m,12m
2022-02-17,gamma0,2.202074788230174e-05,6m,1m,12m
2022-02-18,gamma0,-4.7432882600106175e-05,6m,1m,12m
2022-02-22,gamma0,-1.3762725761175287e-05,6m,1m,12m
2022-02-23,gamma0,5.3765370596744506e-05,6m,1m,12m
2022-02-24,gamma0,6.862924799823697e-05,6m,1m,12m
2022-02-25,gamma0,-0.00010913623328809103,6m,1m,12m
2022-02-28,gamma0,2.0722069509232797e-05,6m,1m,12m
2022-03-01,gamma0,8.37504678054092e-05,6m,1m,12m
2022-03-02,gamma0,0.0001404110365509543,6m,1m,12m
2022-03-03,gamma0,0.0001424692667025258,6m,1m,12m
2022-03-04,gamma0,0.00011578332256706686,6m,1m,12m
2022-03-07,gamma0,0.0001524960829064293,6m,1m,12m
2022-03-08,gamma0,0.00013448935424233588,6m,1m,12m
2022-03-09,gamma0,7.873099158974039e-05,6m,1m,12m
2022-03-10,gamma0,4.7119000067589794e-05,6m,1m,12m
2022-03-11,gamma0,-2.130889293346637e-05,6m,1m,12m
2022-03-14,gamma0,7.296610728220915e-05,6m,1m,12m
2022-03-15,gamma0,1.9486863429763772e-05,6m,1m,12m
2022-03-16,gamma0,-5.4494719025652654e-05,6m,1m,12m
2022-03-17,gamma0,-6.76668603305422e-05,6m,1m,12m
2022-03-18,gamma0,-0.0001806717009220627,6m,1m,12m
2022-03-21,gamma0,-0.0002051449090214635,6m,1m,12m
2022-03-22,gamma0,-0.0002387762072013858,6m,1m,12m
2022-03-23,gamma0,-0.00020706986649982352,6m,1m,12m
2022-03-24,gamma0,-0.0002520495215107902,6m,1m,12m
2022-03-25,gamma0,-0.00032018926446711446,6m,1m,12m
2022-03-28,gamma0,-0.00033596352084269254,6m,1m,12m
2022-03-29,gamma0,-0.0003096016402123873,6m,1m,12m
2022-03-30,gamma0,-0.00026304483706698196,6m,1m,12m
2022-03-31,gamma0,-0.000259436269349097,6m,1m,12m
2022-04-01,gamma0,-0.0003952787308953383,6m,1m,12m
2022-04-04,gamma0,-0.0003952787308953383,6m,1m,12m
2022-04-05,gamma0,-0.000306476568308737,6m,1m,12m
2022-04-06,gamma0,-0.00026906802087227496,6m,1m,12m
2022-04-07,gamma0,-0.0002765397618514708,6m,1m,12m
2022-04-08,gamma0,-0.00031609354888373565,6m,1m,12m
2022-04-11,gamma0,-0.0002174988909121262,6m,1m,12m
2022-04-12,gamma0,-0.0001968863809265548,6m,1m,12m
2022-04-13,gamma0,-0.0002699671832459176,6m,1m,12m
2022-04-14,gamma0,-0.00027332368144576723,6m,1m,12m
2022-04-18,gamma0,-0.0002651653500782921,6m,1m,12m
2022-04-19,gamma0,-0.0002748906318343615,6m,1m,12m
2022-04-20,gamma0,-0.0002703566997489005,6m,1m,12m
2022-04-21,gamma0,-0.00021729372182139467,6m,1m,12m
2022-04-22,gamma0,-0.00010594379178608763,6m,1m,12m
2022-04-25,gamma0,-0.00011185437551096793,6m,1m,12m
2022-04-26,gamma0,1.9126650123118147e-05,6m,1m,12m
2022-04-27,gamma0,7.412442287934185e-06,6m,1m,12m
2022-04-28,gamma0,-6.726942550039299e-05,6m,1m,12m
2022-04-29,gamma0,7.232691717745067e-05,6m,1m,12m
2022-05-02,gamma0,4.945954723375209e-05,6m,1m,12m
2022-05-03,gamma0,-2.5007734968816005e-05,6m,1m,12m
2022-05-04,gamma0,-2.869731717008994e-06,6m,1m,12m
2022-05-05,gamma0,0.00014295496874571842,6m,1m,12m
2022-05-06,gamma0,1.876651600557934e-05,6m,1m,12m
2022-05-09,gamma0,0.00016965490921168282,6m,1m,12m
2022-05-10,gamma0,0.00010950142746366323,6m,1m,12m
2022-05-11,gamma0,0.00014316187337273128,6m,1m,12m
2022-05-12,gamma0,0.0001289926769920338,6m,1m,12m
2022-05-13,gamma0,2.0368340991592363e-05,6m,1m,12m
2022-05-16,gamma0,-3.784621808805932e-06,6m,1m,12m
2022-05-17,gamma0,-6.941856921800063e-06,6m,1m,12m
2022-05-18,gamma0,0.00010826787827692856,6m,1m,12m
2022-05-19,gamma0,5.403152390288888e-05,6m,1m,12m
2022-05-20,gamma0,1.9314012027725345e-06,6m,1m,12m
2022-05-23,gamma0,-9.589528603507172e-05,6m,1m,12m
2022-05-24,gamma0,-5.926906270980683e-05,6m,1m,12m
2022-05-25,gamma0,-4.882869891803273e-05,6m,1m,12m
2022-05-26,gamma0,-8.876289845904914e-05,6m,1m,12m
2022-05-27,gamma0,-0.00015399571541870172,6m,1m,12m
2022-05-31,gamma0,-7.605461081786409e-05,6m,1m,12m
2022-06-01,gamma0,-0.00012171545529238203,6m,1m,12m
2022-06-02,gamma0,-0.00014567174955948143,6m,1m,12m
2022-06-03,gamma0,-0.00019561618520456796,6m,1m,12m
2022-06-06,gamma0,-0.00010089411873852989,6m,1m,12m
2022-06-07,gamma0,-0.00011502782058171988,6m,1m,12m
2022-06-08,gamma0,-0.00011545191653478802,6m,1m,12m
2022-06-09,gamma0,-5.9276920709976053e-05,6m,1m,12m
2022-06-10,gamma0,-8.416338256563697e-05,6m,1m,12m
2022-06-13,gamma0,6.0417336486964e-05,6m,1m,12m
2022-06-14,gamma0,4.225249337009871e-05,6m,1m,12m
2022-06-15,gamma0,-4.9979830210430395e-05,6m,1m,12m
2022-06-16,gamma0,7.247677032577455e-06,6m,1m,12m
2022-06-17,gamma0,-0.00014608046127326826,6m,1m,12m
2022-06-21,gamma0,-0.0001389306421351125,6m,1m,12m
2022-06-22,gamma0,-0.00010793254288671259,6m,1m,12m
2022-06-23,gamma0,-7.570979804631283e-05,6m,1m,12m
2022-06-24,gamma0,-0.00012392548529291465,6m,1m,12m
2022-06-27,gamma0,-0.00010153679166062021,6m,1m,12m
2022-06-28,gamma0,-4.928985413603334e-05,6m,1m,12m
2022-06-29,gamma0,-2.208898931173101e-05,6m,1m,12m
2022-06-30,gamma0,-2.255339008400094e-05,6m,1m,12m
2022-07-01,gamma0,-0.00010701135671286111,6m,1m,12m
2022-07-05,gamma0,-7.592935275977782e-05,6m,1m,12m
2022-07-06,gamma0,-8.799461430984413e-05,6m,1m,12m
2022-07-07,gamma0,-0.00012228997467196134,6m,1m,12m
2022-07-08,gamma0,-0.00021005045318953086,6m,1m,12m
2022-07-11,gamma0,-0.00014236999072767583,6m,1m,12m
2022-07-12,gamma0,-0.0001060281551683473,6m,1m,12m
2022-07-13,gamma0,-0.0001020291322008897,6m,1m,12m
2022-07-14,gamma0,-0.0001319100638673202,6m,1m,12m
2022-07-15,gamma0,-0.00019699021318188176,6m,1m,12m
2022-07-18,gamma0,-0.00013472208473918953,6m,1m,12m
2022-07-19,gamma0,-0.00011009745549876178,6m,1m,12m
2022-07-20,gamma0,-0.00013940753043875252,6m,1m,12m
2022-07-21,gamma0,-0.00015304839071652668,6m,1m,12m
2022-07-22,gamma0,-0.0002252834586689923,6m,1m,12m
2022-07-25,gamma0,-0.00018179887552844076,6m,1m,12m
2022-07-26,gamma0,-0.00011299497872942362,6m,1m,12m
2022-07-27,gamma0,-0.0001339247843511582,6m,1m,12m
2022-07-28,gamma0,-0.00012978979950542687,6m,1m,12m
2022-07-29,gamma0,-0.00018016001918904012,6m,1m,12m
2022-08-01,gamma0,-0.0001048241325692953,6m,1m,12m
2022-08-02,gamma0,6.689815664610673e-07,6m,1m,12m
2022-08-03,gamma0,-4.4092617535817306e-05,6m,1m,12m
2022-08-04,gamma0,-7.999351335800781e-05,6m,1m,12m
2022-08-05,gamma0,-0.00015369974132848951,6m,1m,12m
2022-08-08,gamma0,-0.0001783104468995857,6m,1m,12m
2022-08-09,gamma0,-0.00016888193519379893,6m,1m,12m
2022-08-10,gamma0,-0.00020603451122761578,6m,1m,12m
2022-08-11,gamma0,-0.00020461323844591303,6m,1m,12m
2022-08-12,gamma0,-0.0002625630933670173,6m,1m,12m
2022-08-15,gamma0,-0.00018443638817774047,6m,1m,12m
2022-08-16,gamma0,-0.0001582135829743872,6m,1m,12m
2022-08-17,gamma0,-0.0001653661229694963,6m,1m,12m
2022-08-18,gamma0,-0.00018910913993266248,6m,1m,12m
2022-08-19,gamma0,-0.00025607069973997083,6m,1m,12m
2022-08-22,gamma0,-0.0001517574561103211,6m,1m,12m
2022-08-23,gamma0,-0.0001270306728751934,6m,1m,12m
2022-08-24,gamma0,-0.00012554781175173898,6m,1m,12m
2022-08-25,gamma0,-0.00013801031310439906,6m,1m,12m
2022-08-26,gamma0,-7.671774908825035e-05,6m,1m,12m
2022-08-29,gamma0,-1.464805603583567e-05,6m,1m,12m
2022-08-30,gamma0,-1.4430652507373717e-05,6m,1m,12m
2022-08-31,gamma0,-5.514031924935213e-07,6m,1m,12m
2022-09-01,gamma0,-1.2290673995323334e-05,6m,1m,12m
2022-09-02,gamma0,-6.233044482712897e-05,6m,1m,12m
2022-09-06,gamma0,4.5027094968792813e-05,6m,1m,12m
2022-09-07,gamma0,7.863501860036573e-06,6m,1m,12m
2022-09-08,gamma0,-3.5707780415888775e-05,6m,1m,12m
2022-09-09,gamma0,-9.377712099818857e-05,6m,1m,12m
2022-09-12,gamma0,-5.2580297095018415e-05,6m,1m,12m
2022-09-13,gamma0,-1.989533831509275e-05,6m,1m,12m
2022-09-14,gamma0,-2.0525094545679558e-05,6m,1m,12m
2022-09-15,gamma0,-2.6982462306553743e-05,6m,1m,12m
2022-09-16,gamma0,-7.819811531924264e-05,6m,1m,12m
2022-09-19,gamma0,-2.7756223478784662e-05,6m,1m,12m
2022-09-20,gamma0,4.6767437986305306e-05,6m,1m,12m
2022-09-21,gamma0,6.497655774816616e-05,6m,1m,12m
2022-09-22,gamma0,1.7718983752879924e-05,6m,1m,12m
2022-09-23,gamma0,4.499240986960529e-05,6m,1m,12m
2022-09-26,gamma0,8.292650558702842e-05,6m,1m,12m
2022-09-27,gamma0,0.0001005750863238507,6m,1m,12m
2022-09-28,gamma0,3.35362132814578e-05,6m,1m,12m
2022-09-29,gamma0,5.747720729714517e-05,6m,1m,12m
2022-09-30,gamma0,4.0708459867682e-05,6m,1m,12m
2022-10-03,gamma0,-3.095325883390853e-06,6m,1m,12m
2022-10-04,gamma0,-8.00776800861423e-06,6m,1m,12m
2022-10-05,gamma0,-2.272369558759282e-05,6m,1m,12m
2022-10-06,gamma0,1.3228301647614293e-05,6m,1m,12m
2022-10-07,gamma0,-1.7477069748816784e-05,6m,1m,12m
2022-10-10,gamma0,2.2072851144012206e-05,6m,1m,12m
2022-10-11,gamma0,9.141632596459282e-05,6m,1m,12m
2022-10-12,gamma0,0.00010618189896005813,6m,1m,12m
2022-10-13,gamma0,7.56999007927433e-05,6m,1m,12m
2022-10-14,gamma0,3.3233208251639686e-05,6m,1m,12m
2022-10-17,gamma0,3.3944672140501784e-05,6m,1m,12m
2022-10-18,gamma0,2.2313324028523185e-05,6m,1m,12m
2022-10-19,gamma0,7.320651404137537e-05,6m,1m,12m
2022-10-20,gamma0,1.8571958118137612e-05,6m,1m,12m
2022-10-21,gamma0,1.2623383705843457e-05,6m,1m,12m
2022-10-24,gamma0,4.6178020154148774e-05,6m,1m,12m
2022-10-25,gamma0,2.7270131947730697e-06,6m,1m,12m
2022-10-26,gamma0,-3.925677766203907e-05,6m,1m,12m
2022-10-27,gamma0,-3.6517389635439327e-05,6m,1m,12m
2022-10-28,gamma0,-3.3986004607264585e-05,6m,1m,12m
2022-10-31,gamma0,-3.66074465436347e-05,6m,1m,12m
2022-11-01,gamma0,-2.684685673534822e-05,6m,1m,12m
2022-11-02,gamma0,-5.201947728433687e-05,6m,1m,12m
2022-11-03,gamma0,-4.389028064693623e-05,6m,1m,12m
2022-11-04,gamma0,-6.74968147939818e-05,6m,1m,12m
2022-11-07,gamma0,-9.220439336759651e-05,6m,1m,12m
2022-11-08,gamma0,-5.500650282992897e-05,6m,1m,12m
2022-11-09,gamma0,-6.593833985321417e-05,6m,1m,12m
2022-11-10,gamma0,-0.00012813295243386475,6m,1m,12m
2022-11-11,gamma0,-0.00017199584664741224,6m,1m,12m
2022-11-14,gamma0,-9.22262733178572e-05,6m,1m,12m
2022-11-15,gamma0,-6.769206571762008e-05,6m,1m,12m
2022-11-16,gamma0,-3.905672985265698e-05,6m,1m,12m
2022-11-17,gamma0,-8.81589137461319e-05,6m,1m,12m
2022-11-18,gamma0,-0.00014007334766277213,6m,1m,12m
2022-11-21,gamma0,-0.0001743967792011146,6m,1m,12m
2022-11-22,gamma0,-0.0001737325639604481,6m,1m,12m
2022-11-23,gamma0,-0.0001945501088493874,6m,1m,12m
2022-11-25,gamma0,-0.00022126908705036194,6m,1m,12m
2022-11-28,gamma0,-0.00020754343857632017,6m,1m,12m
2022-11-29,gamma0,-0.00018518618511753995,6m,1m,12m
2022-11-30,gamma0,-0.00015718094934068366,6m,1m,12m
2022-12-01,gamma0,-0.00017335484872835888,6m,1m,12m
2022-12-02,gamma0,-0.0002485685039615341,6m,1m,12m
2022-12-05,gamma0,-0.00022406716862042317,6m,1m,12m
2022-12-06,gamma0,-0.00011538829897315766,6m,1m,12m
2022-12-07,gamma0,-8.702010511348225e-05,6m,1m,12m
2022-12-08,gamma0,-0.00011264593741761025,6m,1m,12m
2022-12-09,gamma0,-0.00013534868727383992,6m,1m,12m
2022-12-12,gamma0,-5.434827440925598e-05,6m,1m,12m
2022-12-13,gamma0,-7.62620426565252e-05,6m,1m,12m
2022-12-14,gamma0,-0.00014726162386322357,6m,1m,12m
2022-12-15,gamma0,-0.00013932765250418227,6m,1m,12m
2022-12-16,gamma0,-0.00019136700103797655,6m,1m,12m
2022-12-19,gamma0,-0.00016607864479933893,6m,1m,12m
2022-12-20,gamma0,-0.0001837140310239089,6m,1m,12m
2022-12-21,gamma0,-0.00017341363651455984,6m,1m,12m
2022-12-22,gamma0,-0.00014342112259539049,6m,1m,12m
2022-12-23,gamma0,-0.00018672965639013098,6m,1m,12m
2022-12-27,gamma0,-0.00016319981499731775,6m,1m,12m
2022-12-28,gamma0,-0.00012974283027404634,6m,1m,12m
2022-12-29,gamma0,-0.00015730544497403055,6m,1m,12m
2022-12-30,gamma0,-0.0001863243301587957,6m,1m,12m
2023-01-03,gamma0,-0.00010846281732956905,6m,1m,12m
2023-01-04,gamma0,-9.128218936859349e-05,6m,1m,12m
2023-01-05,gamma0,-8.668342156448464e-05,6m,1m,12m
2023-01-06,gamma0,-0.00011929642584924701,6m,1m,12m
2023-01-09,gamma0,-8.447942833723903e-05,6m,1m,12m
2023-01-10,gamma0,-0.00010530993254837837,6m,1m,12m
2023-01-11,gamma0,-7.562419848229701e-05,6m,1m,12m
2023-01-12,gamma0,-0.0001635625252435997,6m,1m,12m
2023-01-13,gamma0,-0.00019503661742094385,6m,1m,12m
2023-01-17,gamma0,-0.00010381217742494255,6m,1m,12m
2023-01-18,gamma0,-8.548536780766707e-05,6m,1m,12m
2023-01-19,gamma0,-7.017167889943647e-05,6m,1m,12m
2023-01-20,gamma0,-6.906085477714633e-05,6m,1m,12m
2023-01-23,gamma0,-7.83508728757415e-05,6m,1m,12m
2023-01-24,gamma0,-5.799665397443803e-05,6m,1m,12m
2023-01-25,gamma0,-4.403479006861721e-05,6m,1m,12m
2023-01-26,gamma0,-3.792654067608588e-05,6m,1m,12m
2023-01-27,gamma0,-7.360125626820147e-05,6m,1m,12m
2023-01-30,gamma0,-1.2968668159502778e-05,6m,1m,12m
2023-01-31,gamma0,-2.5884159920563145e-05,6m,1m,12m
2023-02-01,gamma0,5.182329258958803e-05,6m,1m,12m
2023-02-02,gamma0,3.863873625349127e-05,6m,1m,12m
2023-02-03,gamma0,-1.0503406451987048e-05,6m,1m,12m
2023-02-06,gamma0,-4.022786384185628e-05,6m,1m,12m
2023-02-07,gamma0,-7.441234194146163e-05,6m,1m,12m
2023-02-08,gamma0,-1.952493877595629e-05,6m,1m,12m
2023-02-09,gamma0,-2.0956931754882475e-05,6m,1m,12m
2023-02-10,gamma0,-5.321365996045163e-05,6m,1m,12m
2023-02-13,gamma0,3.55349492760906e-07,6m,1m,12m
2023-02-14,gamma0,-7.038268610897887e-05,6m,1m,12m
2023-02-15,gamma0,-5.624097882172913e-05,6m,1m,12m
2023-02-16,gamma0,-5.353464737322205e-05,6m,1m,12m
2023-02-17,gamma0,-9.734823173369846e-05,6m,1m,12m
2023-02-21,gamma0,2.34665815642555e-05,6m,1m,12m
2023-02-22,gamma0,2.431836333747692e-05,6m,1m,12m
2023-02-23,gamma0,-8.965114659290187e-06,6m,1m,12m
2023-02-24,gamma0,-3.5022207289431406e-05,6m,1m,12m
2023-02-27,gamma0,-4.107392245544825e-05,6m,1m,12m
2023-02-28,gamma0,-3.69195751146436e-05,6m,1m,12m
2023-03-01,gamma0,5.756406660847637e-05,6m,1m,12m
2023-03-02,gamma0,1.2334655931197e-05,6m,1m,12m
2023-03-03,gamma0,-1.5291703421444112e-05,6m,1m,12m
2023-03-06,gamma0,6.186744113602683e-06,6m,1m,12m
2023-03-07,gamma0,1.0668158604375937e-05,6m,1m,12m
2023-03-08,gamma0,-7.763926375868119e-08,6m,1m,12m
2023-03-09,gamma0,4.634056407645353e-05,6m,1m,12m
2023-03-10,gamma0,4.23289450715825e-05,6m,1m,12m
2023-03-13,gamma0,0.00011932793943039573,6m,1m,12m
2023-03-14,gamma0,1.7151151628204193e-05,6m,1m,12m
2023-03-15,gamma0,2.3083683588487644e-05,6m,1m,12m
2023-03-16,gamma0,-5.246299262938416e-05,6m,1m,12m
2023-03-17,gamma0,-4.299791201183904e-05,6m,1m,12m
2023-03-20,gamma0,-4.092922486984504e-05,6m,1m,12m
2023-03-21,gamma0,2.374442578504696e-06,6m,1m,12m
2023-03-22,gamma0,2.940227687649795e-06,6m,1m,12m
2023-03-23,gamma0,-2.6097225174288274e-05,6m,1m,12m
2023-03-24,gamma0,-6.938051661818282e-05,6m,1m,12m
2023-03-27,gamma0,-0.00010691700285838491,6m,1m,12m
2023-03-28,gamma0,-0.00012278388581562935,6m,1m,12m
2023-03-29,gamma0,-8.933381131462867e-05,6m,1m,12m
2023-03-30,gamma0,-0.00011961816238685046,6m,1m,12m
2023-03-31,gamma0,-0.00015590520268567135,6m,1m,12m
2023-04-03,gamma0,-0.00012866100224802183,6m,1m,12m
2023-04-04,gamma0,-0.00011796427657675438,6m,1m,12m
2023-04-05,gamma0,-0.0001237266096854299,6m,1m,12m
2023-04-06,gamma0,-0.00014717917991455168,6m,1m,12m
2023-04-10,gamma0,-0.00013231676838408918,6m,1m,12m
2023-04-11,gamma0,-0.00011530942081853635,6m,1m,12m
2023-04-12,gamma0,-0.00010707435947771893,6m,1m,12m
2023-04-13,gamma0,-0.00017005018229476315,6m,1m,12m
2023-04-14,gamma0,-0.00019867911621131756,6m,1m,12m
2023-04-17,gamma0,-0.0002063295902159106,6m,1m,12m
2023-04-18,gamma0,-0.00021307003577635382,6m,1m,12m
2023-04-19,gamma0,-0.00018175919014082158,6m,1m,12m
2023-04-20,gamma0,-0.00019902934175287793,6m,1m,12m
2023-04-21,gamma0,-0.0002497476076483491,6m,1m,12m
2023-04-24,gamma0,-0.0002367553561676728,6m,1m,12m
2023-04-25,gamma0,-0.00014720984441399967,6m,1m,12m
2023-04-26,gamma0,-0.00016248343773988242,6m,1m,12m
2023-04-27,gamma0,-0.0002013961473318254,6m,1m,12m
2023-04-28,gamma0,-0.00024729590832802567,6m,1m,12m
2023-05-01,gamma0,-7.720446249437915e-05,6m,1m,12m
2023-05-02,gamma0,-0.00010470343655418645,6m,1m,12m
2023-05-03,gamma0,-0.0001438542059186162,6m,1m,12m
2023-05-04,gamma0,-0.00011538673781241102,6m,1m,12m
2023-05-05,gamma0,-0.0002139726488909142,6m,1m,12m
2023-05-08,gamma0,-0.00020930612594815835,6m,1m,12m
2023-05-09,gamma0,-0.00019741917364441775,6m,1m,12m
2023-05-10,gamma0,-0.00021181019663199838,6m,1m,12m
2023-05-11,gamma0,-0.00022572173939266617,6m,1m,12m
2023-05-12,gamma0,-0.0002610989851433226,6m,1m,12m
2023-05-15,gamma0,-0.00020794554222778968,6m,1m,12m
2023-05-16,gamma0,-0.0001865883069526033,6m,1m,12m
2023-05-17,gamma0,-0.00013509975051889856,6m,1m,12m
2023-05-18,gamma0,-0.00015950541692454033,6m,1m,12m
2023-05-19,gamma0,-0.00019197378364776366,6m,1m,12m
2023-05-22,gamma0,-0.0002327978771129018,6m,1m,12m
2023-05-23,gamma0,-0.0001654721256938113,6m,1m,12m
2023-05-24,gamma0,-8.013325454237034e-05,6m,1m,12m
2023-05-25,gamma0,-0.00012588526740907297,6m,1m,12m
2023-05-26,gamma0,-0.00019296422960839234,6m,1m,12m
2023-05-30,gamma0,-0.00018546397418017028,6m,1m,12m
2023-05-31,gamma0,-0.00013019606339915714,6m,1m,12m
2023-06-01,gamma0,-0.00020697651714448922,6m,1m,12m
2023-06-02,gamma0,-0.00010401332634213289,6m,1m,12m
2023-06-05,gamma0,-0.00013237700754701578,6m,1m,12m
2023-06-06,gamma0,-0.0001240911637321606,6m,1m,12m
2023-06-07,gamma0,-0.00011531008800218561,6m,1m,12m
2023-06-08,gamma0,-0.00017236521868262426,6m,1m,12m
2023-06-09,gamma0,-0.00020581719019742894,6m,1m,12m
2023-06-12,gamma0,-0.0001946950685545924,6m,1m,12m
2023-06-13,gamma0,-0.00021673032402840883,6m,1m,12m
2023-06-14,gamma0,-0.00020910555033893513,6m,1m,12m
2023-06-15,gamma0,-0.0002097230534689933,6m,1m,12m
2023-06-16,gamma0,-0.00026854033421613025,6m,1m,12m
2023-06-20,gamma0,-0.0002035176177401951,6m,1m,12m
2023-06-21,gamma0,-0.00012028762711133965,6m,1m,12m
2023-06-22,gamma0,-0.0001621429353055903,6m,1m,12m
2023-06-23,gamma0,-0.0001894307669998725,6m,1m,12m
2023-06-26,gamma0,-0.0001603930791222662,6m,1m,12m
2023-06-27,gamma0,-0.00014243403150955157,6m,1m,12m
2023-06-28,gamma0,-0.00011110593894641593,6m,1m,12m
2023-06-29,gamma0,-0.00011666405871304729,6m,1m,12m
2023-06-30,gamma0,-0.00011083692840567793,6m,1m,12m
2023-07-03,gamma0,-0.00011909074115411336,6m,1m,12m
2023-07-05,gamma0,-8.295305874309955e-05,6m,1m,12m
2023-07-06,gamma0,-6.189122247602844e-05,6m,1m,12m
2023-07-07,gamma0,-9.480025000719577e-05,6m,1m,12m
2023-07-10,gamma0,-7.680225814951134e-05,6m,1m,12m
2023-07-11,gamma0,-7.934182898001041e-05,6m,1m,12m
2023-07-12,gamma0,-9.075981538038087e-05,6m,1m,12m
2023-07-13,gamma0,-7.459050517859771e-05,6m,1m,12m
2023-07-14,gamma0,-9.001653585606766e-05,6m,1m,12m
2023-07-17,gamma0,-6.162874769538197e-05,6m,1m,12m
2023-07-18,gamma0,-0.00010274848152680497,6m,1m,12m
2023-07-19,gamma0,-3.6316003324349974e-05,6m,1m,12m
2023-07-20,gamma0,-7.468455255243464e-05,6m,1m,12m
2023-07-21,gamma0,-0.00012393955294630414,6m,1m,12m
2023-07-24,gamma0,-0.00011927679247372857,6m,1m,12m
2023-07-25,gamma0,-8.906170654058489e-05,6m,1m,12m
2023-07-26,gamma0,-5.66975336162634e-05,6m,1m,12m
2023-07-27,gamma0,-5.560146546173952e-05,6m,1m,12m
2023-07-28,gamma0,-8.415272329386003e-05,6m,1m,12m
2023-07-31,gamma0,-6.704183774073695e-05,6m,1m,12m
2023-08-01,gamma0,-1.9472029977691857e-05,6m,1m,12m
2023-08-02,gamma0,1.3237519365903077e-05,6m,1m,12m
2023-08-03,gamma0,3.0146332646786533e-05,6m,1m,12m
2023-08-04,gamma0,7.701409802389085e-06,6m,1m,12m
2023-08-07,gamma0,-3.849228694213182e-05,6m,1m,12m
2023-08-08,gamma0,-6.208273340885431e-05,6m,1m,12m
2023-08-09,gamma0,-4.085342528422142e-06,6m,1m,12m
2023-08-10,gamma0,-3.5364435117387944e-05,6m,1m,12m
2023-08-11,gamma0,-7.653267687136837e-05,6m,1m,12m
2023-08-14,gamma0,-6.383321931602774e-05,6m,1m,12m
2023-08-15,gamma0,-6.352961162967739e-05,6m,1m,12m
2023-08-16,gamma0,1.2696134029200216e-05,6m,1m,12m
2023-08-17,gamma0,-1.4082864746143817e-05,6m,1m,12m
2023-08-18,gamma0,-9.026130432948504e-05,6m,1m,12m
2023-08-21,gamma0,-8.316203321483584e-05,6m,1m,12m
2023-08-22,gamma0,-6.574910632916147e-05,6m,1m,12m
2023-08-23,gamma0,-7.550755427831172e-05,6m,1m,12m
2023-08-24,gamma0,-4.262500516104196e-05,6m,1m,12m
2023-08-25,gamma0,-9.269285037264246e-05,6m,1m,12m
2023-08-28,gamma0,-5.312713751046178e-05,6m,1m,12m
2023-08-29,gamma0,-9.712108235672927e-05,6m,1m,12m
2023-08-30,gamma0,-1.706388742279738e-05,6m,1m,12m
2023-08-31,gamma0,-6.650794538985492e-05,6m,1m,12m
2023-09-01,gamma0,3.3457856571308324e-05,6m,1m,12m
2023-09-05,gamma0,6.817202627820365e-06,6m,1m,12m
2023-09-06,gamma0,-5.199119282615321e-05,6m,1m,12m
2023-09-07,gamma0,-7.163383509072462e-05,6m,1m,12m
2023-09-08,gamma0,-0.00010859387130293357,6m,1m,12m
2023-09-11,gamma0,-9.312804167992849e-05,6m,1m,12m
2023-09-12,gamma0,-9.636765549107339e-05,6m,1m,12m
2023-09-13,gamma0,-0.00011453701967656587,6m,1m,12m
2023-09-14,gamma0,-0.00015677947066352563,6m,1m,12m
2023-09-15,gamma0,-0.00016683330453496806,6m,1m,12m
2023-09-18,gamma0,-0.0001291858511805157,6m,1m,12m
2023-09-19,gamma0,-8.856763864440184e-05,6m,1m,12m
2023-09-20,gamma0,8.55155376476929e-06,6m,1m,12m
2023-09-21,gamma0,1.2212025103340357e-05,6m,1m,12m
2023-09-22,gamma0,-2.284744166413191e-05,6m,1m,12m
2023-09-25,gamma0,-5.805973307155253e-05,6m,1m,12m
2023-09-26,gamma0,8.857318994670536e-07,6m,1m,12m
2023-09-27,gamma0,-1.4783669837898883e-05,6m,1m,12m
2023-09-28,gamma0,-6.062796179864786e-05,6m,1m,12m
2023-09-29,gamma0,-7.015600326362555e-05,6m,1m,12m
2023-10-02,gamma0,-5.2968611236028546e-05,6m,1m,12m
2023-10-03,gamma0,1.795214730845566e-06,6m,1m,12m
2023-10-04,gamma0,-1.9617663181262265e-05,6m,1m,12m
2023-10-05,gamma0,-2.2400287015119363e-05,6m,1m,12m
2023-10-06,gamma0,-4.4532158749943536e-05,6m,1m,12m
2023-10-09,gamma0,-3.844932206009831e-05,6m,1m,12m
2023-10-10,gamma0,-7.715871444607875e-05,6m,1m,12m
2023-10-11,gamma0,-7.965951309726592e-05,6m,1m,12m
2023-10-12,gamma0,-7.470614990859225e-05,6m,1m,12m
2023-10-13,gamma0,-5.4087464288067626e-05,6m,1m,12m
2023-10-16,gamma0,-9.789434504123485e-05,6m,1m,12m
2023-10-17,gamma0,-7.837244834316671e-05,6m,1m,12m
2023-10-18,gamma0,1.1654708951756513e-05,6m,1m,12m
2023-10-19,gamma0,-1.3053261779912223e-05,6m,1m,12m
2023-10-20,gamma0,-1.4610768522874128e-05,6m,1m,12m
2023-10-23,gamma0,-1.965799327993666e-07,6m,1m,12m
2023-10-24,gamma0,-1.59700955274342e-05,6m,1m,12m
2023-10-25,gamma0,9.980651552529141e-06,6m,1m,12m
2023-10-26,gamma0,1.9685716848061243e-05,6m,1m,12m
2023-10-27,gamma0,-9.678199272783031e-06,6m,1m,12m
2023-10-30,gamma0,-1.096047673325511e-05,6m,1m,12m
2023-10-31,gamma0,-2.772223607906842e-06,6m,1m,12m
2023-11-01,gamma0,-3.362547136601418e-05,6m,1m,12m
2023-11-02,gamma0,-0.00011179004848669991,6m,1m,12m
2023-11-03,gamma0,-8.540343113044106e-05,6m,1m,12m
2023-11-06,gamma0,-7.094615176575694e-05,6m,1m,12m
2023-11-07,gamma0,-7.504822026796605e-05,6m,1m,12m
2023-11-08,gamma0,-6.308877037572493e-05,6m,1m,12m
2023-11-09,gamma0,-8.393603252212138e-05,6m,1m,12m
2023-11-10,gamma0,-0.00010347603030170763,6m,1m,12m
2023-11-13,gamma0,-7.052259706390082e-05,6m,1m,12m
2023-11-14,gamma0,-5.301699800667259e-05,6m,1m,12m
2023-11-15,gamma0,3.7126114078017415e-05,6m,1m,12m
2023-11-16,gamma0,-3.142405164229853e-05,6m,1m,12m
2023-11-17,gamma0,-7.12920979512567e-05,6m,1m,12m
2023-11-20,gamma0,-0.00010283466232609631,6m,1m,12m
2023-11-21,gamma0,-0.00011432659156409971,6m,1m,12m
2023-11-22,gamma0,-7.682918893956204e-05,6m,1m,12m
2023-11-24,gamma0,-9.539320223225092e-05,6m,1m,12m
2023-11-27,gamma0,-0.00012364950630072802,6m,1m,12m
2023-11-28,gamma0,-0.00013774300996706316,6m,1m,12m
2023-11-29,gamma0,-1.4874125547915807e-05,6m,1m,12m
2023-11-30,gamma0,-5.1607400100746624e-05,6m,1m,12m
2023-12-01,gamma0,-9.092124180205577e-05,6m,1m,12m
2023-12-04,gamma0,-8.154188298914838e-05,6m,1m,12m
2023-12-05,gamma0,-6.79083730953846e-05,6m,1m,12m
2023-12-06,gamma0,-4.177600158670466e-05,6m,1m,12m
2023-12-07,gamma0,-4.2262267976376545e-05,6m,1m,12m
2023-12-08,gamma0,-8.021936715062476e-05,6m,1m,12m
2023-12-11,gamma0,-9.487892278813321e-05,6m,1m,12m
2023-12-12,gamma0,-0.00011795239389401709,6m,1m,12m
2023-12-13,gamma0,-9.073177854250874e-05,6m,1m,12m
2023-12-14,gamma0,-9.923303602448686e-05,6m,1m,12m
2023-12-15,gamma0,-0.00010041821181596413,6m,1m,12m
2023-12-18,gamma0,-0.00018676035513785728,6m,1m,12m
2023-12-19,gamma0,-9.904520824370644e-05,6m,1m,12m
2023-12-20,gamma0,2.7730452104531567e-05,6m,1m,12m
2023-12-21,gamma0,2.3063653998878184e-05,6m,1m,12m
2023-12-22,gamma0,-6.438157282727218e-05,6m,1m,12m
2023-12-26,gamma0,-9.393473532246261e-05,6m,1m,12m
2023-12-27,gamma0,-0.0001149842503345241,6m,1m,12m
2023-12-28,gamma0,-0.00013286822884742518,6m,1m,12m
2023-12-29,gamma0,-0.00016280751321039465,6m,1m,12m
2024-01-02,gamma0,-0.0001438086107308203,6m,1m,12m
2024-01-03,gamma0,-0.00010110305872079899,6m,1m,12m
2024-01-04,gamma0,-9.965545415041155e-05,6m,1m,12m
2024-01-05,gamma0,-0.00011247356478956807,6m,1m,12m
2024-01-08,gamma0,-0.0001376832192905426,6m,1m,12m
2024-01-09,gamma0,-0.00014518786157100293,6m,1m,12m
2024-01-10,gamma0,-8.929554409018316e-05,6m,1m,12m
2024-01-11,gamma0,-0.0001264677756979515,6m,1m,12m
2024-01-12,gamma0,-0.00014550976120918042,6m,1m,12m
2024-01-16,gamma0,-0.00012343891467699335,6m,1m,12m
2024-01-17,gamma0,1.8497897065562603e-06,6m,1m,12m
2024-01-18,gamma0,-4.6953509002520575e-05,6m,1m,12m
2024-01-19,gamma0,-8.452778224887672e-05,6m,1m,12m
2024-01-22,gamma0,-8.206058425286713e-05,6m,1m,12m
2024-01-23,gamma0,-8.354948781341317e-05,6m,1m,12m
2024-01-24,gamma0,-5.2553736609570144e-05,6m,1m,12m
2024-01-25,gamma0,-7.629426678163418e-05,6m,1m,12m
2024-01-26,gamma0,-7.94800459433864e-05,6m,1m,12m
2024-01-29,gamma0,-7.198119875047482e-05,6m,1m,12m
2024-01-30,gamma0,-2.1693204760529154e-05,6m,1m,12m
2024-01-31,gamma0,-7.051667263289303e-05,6m,1m,12m
2024-02-01,gamma0,0.00010569996542104261,6m,1m,12m
2024-02-02,gamma0,5.3467009483611916e-05,6m,1m,12m
2024-02-05,gamma0,-3.85713370586621e-05,6m,1m,12m
2024-02-06,gamma0,-6.757023577110612e-05,6m,1m,12m
2024-02-07,gamma0,-5.474715376708485e-05,6m,1m,12m
2024-02-08,gamma0,-8.506204829647167e-05,6m,1m,12m
2024-02-09,gamma0,-0.00012304429879498295,6m,1m,12m
2024-02-12,gamma0,-6.0068750694302126e-05,6m,1m,12m
2024-02-13,gamma0,-3.778566265730668e-05,6m,1m,12m
2024-02-14,gamma0,-5.167006376786012e-05,6m,1m,12m
2024-02-15,gamma0,-6.853214435770229e-05,6m,1m,12m
2024-02-16,gamma0,-9.918096356217526e-05,6m,1m,12m
2024-02-20,gamma0,-2.1601828715780784e-05,6m,1m,12m
2024-02-21,gamma0,-3.885828781706262e-07,6m,1m,12m
2024-02-22,gamma0,-6.210241419576365e-05,6m,1m,12m
2024-02-23,gamma0,-9.253393999011961e-05,6m,1m,12m
2024-02-26,gamma0,-5.731576876929252e-05,6m,1m,12m
2024-02-27,gamma0,2.3653753522738765e-05,6m,1m,12m
2024-02-28,gamma0,-1.0199800568603965e-05,6m,1m,12m
2024-02-29,gamma0,-5.5922338836699744e-05,6m,1m,12m
2024-03-01,gamma0,-0.00011601774985058376,6m,1m,12m
2024-03-04,gamma0,2.546841158410063e-05,6m,1m,12m
2024-03-05,gamma0,3.2050854766712807e-06,6m,1m,12m
2024-03-06,gamma0,2.0275948577059218e-05,6m,1m,12m
2024-03-07,gamma0,-2.8657581718654523e-06,6m,1m,12m
2024-03-08,gamma0,-1.8180464031634087e-05,6m,1m,12m
2024-03-11,gamma0,-3.0215248285266527e-05,6m,1m,12m
2024-03-12,gamma0,-5.673228918612692e-05,6m,1m,12m
2024-03-13,gamma0,-8.001348880932923e-05,6m,1m,12m
2024-03-14,gamma0,-6.302557959240169e-05,6m,1m,12m
2024-03-15,gamma0,-8.132566463866428e-05,6m,1m,12m
2024-03-18,gamma0,-8.466393581526694e-05,6m,1m,12m
2024-03-19,gamma0,-6.304620437350636e-05,6m,1m,12m
2024-03-20,gamma0,-7.462597572023505e-05,6m,1m,12m
2024-03-21,gamma0,-9.140114914517236e-05,6m,1m,12m
2024-03-22,gamma0,-0.00012171860048050865,6m,1m,12m
2024-03-25,gamma0,-0.00014492996888809619,6m,1m,12m
2024-03-26,gamma0,-0.00011834226119283539,6m,1m,12m
2024-03-27,gamma0,-0.0001155847728357466,6m,1m,12m
2024-03-28,gamma0,-0.00012655025207771684,6m,1m,12m
2024-04-01,gamma0,-0.00011880127461539304,6m,1m,12m
2024-04-02,gamma0,-8.118542235712436e-05,6m,1m,12m
2024-04-03,gamma0,-3.739071253254267e-05,6m,1m,12m
2024-04-04,gamma0,-1.7749197690609985e-05,6m,1m,12m
2024-04-05,gamma0,-5.926043217380655e-05,6m,1m,12m
2024-04-08,gamma0,-0.0001068958290099606,6m,1m,12m
2024-04-09,gamma0,-9.695946099600665e-05,6m,1m,12m
2024-04-10,gamma0,-4.5937896018583925e-05,6m,1m,12m
2024-04-11,gamma0,-8.10337277224092e-05,6m,1m,12m
2024-04-12,gamma0,-3.688853350765152e-05,6m,1m,12m
2024-04-15,gamma0,3.2614576814832883e-06,6m,1m,12m
2024-04-16,gamma0,-9.140326840421593e-06,6m,1m,12m
2024-04-17,gamma0,4.046554280178422e-05,6m,1m,12m
2024-04-18,gamma0,9.19387188511299e-06,6m,1m,12m
2024-04-19,gamma0,-2.5960704408532764e-05,6m,1m,12m
2024-04-22,gamma0,-6.683178845202093e-05,6m,1m,12m
2024-04-23,gamma0,-8.499376523918803e-05,6m,1m,12m
2024-04-24,gamma0,-3.527644137699493e-05,6m,1m,12m
2024-04-25,gamma0,-1.098769363005046e-05,6m,1m,12m
2024-04-26,gamma0,-5.942812798831199e-05,6m,1m,12m
2024-04-29,gamma0,-9.679056530062337e-05,6m,1m,12m
2024-04-30,gamma0,-2.8162578088217763e-05,6m,1m,12m
2024-05-01,gamma0,-9.793641197242348e-06,6m,1m,12m
2024-05-02,gamma0,-4.8864242839942415e-05,6m,1m,12m
2024-05-03,gamma0,-5.7260756799474695e-05,6m,1m,12m
2024-05-06,gamma0,-5.81582698167643e-05,6m,1m,12m
2024-05-07,gamma0,-8.862567566806861e-05,6m,1m,12m
2024-05-08,gamma0,-4.6796129136553126e-05,6m,1m,12m
2024-05-09,gamma0,-8.336453612515138e-05,6m,1m,12m
2024-05-10,gamma0,-0.00012691442297440333,6m,1m,12m
2024-05-13,gamma0,-7.293052346000636e-05,6m,1m,12m
2024-05-14,gamma0,-7.225741414668159e-05,6m,1m,12m
2024-05-15,gamma0,-0.00012962443212561283,6m,1m,12m
2024-05-16,gamma0,-0.0001908121994669512,6m,1m,12m
2024-05-17,gamma0,-0.00021079099922855716,6m,1m,12m
2024-05-20,gamma0,-0.00018722111048006683,6m,1m,12m
2024-05-21,gamma0,-0.00018817765207985752,6m,1m,12m
2024-05-22,gamma0,-0.00016892966821109814,6m,1m,12m
2024-05-23,gamma0,-0.00016057636341076362,6m,1m,12m
2024-05-24,gamma0,-0.00018224675649198155,6m,1m,12m
2024-05-28,gamma0,-0.00015945853055915462,6m,1m,12m
2024-05-29,gamma0,-4.652716001465965e-05,6m,1m,12m
2024-05-30,gamma0,-7.853208539666568e-05,6m,1m,12m
2024-05-31,gamma0,-0.0001409552840570002,6m,1m,12m
2024-06-03,gamma0,-0.00018599667067705134,6m,1m,12m
2024-06-04,gamma0,-7.918860254402107e-05,6m,1m,12m
2024-06-05,gamma0,-5.4524098590527176e-05,6m,1m,12m
2024-06-06,gamma0,-7.531391725313264e-05,6m,1m,12m
2024-06-07,gamma0,-0.00015517553481610792,6m,1m,12m
2024-06-10,gamma0,-0.0001711731806939811,6m,1m,12m
2024-06-11,gamma0,-0.00018435823840390556,6m,1m,12m
2024-06-12,gamma0,-0.00018170225030408427,6m,1m,12m
2024-06-13,gamma0,-0.00022788697879895403,6m,1m,12m
2024-06-14,gamma0,-0.0002399947490880898,6m,1m,12m
2024-06-17,gamma0,-0.000252969009975584,6m,1m,12m
2024-06-18,gamma0,-0.0002810783020401286,6m,1m,12m
2024-06-20,gamma0,-0.0002974526884946161,6m,1m,12m
2024-06-21,gamma0,-0.00031996090529218827,6m,1m,12m
2024-06-24,gamma0,-0.0003093259236405732,6m,1m,12m
2024-06-25,gamma0,-0.0003305662949801671,6m,1m,12m
2024-06-26,gamma0,-0.0002781696064600531,6m,1m,12m
2024-06-27,gamma0,-0.0002755582773328427,6m,1m,12m
2024-06-28,gamma0,-0.0002429172575589047,6m,1m,12m
2024-07-01,gamma0,-0.00015683976445358212,6m,1m,12m
2024-07-02,gamma0,-0.00016473443649315644,6m,1m,12m
2024-07-03,gamma0,-0.00013767921081672552,6m,1m,12m
2024-07-05,gamma0,-0.00012203678465630554,6m,1m,12m
2024-07-08,gamma0,-0.0001994048335464482,6m,1m,12m
2024-07-09,gamma0,-0.00019262096568942579,6m,1m,12m
2024-07-10,gamma0,-0.00020086746732985117,6m,1m,12m
2024-07-11,gamma0,-0.00022584838109828182,6m,1m,12m
2024-07-12,gamma0,-0.00030289216317746506,6m,1m,12m
2024-07-15,gamma0,-0.00034503530147078946,6m,1m,12m
2024-07-16,gamma0,-0.0003092105875653733,6m,1m,12m
2024-07-17,gamma0,-0.0002370263205797202,6m,1m,12m
2024-07-18,gamma0,-0.00019018886305694879,6m,1m,12m
2024-07-19,gamma0,-0.0002130879291511699,6m,1m,12m
2024-07-22,gamma0,-0.000285100583707347,6m,1m,12m
2024-07-23,gamma0,-0.00028704169764304265,6m,1m,12m
2024-07-24,gamma0,-0.00016982485963592617,6m,1m,12m
2024-07-25,gamma0,-0.0001864235993153554,6m,1m,12m
2024-07-26,gamma0,-0.00022444634267609523,6m,1m,12m
2024-07-29,gamma0,-0.0002424709300929142,6m,1m,12m
2024-07-30,gamma0,-0.0001891096386549512,6m,1m,12m
2024-07-31,gamma0,-0.00014954219295292047,6m,1m,12m
2024-08-01,gamma0,-8.059392432271724e-05,6m,1m,12m
2024-08-02,gamma0,0.00017127128029412802,6m,1m,12m
2024-08-05,gamma0,0.0003813488559811102,6m,1m,12m
2024-08-06,gamma0,0.00018889160958941985,6m,1m,12m
2024-08-07,gamma0,0.00021287263687088116,6m,1m,12m
2024-08-08,gamma0,0.00010709171431868707,6m,1m,12m
2024-08-09,gamma0,1.6453928665322982e-05,6m,1m,12m
2024-08-12,gamma0,3.605314262061861e-05,6m,1m,12m
2024-08-13,gamma0,-2.962885998908306e-05,6m,1m,12m
2024-08-14,gamma0,-9.19577047447551e-05,6m,1m,12m
2024-08-15,gamma0,-0.00014067149478497987,6m,1m,12m
2024-08-16,gamma0,-0.00016386337612394217,6m,1m,12m
2024-08-19,gamma0,-0.00011715836110188707,6m,1m,12m
2024-08-20,gamma0,-8.155937784972729e-05,6m,1m,12m
2024-08-21,gamma0,-3.1169581092877334e-05,6m,1m,12m
2024-08-22,gamma0,-2.6539468680157917e-05,6m,1m,12m
2024-08-23,gamma0,-0.0001498819985907023,6m,1m,12m
2024-08-26,gamma0,-0.00015229927105048872,6m,1m,12m
2024-08-27,gamma0,-0.00022470930403441233,6m,1m,12m
2024-08-28,gamma0,-0.00012151042117409599,6m,1m,12m
2024-08-29,gamma0,-0.00012030105216995969,6m,1m,12m
2024-08-30,gamma0,-9.648601289027813e-05,6m,1m,12m
2024-09-03,gamma0,-0.000108989489114936,6m,1m,12m
2024-09-04,gamma0,-6.430955414241713e-05,6m,1m,12m
2024-09-05,gamma0,8.196529742044251e-05,6m,1m,12m
2024-09-06,gamma0,7.598241378327795e-05,6m,1m,12m
2024-09-09,gamma0,1.7758650535767048e-05,6m,1m,12m
2024-09-10,gamma0,9.97767669743842e-06,6m,1m,12m
2024-09-11,gamma0,-2.574457283891539e-05,6m,1m,12m
2024-09-12,gamma0,-0.00011143327329477834,6m,1m,12m
2024-09-13,gamma0,-9.569293328100324e-05,6m,1m,12m
2024-09-16,gamma0,-0.0002041742268728807,6m,1m,12m
2024-09-17,gamma0,-0.00012492209344996827,6m,1m,12m
2024-09-18,gamma0,-0.00012265889178057846,6m,1m,12m
2024-09-19,gamma0,-0.00017521707073351242,6m,1m,12m
2024-09-20,gamma0,-0.0001716133824266932,6m,1m,12m
2024-09-23,gamma0,-0.00018216656967274224,6m,1m,12m
2024-09-24,gamma0,-0.00011008948211692929,6m,1m,12m
2024-09-25,gamma0,-0.00011219009391054786,6m,1m,12m
2024-09-26,gamma0,-0.00013254286750185402,6m,1m,12m
2024-09-27,gamma0,-0.00014028583116213082,6m,1m,12m
2024-09-30,gamma0,-0.0001352492262023931,6m,1m,12m
2024-10-01,gamma0,8.603262055753198e-06,6m,1m,12m
2024-10-02,gamma0,-5.217364597809351e-05,6m,1m,12m
2024-10-03,gamma0,-5.8977008342138146e-05,6m,1m,12m
2024-10-04,gamma0,-0.00014777981574515394,6m,1m,12m
2024-10-07,gamma0,6.61095073806857e-05,6m,1m,12m
2024-10-08,gamma0,-1.2379391899185373e-05,6m,1m,12m
2024-10-09,gamma0,2.7461080080343757e-05,6m,1m,12m
2024-10-10,gamma0,-5.4557831442111596e-06,6m,1m,12m
2024-10-11,gamma0,-4.035511702280642e-05,6m,1m,12m
2024-10-14,gamma0,-0.00014468366252291706,6m,1m,12m
2024-10-15,gamma0,-0.00010972842511380393,6m,1m,12m
2024-10-16,gamma0,-7.477193213849094e-05,6m,1m,12m
2024-10-17,gamma0,-0.0001170788465595689,6m,1m,12m
2024-10-18,gamma0,-0.00015420298669336892,6m,1m,12m
2024-10-21,gamma0,-0.00010082678176085161,6m,1m,12m
2024-10-22,gamma0,-8.896222783776754e-05,6m,1m,12m
2024-10-23,gamma0,9.659121738340776e-06,6m,1m,12m
2024-10-24,gamma0,4.761480399885837e-06,6m,1m,12m
2024-10-25,gamma0,8.20305362795531e-06,6m,1m,12m
2024-10-28,gamma0,3.7076573201502707e-06,6m,1m,12m
2024-10-29,gamma0,4.3567054239517606e-05,6m,1m,12m
2024-10-30,gamma0,3.283612796448405e-05,6m,1m,12m
2024-10-31,gamma0,6.741145679293312e-05,6m,1m,12m
2024-11-01,gamma0,1.9013929193852428e-05,6m,1m,12m
2024-11-04,gamma0,-3.9080148480522086e-05,6m,1m,12m
2024-11-05,gamma0,9.547777524141141e-05,6m,1m,12m
2024-11-06,gamma0,1.7363953481483055e-05,6m,1m,12m
2024-11-07,gamma0,-5.9317921620224325e-05,6m,1m,12m
2024-11-08,gamma0,-0.00010429921236627004,6m,1m,12m
2024-11-11,gamma0,-0.00016866219205901345,6m,1m,12m
2024-11-12,gamma0,-0.00025779739569891535,6m,1m,12m
2024-11-13,gamma0,-0.0002591381742065083,6m,1m,12m
2024-11-14,gamma0,-0.00028348146621456406,6m,1m,12m
2024-11-15,gamma0,-0.0003196414835184324,6m,1m,12m
2024-11-18,gamma0,-0.0003425324197860782,6m,1m,12m
2024-11-19,gamma0,-0.0003489275277115285,6m,1m,12m
2024-11-20,gamma0,-0.0002364691338748652,6m,1m,12m
2024-11-21,gamma0,-0.0003082645804059444,6m,1m,12m
2024-11-22,gamma0,-0.0003952787308953383,6m,1m,12m
2024-11-25,gamma0,-0.0003952787308953383,6m,1m,12m
2024-11-26,gamma0,-0.0003952787308953383,6m,1m,12m
2024-11-27,gamma0,-0.0003952787308953383,6m,1m,12m
2024-11-29,gamma0,-0.0003952787308953383,6m,1m,12m
2024-12-02,gamma0,-2.0285738728177303e-06,6m,1m,12m
2024-12-03,gamma0,-9.557848405049698e-05,6m,1m,12m
2024-12-04,gamma0,-4.7066990461154635e-05,6m,1m,12m
2024-12-05,gamma0,-9.617801080629013e-05,6m,1m,12m
2024-12-06,gamma0,-0.00014502318408719778,6m,1m,12m
2024-12-09,gamma0,-0.00018179581712743142,6m,1m,12m
2024-12-10,gamma0,-0.00017522772210982828,6m,1m,12m
2024-12-11,gamma0,-0.00020070819344091115,6m,1m,12m
2024-12-12,gamma0,-0.0002474624606798955,6m,1m,12m
2024-12-13,gamma0,-0.00027422006010259276,6m,1m,12m
2024-12-16,gamma0,-0.00030179001375708734,6m,1m,12m
2024-12-17,gamma0,-0.0002765688123817444,6m,1m,12m
2024-12-18,gamma0,-0.0001042726891074764,6m,1m,12m
2024-12-19,gamma0,-0.0001579995192195683,6m,1m,12m
2024-12-20,gamma0,-0.00029174382146984756,6m,1m,12m
2024-12-23,gamma0,-0.000298723340335373,6m,1m,12m
2024-12-24,gamma0,-0.0002391462108190491,6m,1m,12m
2024-12-26,gamma0,-0.00017550316235859708,6m,1m,12m
2024-12-27,gamma0,-0.00016071980892880152,6m,1m,12m
2024-12-30,gamma0,-5.973983290322067e-05,6m,1m,12m
2024-12-31,gamma0,-4.300285352633736e-05,6m,1m,12m
2025-01-02,gamma0,4.4804362356073525e-05,6m,1m,12m
2025-01-03,gamma0,-7.151810716326837e-05,6m,1m,12m
2025-01-06,gamma0,-0.00010358110205720886,6m,1m,12m
2025-01-07,gamma0,-7.702598543111185e-05,6m,1m,12m
2025-01-08,gamma0,-7.090644985566355e-05,6m,1m,12m
2025-01-10,gamma0,-7.746475732171348e-05,6m,1m,12m
2025-01-13,gamma0,-0.00011520174842952643,6m,1m,12m
2025-01-14,gamma0,-0.00013822185722269396,6m,1m,12m
2025-01-15,gamma0,-0.00022193853916951565,6m,1m,12m
2025-01-16,gamma0,-0.00021442396615949186,6m,1m,12m
2025-01-17,gamma0,-0.00021053503846499448,6m,1m,12m
2025-01-21,gamma0,-0.00024031235314028257,6m,1m,12m
2025-01-22,gamma0,-0.0001407238875199544,6m,1m,12m
2025-01-23,gamma0,-0.00020613934942645504,6m,1m,12m
2025-01-24,gamma0,-0.00023939358516148339,6m,1m,12m
2025-01-27,gamma0,-4.437207918646722e-05,6m,1m,12m
2025-01-28,gamma0,-0.00013761786748243057,6m,1m,12m
2025-01-29,gamma0,-3.431490883444929e-05,6m,1m,12m
2025-01-30,gamma0,-7.157029750777758e-05,6m,1m,12m
2025-01-31,gamma0,-0.00012483806840009933,6m,1m,12m
2025-02-03,gamma0,0.0001075354379465985,6m,1m,12m
2025-02-04,gamma0,-1.7502541532602502e-05,6m,1m,12m
2025-02-05,gamma0,-3.7979956188378717e-05,6m,1m,12m
2025-02-06,gamma0,-9.716554449401037e-05,6m,1m,12m
2025-02-07,gamma0,-0.00012681815475068376,6m,1m,12m
2025-02-10,gamma0,-0.00019464687479701183,6m,1m,12m
2025-02-11,gamma0,-0.00020587524963876284,6m,1m,12m
2025-02-12,gamma0,-0.0001938167087626151,6m,1m,12m
2025-02-13,gamma0,-0.00022678372228565353,6m,1m,12m
2025-02-14,gamma0,-0.0002941849301498187,6m,1m,12m
2025-02-18,gamma0,-0.0003006769192353082,6m,1m,12m
2025-02-19,gamma0,-0.0002301570739261245,6m,1m,12m
2025-02-20,gamma0,-0.00021881408956083364,6m,1m,12m
2025-02-21,gamma0,-0.00012335125153838092,6m,1m,12m
2025-02-24,gamma0,-6.842375961964895e-05,6m,1m,12m
2025-02-25,gamma0,-1.3230887296987241e-05,6m,1m,12m
2025-02-26,gamma0,9.330087095952907e-06,6m,1m,12m
2025-02-27,gamma0,7.861932408677528e-05,6m,1m,12m
2025-02-28,gamma0,2.15547087519589e-05,6m,1m,12m
2025-03-03,gamma0,0.00015727208101423682,6m,1m,12m
2025-03-04,gamma0,0.00015691944433148536,6m,1m,12m
2025-03-05,gamma0,9.195447532498359e-05,6m,1m,12m
2025-03-06,gamma0,0.00017316731114541553,6m,1m,12m
2025-03-07,gamma0,0.00010889638717099125,6m,1m,12m
2025-03-10,gamma0,0.0002212424759505901,6m,1m,12m
2025-03-11,gamma0,0.00021570613113943836,6m,1m,12m
2025-03-12,gamma0,0.00013526002474086312,6m,1m,12m
2025-03-13,gamma0,0.00015225467902951892,6m,1m,12m
2025-03-14,gamma0,2.1827003728635273e-05,6m,1m,12m
2025-03-17,gamma0,-2.6016298422093985e-05,6m,1m,12m
2025-03-18,gamma0,8.181696313213721e-05,6m,1m,12m
2025-03-19,gamma0,3.210022185571577e-05,6m,1m,12m
2025-03-20,gamma0,-8.77915980501326e-06,6m,1m,12m
2025-03-21,gamma0,-2.172811734893097e-05,6m,1m,12m
2025-03-24,gamma0,-2.697085855088177e-05,6m,1m,12m
2025-03-25,gamma0,-4.405975495169304e-05,6m,1m,12m
2025-03-26,gamma0,-8.900502787275972e-06,6m,1m,12m
2025-03-27,gamma0,-2.5524542552934256e-05,6m,1m,12m
2025-03-28,gamma0,2.4998995897484075e-05,6m,1m,12m
2025-03-31,gamma0,7.705019174741454e-05,6m,1m,12m
2025-04-01,gamma0,4.166171544630319e-05,6m,1m,12m
2025-04-02,gamma0,4.6997923762118446e-05,6m,1m,12m
2025-04-03,gamma0,0.00021452148925740034,6m,1m,12m
2025-04-04,gamma0,0.0004967243261177571,6m,1m,12m
2025-04-07,gamma0,0.000635680300009618,6m,1m,12m
2025-04-08,gamma0,0.0007010281873155517,6m,1m,12m
2025-04-09,gamma0,0.0002511129591285479,6m,1m,12m
2025-04-10,gamma0,0.0004520270938187848,6m,1m,12m
2025-04-11,gamma0,0.0003491984643953741,6m,1m,12m
2025-04-14,gamma0,0.00014483554881543527,6m,1m,12m
2025-04-15,gamma0,0.00011889815220502694,6m,1m,12m
2025-04-16,gamma0,0.0002086105699875747,6m,1m,12m
2025-04-17,gamma0,8.989605786933341e-05,6m,1m,12m
2025-04-21,gamma0,0.00013257433003123609,6m,1m,12m
2025-04-22,gamma0,0.0001149853819684141,6m,1m,12m
2025-04-23,gamma0,8.379483567064528e-05,6m,1m,12m
2025-04-24,gamma0,-4.539714126198465e-05,6m,1m,12m
2025-04-25,gamma0,-4.6563292267558904e-05,6m,1m,12m
2025-04-28,gamma0,-5.7796292609955485e-05,6m,1m,12m
2025-04-29,gamma0,-7.526010711518335e-05,6m,1m,12m
2025-04-30,gamma0,-3.851030856497169e-05,6m,1m,12m
2025-05-01,gamma0,1.1214879152527855e-05,6m,1m,12m
2025-05-02,gamma0,0.0001176760252266464,6m,1m,12m
2025-05-05,gamma0,4.030921250612157e-05,6m,1m,12m
2025-05-06,gamma0,6.368817135173738e-05,6m,1m,12m
2025-05-07,gamma0,4.816557380460221e-05,6m,1m,12m
2025-05-08,gamma0,1.5545290618317918e-05,6m,1m,12m
2025-05-09,gamma0,-8.279593994851317e-06,6m,1m,12m
2025-05-12,gamma0,1.3567997062741331e-05,6m,1m,12m
2025-05-13,gamma0,-1.0354332800892783e-05,6m,1m,12m
2025-05-14,gamma0,-7.376864071067527e-05,6m,1m,12m
2025-05-15,gamma0,-0.00010021465629675505,6m,1m,12m
2025-05-16,gamma0,-0.0001385776605253522,6m,1m,12m
2025-05-19,gamma0,-8.531207975221305e-05,6m,1m,12m
2025-05-20,gamma0,-7.459415682361561e-05,6m,1m,12m
2025-05-21,gamma0,-4.736656438470109e-05,6m,1m,12m
2025-05-22,gamma0,-7.967659770814249e-05,6m,1m,12m
2025-05-23,gamma0,-8.14594201025085e-05,6m,1m,12m
2025-05-27,gamma0,-0.0001343982827698977,6m,1m,12m
2025-05-28,gamma0,-0.00011975199994685881,6m,1m,12m
2025-05-29,gamma0,-0.00012562988563499526,6m,1m,12m
2025-05-30,gamma0,-0.00012534556630617203,6m,1m,12m
2025-06-02,gamma0,-0.00015566973883378714,6m,1m,12m
2025-06-03,gamma0,-3.371315385065212e-05,6m,1m,12m
2025-06-04,gamma0,-8.894197717772582e-05,6m,1m,12m
2025-06-05,gamma0,-7.247530116763875e-05,6m,1m,12m
2025-06-06,gamma0,-0.0001424396215335866,6m,1m,12m
2025-06-09,gamma0,-0.0001418519581342559,6m,1m,12m
2025-06-10,gamma0,-0.00014295037320327008,6m,1m,12m
2025-06-11,gamma0,-0.00011032544997251044,6m,1m,12m
2025-06-12,gamma0,-0.00013039170747599697,6m,1m,12m
2025-06-13,gamma0,-0.00011676723986384373,6m,1m,12m
2025-06-16,gamma0,-0.0001407881867685581,6m,1m,12m
2025-06-17,gamma0,-8.79111119370228e-05,6m,1m,12m
2025-06-18,gamma0,-9.162077203217905e-05,6m,1m,12m
2025-06-20,gamma0,-0.00012487682194026005,6m,1m,12m
2025-06-23,gamma0,-0.00014165700867150872,6m,1m,12m
2025-06-24,gamma0,-0.00016084735920766574,6m,1m,12m
2025-06-25,gamma0,-0.00015324432226974,6m,1m,12m
2025-06-26,gamma0,-0.00016590153151204622,6m,1m,12m
2025-06-27,gamma0,-0.00018897918271608362,6m,1m,12m
2025-06-30,gamma0,-0.00011952480493500773,6m,1m,12m
2025-07-01,gamma0,-9.835546269157038e-05,6m,1m,12m
2025-07-02,gamma0,-9.078402338713944e-05,6m,1m,12m
2025-07-03,gamma0,-9.58418672210541e-05,6m,1m,12m
2025-07-07,gamma0,-8.765070204729561e-05,6m,1m,12m
2025-07-08,gamma0,-0.0001152729388188323,6m,1m,12m
2025-07-09,gamma0,-0.0001229687739512621,6m,1m,12m
2025-07-10,gamma0,-0.00013400606584608078,6m,1m,12m
2025-07-11,gamma0,-0.00014298095639905264,6m,1m,12m
2025-07-14,gamma0,-0.0001334129206595131,6m,1m,12m
2025-07-15,gamma0,-0.00013290027298813755,6m,1m,12m
2025-07-16,gamma0,-0.00011229662426428885,6m,1m,12m
2025-07-17,gamma0,-0.00015090904768711344,6m,1m,12m
2025-07-18,gamma0,-0.00016590966111786377,6m,1m,12m
2025-07-21,gamma0,-0.00012865078937394653,6m,1m,12m
2025-07-22,gamma0,-8.442945509280892e-05,6m,1m,12m
2025-07-23,gamma0,-0.00010454153030555423,6m,1m,12m
2025-07-24,gamma0,-0.0001019198737906205,6m,1m,12m
2025-07-25,gamma0,-0.00010381897949775976,6m,1m,12m
2025-07-28,gamma0,-9.335010648035449e-05,6m,1m,12m
2025-07-29,gamma0,-4.8288178653499826e-05,6m,1m,12m
2025-07-30,gamma0,-4.915512878650952e-05,6m,1m,12m
2025-07-31,gamma0,-3.204728879116671e-05,6m,1m,12m
2000-01-03,gamma1,-4.206147017181458e-05,6m,1m,12m
2000-01-04,gamma1,2.4288761076205776e-05,6m,1m,12m
2000-01-05,gamma1,4.0008279803104596e-05,6m,1m,12m
2000-01-06,gamma1,1.4623631359114775e-05,6m,1m,12m
2000-01-07,gamma1,6.382113666013964e-05,6m,1m,12m
2000-01-10,gamma1,5.6895820083198185e-05,6m,1m,12m
2000-01-11,gamma1,5.231575359675963e-05,6m,1m,12m
2000-01-12,gamma1,8.199560830421133e-06,6m,1m,12m
2000-01-13,gamma1,-7.194215395858179e-06,6m,1m,12m
2000-01-14,gamma1,3.06992521604882e-05,6m,1m,12m
2000-01-19,gamma1,1.5302716112983064e-05,6m,1m,12m
2000-01-20,gamma1,-1.9307926899216712e-05,6m,1m,12m
2000-01-21,gamma1,1.0279274385125678e-05,6m,1m,12m
2000-01-24,gamma1,-1.934146113435481e-05,6m,1m,12m
2000-01-25,gamma1,7.386101042521789e-06,6m,1m,12m
2000-01-26,gamma1,2.3476979310560017e-05,6m,1m,12m
2000-01-27,gamma1,5.084520343545773e-05,6m,1m,12m
2000-01-28,gamma1,8.900501234052234e-05,6m,1m,12m
2000-01-31,gamma1,4.2271110708858865e-05,6m,1m,12m
2000-02-01,gamma1,4.747522429036042e-05,6m,1m,12m
2000-02-02,gamma1,5.728715634735123e-05,6m,1m,12m
2000-02-03,gamma1,5.3221204231224317e-05,6m,1m,12m
2000-02-04,gamma1,6.0562176421856975e-05,6m,1m,12m
2000-02-07,gamma1,5.4655134920868956e-05,6m,1m,12m
2000-02-08,gamma1,2.37221355631206e-05,6m,1m,12m
2000-02-09,gamma1,5.9990269017357476e-05,6m,1m,12m
2000-02-10,gamma1,3.956855059841889e-05,6m,1m,12m
2000-02-11,gamma1,9.352393164750608e-05,6m,1m,12m
2000-02-16,gamma1,7.746066403841207e-05,6m,1m,12m
2000-02-17,gamma1,7.600596921456965e-05,6m,1m,12m
2000-02-18,gamma1,0.00011698990742031104,6m,1m,12m
2000-02-22,gamma1,4.626758206883328e-05,6m,1m,12m
2000-02-23,gamma1,6.706672668163732e-05,6m,1m,12m
2000-02-24,gamma1,5.782672037754095e-05,6m,1m,12m
2000-02-25,gamma1,9.809558970639715e-05,6m,1m,12m
2000-02-28,gamma1,8.055703126295526e-05,6m,1m,12m
2000-02-29,gamma1,8.035626406855661e-05,6m,1m,12m
2000-03-01,gamma1,7.263583855276421e-05,6m,1m,12m
2000-03-02,gamma1,7.698488068703862e-05,6m,1m,12m
2000-03-03,gamma1,4.256234847477074e-05,6m,1m,12m
2000-03-06,gamma1,4.376429071674554e-05,6m,1m,12m
2000-03-07,gamma1,8.498233684882378e-05,6m,1m,12m
2000-03-08,gamma1,4.6795609297546785e-06,6m,1m,12m
2000-03-09,gamma1,2.9309428333232137e-05,6m,1m,12m
2000-03-10,gamma1,3.683130440977795e-05,6m,1m,12m
2000-03-22,gamma1,-2.7581094151796513e-06,6m,1m,12m
2000-03-23,gamma1,7.769935759845234e-06,6m,1m,12m
2000-03-24,gamma1,0.00010039736367541732,6m,1m,12m
2000-03-27,gamma1,-8.163205956128896e-05,6m,1m,12m
2000-03-28,gamma1,3.3924076791448765e-05,6m,1m,12m
2000-03-29,gamma1,3.6472935012660754e-05,6m,1m,12m
2000-03-30,gamma1,-1.6428735552678173e-05,6m,1m,12m
2000-03-31,gamma1,1.6893755208311146e-05,6m,1m,12m
2000-04-03,gamma1,9.573464353818405e-05,6m,1m,12m
2000-04-04,gamma1,0.00012183479246162841,6m,1m,12m
2000-04-05,gamma1,-8.794196839783877e-06,6m,1m,12m
2000-04-06,gamma1,-4.043888412766126e-05,6m,1m,12m
2000-04-07,gamma1,-2.505828899999304e-05,6m,1m,12m
2000-04-10,gamma1,1.8570915988642487e-05,6m,1m,12m
2000-04-11,gamma1,4.398224622171174e-05,6m,1m,12m
2000-04-12,gamma1,-3.583381465707688e-05,6m,1m,12m
2000-04-13,gamma1,2.5915610510340333e-05,6m,1m,12m
2000-04-14,gamma1,7.126709873572532e-05,6m,1m,12m
2000-04-19,gamma1,-1.4786751771357944e-05,6m,1m,12m
2000-04-20,gamma1,4.112173951617818e-05,6m,1m,12m
2000-04-24,gamma1,-6.0899704821309485e-05,6m,1m,12m
2000-04-25,gamma1,-1.9973181442743127e-05,6m,1m,12m
2000-04-26,gamma1,2.238890639073252e-05,6m,1m,12m
2000-04-27,gamma1,-2.021879464202902e-05,6m,1m,12m
2000-04-28,gamma1,-1.9253755274397996e-05,6m,1m,12m
2000-05-01,gamma1,-1.4808618469027806e-05,6m,1m,12m
2000-05-02,gamma1,-6.000609034169904e-05,6m,1m,12m
2000-05-03,gamma1,-8.718994981082355e-06,6m,1m,12m
2000-05-04,gamma1,4.2016232364764636e-05,6m,1m,12m
2000-05-05,gamma1,6.127338833753125e-05,6m,1m,12m
2000-05-08,gamma1,2.54093996245134e-05,6m,1m,12m
2000-05-09,gamma1,3.521122292037942e-07,6m,1m,12m
2000-05-10,gamma1,6.914657432475355e-05,6m,1m,12m
2000-05-11,gamma1,3.0667051711476894e-05,6m,1m,12m
2000-05-12,gamma1,2.8661072312670584e-05,6m,1m,12m
2000-05-17,gamma1,-7.216429956847218e-06,6m,1m,12m
2000-05-18,gamma1,-3.142602555176931e-05,6m,1m,12m
2000-05-19,gamma1,5.5019437161966115e-05,6m,1m,12m
2000-05-22,gamma1,-1.478993544442133e-05,6m,1m,12m
2000-05-23,gamma1,4.681542226813245e-05,6m,1m,12m
2000-05-24,gamma1,-5.5941243503425274e-05,6m,1m,12m
2000-05-25,gamma1,3.7282983300099574e-05,6m,1m,12m
2000-05-26,gamma1,2.852611026064292e-05,6m,1m,12m
2000-05-30,gamma1,4.25364694156518e-06,6m,1m,12m
2000-05-31,gamma1,-1.0600493776806213e-05,6m,1m,12m
2000-06-01,gamma1,4.836679871321654e-06,6m,1m,12m
2000-06-02,gamma1,-3.52608912587773e-05,6m,1m,12m
2000-06-05,gamma1,2.5638377154571172e-05,6m,1m,12m
2000-06-06,gamma1,4.5293623127730494e-05,6m,1m,12m
2000-06-07,gamma1,-4.464454295929803e-06,6m,1m,12m
2000-06-08,gamma1,2.1555208601048225e-05,6m,1m,12m
2000-06-09,gamma1,3.184051283471902e-05,6m,1m,12m
2000-06-21,gamma1,-2.906445183512762e-05,6m,1m,12m
2000-06-22,gamma1,4.1743164729676877e-05,6m,1m,12m
2000-06-23,gamma1,-1.9796370992951025e-07,6m,1m,12m
2000-06-26,gamma1,3.6440073087426624e-05,6m,1m,12m
2000-06-27,gamma1,3.642053791919665e-05,6m,1m,12m
2000-06-28,gamma1,5.48654600001287e-06,6m,1m,12m
2000-06-29,gamma1,6.8990744075127605e-06,6m,1m,12m
2000-06-30,gamma1,-2.7660927809727345e-05,6m,1m,12m
2000-07-03,gamma1,-3.3867501067759664e-06,6m,1m,12m
2000-07-05,gamma1,2.3074471134428714e-05,6m,1m,12m
2000-07-06,gamma1,-4.661839000956995e-06,6m,1m,12m
2000-07-07,gamma1,-1.3276425247875094e-05,6m,1m,12m
2000-07-10,gamma1,1.7345568520673183e-05,6m,1m,12m
2000-07-11,gamma1,6.17378083350679e-06,6m,1m,12m
2000-07-12,gamma1,-7.250848313960419e-06,6m,1m,12m
2000-07-13,gamma1,-6.37771891192463e-06,6m,1m,12m
2000-07-14,gamma1,-1.7370011677991674e-05,6m,1m,12m
2000-07-19,gamma1,2.1100304445386786e-05,6m,1m,12m
2000-07-20,gamma1,2.7014918587199818e-05,6m,1m,12m
2000-07-21,gamma1,-1.4622048444842068e-05,6m,1m,12m
2000-07-24,gamma1,2.5199005212899428e-05,6m,1m,12m
2000-07-25,gamma1,-4.33335773887011e-06,6m,1m,12m
2000-07-26,gamma1,5.13755101953828e-05,6m,1m,12m
2000-07-27,gamma1,4.689229738606818e-05,6m,1m,12m
2000-07-28,gamma1,6.303164585656795e-05,6m,1m,12m
2000-07-31,gamma1,2.3785819656960357e-05,6m,1m,12m
2000-08-01,gamma1,6.941638367426479e-06,6m,1m,12m
2000-08-02,gamma1,1.1720473810599645e-05,6m,1m,12m
2000-08-03,gamma1,2.014366702568604e-06,6m,1m,12m
2000-08-04,gamma1,1.6983867361253814e-05,6m,1m,12m
2000-08-07,gamma1,4.281573333779644e-06,6m,1m,12m
2000-08-08,gamma1,2.7176514286859618e-05,6m,1m,12m
2000-08-09,gamma1,2.8689685300925324e-06,6m,1m,12m
2000-08-10,gamma1,4.732608887396104e-05,6m,1m,12m
2000-08-11,gamma1,9.679875447299038e-06,6m,1m,12m
2000-08-16,gamma1,4.413599709141164e-05,6m,1m,12m
2000-08-17,gamma1,1.726626429959267e-05,6m,1m,12m
2000-08-18,gamma1,3.2833734736665866e-05,6m,1m,12m
2000-08-21,gamma1,2.4527877527962714e-05,6m,1m,12m
2000-08-22,gamma1,3.3975965569413764e-05,6m,1m,12m
2000-08-23,gamma1,2.377608955670443e-08,6m,1m,12m
2000-08-24,gamma1,-1.1917391033342426e-06,6m,1m,12m
2000-08-25,gamma1,-4.43962991734977e-06,6m,1m,12m
2000-08-28,gamma1,-2.160461609189582e-05,6m,1m,12m
2000-08-29,gamma1,1.7325090333951712e-05,6m,1m,12m
2000-08-30,gamma1,-3.9391175473408566e-05,6m,1m,12m
2000-08-31,gamma1,-4.2237436045292344e-05,6m,1m,12m
2000-09-01,gamma1,-3.534393280084954e-05,6m,1m,12m
2000-09-05,gamma1,-2.0327476110949538e-05,6m,1m,12m
2000-09-06,gamma1,-1.8829193754424352e-05,6m,1m,12m
2000-09-07,gamma1,-3.1823948844819064e-05,6m,1m,12m
2000-09-08,gamma1,-2.3651019906539363e-05,6m,1m,12m
2000-09-20,gamma1,-1.2454859647814213e-05,6m,1m,12m
2000-09-21,gamma1,-2.2166687786930942e-05,6m,1m,12m
2000-09-22,gamma1,-1.790331114147966e-05,6m,1m,12m
2000-09-25,gamma1,5.662959888011769e-06,6m,1m,12m
2000-09-26,gamma1,-3.1469811513333765e-05,6m,1m,12m
2000-09-27,gamma1,-1.284449502748118e-05,6m,1m,12m
2000-09-28,gamma1,-2.121451275180693e-05,6m,1m,12m
2000-09-29,gamma1,-2.7948968045845305e-05,6m,1m,12m
2000-10-02,gamma1,8.278879950376282e-06,6m,1m,12m
2000-10-03,gamma1,-6.12457864221051e-06,6m,1m,12m
2000-10-04,gamma1,-2.532195735143202e-05,6m,1m,12m
2000-10-05,gamma1,1.776029430884458e-06,6m,1m,12m
2000-10-06,gamma1,-2.6351951208990266e-05,6m,1m,12m
2000-10-09,gamma1,-8.394599124412836e-06,6m,1m,12m
2000-10-10,gamma1,-1.3914835077390676e-05,6m,1m,12m
2000-10-11,gamma1,2.325532335074112e-05,6m,1m,12m
2000-10-12,gamma1,8.956060669294533e-05,6m,1m,12m
2000-10-13,gamma1,-1.774137726870161e-05,6m,1m,12m
2000-10-18,gamma1,-6.495424118440635e-05,6m,1m,12m
2000-10-19,gamma1,-7.54414359335822e-05,6m,1m,12m
2000-10-20,gamma1,-3.6813222976187036e-05,6m,1m,12m
2000-10-23,gamma1,5.5182765233665355e-05,6m,1m,12m
2000-10-24,gamma1,-6.776018669917073e-05,6m,1m,12m
2000-10-25,gamma1,-2.2543541352792425e-05,6m,1m,12m
2000-10-26,gamma1,-3.229959981822305e-05,6m,1m,12m
2000-10-27,gamma1,2.3507592410344633e-05,6m,1m,12m
2000-10-30,gamma1,-7.841029099771822e-06,6m,1m,12m
2000-10-31,gamma1,1.1899887551034393e-05,6m,1m,12m
2000-11-01,gamma1,2.1452794079704915e-05,6m,1m,12m
2000-11-02,gamma1,-5.716804783577745e-05,6m,1m,12m
2000-11-03,gamma1,-2.164543809724038e-05,6m,1m,12m
2000-11-06,gamma1,1.3961049067590354e-05,6m,1m,12m
2000-11-07,gamma1,2.4036178128456882e-05,6m,1m,12m
2000-11-08,gamma1,-2.3891046500820883e-05,6m,1m,12m
2000-11-09,gamma1,-5.0947024855811215e-06,6m,1m,12m
2000-11-10,gamma1,1.644956817677496e-05,6m,1m,12m
2000-11-15,gamma1,2.0069014527888374e-05,6m,1m,12m
2000-11-16,gamma1,5.235149983250145e-05,6m,1m,12m
2000-11-17,gamma1,3.9524805926322595e-05,6m,1m,12m
2000-11-20,gamma1,6.822332110762131e-05,6m,1m,12m
2000-11-21,gamma1,6.924742776983432e-05,6m,1m,12m
2000-11-22,gamma1,0.00011025166116921586,6m,1m,12m
2000-11-24,gamma1,6.249207192670122e-05,6m,1m,12m
2000-11-27,gamma1,4.757251338386389e-05,6m,1m,12m
2000-11-28,gamma1,3.474683949544844e-05,6m,1m,12m
2000-11-29,gamma1,-2.410902911363145e-05,6m,1m,12m
2000-11-30,gamma1,8.156968703758453e-05,6m,1m,12m
2000-12-01,gamma1,2.6442920214685527e-05,6m,1m,12m
2000-12-04,gamma1,6.727055634171376e-05,6m,1m,12m
2000-12-05,gamma1,2.8011557620928368e-05,6m,1m,12m
2000-12-06,gamma1,3.197286741269332e-05,6m,1m,12m
2000-12-07,gamma1,-1.0291826638140318e-05,6m,1m,12m
2000-12-08,gamma1,-0.000150940341681738,6m,1m,12m
2000-12-20,gamma1,-1.0301199544864419e-05,6m,1m,12m
2000-12-21,gamma1,3.6969280724998726e-07,6m,1m,12m
2000-12-22,gamma1,2.5732892069886077e-05,6m,1m,12m
2000-12-26,gamma1,1.7538977951874152e-05,6m,1m,12m
2000-12-27,gamma1,2.637407552180329e-05,6m,1m,12m
2000-12-28,gamma1,2.915576289228018e-05,6m,1m,12m
2000-12-29,gamma1,1.1186536546286117e-05,6m,1m,12m
2001-01-02,gamma1,4.735822032856107e-05,6m,1m,12m
2001-01-03,gamma1,3.4432375418362316e-06,6m,1m,12m
2001-01-04,gamma1,5.364493612902273e-06,6m,1m,12m
2001-01-05,gamma1,4.1646467572039627e-05,6m,1m,12m
2001-01-08,gamma1,5.1281817814780285e-05,6m,1m,12m
2001-01-09,gamma1,2.3234138482911473e-05,6m,1m,12m
2001-01-10,gamma1,4.033244062874029e-05,6m,1m,12m
2001-01-11,gamma1,1.96431307316079e-05,6m,1m,12m
2001-01-12,gamma1,7.391773772858657e-05,6m,1m,12m
2001-01-17,gamma1,6.179716021391011e-05,6m,1m,12m
2001-01-18,gamma1,8.543265273968915e-05,6m,1m,12m
2001-01-19,gamma1,7.951814016955057e-05,6m,1m,12m
2001-01-22,gamma1,9.338747900501703e-05,6m,1m,12m
2001-01-23,gamma1,9.380323721178014e-05,6m,1m,12m
2001-01-24,gamma1,0.00010697956535819474,6m,1m,12m
2001-01-25,gamma1,0.00012459277755078374,6m,1m,12m
2001-01-26,gamma1,0.00011370736771601516,6m,1m,12m
2001-01-29,gamma1,0.0001085353387926804,6m,1m,12m
2001-01-30,gamma1,8.599674272313157e-05,6m,1m,12m
2001-01-31,gamma1,6.681850311860706e-05,6m,1m,12m
2001-02-01,gamma1,9.526813321305682e-05,6m,1m,12m
2001-02-02,gamma1,9.913650394524902e-05,6m,1m,12m
2001-02-05,gamma1,0.0001168056161335497,6m,1m,12m
2001-02-06,gamma1,8.785054255811472e-05,6m,1m,12m
2001-02-07,gamma1,0.00011828498002201708,6m,1m,12m
2001-02-08,gamma1,0.00011212992566297604,6m,1m,12m
2001-02-09,gamma1,0.00012847108299413303,6m,1m,12m
2001-02-14,gamma1,1.9195624108849604e-05,6m,1m,12m
2001-02-15,gamma1,2.180275250461357e-05,6m,1m,12m
2001-02-16,gamma1,1.4574711123807958e-05,6m,1m,12m
2001-02-20,gamma1,3.441985494040628e-05,6m,1m,12m
2001-02-21,gamma1,4.9402982572131696e-05,6m,1m,12m
2001-02-22,gamma1,1.069365584605045e-05,6m,1m,12m
2001-02-23,gamma1,2.588138860020434e-05,6m,1m,12m
2001-02-26,gamma1,4.910033294513422e-05,6m,1m,12m
2001-02-27,gamma1,6.216731655502827e-05,6m,1m,12m
2001-02-28,gamma1,4.031111233905634e-05,6m,1m,12m
2001-03-01,gamma1,2.496499502139905e-05,6m,1m,12m
2001-03-02,gamma1,2.3121675843057148e-05,6m,1m,12m
2001-03-05,gamma1,4.928661428483298e-05,6m,1m,12m
2001-03-06,gamma1,6.219049570258884e-05,6m,1m,12m
2001-03-07,gamma1,5.40883473345563e-05,6m,1m,12m
2001-03-08,gamma1,4.784466082295252e-05,6m,1m,12m
2001-03-09,gamma1,6.611975075871245e-05,6m,1m,12m
2001-03-21,gamma1,0.00011195471515033402,6m,1m,12m
2001-03-22,gamma1,7.95791186537929e-05,6m,1m,12m
2001-03-23,gamma1,6.591004190791054e-05,6m,1m,12m
2001-03-26,gamma1,9.890867537317956e-05,6m,1m,12m
2001-03-27,gamma1,6.97811220875777e-05,6m,1m,12m
2001-03-28,gamma1,4.718796017367742e-05,6m,1m,12m
2001-03-29,gamma1,7.196059575843611e-05,6m,1m,12m
2001-03-30,gamma1,-6.985814650946597e-07,6m,1m,12m
2001-04-02,gamma1,2.578327664233909e-05,6m,1m,12m
2001-04-03,gamma1,-0.000150940341681738,6m,1m,12m
2001-04-04,gamma1,8.283927587442242e-06,6m,1m,12m
2001-04-05,gamma1,-5.5643895868626735e-05,6m,1m,12m
2001-04-06,gamma1,1.0779515846052871e-05,6m,1m,12m
2001-04-09,gamma1,1.5322974020662438e-05,6m,1m,12m
2001-04-10,gamma1,-5.060270232037411e-05,6m,1m,12m
2001-04-11,gamma1,-4.790448513692646e-05,6m,1m,12m
2001-04-12,gamma1,-4.4746099130047224e-05,6m,1m,12m
2001-04-18,gamma1,-6.807465928020129e-05,6m,1m,12m
2001-04-19,gamma1,-9.363185427610161e-05,6m,1m,12m
2001-04-20,gamma1,-2.0889167664860466e-05,6m,1m,12m
2001-04-23,gamma1,-6.708474598044949e-05,6m,1m,12m
2001-04-24,gamma1,-3.934417262595321e-05,6m,1m,12m
2001-04-25,gamma1,-6.318187869733887e-05,6m,1m,12m
2001-04-26,gamma1,-4.809148783391823e-05,6m,1m,12m
2001-04-27,gamma1,-6.360041035926275e-05,6m,1m,12m
2001-04-30,gamma1,-7.14848443915201e-05,6m,1m,12m
2001-05-01,gamma1,-4.69752915462559e-05,6m,1m,12m
2001-05-02,gamma1,-5.856295539117401e-05,6m,1m,12m
2001-05-03,gamma1,-3.17323035831421e-05,6m,1m,12m
2001-05-04,gamma1,-3.221284289615182e-05,6m,1m,12m
2001-05-07,gamma1,-0.0001256530831588432,6m,1m,12m
2001-05-08,gamma1,-6.345302748304853e-05,6m,1m,12m
2001-05-09,gamma1,-6.651388905374016e-05,6m,1m,12m
2001-05-10,gamma1,-5.104059331586416e-05,6m,1m,12m
2001-05-11,gamma1,-3.051379894678658e-05,6m,1m,12m
2001-05-16,gamma1,-6.209657573364492e-05,6m,1m,12m
2001-05-17,gamma1,-7.02538427172796e-05,6m,1m,12m
2001-05-18,gamma1,-7.287791311911457e-06,6m,1m,12m
2001-05-21,gamma1,1.952498692189307e-05,6m,1m,12m
2001-05-22,gamma1,1.920314804018457e-06,6m,1m,12m
2001-05-23,gamma1,-1.2876535081250894e-05,6m,1m,12m
2001-05-24,gamma1,-1.4292390651005415e-05,6m,1m,12m
2001-05-25,gamma1,1.4161395226741365e-06,6m,1m,12m
2001-05-29,gamma1,-2.80191317578914e-05,6m,1m,12m
2001-05-30,gamma1,1.722540855758897e-05,6m,1m,12m
2001-05-31,gamma1,1.2058267436531713e-05,6m,1m,12m
2001-06-01,gamma1,2.384689225438974e-05,6m,1m,12m
2001-06-04,gamma1,2.0813163347163865e-05,6m,1m,12m
2001-06-05,gamma1,2.522843853645791e-05,6m,1m,12m
2001-06-06,gamma1,6.8094629857648204e-06,6m,1m,12m
2001-06-07,gamma1,1.83403578897643e-05,6m,1m,12m
2001-06-08,gamma1,3.782369578552392e-05,6m,1m,12m
2001-06-20,gamma1,-4.495356837438373e-05,6m,1m,12m
2001-06-21,gamma1,-3.7496566969090486e-05,6m,1m,12m
2001-06-22,gamma1,-2.503843383371268e-05,6m,1m,12m
2001-06-25,gamma1,-8.714148831965775e-05,6m,1m,12m
2001-06-26,gamma1,-1.5723047357084866e-05,6m,1m,12m
2001-06-27,gamma1,1.2778336511878576e-06,6m,1m,12m
2001-06-28,gamma1,-6.668392788729938e-05,6m,1m,12m
2001-06-29,gamma1,3.59881220525828e-05,6m,1m,12m
2001-07-02,gamma1,-7.968767053697227e-06,6m,1m,12m
2001-07-03,gamma1,-1.670420166215189e-05,6m,1m,12m
2001-07-05,gamma1,-6.233829312557339e-05,6m,1m,12m
2001-07-06,gamma1,-3.5059401097839164e-05,6m,1m,12m
2001-07-09,gamma1,-6.524803681464634e-05,6m,1m,12m
2001-07-10,gamma1,-2.8434957574372883e-05,6m,1m,12m
2001-07-11,gamma1,-1.9509082510537085e-05,6m,1m,12m
2001-07-12,gamma1,-2.712602309461906e-05,6m,1m,12m
2001-07-13,gamma1,-7.966104052857555e-06,6m,1m,12m
2001-07-18,gamma1,-2.5275370535259164e-06,6m,1m,12m
2001-07-19,gamma1,1.5351422589652053e-05,6m,1m,12m
2001-07-20,gamma1,3.9247716871517835e-05,6m,1m,12m
2001-07-23,gamma1,5.936643137485413e-05,6m,1m,12m
2001-07-24,gamma1,5.9302455493787676e-05,6m,1m,12m
2001-07-25,gamma1,-3.468974023537214e-05,6m,1m,12m
2001-07-26,gamma1,-4.1250939489692835e-05,6m,1m,12m
2001-07-27,gamma1,-1.4252581956179149e-05,6m,1m,12m
2001-07-30,gamma1,3.0410853429219057e-05,6m,1m,12m
2001-07-31,gamma1,2.0942862621624878e-05,6m,1m,12m
2001-08-01,gamma1,4.2737676133769816e-05,6m,1m,12m
2001-08-02,gamma1,5.7150672507216426e-05,6m,1m,12m
2001-08-03,gamma1,6.71104361718131e-05,6m,1m,12m
2001-08-06,gamma1,3.6903097314205246e-05,6m,1m,12m
2001-08-07,gamma1,5.209818225730627e-05,6m,1m,12m
2001-08-08,gamma1,6.0398884115467164e-05,6m,1m,12m
2001-08-09,gamma1,3.3455631771187025e-05,6m,1m,12m
2001-08-10,gamma1,2.6845615933668687e-05,6m,1m,12m
2001-08-22,gamma1,5.918093375058238e-06,6m,1m,12m
2001-08-23,gamma1,2.1388261626495793e-05,6m,1m,12m
2001-08-24,gamma1,7.785813795822667e-06,6m,1m,12m
2001-08-27,gamma1,4.222550923770598e-05,6m,1m,12m
2001-08-28,gamma1,2.823940071343969e-05,6m,1m,12m
2001-08-29,gamma1,3.301060915060411e-05,6m,1m,12m
2001-08-30,gamma1,5.263895783542322e-05,6m,1m,12m
2001-08-31,gamma1,5.62903734547759e-05,6m,1m,12m
2001-09-04,gamma1,1.4205416075010414e-05,6m,1m,12m
2001-09-05,gamma1,4.329552151211204e-05,6m,1m,12m
2001-09-06,gamma1,9.787055256819111e-05,6m,1m,12m
2001-09-07,gamma1,0.00010268786864397439,6m,1m,12m
2001-09-10,gamma1,8.40008182791049e-05,6m,1m,12m
2001-09-19,gamma1,0.0002493784400728188,6m,1m,12m
2001-09-20,gamma1,7.117098673652944e-05,6m,1m,12m
2001-09-21,gamma1,8.465281507070803e-05,6m,1m,12m
2001-09-24,gamma1,-0.00011194347827463255,6m,1m,12m
2001-09-25,gamma1,-3.4314929389017294e-05,6m,1m,12m
2001-09-26,gamma1,-8.685769491690013e-05,6m,1m,12m
2001-09-27,gamma1,-0.00011049809237034732,6m,1m,12m
2001-09-28,gamma1,-0.0001323901315077888,6m,1m,12m
2001-10-01,gamma1,-3.071171885094341e-05,6m,1m,12m
2001-10-02,gamma1,-7.384747543933214e-05,6m,1m,12m
2001-10-03,gamma1,-0.00013993504462702787,6m,1m,12m
2001-10-04,gamma1,-7.427972950202428e-05,6m,1m,12m
2001-10-05,gamma1,-0.000150940341681738,6m,1m,12m
2001-10-08,gamma1,-8.769856863486756e-05,6m,1m,12m
2001-10-09,gamma1,-8.197386073304279e-05,6m,1m,12m
2001-10-10,gamma1,-0.00013804674994960533,6m,1m,12m
2001-10-11,gamma1,-0.00010169147788868267,6m,1m,12m
2001-10-12,gamma1,-0.000150940341681738,6m,1m,12m
2001-10-17,gamma1,-4.5667295352319575e-05,6m,1m,12m
2001-10-18,gamma1,-6.353036825740256e-05,6m,1m,12m
2001-10-19,gamma1,-0.00010015264488816817,6m,1m,12m
2001-10-22,gamma1,-6.089316944450533e-05,6m,1m,12m
2001-10-23,gamma1,-4.838196550457238e-05,6m,1m,12m
2001-10-24,gamma1,-0.00010876256516271967,6m,1m,12m
2001-10-25,gamma1,-7.056267595836058e-05,6m,1m,12m
2001-10-26,gamma1,-7.0865537436986265e-06,6m,1m,12m
2001-10-29,gamma1,-2.1379776824924184e-05,6m,1m,12m
2001-10-30,gamma1,-9.713369066972647e-05,6m,1m,12m
2001-10-31,gamma1,-5.1591061197031236e-05,6m,1m,12m
2001-11-01,gamma1,-9.404844667335754e-05,6m,1m,12m
2001-11-02,gamma1,-5.391674974182005e-06,6m,1m,12m
2001-11-05,gamma1,-6.600343121837488e-05,6m,1m,12m
2001-11-06,gamma1,-1.1093854079556041e-05,6m,1m,12m
2001-11-07,gamma1,7.755798203744164e-05,6m,1m,12m
2001-11-08,gamma1,5.861050690588834e-05,6m,1m,12m
2001-11-09,gamma1,7.743049175982518e-05,6m,1m,12m
2001-11-21,gamma1,-1.7901605505212603e-05,6m,1m,12m
2001-11-23,gamma1,2.645653432224168e-05,6m,1m,12m
2001-11-26,gamma1,-2.8175343362451495e-05,6m,1m,12m
2001-11-27,gamma1,-1.2920528346512928e-05,6m,1m,12m
2001-11-28,gamma1,-8.841366182124998e-06,6m,1m,12m
2001-11-29,gamma1,2.968457124224339e-05,6m,1m,12m
2001-11-30,gamma1,1.0852210019417835e-05,6m,1m,12m
2001-12-03,gamma1,1.6805968003806641e-06,6m,1m,12m
2001-12-04,gamma1,1.911960776388328e-05,6m,1m,12m
2001-12-05,gamma1,1.2326095707809906e-05,6m,1m,12m
2001-12-06,gamma1,2.869079208917844e-05,6m,1m,12m
2001-12-07,gamma1,2.834871033844164e-05,6m,1m,12m
2001-12-10,gamma1,4.1514945788372034e-05,6m,1m,12m
2001-12-11,gamma1,4.420519774081755e-05,6m,1m,12m
2001-12-12,gamma1,-1.706984541917117e-05,6m,1m,12m
2001-12-13,gamma1,-3.191517987946791e-05,6m,1m,12m
2001-12-14,gamma1,-1.6658821573213922e-05,6m,1m,12m
2001-12-19,gamma1,-2.7846605504938284e-05,6m,1m,12m
2001-12-20,gamma1,-9.493304461303976e-05,6m,1m,12m
2001-12-21,gamma1,-8.331830121569443e-05,6m,1m,12m
2001-12-24,gamma1,-7.628375455355114e-05,6m,1m,12m
2001-12-26,gamma1,-6.617743669746938e-05,6m,1m,12m
2001-12-27,gamma1,-2.9398284543023772e-05,6m,1m,12m
2001-12-28,gamma1,-5.881799518664277e-05,6m,1m,12m
2001-12-31,gamma1,-2.0638130529521234e-05,6m,1m,12m
2002-01-02,gamma1,-4.2424156756018755e-05,6m,1m,12m
2002-01-03,gamma1,-2.9932835775547873e-06,6m,1m,12m
2002-01-04,gamma1,1.516764116033712e-05,6m,1m,12m
2002-01-07,gamma1,2.786637543149475e-05,6m,1m,12m
2002-01-08,gamma1,2.5956279867865462e-05,6m,1m,12m
2002-01-09,gamma1,-3.632747580415457e-05,6m,1m,12m
2002-01-10,gamma1,-1.8508408682462407e-05,6m,1m,12m
2002-01-11,gamma1,-1.327901621380438e-05,6m,1m,12m
2002-01-16,gamma1,2.373161027786833e-05,6m,1m,12m
2002-01-17,gamma1,2.467926533407552e-05,6m,1m,12m
2002-01-18,gamma1,7.0016553799375785e-06,6m,1m,12m
2002-01-22,gamma1,3.875573952811454e-05,6m,1m,12m
2002-01-23,gamma1,-1.6311714656268212e-05,6m,1m,12m
2002-01-24,gamma1,2.3049418842885155e-05,6m,1m,12m
2002-01-25,gamma1,7.034924095928782e-06,6m,1m,12m
2002-01-28,gamma1,-3.6119464545491895e-05,6m,1m,12m
2002-01-29,gamma1,7.718286909928032e-05,6m,1m,12m
2002-01-30,gamma1,-5.1488254835126585e-05,6m,1m,12m
2002-01-31,gamma1,4.0019390358430595e-05,6m,1m,12m
2002-02-01,gamma1,-5.1986160565588874e-05,6m,1m,12m
2002-02-04,gamma1,-7.129207907229584e-05,6m,1m,12m
2002-02-05,gamma1,-8.70536465819677e-05,6m,1m,12m
2002-02-06,gamma1,3.8741891169543556e-05,6m,1m,12m
2002-02-07,gamma1,6.747288673188359e-05,6m,1m,12m
2002-02-08,gamma1,7.527375058071338e-05,6m,1m,12m
2002-02-13,gamma1,-1.54108335907465e-05,6m,1m,12m
2002-02-14,gamma1,-2.7010861524336274e-05,6m,1m,12m
2002-02-15,gamma1,-4.5712770051590675e-05,6m,1m,12m
2002-02-19,gamma1,-2.7334013143490758e-05,6m,1m,12m
2002-02-20,gamma1,-5.159957682990167e-06,6m,1m,12m
2002-02-21,gamma1,1.6919486317091074e-05,6m,1m,12m
2002-02-22,gamma1,1.478608228456752e-05,6m,1m,12m
2002-02-25,gamma1,4.471007111096939e-05,6m,1m,12m
2002-02-26,gamma1,4.760775875712331e-05,6m,1m,12m
2002-02-27,gamma1,7.459856874706417e-05,6m,1m,12m
2002-02-28,gamma1,-1.0281417996294887e-05,6m,1m,12m
2002-03-01,gamma1,1.0115829640093655e-05,6m,1m,12m
2002-03-04,gamma1,-4.373196174761166e-06,6m,1m,12m
2002-03-05,gamma1,3.816466464077372e-05,6m,1m,12m
2002-03-06,gamma1,5.908741492435033e-05,6m,1m,12m
2002-03-07,gamma1,4.762660121120462e-05,6m,1m,12m
2002-03-08,gamma1,6.37021854140923e-05,6m,1m,12m
2002-03-20,gamma1,6.9829712832147e-05,6m,1m,12m
2002-03-21,gamma1,2.5577196012369255e-05,6m,1m,12m
2002-03-22,gamma1,3.0723439596208275e-05,6m,1m,12m
2002-03-25,gamma1,4.5981941242487955e-05,6m,1m,12m
2002-03-26,gamma1,1.1822106472608782e-05,6m,1m,12m
2002-03-27,gamma1,3.954847143746038e-06,6m,1m,12m
2002-03-28,gamma1,1.7701121560987498e-05,6m,1m,12m
2002-04-01,gamma1,2.0179523797957286e-05,6m,1m,12m
2002-04-02,gamma1,3.4686467657399804e-05,6m,1m,12m
2002-04-03,gamma1,5.281008111751384e-05,6m,1m,12m
2002-04-04,gamma1,8.15766234005636e-06,6m,1m,12m
2002-04-05,gamma1,5.75480759936019e-05,6m,1m,12m
2002-04-08,gamma1,5.108376963296572e-05,6m,1m,12m
2002-04-09,gamma1,3.7074019905629856e-05,6m,1m,12m
2002-04-10,gamma1,2.268220765565057e-05,6m,1m,12m
2002-04-11,gamma1,9.094251546919525e-05,6m,1m,12m
2002-04-12,gamma1,2.3430417815105133e-05,6m,1m,12m
2002-04-17,gamma1,2.628186907752233e-05,6m,1m,12m
2002-04-18,gamma1,-2.2684452413437213e-05,6m,1m,12m
2002-04-19,gamma1,7.492216737086261e-06,6m,1m,12m
2002-04-22,gamma1,-3.6045068918127727e-06,6m,1m,12m
2002-04-23,gamma1,3.879489621224046e-05,6m,1m,12m
2002-04-24,gamma1,2.339735734278049e-05,6m,1m,12m
2002-04-25,gamma1,3.6327379599577086e-05,6m,1m,12m
2002-04-26,gamma1,6.324104060915342e-05,6m,1m,12m
2002-04-29,gamma1,3.9462589048323135e-05,6m,1m,12m
2002-04-30,gamma1,1.310203709506833e-05,6m,1m,12m
2002-05-01,gamma1,6.394802347111368e-05,6m,1m,12m
2002-05-02,gamma1,5.337658877146304e-05,6m,1m,12m
2002-05-03,gamma1,6.258393142973451e-05,6m,1m,12m
2002-05-06,gamma1,8.63218818192989e-05,6m,1m,12m
2002-05-07,gamma1,0.0001084510432179249,6m,1m,12m
2002-05-08,gamma1,5.997972481146299e-05,6m,1m,12m
2002-05-09,gamma1,9.056831579137104e-05,6m,1m,12m
2002-05-10,gamma1,0.0001004110398553142,6m,1m,12m
2002-05-22,gamma1,3.0896382140920304e-05,6m,1m,12m
2002-05-23,gamma1,3.1457793431157303e-05,6m,1m,12m
2002-05-24,gamma1,2.4286349292743022e-05,6m,1m,12m
2002-05-28,gamma1,4.6665735850083355e-05,6m,1m,12m
2002-05-29,gamma1,4.8702359187807585e-05,6m,1m,12m
2002-05-30,gamma1,3.265102659583802e-05,6m,1m,12m
2002-05-31,gamma1,1.56347060403504e-05,6m,1m,12m
2002-06-03,gamma1,1.962945163936303e-05,6m,1m,12m
2002-06-04,gamma1,1.8838776068080837e-05,6m,1m,12m
2002-06-05,gamma1,4.05152838660722e-06,6m,1m,12m
2002-06-06,gamma1,6.126275175977594e-06,6m,1m,12m
2002-06-07,gamma1,1.2507807783081467e-07,6m,1m,12m
2002-06-10,gamma1,1.117378242776228e-05,6m,1m,12m
2002-06-11,gamma1,1.5403663636558252e-05,6m,1m,12m
2002-06-12,gamma1,-6.55327870037936e-07,6m,1m,12m
2002-06-13,gamma1,1.472518201966947e-05,6m,1m,12m
2002-06-14,gamma1,-4.5186901104203845e-06,6m,1m,12m
2002-06-19,gamma1,2.4197618043761245e-05,6m,1m,12m
2002-06-20,gamma1,3.840363771889357e-05,6m,1m,12m
2002-06-21,gamma1,3.7907871310726716e-05,6m,1m,12m
2002-06-24,gamma1,3.5675103836327435e-05,6m,1m,12m
2002-06-25,gamma1,2.3014632993732476e-05,6m,1m,12m
2002-06-26,gamma1,4.588627722396968e-05,6m,1m,12m
2002-06-27,gamma1,1.3405914989695716e-05,6m,1m,12m
2002-06-28,gamma1,2.7172944827511578e-05,6m,1m,12m
2002-07-01,gamma1,1.8811103624669636e-05,6m,1m,12m
2002-07-02,gamma1,3.453086205979137e-05,6m,1m,12m
2002-07-03,gamma1,1.9363115321771335e-05,6m,1m,12m
2002-07-05,gamma1,-5.62125576536015e-06,6m,1m,12m
2002-07-08,gamma1,1.1681324310861781e-05,6m,1m,12m
2002-07-09,gamma1,4.2428492507075807e-05,6m,1m,12m
2002-07-10,gamma1,8.505197769092287e-05,6m,1m,12m
2002-07-11,gamma1,9.300941984093577e-05,6m,1m,12m
2002-07-12,gamma1,0.00010407239398029987,6m,1m,12m
2002-07-17,gamma1,5.597335162981053e-05,6m,1m,12m
2002-07-18,gamma1,-5.040390849009305e-06,6m,1m,12m
2002-07-19,gamma1,5.582536914450697e-05,6m,1m,12m
2002-07-22,gamma1,6.513978904678215e-05,6m,1m,12m
2002-07-23,gamma1,0.00017802069401882728,6m,1m,12m
2002-07-24,gamma1,0.0001264316914073951,6m,1m,12m
2002-07-25,gamma1,8.13450428377238e-05,6m,1m,12m
2002-07-26,gamma1,7.630349848354305e-05,6m,1m,12m
2002-07-29,gamma1,4.901098433146968e-06,6m,1m,12m
2002-07-30,gamma1,7.847697331527251e-05,6m,1m,12m
2002-07-31,gamma1,1.1435348525771877e-05,6m,1m,12m
2002-08-01,gamma1,3.9322631505781655e-05,6m,1m,12m
2002-08-02,gamma1,4.834653137199385e-05,6m,1m,12m
2002-08-05,gamma1,9.754301444860559e-05,6m,1m,12m
2002-08-06,gamma1,0.0001030130391767023,6m,1m,12m
2002-08-07,gamma1,3.643519324001985e-05,6m,1m,12m
2002-08-08,gamma1,8.593325514695301e-05,6m,1m,12m
2002-08-09,gamma1,3.265074144854499e-05,6m,1m,12m
2002-08-21,gamma1,5.7425108950494703e-05,6m,1m,12m
2002-08-22,gamma1,1.901649202838071e-05,6m,1m,12m
2002-08-23,gamma1,-1.6928461975086554e-05,6m,1m,12m
2002-08-26,gamma1,-1.5320967415773733e-05,6m,1m,12m
2002-08-27,gamma1,3.031664390974137e-05,6m,1m,12m
2002-08-28,gamma1,3.0315329878856226e-05,6m,1m,12m
2002-08-29,gamma1,2.4662089808135167e-05,6m,1m,12m
2002-08-30,gamma1,3.465139101665399e-06,6m,1m,12m
2002-09-03,gamma1,0.00017406273154981855,6m,1m,12m
2002-09-04,gamma1,4.9583305083991405e-05,6m,1m,12m
2002-09-05,gamma1,9.017875930345369e-05,6m,1m,12m
2002-09-06,gamma1,2.4434109309586705e-05,6m,1m,12m
2002-09-09,gamma1,5.916126971213211e-06,6m,1m,12m
2002-09-10,gamma1,6.764524625071861e-05,6m,1m,12m
2002-09-11,gamma1,-2.060277049721171e-05,6m,1m,12m
2002-09-12,gamma1,3.01110495165231e-05,6m,1m,12m
2002-09-13,gamma1,6.499658031509411e-05,6m,1m,12m
2002-09-18,gamma1,9.980629491827279e-06,6m,1m,12m
2002-09-19,gamma1,0.00015691751863605813,6m,1m,12m
2002-09-20,gamma1,0.0001264256937610644,6m,1m,12m
2002-09-23,gamma1,0.00018333065407811933,6m,1m,12m
2002-09-24,gamma1,0.00017346871571334704,6m,1m,12m
2002-09-25,gamma1,9.866888875039603e-05,6m,1m,12m
2002-09-26,gamma1,9.844902688323802e-05,6m,1m,12m
2002-09-27,gamma1,0.00012566896131073704,6m,1m,12m
2002-09-30,gamma1,0.00010315355667232115,6m,1m,12m
2002-10-01,gamma1,9.764838393542749e-05,6m,1m,12m
2002-10-02,gamma1,0.00010564499966060964,6m,1m,12m
2002-10-03,gamma1,7.420385844338157e-05,6m,1m,12m
2002-10-04,gamma1,0.0001265879600680733,6m,1m,12m
2002-10-07,gamma1,0.00012423622447874466,6m,1m,12m
2002-10-08,gamma1,0.0001338164984997905,6m,1m,12m
2002-10-09,gamma1,0.00011683899469777886,6m,1m,12m
2002-10-10,gamma1,8.627050255449872e-05,6m,1m,12m
2002-10-11,gamma1,8.923316276450534e-05,6m,1m,12m
2002-10-16,gamma1,5.8332703588683785e-05,6m,1m,12m
2002-10-17,gamma1,2.3282956007183964e-05,6m,1m,12m
2002-10-18,gamma1,-9.398454520922385e-07,6m,1m,12m
2002-10-21,gamma1,-1.5320587236321523e-05,6m,1m,12m
2002-10-22,gamma1,8.620594509814047e-06,6m,1m,12m
2002-10-23,gamma1,1.3037470102477024e-05,6m,1m,12m
2002-10-24,gamma1,2.6206313312369423e-05,6m,1m,12m
2002-10-25,gamma1,4.06285009837746e-05,6m,1m,12m
2002-10-28,gamma1,5.556695096838029e-05,6m,1m,12m
2002-10-29,gamma1,0.00010514071249191075,6m,1m,12m
2002-10-30,gamma1,5.546953790238479e-06,6m,1m,12m
2002-10-31,gamma1,-4.292902027433333e-05,6m,1m,12m
2002-11-01,gamma1,-3.4228650803534552e-06,6m,1m,12m
2002-11-04,gamma1,-6.883605110168937e-06,6m,1m,12m
2002-11-05,gamma1,2.1588963858806703e-05,6m,1m,12m
2002-11-06,gamma1,5.633831197959357e-05,6m,1m,12m
2002-11-07,gamma1,7.059307601382893e-05,6m,1m,12m
2002-11-08,gamma1,5.101055249136135e-05,6m,1m,12m
2002-11-20,gamma1,6.428730313437341e-05,6m,1m,12m
2002-11-21,gamma1,-4.700052068684107e-06,6m,1m,12m
2002-11-22,gamma1,-2.666968381326095e-06,6m,1m,12m
2002-11-25,gamma1,2.8645626648572342e-05,6m,1m,12m
2002-11-26,gamma1,-1.2393566072323024e-06,6m,1m,12m
2002-11-27,gamma1,5.710029889630734e-05,6m,1m,12m
2002-11-29,gamma1,-1.1543941596153926e-05,6m,1m,12m
2002-12-02,gamma1,2.650209935033041e-05,6m,1m,12m
2002-12-03,gamma1,9.280636750102223e-05,6m,1m,12m
2002-12-04,gamma1,3.836288474321367e-05,6m,1m,12m
2002-12-05,gamma1,7.042020025483899e-05,6m,1m,12m
2002-12-06,gamma1,6.33810525800641e-05,6m,1m,12m
2002-12-09,gamma1,3.667921063189045e-05,6m,1m,12m
2002-12-10,gamma1,1.5407752491702728e-05,6m,1m,12m
2002-12-11,gamma1,1.3479713608058344e-05,6m,1m,12m
2002-12-12,gamma1,6.013449314630349e-05,6m,1m,12m
2002-12-13,gamma1,7.76743966488906e-05,6m,1m,12m
2002-12-18,gamma1,7.003170952431316e-05,6m,1m,12m
2002-12-19,gamma1,6.0311156807951985e-05,6m,1m,12m
2002-12-20,gamma1,2.1925542676066445e-05,6m,1m,12m
2002-12-23,gamma1,8.757627251476156e-05,6m,1m,12m
2002-12-24,gamma1,3.719122279849637e-05,6m,1m,12m
2002-12-26,gamma1,5.143311470568417e-05,6m,1m,12m
2002-12-27,gamma1,2.9652850456519708e-05,6m,1m,12m
2002-12-30,gamma1,3.599199115113376e-05,6m,1m,12m
2002-12-31,gamma1,7.760073208394198e-06,6m,1m,12m
2003-01-02,gamma1,4.1367105845622854e-05,6m,1m,12m
2003-01-03,gamma1,5.4380360939671066e-05,6m,1m,12m
2003-01-06,gamma1,5.693635755035774e-05,6m,1m,12m
2003-01-07,gamma1,9.322115888568211e-05,6m,1m,12m
2003-01-08,gamma1,7.865444963459794e-05,6m,1m,12m
2003-01-09,gamma1,2.519307654044595e-05,6m,1m,12m
2003-01-10,gamma1,6.214518196713546e-05,6m,1m,12m
2003-01-22,gamma1,1.5824807192897527e-05,6m,1m,12m
2003-01-23,gamma1,-2.1466947941414974e-06,6m,1m,12m
2003-01-24,gamma1,-2.0276108951369313e-05,6m,1m,12m
2003-01-27,gamma1,1.3729025513821609e-05,6m,1m,12m
2003-01-28,gamma1,1.2854033767884548e-05,6m,1m,12m
2003-01-29,gamma1,2.5171401858067517e-05,6m,1m,12m
2003-01-30,gamma1,7.156919318908713e-05,6m,1m,12m
2003-01-31,gamma1,6.277778624262228e-05,6m,1m,12m
2003-02-03,gamma1,5.6634115010718e-05,6m,1m,12m
2003-02-04,gamma1,9.421543460776977e-05,6m,1m,12m
2003-02-05,gamma1,7.166212756373194e-05,6m,1m,12m
2003-02-06,gamma1,7.846707176248165e-05,6m,1m,12m
2003-02-07,gamma1,6.766428893472564e-05,6m,1m,12m
2003-02-10,gamma1,6.53118545621207e-05,6m,1m,12m
2003-02-11,gamma1,5.8687710370573524e-05,6m,1m,12m
2003-02-12,gamma1,4.818054958317537e-05,6m,1m,12m
2003-02-13,gamma1,5.449210071307934e-05,6m,1m,12m
2003-02-14,gamma1,0.00010931895770656977,6m,1m,12m
2003-02-19,gamma1,1.8875899862485505e-05,6m,1m,12m
2003-02-20,gamma1,4.98358068794195e-05,6m,1m,12m
2003-02-21,gamma1,7.637981018850727e-06,6m,1m,12m
2003-02-24,gamma1,4.667573340919169e-05,6m,1m,12m
2003-02-25,gamma1,2.1688362394034536e-05,6m,1m,12m
2003-02-26,gamma1,6.202031444487604e-05,6m,1m,12m
2003-02-27,gamma1,5.225241431500632e-05,6m,1m,12m
2003-02-28,gamma1,7.521063512133113e-05,6m,1m,12m
2003-03-03,gamma1,7.472493596221595e-05,6m,1m,12m
2003-03-04,gamma1,8.893602752794907e-05,6m,1m,12m
2003-03-05,gamma1,7.474338545890515e-05,6m,1m,12m
2003-03-06,gamma1,0.00011258116747411823,6m,1m,12m
2003-03-07,gamma1,0.00014432656977407976,6m,1m,12m
2003-03-10,gamma1,0.00012401643463960904,6m,1m,12m
2003-03-11,gamma1,0.00012998367904006603,6m,1m,12m
2003-03-12,gamma1,0.00014987354884405196,6m,1m,12m
2003-03-13,gamma1,0.00011981714497271575,6m,1m,12m
2003-03-14,gamma1,0.00012049210741872054,6m,1m,12m
2003-03-19,gamma1,5.8780224635996426e-05,6m,1m,12m
2003-03-20,gamma1,6.071031275427631e-05,6m,1m,12m
2003-03-21,gamma1,5.633578006003894e-05,6m,1m,12m
2003-03-24,gamma1,6.793880067084019e-05,6m,1m,12m
2003-03-25,gamma1,3.3994127631753995e-05,6m,1m,12m
2003-03-26,gamma1,3.5350230806868157e-06,6m,1m,12m
2003-03-27,gamma1,4.19016151078025e-05,6m,1m,12m
2003-03-28,gamma1,6.189034845726993e-05,6m,1m,12m
2003-03-31,gamma1,1.5806750845704877e-05,6m,1m,12m
2003-04-01,gamma1,3.965891990545566e-05,6m,1m,12m
2003-04-02,gamma1,1.396028277668478e-05,6m,1m,12m
2003-04-03,gamma1,1.8936149831986305e-05,6m,1m,12m
2003-04-04,gamma1,6.044770581931649e-05,6m,1m,12m
2003-04-07,gamma1,2.077606173735891e-05,6m,1m,12m
2003-04-08,gamma1,5.050212476081734e-05,6m,1m,12m
2003-04-09,gamma1,5.539051211654699e-05,6m,1m,12m
2003-04-10,gamma1,3.330851738444026e-05,6m,1m,12m
2003-04-11,gamma1,3.654462045098941e-05,6m,1m,12m
2003-04-16,gamma1,4.063701329111353e-05,6m,1m,12m
2003-04-17,gamma1,1.7007669519523008e-05,6m,1m,12m
2003-04-21,gamma1,4.1989285300147657e-05,6m,1m,12m
2003-04-22,gamma1,4.759095470367991e-05,6m,1m,12m
2003-04-23,gamma1,1.748167407209957e-05,6m,1m,12m
2003-04-24,gamma1,4.4511759667256504e-05,6m,1m,12m
2003-04-25,gamma1,6.02908069662572e-05,6m,1m,12m
2003-04-28,gamma1,5.479247064362414e-05,6m,1m,12m
2003-04-29,gamma1,5.1832330430542155e-05,6m,1m,12m
2003-04-30,gamma1,1.1612559006935319e-05,6m,1m,12m
2003-05-01,gamma1,4.156771908106111e-05,6m,1m,12m
2003-05-02,gamma1,2.4199266979137206e-05,6m,1m,12m
2003-05-05,gamma1,5.0472637131007506e-05,6m,1m,12m
2003-05-06,gamma1,3.481156463785124e-05,6m,1m,12m
2003-05-07,gamma1,7.659846654603633e-05,6m,1m,12m
2003-05-08,gamma1,8.806813806782236e-05,6m,1m,12m
2003-05-09,gamma1,8.04084616026643e-05,6m,1m,12m
2003-05-21,gamma1,9.754745391190823e-05,6m,1m,12m
2003-05-22,gamma1,2.8607446449156936e-05,6m,1m,12m
2003-05-23,gamma1,6.114377028562383e-05,6m,1m,12m
2003-05-27,gamma1,3.252220820396873e-05,6m,1m,12m
2003-05-28,gamma1,4.631112422161715e-05,6m,1m,12m
2003-05-29,gamma1,5.5248391402147696e-05,6m,1m,12m
2003-05-30,gamma1,6.311842397620401e-05,6m,1m,12m
2003-06-02,gamma1,-9.4967810550106e-05,6m,1m,12m
2003-06-03,gamma1,7.760275236734027e-05,6m,1m,12m
2003-06-04,gamma1,2.5517051418113866e-05,6m,1m,12m
2003-06-05,gamma1,5.877887567537485e-05,6m,1m,12m
2003-06-06,gamma1,4.099163339601278e-05,6m,1m,12m
2003-06-09,gamma1,5.7492634382153685e-05,6m,1m,12m
2003-06-10,gamma1,5.019471189327443e-05,6m,1m,12m
2003-06-11,gamma1,3.26413999425623e-05,6m,1m,12m
2003-06-12,gamma1,6.563816833090462e-05,6m,1m,12m
2003-06-13,gamma1,6.86276321270877e-05,6m,1m,12m
2003-06-18,gamma1,3.26404103481092e-05,6m,1m,12m
2003-06-19,gamma1,3.711466612586064e-05,6m,1m,12m
2003-06-20,gamma1,8.420287602929232e-05,6m,1m,12m
2003-06-23,gamma1,4.5967418109187804e-05,6m,1m,12m
2003-06-24,gamma1,4.4918906979636176e-05,6m,1m,12m
2003-06-25,gamma1,5.781376699312004e-05,6m,1m,12m
2003-06-26,gamma1,8.578633462630225e-05,6m,1m,12m
2003-06-27,gamma1,4.80316378788932e-05,6m,1m,12m
2003-06-30,gamma1,0.00010037539876732703,6m,1m,12m
2003-07-01,gamma1,0.00011944890637303947,6m,1m,12m
2003-07-02,gamma1,0.00010690746934397503,6m,1m,12m
2003-07-03,gamma1,0.00012007375936434082,6m,1m,12m
2003-07-07,gamma1,8.68718592762844e-05,6m,1m,12m
2003-07-08,gamma1,0.00011288423914739362,6m,1m,12m
2003-07-09,gamma1,0.00010870926501422754,6m,1m,12m
2003-07-10,gamma1,0.00013078665098790188,6m,1m,12m
2003-07-11,gamma1,0.00012800497125735116,6m,1m,12m
2003-07-16,gamma1,0.00017355029213145438,6m,1m,12m
2003-07-17,gamma1,0.00016619475165407147,6m,1m,12m
2003-07-18,gamma1,0.0001518574682438777,6m,1m,12m
2003-07-21,gamma1,0.00010997828876818422,6m,1m,12m
2003-07-22,gamma1,0.00010484147255244452,6m,1m,12m
2003-07-23,gamma1,6.786886562297869e-05,6m,1m,12m
2003-07-24,gamma1,7.743203702021796e-05,6m,1m,12m
2003-07-25,gamma1,9.146748190941463e-05,6m,1m,12m
2003-07-28,gamma1,7.009137262409588e-05,6m,1m,12m
2003-07-29,gamma1,9.593811454773187e-05,6m,1m,12m
2003-07-30,gamma1,8.53373442453372e-05,6m,1m,12m
2003-07-31,gamma1,0.00011770748723112344,6m,1m,12m
2003-08-01,gamma1,0.00010762844434791032,6m,1m,12m
2003-08-04,gamma1,0.00010567638017278289,6m,1m,12m
2003-08-05,gamma1,0.00011177700722878121,6m,1m,12m
2003-08-06,gamma1,0.00010443120141674892,6m,1m,12m
2003-08-07,gamma1,8.142164390551767e-05,6m,1m,12m
2003-08-08,gamma1,9.70620895161294e-05,6m,1m,12m
2003-08-20,gamma1,8.767076098578341e-05,6m,1m,12m
2003-08-21,gamma1,8.847854493919433e-05,6m,1m,12m
2003-08-22,gamma1,7.89632007415881e-05,6m,1m,12m
2003-08-25,gamma1,8.438585904939877e-05,6m,1m,12m
2003-08-26,gamma1,7.709600203173664e-05,6m,1m,12m
2003-08-27,gamma1,6.904003362969644e-05,6m,1m,12m
2003-08-28,gamma1,6.804683259639872e-05,6m,1m,12m
2003-08-29,gamma1,9.598955910014004e-05,6m,1m,12m
2003-09-02,gamma1,8.52788838871992e-05,6m,1m,12m
2003-09-03,gamma1,0.00012829115141479481,6m,1m,12m
2003-09-04,gamma1,0.00010619445493904837,6m,1m,12m
2003-09-05,gamma1,0.00010307514495074455,6m,1m,12m
2003-09-08,gamma1,0.00010374452985896108,6m,1m,12m
2003-09-09,gamma1,0.0001290276133469085,6m,1m,12m
2003-09-10,gamma1,0.00015297106778398582,6m,1m,12m
2003-09-11,gamma1,0.00014297512062866157,6m,1m,12m
2003-09-12,gamma1,0.00014646031473766784,6m,1m,12m
2003-09-17,gamma1,0.00012625166733591918,6m,1m,12m
2003-09-18,gamma1,0.00010296900100911758,6m,1m,12m
2003-09-19,gamma1,0.0001184331871627927,6m,1m,12m
2003-09-22,gamma1,0.0001407509452924309,6m,1m,12m
2003-09-23,gamma1,0.00016648936267991903,6m,1m,12m
2003-09-24,gamma1,0.0001629105835740541,6m,1m,12m
2003-09-25,gamma1,0.00016585992490680693,6m,1m,12m
2003-09-26,gamma1,9.443040282622645e-05,6m,1m,12m
2003-09-29,gamma1,6.730830858345004e-05,6m,1m,12m
2003-09-30,gamma1,8.792829815982393e-05,6m,1m,12m
2003-10-01,gamma1,5.699372114217871e-05,6m,1m,12m
2003-10-02,gamma1,0.0001256263238130379,6m,1m,12m
2003-10-03,gamma1,8.748547061705473e-05,6m,1m,12m
2003-10-06,gamma1,0.00010515069900551776,6m,1m,12m
2003-10-07,gamma1,9.385262069777495e-05,6m,1m,12m
2003-10-08,gamma1,9.058733155447579e-05,6m,1m,12m
2003-10-09,gamma1,9.919916795285573e-05,6m,1m,12m
2003-10-10,gamma1,0.00014378067913641573,6m,1m,12m
2003-10-22,gamma1,5.2735724687541e-05,6m,1m,12m
2003-10-23,gamma1,7.488399093247005e-05,6m,1m,12m
2003-10-24,gamma1,5.727644832258589e-05,6m,1m,12m
2003-10-27,gamma1,6.114205377795918e-05,6m,1m,12m
2003-10-28,gamma1,4.0562202592891196e-05,6m,1m,12m
2003-10-29,gamma1,4.331922627746032e-05,6m,1m,12m
2003-10-30,gamma1,5.8770124734716555e-05,6m,1m,12m
2003-10-31,gamma1,6.248652498097201e-05,6m,1m,12m
2003-11-03,gamma1,2.0978194312623197e-05,6m,1m,12m
2003-11-04,gamma1,5.8956130656446595e-05,6m,1m,12m
2003-11-05,gamma1,7.400061217207666e-05,6m,1m,12m
2003-11-06,gamma1,5.356469596054568e-05,6m,1m,12m
2003-11-07,gamma1,5.060851329234623e-05,6m,1m,12m
2003-11-10,gamma1,4.3186653374293074e-05,6m,1m,12m
2003-11-11,gamma1,2.4418062881982887e-05,6m,1m,12m
2003-11-12,gamma1,2.5888378119212397e-05,6m,1m,12m
2003-11-13,gamma1,4.507430170056061e-05,6m,1m,12m
2003-11-14,gamma1,2.2254365127761506e-05,6m,1m,12m
2003-11-19,gamma1,-1.1294218084229983e-05,6m,1m,12m
2003-11-20,gamma1,-1.8275920777983394e-05,6m,1m,12m
2003-11-21,gamma1,4.915605433635945e-06,6m,1m,12m
2003-11-24,gamma1,2.092723969539443e-05,6m,1m,12m
2003-11-25,gamma1,4.363346231833204e-05,6m,1m,12m
2003-11-26,gamma1,1.6939726868491752e-05,6m,1m,12m
2003-11-28,gamma1,-8.642543797491169e-07,6m,1m,12m
2003-12-01,gamma1,-1.9937335306755473e-06,6m,1m,12m
2003-12-02,gamma1,4.079275165742956e-05,6m,1m,12m
2003-12-03,gamma1,4.443309582875884e-05,6m,1m,12m
2003-12-04,gamma1,3.463281678054872e-05,6m,1m,12m
2003-12-05,gamma1,7.203385347756982e-05,6m,1m,12m
2003-12-08,gamma1,3.536708549253752e-05,6m,1m,12m
2003-12-09,gamma1,5.57578624676544e-05,6m,1m,12m
2003-12-10,gamma1,7.522802579618155e-05,6m,1m,12m
2003-12-11,gamma1,3.7869977813615524e-05,6m,1m,12m
2003-12-12,gamma1,5.388968701179914e-05,6m,1m,12m
2003-12-17,gamma1,6.541877795219217e-05,6m,1m,12m
2003-12-18,gamma1,2.8444801724534702e-05,6m,1m,12m
2003-12-19,gamma1,3.3574922414662976e-05,6m,1m,12m
2003-12-22,gamma1,0.00010142050246846435,6m,1m,12m
2003-12-23,gamma1,-2.5879006288953645e-05,6m,1m,12m
2003-12-24,gamma1,7.172320195053859e-05,6m,1m,12m
2003-12-26,gamma1,4.4368041677047304e-05,6m,1m,12m
2003-12-29,gamma1,3.2258960656952765e-05,6m,1m,12m
2003-12-30,gamma1,1.077780793645813e-05,6m,1m,12m
2003-12-31,gamma1,1.6961478813359894e-05,6m,1m,12m
2004-01-02,gamma1,2.5126256809842112e-05,6m,1m,12m
2004-01-05,gamma1,4.306501762144487e-05,6m,1m,12m
2004-01-06,gamma1,7.158149908043527e-05,6m,1m,12m
2004-01-07,gamma1,7.069260003465386e-05,6m,1m,12m
2004-01-08,gamma1,2.2347818658296072e-05,6m,1m,12m
2004-01-09,gamma1,3.5775165702146166e-05,6m,1m,12m
2004-01-21,gamma1,3.057476036879483e-05,6m,1m,12m
2004-01-22,gamma1,3.943078395106103e-05,6m,1m,12m
2004-01-23,gamma1,4.832309371560544e-05,6m,1m,12m
2004-01-26,gamma1,4.7330797353375176e-05,6m,1m,12m
2004-01-27,gamma1,5.7076837308431825e-05,6m,1m,12m
2004-01-28,gamma1,6.18652173742361e-05,6m,1m,12m
2004-01-29,gamma1,4.610958689603455e-05,6m,1m,12m
2004-01-30,gamma1,4.1100323414893813e-05,6m,1m,12m
2004-02-02,gamma1,5.527802654517874e-05,6m,1m,12m
2004-02-03,gamma1,3.945210865155716e-05,6m,1m,12m
2004-02-04,gamma1,4.9104355272425813e-05,6m,1m,12m
2004-02-05,gamma1,2.639679764170654e-05,6m,1m,12m
2004-02-06,gamma1,1.55641754940588e-05,6m,1m,12m
2004-02-09,gamma1,5.127616293908055e-05,6m,1m,12m
2004-02-10,gamma1,1.5279382087194983e-05,6m,1m,12m
2004-02-11,gamma1,5.050109268327839e-06,6m,1m,12m
2004-02-12,gamma1,1.1321641997499645e-05,6m,1m,12m
2004-02-13,gamma1,4.601240546587332e-05,6m,1m,12m
2004-02-18,gamma1,5.175582035751366e-06,6m,1m,12m
2004-02-19,gamma1,5.1644819282498704e-06,6m,1m,12m
2004-02-20,gamma1,5.24947706943001e-05,6m,1m,12m
2004-02-23,gamma1,-1.5551128063358584e-05,6m,1m,12m
2004-02-24,gamma1,6.794987515167129e-06,6m,1m,12m
2004-02-25,gamma1,1.7235709872521205e-05,6m,1m,12m
2004-02-26,gamma1,2.728957525324247e-05,6m,1m,12m
2004-02-27,gamma1,4.5892366086054903e-05,6m,1m,12m
2004-03-01,gamma1,2.0497919017375462e-05,6m,1m,12m
2004-03-02,gamma1,2.1115943387459274e-05,6m,1m,12m
2004-03-03,gamma1,2.417874693583349e-05,6m,1m,12m
2004-03-04,gamma1,2.8719998336359135e-05,6m,1m,12m
2004-03-05,gamma1,1.456918688097655e-05,6m,1m,12m
2004-03-08,gamma1,1.8198196392474533e-05,6m,1m,12m
2004-03-09,gamma1,3.460904689727514e-05,6m,1m,12m
2004-03-10,gamma1,2.4986225704695488e-05,6m,1m,12m
2004-03-11,gamma1,0.00013132303288394218,6m,1m,12m
2004-03-12,gamma1,1.2477179172892339e-05,6m,1m,12m
2004-03-17,gamma1,-1.3423836387897275e-05,6m,1m,12m
2004-03-18,gamma1,3.733157609212228e-05,6m,1m,12m
2004-03-19,gamma1,4.348398943736062e-05,6m,1m,12m
2004-03-22,gamma1,2.712045708671143e-05,6m,1m,12m
2004-03-23,gamma1,6.267790193429175e-05,6m,1m,12m
2004-03-24,gamma1,6.146886376981856e-05,6m,1m,12m
2004-03-25,gamma1,4.754350411219776e-05,6m,1m,12m
2004-03-26,gamma1,6.156180371935488e-05,6m,1m,12m
2004-03-29,gamma1,4.257625211427511e-05,6m,1m,12m
2004-03-30,gamma1,4.411132732290823e-05,6m,1m,12m
2004-03-31,gamma1,2.229216829303878e-05,6m,1m,12m
2004-04-01,gamma1,5.494838186524287e-05,6m,1m,12m
2004-04-02,gamma1,4.364487255008621e-05,6m,1m,12m
2004-04-05,gamma1,3.04145901155134e-05,6m,1m,12m
2004-04-06,gamma1,2.0071296013998908e-05,6m,1m,12m
2004-04-07,gamma1,5.3995745257643724e-05,6m,1m,12m
2004-04-08,gamma1,4.71480101266395e-05,6m,1m,12m
2004-04-21,gamma1,4.0659538647804953e-05,6m,1m,12m
2004-04-22,gamma1,1.8784712744916288e-05,6m,1m,12m
2004-04-23,gamma1,5.1599975827901284e-05,6m,1m,12m
2004-04-26,gamma1,5.7811586698836926e-05,6m,1m,12m
2004-04-27,gamma1,6.399257035176939e-05,6m,1m,12m
2004-04-28,gamma1,7.307459875985325e-05,6m,1m,12m
2004-04-29,gamma1,8.581074430439299e-05,6m,1m,12m
2004-04-30,gamma1,5.92060406431721e-05,6m,1m,12m
2004-05-03,gamma1,0.00010015564440566916,6m,1m,12m
2004-05-04,gamma1,8.559124384161426e-05,6m,1m,12m
2004-05-05,gamma1,9.846634262215701e-05,6m,1m,12m
2004-05-06,gamma1,0.0001041564305444854,6m,1m,12m
2004-05-07,gamma1,0.00011109233685132068,6m,1m,12m
2004-05-10,gamma1,9.130187209426856e-05,6m,1m,12m
2004-05-11,gamma1,8.47502284074697e-05,6m,1m,12m
2004-05-12,gamma1,0.00010881109064570443,6m,1m,12m
2004-05-13,gamma1,0.00010397978103757839,6m,1m,12m
2004-05-14,gamma1,0.00012182348704736041,6m,1m,12m
2004-05-19,gamma1,0.0001002826663173805,6m,1m,12m
2004-05-20,gamma1,0.0001062236879697254,6m,1m,12m
2004-05-21,gamma1,8.212773046257484e-05,6m,1m,12m
2004-05-24,gamma1,8.39563943072529e-05,6m,1m,12m
2004-05-25,gamma1,4.820554997481167e-05,6m,1m,12m
2004-05-26,gamma1,2.5416359389930486e-05,6m,1m,12m
2004-05-27,gamma1,5.01076760198242e-05,6m,1m,12m
2004-05-28,gamma1,2.6259695658959224e-05,6m,1m,12m
2004-06-01,gamma1,4.176590895126541e-05,6m,1m,12m
2004-06-02,gamma1,4.239106407468266e-05,6m,1m,12m
2004-06-03,gamma1,8.280806851927098e-05,6m,1m,12m
2004-06-04,gamma1,7.374877953577397e-05,6m,1m,12m
2004-06-07,gamma1,9.603239571043819e-05,6m,1m,12m
2004-06-08,gamma1,8.366134770490438e-05,6m,1m,12m
2004-06-09,gamma1,8.579373795188589e-05,6m,1m,12m
2004-06-10,gamma1,7.135781683660316e-05,6m,1m,12m
2004-06-16,gamma1,9.337286506725447e-05,6m,1m,12m
2004-06-17,gamma1,0.0001384831362525366,6m,1m,12m
2004-06-18,gamma1,7.411793342379107e-05,6m,1m,12m
2004-06-21,gamma1,-9.987130943964145e-06,6m,1m,12m
2004-06-22,gamma1,0.0001065101033252639,6m,1m,12m
2004-06-23,gamma1,7.61510815098905e-05,6m,1m,12m
2004-06-24,gamma1,0.00011704696293179663,6m,1m,12m
2004-06-25,gamma1,0.00012881708686942632,6m,1m,12m
2004-06-28,gamma1,0.0001130322856528143,6m,1m,12m
2004-06-29,gamma1,0.00013128993841933726,6m,1m,12m
2004-06-30,gamma1,8.058351310232564e-05,6m,1m,12m
2004-07-01,gamma1,7.919797063339815e-05,6m,1m,12m
2004-07-02,gamma1,9.091503966516203e-05,6m,1m,12m
2004-07-06,gamma1,0.00012426781251845612,6m,1m,12m
2004-07-07,gamma1,0.0001016010745101229,6m,1m,12m
2004-07-08,gamma1,0.0001227344030391435,6m,1m,12m
2004-07-09,gamma1,0.0001320791056764365,6m,1m,12m
2004-07-21,gamma1,5.303303974738887e-05,6m,1m,12m
2004-07-22,gamma1,9.913856622167138e-05,6m,1m,12m
2004-07-23,gamma1,7.699799483409665e-05,6m,1m,12m
2004-07-26,gamma1,9.085635526623197e-05,6m,1m,12m
2004-07-27,gamma1,3.068421243217834e-05,6m,1m,12m
2004-07-28,gamma1,7.701485496695431e-05,6m,1m,12m
2004-07-29,gamma1,8.881613799828328e-05,6m,1m,12m
2004-07-30,gamma1,5.014020963617444e-05,6m,1m,12m
2004-08-02,gamma1,8.4855516091021e-05,6m,1m,12m
2004-08-03,gamma1,9.442450458558205e-05,6m,1m,12m
2004-08-04,gamma1,5.9181229867984505e-05,6m,1m,12m
2004-08-05,gamma1,9.145361782356583e-05,6m,1m,12m
2004-08-06,gamma1,0.00014902914344141975,6m,1m,12m
2004-08-09,gamma1,0.00010547692262595955,6m,1m,12m
2004-08-10,gamma1,7.505950469406813e-05,6m,1m,12m
2004-08-11,gamma1,7.930246268225989e-05,6m,1m,12m
2004-08-12,gamma1,0.00011366656761376512,6m,1m,12m
2004-08-13,gamma1,8.745187604901354e-05,6m,1m,12m
2004-08-18,gamma1,4.855495914177093e-05,6m,1m,12m
2004-08-19,gamma1,8.59108133105517e-05,6m,1m,12m
2004-08-20,gamma1,9.511119950384186e-05,6m,1m,12m
2004-08-23,gamma1,8.078328971063255e-05,6m,1m,12m
2004-08-24,gamma1,0.00011412995556900555,6m,1m,12m
2004-08-25,gamma1,8.092893665989877e-05,6m,1m,12m
2004-08-26,gamma1,5.3813086153760336e-05,6m,1m,12m
2004-08-27,gamma1,5.296330875406976e-05,6m,1m,12m
2004-08-30,gamma1,5.367552834296389e-05,6m,1m,12m
2004-08-31,gamma1,4.078813006488524e-05,6m,1m,12m
2004-09-01,gamma1,3.4230278929518225e-05,6m,1m,12m
2004-09-02,gamma1,4.387873432143399e-05,6m,1m,12m
2004-09-03,gamma1,4.568751485069347e-05,6m,1m,12m
2004-09-07,gamma1,6.679218791655358e-05,6m,1m,12m
2004-09-08,gamma1,4.848155456828984e-05,6m,1m,12m
2004-09-09,gamma1,2.1551046657057487e-05,6m,1m,12m
2004-09-10,gamma1,2.99561457288734e-05,6m,1m,12m
2004-09-15,gamma1,5.3147199997493214e-05,6m,1m,12m
2004-09-16,gamma1,7.954124068744634e-05,6m,1m,12m
2004-09-17,gamma1,5.160496615366021e-05,6m,1m,12m
2004-09-20,gamma1,4.7553742389986e-06,6m,1m,12m
2004-09-21,gamma1,-1.922846203043691e-05,6m,1m,12m
2004-09-22,gamma1,-4.8650479264387965e-06,6m,1m,12m
2004-09-23,gamma1,-1.2728183685438812e-06,6m,1m,12m
2004-09-24,gamma1,3.442995178622398e-05,6m,1m,12m
2004-09-27,gamma1,6.155647772718083e-05,6m,1m,12m
2004-09-28,gamma1,4.884642023948771e-06,6m,1m,12m
2004-09-29,gamma1,8.165694349714214e-06,6m,1m,12m
2004-09-30,gamma1,1.4114665540113449e-05,6m,1m,12m
2004-10-01,gamma1,3.994098859272533e-05,6m,1m,12m
2004-10-04,gamma1,1.476197400254959e-05,6m,1m,12m
2004-10-05,gamma1,1.1489173063440956e-05,6m,1m,12m
2004-10-06,gamma1,3.1996348145662056e-05,6m,1m,12m
2004-10-07,gamma1,4.9517435423191664e-05,6m,1m,12m
2004-10-08,gamma1,7.097419155478098e-06,6m,1m,12m
2004-10-20,gamma1,1.964298307297521e-06,6m,1m,12m
2004-10-21,gamma1,1.647003930833285e-05,6m,1m,12m
2004-10-22,gamma1,6.617431598952969e-06,6m,1m,12m
2004-10-25,gamma1,3.129077920248679e-05,6m,1m,12m
2004-10-26,gamma1,2.8520541932311585e-05,6m,1m,12m
2004-10-27,gamma1,2.790868371319769e-05,6m,1m,12m
2004-10-28,gamma1,3.334346571699034e-05,6m,1m,12m
2004-10-29,gamma1,5.7531743696639e-05,6m,1m,12m
2004-11-01,gamma1,2.5823021385160142e-05,6m,1m,12m
2004-11-02,gamma1,4.098525173783593e-05,6m,1m,12m
2004-11-03,gamma1,3.550063764176934e-05,6m,1m,12m
2004-11-04,gamma1,3.606081420980333e-05,6m,1m,12m
2004-11-05,gamma1,4.519013910155718e-05,6m,1m,12m
2004-11-08,gamma1,7.458713746290569e-05,6m,1m,12m
2004-11-09,gamma1,5.0361358765708935e-05,6m,1m,12m
2004-11-10,gamma1,5.8622744692007396e-05,6m,1m,12m
2004-11-11,gamma1,5.582433034573069e-05,6m,1m,12m
2004-11-12,gamma1,2.4999757574878083e-05,6m,1m,12m
2004-11-17,gamma1,6.777789398177149e-05,6m,1m,12m
2004-11-18,gamma1,5.933820937364513e-05,6m,1m,12m
2004-11-19,gamma1,3.0942985332243995e-05,6m,1m,12m
2004-11-22,gamma1,5.623206297085339e-05,6m,1m,12m
2004-11-23,gamma1,5.135539974225038e-05,6m,1m,12m
2004-11-24,gamma1,6.400801459179808e-05,6m,1m,12m
2004-11-26,gamma1,3.482278518521165e-05,6m,1m,12m
2004-11-29,gamma1,6.549516694221252e-05,6m,1m,12m
2004-11-30,gamma1,7.89705417317805e-05,6m,1m,12m
2004-12-01,gamma1,6.159774704381541e-05,6m,1m,12m
2004-12-02,gamma1,7.041347865358903e-05,6m,1m,12m
2004-12-03,gamma1,6.773777492913755e-05,6m,1m,12m
2004-12-06,gamma1,5.3155486398925425e-05,6m,1m,12m
2004-12-07,gamma1,7.254850793890364e-05,6m,1m,12m
2004-12-08,gamma1,7.359823993809397e-05,6m,1m,12m
2004-12-09,gamma1,4.784967172487887e-05,6m,1m,12m
2004-12-10,gamma1,6.470165888465847e-05,6m,1m,12m
2004-12-22,gamma1,8.360137561188615e-05,6m,1m,12m
2004-12-23,gamma1,6.703996487806803e-05,6m,1m,12m
2004-12-27,gamma1,8.325555836826237e-05,6m,1m,12m
2004-12-28,gamma1,7.294401762181194e-05,6m,1m,12m
2004-12-29,gamma1,2.896025740792275e-05,6m,1m,12m
2004-12-30,gamma1,1.76019171298154e-05,6m,1m,12m
2004-12-31,gamma1,2.3057690675863798e-05,6m,1m,12m
2005-01-03,gamma1,3.56002835126295e-05,6m,1m,12m
2005-01-04,gamma1,2.7914216598505567e-05,6m,1m,12m
2005-01-05,gamma1,4.763971412805889e-06,6m,1m,12m
2005-01-06,gamma1,2.6141792816592107e-05,6m,1m,12m
2005-01-07,gamma1,7.439044123345759e-06,6m,1m,12m
2005-01-10,gamma1,2.895208964598009e-05,6m,1m,12m
2005-01-11,gamma1,4.0150835213062746e-05,6m,1m,12m
2005-01-12,gamma1,3.779228167154863e-05,6m,1m,12m
2005-01-13,gamma1,4.431632499559215e-05,6m,1m,12m
2005-01-14,gamma1,-8.08977383419404e-06,6m,1m,12m
2005-01-19,gamma1,-6.54103071809382e-06,6m,1m,12m
2005-01-20,gamma1,3.3424261284015566e-06,6m,1m,12m
2005-01-21,gamma1,3.751241207957348e-05,6m,1m,12m
2005-01-24,gamma1,6.470762097707743e-05,6m,1m,12m
2005-01-25,gamma1,6.22568706675084e-05,6m,1m,12m
2005-01-26,gamma1,3.1034972825956674e-05,6m,1m,12m
2005-01-27,gamma1,4.050058450746501e-05,6m,1m,12m
2005-01-28,gamma1,5.716562761962908e-05,6m,1m,12m
2005-01-31,gamma1,5.03727863777243e-05,6m,1m,12m
2005-02-01,gamma1,4.823271266125887e-05,6m,1m,12m
2005-02-02,gamma1,3.6187730267834835e-05,6m,1m,12m
2005-02-03,gamma1,4.24196323870254e-05,6m,1m,12m
2005-02-04,gamma1,2.607173515249447e-05,6m,1m,12m
2005-02-07,gamma1,2.827030006009404e-05,6m,1m,12m
2005-02-08,gamma1,1.7934204581272694e-05,6m,1m,12m
2005-02-09,gamma1,4.438944208613442e-05,6m,1m,12m
2005-02-10,gamma1,3.9440351109394056e-05,6m,1m,12m
2005-02-11,gamma1,5.673947633053744e-05,6m,1m,12m
2005-02-16,gamma1,5.9032249685967275e-05,6m,1m,12m
2005-02-17,gamma1,4.288061329772274e-05,6m,1m,12m
2005-02-18,gamma1,2.9482428969378295e-05,6m,1m,12m
2005-02-22,gamma1,5.427706771877549e-05,6m,1m,12m
2005-02-23,gamma1,1.7852485467067582e-05,6m,1m,12m
2005-02-24,gamma1,1.0072740721487395e-05,6m,1m,12m
2005-02-25,gamma1,2.222291197432943e-05,6m,1m,12m
2005-02-28,gamma1,5.4856801180840805e-05,6m,1m,12m
2005-03-01,gamma1,1.0479759527380886e-05,6m,1m,12m
2005-03-02,gamma1,2.5546520097977112e-05,6m,1m,12m
2005-03-03,gamma1,7.006877203813104e-06,6m,1m,12m
2005-03-04,gamma1,-7.924929779644788e-06,6m,1m,12m
2005-03-07,gamma1,4.0079679286354874e-06,6m,1m,12m
2005-03-08,gamma1,2.0285582794959e-05,6m,1m,12m
2005-03-09,gamma1,4.959908073700416e-06,6m,1m,12m
2005-03-10,gamma1,3.27415642747928e-05,6m,1m,12m
2005-03-11,gamma1,4.1926649536004116e-05,6m,1m,12m
2005-03-16,gamma1,3.884243000882624e-05,6m,1m,12m
2005-03-17,gamma1,3.9272480621008e-05,6m,1m,12m
2005-03-18,gamma1,1.8911416338831885e-05,6m,1m,12m
2005-03-21,gamma1,4.576088610836842e-05,6m,1m,12m
2005-03-22,gamma1,4.982014400589531e-05,6m,1m,12m
2005-03-23,gamma1,1.832067293758282e-05,6m,1m,12m
2005-03-24,gamma1,2.2142412253277142e-05,6m,1m,12m
2005-03-28,gamma1,4.299494706195927e-05,6m,1m,12m
2005-03-29,gamma1,5.244567837802853e-05,6m,1m,12m
2005-03-30,gamma1,3.1163192726569715e-05,6m,1m,12m
2005-03-31,gamma1,3.2661721689392808e-06,6m,1m,12m
2005-04-01,gamma1,1.7149936280821944e-05,6m,1m,12m
2005-04-04,gamma1,4.527521135072256e-06,6m,1m,12m
2005-04-05,gamma1,4.2992630882819636e-05,6m,1m,12m
2005-04-06,gamma1,4.650417240690474e-05,6m,1m,12m
2005-04-07,gamma1,2.2759255506364577e-05,6m,1m,12m
2005-04-08,gamma1,1.846318217147541e-05,6m,1m,12m
2005-04-20,gamma1,3.493271672557961e-05,6m,1m,12m
2005-04-21,gamma1,1.3584834720187723e-05,6m,1m,12m
2005-04-22,gamma1,3.144731482808832e-05,6m,1m,12m
2005-04-25,gamma1,6.892902557707758e-06,6m,1m,12m
2005-04-26,gamma1,2.006430808082843e-05,6m,1m,12m
2005-04-27,gamma1,9.76887367856527e-06,6m,1m,12m
2005-04-28,gamma1,-4.281054847571934e-06,6m,1m,12m
2005-04-29,gamma1,-4.4026330333007315e-05,6m,1m,12m
2005-05-02,gamma1,-1.8102723748501397e-05,6m,1m,12m
2005-05-03,gamma1,8.27807936602708e-06,6m,1m,12m
2005-05-04,gamma1,-3.1291820206281504e-05,6m,1m,12m
2005-05-05,gamma1,3.82025580109408e-06,6m,1m,12m
2005-05-06,gamma1,5.431974185116764e-05,6m,1m,12m
2005-05-09,gamma1,-5.491943851485401e-06,6m,1m,12m
2005-05-10,gamma1,2.716311871799565e-05,6m,1m,12m
2005-05-11,gamma1,1.4380518904330357e-05,6m,1m,12m
2005-05-12,gamma1,1.763936373075586e-05,6m,1m,12m
2005-05-13,gamma1,5.0129490834636716e-05,6m,1m,12m
2005-05-18,gamma1,-1.2348146197369875e-06,6m,1m,12m
2005-05-19,gamma1,-4.1276588109555537e-07,6m,1m,12m
2005-05-20,gamma1,2.1864227462680845e-05,6m,1m,12m
2005-05-23,gamma1,3.7431046408842645e-05,6m,1m,12m
2005-05-24,gamma1,2.2924829484131338e-05,6m,1m,12m
2005-05-25,gamma1,3.416214506954801e-05,6m,1m,12m
2005-05-26,gamma1,1.3138918730762916e-05,6m,1m,12m
2005-05-27,gamma1,2.7854789779211537e-05,6m,1m,12m
2005-05-31,gamma1,9.95564151349276e-06,6m,1m,12m
2005-06-01,gamma1,-1.4929292318544024e-05,6m,1m,12m
2005-06-02,gamma1,1.994249154980198e-06,6m,1m,12m
2005-06-03,gamma1,2.256030015436253e-05,6m,1m,12m
2005-06-06,gamma1,-1.9698197064568704e-06,6m,1m,12m
2005-06-07,gamma1,1.492305934602778e-05,6m,1m,12m
2005-06-08,gamma1,2.016005061052277e-05,6m,1m,12m
2005-06-09,gamma1,2.3207284118824235e-05,6m,1m,12m
2005-06-10,gamma1,1.2294753955895496e-05,6m,1m,12m
2005-06-15,gamma1,2.9068351316452685e-05,6m,1m,12m
2005-06-16,gamma1,1.0039065101978736e-05,6m,1m,12m
2005-06-17,gamma1,9.529557050787045e-06,6m,1m,12m
2005-06-20,gamma1,2.4912518527291123e-05,6m,1m,12m
2005-06-21,gamma1,2.937212141115231e-05,6m,1m,12m
2005-06-22,gamma1,4.0065374015613114e-05,6m,1m,12m
2005-06-23,gamma1,2.4765124258878866e-05,6m,1m,12m
2005-06-24,gamma1,3.788291783442209e-05,6m,1m,12m
2005-06-27,gamma1,4.2136719634717164e-05,6m,1m,12m
2005-06-28,gamma1,2.1409663243760942e-05,6m,1m,12m
2005-06-29,gamma1,2.170497322204989e-05,6m,1m,12m
2005-06-30,gamma1,3.9296675429665836e-05,6m,1m,12m
2005-07-01,gamma1,3.619840389504529e-05,6m,1m,12m
2005-07-05,gamma1,3.6146381654626226e-05,6m,1m,12m
2005-07-06,gamma1,1.8158521349626354e-05,6m,1m,12m
2005-07-07,gamma1,1.4463555816940694e-05,6m,1m,12m
2005-07-08,gamma1,8.609240534909853e-06,6m,1m,12m
2005-07-20,gamma1,3.824508839011296e-05,6m,1m,12m
2005-07-21,gamma1,6.933757660673511e-05,6m,1m,12m
2005-07-22,gamma1,4.545922933764325e-05,6m,1m,12m
2005-07-25,gamma1,-1.8319366393068156e-05,6m,1m,12m
2005-07-26,gamma1,5.400497432607766e-05,6m,1m,12m
2005-07-27,gamma1,4.9495286501279135e-05,6m,1m,12m
2005-07-28,gamma1,4.688619672321341e-05,6m,1m,12m
2005-07-29,gamma1,4.959001856453567e-05,6m,1m,12m
2005-08-01,gamma1,3.832719689150161e-05,6m,1m,12m
2005-08-02,gamma1,4.4524096217070325e-05,6m,1m,12m
2005-08-03,gamma1,3.692573417289851e-05,6m,1m,12m
2005-08-04,gamma1,5.977698869579088e-05,6m,1m,12m
2005-08-05,gamma1,4.955145974166818e-05,6m,1m,12m
2005-08-08,gamma1,5.104657281657824e-05,6m,1m,12m
2005-08-09,gamma1,2.0439102282211992e-05,6m,1m,12m
2005-08-10,gamma1,4.2089600531278286e-05,6m,1m,12m
2005-08-11,gamma1,3.88413459345452e-05,6m,1m,12m
2005-08-12,gamma1,1.4734222887300523e-06,6m,1m,12m
2005-08-17,gamma1,3.3410672892429236e-05,6m,1m,12m
2005-08-18,gamma1,1.3320572998095679e-05,6m,1m,12m
2005-08-19,gamma1,-1.927756477904347e-06,6m,1m,12m
2005-08-22,gamma1,-2.0946860955595878e-05,6m,1m,12m
2005-08-23,gamma1,4.082788008389719e-06,6m,1m,12m
2005-08-24,gamma1,-1.8456092372221923e-05,6m,1m,12m
2005-08-25,gamma1,-1.327373642914601e-05,6m,1m,12m
2005-08-26,gamma1,-2.4573849339863675e-05,6m,1m,12m
2005-08-29,gamma1,4.188366289969863e-06,6m,1m,12m
2005-08-30,gamma1,1.6570730980674474e-05,6m,1m,12m
2005-08-31,gamma1,3.7419399897087563e-06,6m,1m,12m
2005-09-01,gamma1,3.245385832793128e-05,6m,1m,12m
2005-09-02,gamma1,5.304474385478037e-05,6m,1m,12m
2005-09-06,gamma1,7.763401411626198e-06,6m,1m,12m
2005-09-07,gamma1,4.0062706315676896e-05,6m,1m,12m
2005-09-08,gamma1,6.4974401694861115e-06,6m,1m,12m
2005-09-09,gamma1,3.8502201720783935e-05,6m,1m,12m
2005-09-21,gamma1,4.048125523485851e-07,6m,1m,12m
2005-09-22,gamma1,-6.779380303940223e-06,6m,1m,12m
2005-09-23,gamma1,7.683024172646077e-07,6m,1m,12m
2005-09-26,gamma1,7.770988869713787e-06,6m,1m,12m
2005-09-27,gamma1,1.1070507219284796e-06,6m,1m,12m
2005-09-28,gamma1,6.144391320263341e-06,6m,1m,12m
2005-09-29,gamma1,-5.651565309797367e-06,6m,1m,12m
2005-09-30,gamma1,6.60403043621149e-06,6m,1m,12m
2005-10-03,gamma1,1.6831342917973384e-06,6m,1m,12m
2005-10-04,gamma1,-2.3193213071647636e-05,6m,1m,12m
2005-10-05,gamma1,7.211607287539506e-07,6m,1m,12m
2005-10-06,gamma1,8.17539978120648e-06,6m,1m,12m
2005-10-07,gamma1,-9.758571157366584e-07,6m,1m,12m
2005-10-10,gamma1,4.466017958911906e-05,6m,1m,12m
2005-10-11,gamma1,-1.0931267208441603e-05,6m,1m,12m
2005-10-12,gamma1,-1.5882110120991344e-05,6m,1m,12m
2005-10-13,gamma1,-3.7816751302761708e-06,6m,1m,12m
2005-10-14,gamma1,7.437973810853688e-06,6m,1m,12m
2005-10-19,gamma1,-9.36750516888921e-07,6m,1m,12m
2005-10-20,gamma1,-1.712657051268035e-05,6m,1m,12m
2005-10-21,gamma1,-3.5950506952461665e-06,6m,1m,12m
2005-10-24,gamma1,-1.6347631376697463e-05,6m,1m,12m
2005-10-25,gamma1,-3.608206472377785e-05,6m,1m,12m
2005-10-26,gamma1,-5.0442740195308966e-06,6m,1m,12m
2005-10-27,gamma1,-9.701802861144958e-06,6m,1m,12m
2005-10-28,gamma1,-3.1327510601070844e-05,6m,1m,12m
2005-10-31,gamma1,-2.4111850937705986e-05,6m,1m,12m
2005-11-01,gamma1,-2.9013290972454452e-05,6m,1m,12m
2005-11-02,gamma1,-2.292117150717316e-05,6m,1m,12m
2005-11-03,gamma1,6.234154278949342e-06,6m,1m,12m
2005-11-04,gamma1,-1.9384955953347337e-05,6m,1m,12m
2005-11-07,gamma1,-3.075861880552202e-05,6m,1m,12m
2005-11-08,gamma1,-9.162031132774108e-06,6m,1m,12m
2005-11-09,gamma1,-1.5856170431157853e-05,6m,1m,12m
2005-11-10,gamma1,-2.5100934150076354e-05,6m,1m,12m
2005-11-11,gamma1,1.3615720293898786e-05,6m,1m,12m
2005-11-16,gamma1,-1.87916449035991e-05,6m,1m,12m
2005-11-17,gamma1,9.479381301827628e-06,6m,1m,12m
2005-11-18,gamma1,-2.000102441770807e-05,6m,1m,12m
2005-11-21,gamma1,-7.221087122640439e-06,6m,1m,12m
2005-11-22,gamma1,-1.2300203767405195e-05,6m,1m,12m
2005-11-23,gamma1,-8.567769939030119e-06,6m,1m,12m
2005-11-25,gamma1,3.159050824713085e-06,6m,1m,12m
2005-11-28,gamma1,8.601845299025113e-06,6m,1m,12m
2005-11-29,gamma1,1.381370444642587e-05,6m,1m,12m
2005-11-30,gamma1,5.198495674397932e-05,6m,1m,12m
2005-12-01,gamma1,4.430760661247938e-06,6m,1m,12m
2005-12-02,gamma1,-1.5953789644001108e-06,6m,1m,12m
2005-12-05,gamma1,-7.0542111606493405e-06,6m,1m,12m
2005-12-06,gamma1,1.545135242029996e-05,6m,1m,12m
2005-12-07,gamma1,-7.957124167410164e-06,6m,1m,12m
2005-12-08,gamma1,2.7296885453013757e-06,6m,1m,12m
2005-12-09,gamma1,-4.033022313948598e-06,6m,1m,12m
2005-12-16,gamma1,3.389952336790115e-05,6m,1m,12m
2005-12-21,gamma1,6.51226584860225e-05,6m,1m,12m
2005-12-22,gamma1,5.603923275789972e-05,6m,1m,12m
2005-12-23,gamma1,6.611062288903986e-05,6m,1m,12m
2005-12-27,gamma1,5.509082241749776e-05,6m,1m,12m
2005-12-28,gamma1,7.469183819279831e-05,6m,1m,12m
2005-12-29,gamma1,6.510524098320539e-05,6m,1m,12m
2005-12-30,gamma1,7.478636602586497e-05,6m,1m,12m
2006-01-03,gamma1,6.044314031621967e-05,6m,1m,12m
2006-01-04,gamma1,6.471500306829629e-05,6m,1m,12m
2006-01-05,gamma1,3.565812017499045e-05,6m,1m,12m
2006-01-06,gamma1,4.759345827222968e-05,6m,1m,12m
2006-01-09,gamma1,3.8058537111250476e-05,6m,1m,12m
2006-01-10,gamma1,3.606464401607067e-05,6m,1m,12m
2006-01-11,gamma1,6.367907979133288e-06,6m,1m,12m
2006-01-12,gamma1,3.378562104304665e-05,6m,1m,12m
2006-01-13,gamma1,2.9250725772542006e-06,6m,1m,12m
2006-01-18,gamma1,3.857759410887808e-05,6m,1m,12m
2006-01-19,gamma1,2.8943907674855833e-05,6m,1m,12m
2006-01-20,gamma1,4.32129180476158e-05,6m,1m,12m
2006-01-23,gamma1,5.628463228399037e-05,6m,1m,12m
2006-01-24,gamma1,3.595136129554099e-05,6m,1m,12m
2006-01-25,gamma1,4.928928389227591e-05,6m,1m,12m
2006-01-26,gamma1,2.6890035081821266e-05,6m,1m,12m
2006-01-27,gamma1,3.705622882626479e-05,6m,1m,12m
2006-01-30,gamma1,3.0229654840766086e-05,6m,1m,12m
2006-01-31,gamma1,1.73497660808453e-05,6m,1m,12m
2006-02-01,gamma1,5.1763944334659676e-05,6m,1m,12m
2006-02-02,gamma1,2.5585764807451887e-05,6m,1m,12m
2006-02-03,gamma1,2.9978615520629467e-05,6m,1m,12m
2006-02-06,gamma1,3.8848401155888975e-05,6m,1m,12m
2006-02-07,gamma1,3.471431831166742e-05,6m,1m,12m
2006-02-08,gamma1,8.431622565556897e-06,6m,1m,12m
2006-02-09,gamma1,2.979587731999079e-05,6m,1m,12m
2006-02-10,gamma1,1.878993163237092e-05,6m,1m,12m
2006-02-15,gamma1,1.295928579109303e-06,6m,1m,12m
2006-02-16,gamma1,-1.684883955036579e-05,6m,1m,12m
2006-02-17,gamma1,-8.027108515648493e-06,6m,1m,12m
2006-02-21,gamma1,3.557464184350452e-06,6m,1m,12m
2006-02-22,gamma1,9.507025869043821e-08,6m,1m,12m
2006-02-23,gamma1,1.9640966898192756e-05,6m,1m,12m
2006-02-24,gamma1,3.812209165843739e-05,6m,1m,12m
2006-02-27,gamma1,4.3159103085565974e-05,6m,1m,12m
2006-02-28,gamma1,4.394870799318831e-05,6m,1m,12m
2006-03-01,gamma1,3.706140332216612e-05,6m,1m,12m
2006-03-02,gamma1,3.987578707978353e-05,6m,1m,12m
2006-03-03,gamma1,3.943617295950714e-05,6m,1m,12m
2006-03-06,gamma1,6.042618926939262e-05,6m,1m,12m
2006-03-07,gamma1,5.154689978628394e-05,6m,1m,12m
2006-03-08,gamma1,6.307366603817888e-05,6m,1m,12m
2006-03-09,gamma1,6.587769228796193e-05,6m,1m,12m
2006-03-10,gamma1,5.598898845647824e-05,6m,1m,12m
2006-03-22,gamma1,6.243452218578225e-05,6m,1m,12m
2006-03-23,gamma1,5.294099472203685e-05,6m,1m,12m
2006-03-24,gamma1,6.336308595950115e-05,6m,1m,12m
2006-03-27,gamma1,6.947917726484959e-05,6m,1m,12m
2006-03-28,gamma1,6.909403432941291e-05,6m,1m,12m
2006-03-29,gamma1,5.605296758112359e-05,6m,1m,12m
2006-03-30,gamma1,6.894168072064316e-05,6m,1m,12m
2006-03-31,gamma1,7.75210241501196e-05,6m,1m,12m
2006-04-03,gamma1,5.659296240164082e-05,6m,1m,12m
2006-04-04,gamma1,3.4280199887657354e-05,6m,1m,12m
2006-04-05,gamma1,4.97835868252995e-05,6m,1m,12m
2006-04-06,gamma1,6.396959804609103e-05,6m,1m,12m
2006-04-07,gamma1,6.455327863246896e-05,6m,1m,12m
2006-04-10,gamma1,3.671957205127746e-05,6m,1m,12m
2006-04-11,gamma1,4.189476162600921e-05,6m,1m,12m
2006-04-12,gamma1,4.8686301216229044e-05,6m,1m,12m
2006-04-13,gamma1,3.3547029587768985e-05,6m,1m,12m
2006-04-19,gamma1,1.1184357471077277e-05,6m,1m,12m
2006-04-20,gamma1,6.2597228050058174e-06,6m,1m,12m
2006-04-21,gamma1,2.5059714653954465e-05,6m,1m,12m
2006-04-24,gamma1,-3.885984137255777e-06,6m,1m,12m
2006-04-25,gamma1,-2.546806658360123e-06,6m,1m,12m
2006-04-26,gamma1,3.4842345640767387e-06,6m,1m,12m
2006-04-27,gamma1,-1.8092139704886557e-05,6m,1m,12m
2006-04-28,gamma1,8.302715630677004e-06,6m,1m,12m
2006-05-01,gamma1,-3.868441623604103e-06,6m,1m,12m
2006-05-02,gamma1,-1.8105617835621538e-06,6m,1m,12m
2006-05-03,gamma1,-9.849777413833092e-06,6m,1m,12m
2006-05-04,gamma1,-1.1942740762139852e-05,6m,1m,12m
2006-05-05,gamma1,-1.4998021039541722e-05,6m,1m,12m
2006-05-08,gamma1,-6.771314849412116e-06,6m,1m,12m
2006-05-09,gamma1,2.5077066809437144e-06,6m,1m,12m
2006-05-10,gamma1,1.0295228487809377e-05,6m,1m,12m
2006-05-11,gamma1,2.4646586998349038e-05,6m,1m,12m
2006-05-12,gamma1,-1.1652523115800802e-05,6m,1m,12m
2006-05-17,gamma1,2.0194457571704752e-05,6m,1m,12m
2006-05-18,gamma1,1.4173451419875796e-05,6m,1m,12m
2006-05-19,gamma1,-3.749095665698881e-05,6m,1m,12m
2006-05-22,gamma1,-2.104846187807447e-05,6m,1m,12m
2006-05-23,gamma1,-5.1988429703776885e-05,6m,1m,12m
2006-05-24,gamma1,-3.533510521129745e-05,6m,1m,12m
2006-05-25,gamma1,-2.713859440594163e-05,6m,1m,12m
2006-05-26,gamma1,-1.6376684759564915e-05,6m,1m,12m
2006-05-30,gamma1,-1.1867398204382566e-05,6m,1m,12m
2006-05-31,gamma1,-3.249809115007662e-06,6m,1m,12m
2006-06-01,gamma1,-7.04021351953552e-07,6m,1m,12m
2006-06-02,gamma1,-5.083419548728599e-06,6m,1m,12m
2006-06-05,gamma1,4.0782194664638653e-05,6m,1m,12m
2006-06-06,gamma1,2.2437022456492973e-05,6m,1m,12m
2006-06-07,gamma1,3.892995191030965e-05,6m,1m,12m
2006-06-08,gamma1,9.143629034146472e-05,6m,1m,12m
2006-06-09,gamma1,4.6666988257511886e-05,6m,1m,12m
2006-06-16,gamma1,7.415247085791497e-05,6m,1m,12m
2006-06-21,gamma1,1.9764188507057785e-05,6m,1m,12m
2006-06-22,gamma1,8.310768014182317e-05,6m,1m,12m
2006-06-23,gamma1,4.353877701036086e-05,6m,1m,12m
2006-06-26,gamma1,-2.2695742192372667e-05,6m,1m,12m
2006-06-27,gamma1,0.00011663066621469546,6m,1m,12m
2006-06-28,gamma1,0.00011120505581533497,6m,1m,12m
2006-06-29,gamma1,7.583815131424618e-05,6m,1m,12m
2006-06-30,gamma1,5.573510796462136e-05,6m,1m,12m
2006-07-03,gamma1,5.871066914402228e-05,6m,1m,12m
2006-07-05,gamma1,9.781792689976736e-05,6m,1m,12m
2006-07-06,gamma1,6.307877035729536e-05,6m,1m,12m
2006-07-07,gamma1,0.00010376620429919657,6m,1m,12m
2006-07-10,gamma1,7.265491469046401e-05,6m,1m,12m
2006-07-11,gamma1,5.776311850454717e-05,6m,1m,12m
2006-07-12,gamma1,5.6473925183361643e-05,6m,1m,12m
2006-07-13,gamma1,1.1387061669003754e-05,6m,1m,12m
2006-07-14,gamma1,2.515853696092123e-05,6m,1m,12m
2006-07-19,gamma1,-2.9204734829504056e-05,6m,1m,12m
2006-07-20,gamma1,6.163218335023411e-06,6m,1m,12m
2006-07-21,gamma1,7.08059015975271e-05,6m,1m,12m
2006-07-24,gamma1,4.386935454910933e-05,6m,1m,12m
2006-07-25,gamma1,0.00010405212341932334,6m,1m,12m
2006-07-26,gamma1,7.400719357899256e-05,6m,1m,12m
2006-07-27,gamma1,0.0001026187200204295,6m,1m,12m
2006-07-28,gamma1,7.709059306641464e-05,6m,1m,12m
2006-07-31,gamma1,5.422637513793293e-05,6m,1m,12m
2006-08-01,gamma1,4.691570047414471e-05,6m,1m,12m
2006-08-02,gamma1,5.330020544232172e-05,6m,1m,12m
2006-08-03,gamma1,7.18576183654798e-05,6m,1m,12m
2006-08-04,gamma1,5.674996871622987e-05,6m,1m,12m
2006-08-07,gamma1,5.523551247163945e-05,6m,1m,12m
2006-08-08,gamma1,8.194822149598638e-05,6m,1m,12m
2006-08-09,gamma1,7.676830194097784e-05,6m,1m,12m
2006-08-10,gamma1,6.617141550707772e-05,6m,1m,12m
2006-08-11,gamma1,7.533644605818373e-05,6m,1m,12m
2006-08-16,gamma1,6.32672528270172e-05,6m,1m,12m
2006-08-17,gamma1,7.02169695909685e-05,6m,1m,12m
2006-08-18,gamma1,5.0122284552445794e-05,6m,1m,12m
2006-08-21,gamma1,5.012937645224034e-05,6m,1m,12m
2006-08-22,gamma1,5.6734163581440605e-05,6m,1m,12m
2006-08-23,gamma1,5.8024497681056914e-05,6m,1m,12m
2006-08-24,gamma1,4.939757511196194e-05,6m,1m,12m
2006-08-25,gamma1,8.408057573111185e-05,6m,1m,12m
2006-08-28,gamma1,5.996621243283734e-05,6m,1m,12m
2006-08-29,gamma1,4.8053878684367016e-05,6m,1m,12m
2006-08-30,gamma1,4.888251244527591e-05,6m,1m,12m
2006-08-31,gamma1,5.499787112583827e-05,6m,1m,12m
2006-09-01,gamma1,6.450163598548461e-05,6m,1m,12m
2006-09-05,gamma1,6.374975904937704e-05,6m,1m,12m
2006-09-06,gamma1,6.53823185567331e-05,6m,1m,12m
2006-09-07,gamma1,5.903810226864336e-05,6m,1m,12m
2006-09-08,gamma1,6.20792958786603e-05,6m,1m,12m
2006-09-15,gamma1,6.336409092919522e-05,6m,1m,12m
2006-09-20,gamma1,5.308501494788337e-05,6m,1m,12m
2006-09-21,gamma1,5.439314307248971e-05,6m,1m,12m
2006-09-22,gamma1,6.018793348687712e-05,6m,1m,12m
2006-09-25,gamma1,5.700472650624178e-05,6m,1m,12m
2006-09-26,gamma1,7.136245059419839e-05,6m,1m,12m
2006-09-27,gamma1,7.254130097435279e-05,6m,1m,12m
2006-09-28,gamma1,4.837675923976832e-05,6m,1m,12m
2006-09-29,gamma1,6.55286719434025e-05,6m,1m,12m
2006-10-02,gamma1,6.243203490150839e-05,6m,1m,12m
2006-10-03,gamma1,5.70057039881885e-05,6m,1m,12m
2006-10-04,gamma1,7.71222326453965e-05,6m,1m,12m
2006-10-05,gamma1,3.878064663000526e-05,6m,1m,12m
2006-10-06,gamma1,5.114978783784206e-05,6m,1m,12m
2006-10-09,gamma1,0.00017948221368255924,6m,1m,12m
2006-10-10,gamma1,4.253997605572555e-05,6m,1m,12m
2006-10-11,gamma1,5.6921328322822576e-05,6m,1m,12m
2006-10-12,gamma1,4.8707845465505535e-05,6m,1m,12m
2006-10-13,gamma1,4.737875066103757e-05,6m,1m,12m
2006-10-18,gamma1,3.671759773224726e-05,6m,1m,12m
2006-10-19,gamma1,4.642367896370068e-05,6m,1m,12m
2006-10-20,gamma1,3.743205601418017e-05,6m,1m,12m
2006-10-23,gamma1,5.9198584226854026e-05,6m,1m,12m
2006-10-24,gamma1,6.285601879676704e-05,6m,1m,12m
2006-10-25,gamma1,5.101663088225521e-05,6m,1m,12m
2006-10-26,gamma1,6.85520904075467e-05,6m,1m,12m
2006-10-27,gamma1,8.159655495039209e-05,6m,1m,12m
2006-10-30,gamma1,4.4630965506211187e-05,6m,1m,12m
2006-10-31,gamma1,6.226344768402718e-05,6m,1m,12m
2006-11-01,gamma1,7.136220725427079e-05,6m,1m,12m
2006-11-02,gamma1,4.093812412062333e-05,6m,1m,12m
2006-11-03,gamma1,4.310132004340437e-05,6m,1m,12m
2006-11-06,gamma1,5.771619282079683e-05,6m,1m,12m
2006-11-07,gamma1,5.6009028719156134e-05,6m,1m,12m
2006-11-08,gamma1,6.399727150465611e-05,6m,1m,12m
2006-11-09,gamma1,4.357803948380859e-05,6m,1m,12m
2006-11-10,gamma1,5.2856528778903934e-05,6m,1m,12m
2006-11-15,gamma1,8.785861882941403e-05,6m,1m,12m
2006-11-16,gamma1,7.441178756903042e-05,6m,1m,12m
2006-11-17,gamma1,3.2910655918737634e-05,6m,1m,12m
2006-11-20,gamma1,4.973369952135962e-05,6m,1m,12m
2006-11-21,gamma1,5.63964709604414e-05,6m,1m,12m
2006-11-22,gamma1,4.1194698460768625e-05,6m,1m,12m
2006-11-24,gamma1,3.1398077574875776e-05,6m,1m,12m
2006-11-27,gamma1,4.750878591625578e-05,6m,1m,12m
2006-11-28,gamma1,3.8393249679828594e-05,6m,1m,12m
2006-11-29,gamma1,3.242868221319579e-05,6m,1m,12m
2006-11-30,gamma1,2.9107329716118965e-05,6m,1m,12m
2006-12-01,gamma1,6.31975432807523e-05,6m,1m,12m
2006-12-04,gamma1,2.899579191739152e-05,6m,1m,12m
2006-12-05,gamma1,3.167103797386869e-05,6m,1m,12m
2006-12-06,gamma1,2.6597188975175206e-05,6m,1m,12m
2006-12-07,gamma1,4.9977734310509424e-05,6m,1m,12m
2006-12-08,gamma1,5.434400145701698e-05,6m,1m,12m
2006-12-20,gamma1,4.536980454013221e-05,6m,1m,12m
2006-12-21,gamma1,5.526354479239273e-05,6m,1m,12m
2006-12-22,gamma1,5.2746229283846635e-05,6m,1m,12m
2006-12-26,gamma1,4.209317223591962e-05,6m,1m,12m
2006-12-27,gamma1,3.171997127202967e-05,6m,1m,12m
2006-12-28,gamma1,5.423473986451657e-05,6m,1m,12m
2006-12-29,gamma1,5.341476343103295e-05,6m,1m,12m
2007-01-03,gamma1,6.76130427171059e-05,6m,1m,12m
2007-01-04,gamma1,5.176012891387739e-05,6m,1m,12m
2007-01-05,gamma1,4.3434773431048066e-05,6m,1m,12m
2007-01-08,gamma1,4.325473432775552e-05,6m,1m,12m
2007-01-09,gamma1,4.312629836720449e-05,6m,1m,12m
2007-01-10,gamma1,3.378966192224514e-05,6m,1m,12m
2007-01-11,gamma1,2.3354817524024338e-05,6m,1m,12m
2007-01-12,gamma1,3.0233420287918502e-05,6m,1m,12m
2007-01-17,gamma1,4.3762688900621165e-05,6m,1m,12m
2007-01-18,gamma1,4.0543300765780704e-05,6m,1m,12m
2007-01-19,gamma1,2.0510844006390305e-05,6m,1m,12m
2007-01-22,gamma1,1.0762440125752593e-05,6m,1m,12m
2007-01-23,gamma1,1.622553794970293e-05,6m,1m,12m
2007-01-24,gamma1,9.086645964742797e-06,6m,1m,12m
2007-01-25,gamma1,5.873122020114515e-06,6m,1m,12m
2007-01-26,gamma1,3.801683833027794e-06,6m,1m,12m
2007-01-29,gamma1,1.3813069217710932e-05,6m,1m,12m
2007-01-30,gamma1,8.281379781708746e-06,6m,1m,12m
2007-01-31,gamma1,1.0621471350730138e-05,6m,1m,12m
2007-02-01,gamma1,2.6323176531354498e-05,6m,1m,12m
2007-02-02,gamma1,2.8964153931500226e-05,6m,1m,12m
2007-02-05,gamma1,2.090983680730478e-05,6m,1m,12m
2007-02-06,gamma1,4.081977456703958e-05,6m,1m,12m
2007-02-07,gamma1,4.04957103085446e-05,6m,1m,12m
2007-02-08,gamma1,3.280901614953288e-05,6m,1m,12m
2007-02-09,gamma1,3.3037057502999936e-05,6m,1m,12m
2007-02-14,gamma1,2.3883201819237762e-05,6m,1m,12m
2007-02-15,gamma1,4.819394642594505e-05,6m,1m,12m
2007-02-16,gamma1,6.050524257099972e-05,6m,1m,12m
2007-02-20,gamma1,4.636063046841366e-05,6m,1m,12m
2007-02-21,gamma1,4.3831413317510453e-05,6m,1m,12m
2007-02-22,gamma1,3.899157311682064e-05,6m,1m,12m
2007-02-23,gamma1,6.0086086203054745e-05,6m,1m,12m
2007-02-26,gamma1,5.177210127928938e-05,6m,1m,12m
2007-02-27,gamma1,5.392439723258486e-05,6m,1m,12m
2007-02-28,gamma1,1.2519246801725493e-05,6m,1m,12m
2007-03-01,gamma1,-4.012610790577541e-06,6m,1m,12m
2007-03-02,gamma1,-0.00013703452522073663,6m,1m,12m
2007-03-05,gamma1,-6.663827225987862e-05,6m,1m,12m
2007-03-06,gamma1,3.6434407602672586e-05,6m,1m,12m
2007-03-07,gamma1,5.514437398523262e-05,6m,1m,12m
2007-03-08,gamma1,5.1728161828994294e-05,6m,1m,12m
2007-03-09,gamma1,6.742314950819717e-05,6m,1m,12m
2007-03-12,gamma1,3.789458009456317e-05,6m,1m,12m
2007-03-13,gamma1,4.542243035313239e-05,6m,1m,12m
2007-03-14,gamma1,4.441646652424493e-05,6m,1m,12m
2007-03-15,gamma1,4.9639720659695124e-05,6m,1m,12m
2007-03-16,gamma1,0.00010418994075285854,6m,1m,12m
2007-03-19,gamma1,3.5772253805259784e-05,6m,1m,12m
2007-03-20,gamma1,1.6028200844535484e-05,6m,1m,12m
2007-03-21,gamma1,1.8262244274760437e-06,6m,1m,12m
2007-03-22,gamma1,4.008007874984837e-05,6m,1m,12m
2007-03-23,gamma1,1.1823313450862446e-05,6m,1m,12m
2007-03-26,gamma1,-1.0792324895888819e-05,6m,1m,12m
2007-03-27,gamma1,4.5741137311736635e-05,6m,1m,12m
2007-03-28,gamma1,5.279281522453462e-05,6m,1m,12m
2007-03-29,gamma1,2.5692125323518626e-05,6m,1m,12m
2007-03-30,gamma1,1.0721488738384173e-05,6m,1m,12m
2007-04-02,gamma1,7.264541394437865e-06,6m,1m,12m
2007-04-03,gamma1,2.008023526369784e-05,6m,1m,12m
2007-04-04,gamma1,7.866466335695205e-06,6m,1m,12m
2007-04-05,gamma1,1.0925634821064722e-05,6m,1m,12m
2007-04-09,gamma1,1.3541280076140073e-07,6m,1m,12m
2007-04-10,gamma1,-9.45419253482208e-06,6m,1m,12m
2007-04-11,gamma1,1.0360766740125796e-05,6m,1m,12m
2007-04-12,gamma1,-5.664214693477372e-06,6m,1m,12m
2007-04-13,gamma1,-1.078682136451458e-05,6m,1m,12m
2007-04-18,gamma1,3.956565965856023e-06,6m,1m,12m
2007-04-19,gamma1,1.9846254887489478e-05,6m,1m,12m
2007-04-20,gamma1,9.513234020170699e-06,6m,1m,12m
2007-04-23,gamma1,-1.027429317094064e-06,6m,1m,12m
2007-04-24,gamma1,5.742319298458523e-06,6m,1m,12m
2007-04-25,gamma1,1.664613930245621e-05,6m,1m,12m
2007-04-26,gamma1,-1.2016093667749597e-06,6m,1m,12m
2007-04-27,gamma1,-1.0469140876732369e-05,6m,1m,12m
2007-04-30,gamma1,1.3738033168302922e-06,6m,1m,12m
2007-05-01,gamma1,-2.2723821107284812e-05,6m,1m,12m
2007-05-02,gamma1,-1.519681277727286e-05,6m,1m,12m
2007-05-03,gamma1,1.7885058131393524e-05,6m,1m,12m
2007-05-04,gamma1,1.7029156532004066e-05,6m,1m,12m
2007-05-07,gamma1,8.260953609900555e-06,6m,1m,12m
2007-05-08,gamma1,4.7780512057356904e-06,6m,1m,12m
2007-05-09,gamma1,2.85008324374044e-05,6m,1m,12m
2007-05-10,gamma1,4.381869855247795e-05,6m,1m,12m
2007-05-11,gamma1,1.8612747263239586e-05,6m,1m,12m
2007-05-16,gamma1,0.0002186952308085022,6m,1m,12m
2007-05-17,gamma1,2.980318058841567e-05,6m,1m,12m
2007-05-18,gamma1,-8.257061658440698e-06,6m,1m,12m
2007-05-21,gamma1,2.7281256991034476e-05,6m,1m,12m
2007-05-22,gamma1,3.481060534051455e-05,6m,1m,12m
2007-05-23,gamma1,3.347157195617113e-05,6m,1m,12m
2007-05-24,gamma1,2.434746649087116e-05,6m,1m,12m
2007-05-25,gamma1,2.134199976431682e-05,6m,1m,12m
2007-05-29,gamma1,1.60547071772892e-05,6m,1m,12m
2007-05-30,gamma1,5.411678051191162e-06,6m,1m,12m
2007-05-31,gamma1,1.5675114161888193e-05,6m,1m,12m
2007-06-01,gamma1,-1.3047456232316675e-05,6m,1m,12m
2007-06-04,gamma1,-2.472089090881089e-05,6m,1m,12m
2007-06-05,gamma1,2.285841183263281e-06,6m,1m,12m
2007-06-06,gamma1,1.139436593770642e-05,6m,1m,12m
2007-06-07,gamma1,-4.588233246777918e-06,6m,1m,12m
2007-06-08,gamma1,-3.2711598620776835e-05,6m,1m,12m
2007-06-11,gamma1,-2.021832690609268e-05,6m,1m,12m
2007-06-12,gamma1,-2.279027969427278e-05,6m,1m,12m
2007-06-13,gamma1,-1.8124149223064655e-05,6m,1m,12m
2007-06-14,gamma1,-6.014898437017766e-06,6m,1m,12m
2007-06-15,gamma1,2.0858108858957492e-05,6m,1m,12m
2007-06-18,gamma1,1.661730149714073e-06,6m,1m,12m
2007-06-19,gamma1,-6.970279990286879e-05,6m,1m,12m
2007-06-20,gamma1,1.6521000610051204e-05,6m,1m,12m
2007-06-21,gamma1,-1.795478336997774e-05,6m,1m,12m
2007-06-22,gamma1,1.733849068964301e-05,6m,1m,12m
2007-06-25,gamma1,7.035297828262279e-06,6m,1m,12m
2007-06-26,gamma1,9.54493435622736e-07,6m,1m,12m
2007-06-27,gamma1,-9.395184315938875e-06,6m,1m,12m
2007-06-28,gamma1,2.588389172128978e-05,6m,1m,12m
2007-06-29,gamma1,1.422781214922931e-05,6m,1m,12m
2007-07-02,gamma1,5.942238050264386e-05,6m,1m,12m
2007-07-03,gamma1,7.298706917772327e-05,6m,1m,12m
2007-07-05,gamma1,0.00012181420514193314,6m,1m,12m
2007-07-06,gamma1,8.243681700347577e-05,6m,1m,12m
2007-07-09,gamma1,8.719683343644128e-05,6m,1m,12m
2007-07-10,gamma1,8.02024832510554e-05,6m,1m,12m
2007-07-11,gamma1,3.559759838730197e-05,6m,1m,12m
2007-07-12,gamma1,0.00010668439869502319,6m,1m,12m
2007-07-13,gamma1,8.040962768575687e-05,6m,1m,12m
2007-07-18,gamma1,8.742522905485208e-05,6m,1m,12m
2007-07-19,gamma1,7.666288701210762e-05,6m,1m,12m
2007-07-20,gamma1,1.799116147867427e-05,6m,1m,12m
2007-07-23,gamma1,7.85285931300172e-05,6m,1m,12m
2007-07-24,gamma1,4.2073625823506355e-05,6m,1m,12m
2007-07-25,gamma1,0.00010384578886881994,6m,1m,12m
2007-07-26,gamma1,0.00022386020191659216,6m,1m,12m
2007-07-27,gamma1,0.00021954920836953558,6m,1m,12m
2007-07-30,gamma1,7.967626533498182e-05,6m,1m,12m
2007-07-31,gamma1,7.849235984718462e-05,6m,1m,12m
2007-08-01,gamma1,0.0001759613805137571,6m,1m,12m
2007-08-02,gamma1,8.49006415160492e-05,6m,1m,12m
2007-08-03,gamma1,7.753597353552263e-05,6m,1m,12m
2007-08-06,gamma1,0.0001929687744969134,6m,1m,12m
2007-08-07,gamma1,0.00015629252053045775,6m,1m,12m
2007-08-08,gamma1,0.00010115477278859993,6m,1m,12m
2007-08-09,gamma1,0.00014942003625239417,6m,1m,12m
2007-08-10,gamma1,0.00023877915068747996,6m,1m,12m
2007-08-22,gamma1,6.154852633278709e-05,6m,1m,12m
2007-08-23,gamma1,5.4408118575716355e-05,6m,1m,12m
2007-08-24,gamma1,8.993268299980265e-05,6m,1m,12m
2007-08-27,gamma1,4.588365882393869e-05,6m,1m,12m
2007-08-28,gamma1,7.614988428494727e-05,6m,1m,12m
2007-08-29,gamma1,5.148712705903354e-05,6m,1m,12m
2007-08-30,gamma1,7.466579770577325e-05,6m,1m,12m
2007-08-31,gamma1,6.31099744868912e-05,6m,1m,12m
2007-09-04,gamma1,7.930428555488264e-05,6m,1m,12m
2007-09-05,gamma1,8.396540401289703e-05,6m,1m,12m
2007-09-06,gamma1,9.598876867929657e-05,6m,1m,12m
2007-09-07,gamma1,9.906463114487886e-05,6m,1m,12m
2007-09-10,gamma1,0.00011049933747548522,6m,1m,12m
2007-09-11,gamma1,9.549117351462439e-05,6m,1m,12m
2007-09-12,gamma1,8.934400382885709e-05,6m,1m,12m
2007-09-13,gamma1,8.749053513615973e-05,6m,1m,12m
2007-09-14,gamma1,0.00010727348071295622,6m,1m,12m
2007-09-17,gamma1,0.00010260875241423464,6m,1m,12m
2007-09-18,gamma1,0.00012586903235589048,6m,1m,12m
2007-09-19,gamma1,7.206931910670776e-05,6m,1m,12m
2007-09-20,gamma1,8.068981924871409e-05,6m,1m,12m
2007-09-21,gamma1,8.22234257204098e-05,6m,1m,12m
2007-09-24,gamma1,9.706801000552172e-05,6m,1m,12m
2007-09-25,gamma1,5.104231692082093e-05,6m,1m,12m
2007-09-26,gamma1,7.668702182070517e-05,6m,1m,12m
2007-09-27,gamma1,8.170726595458818e-05,6m,1m,12m
2007-09-28,gamma1,7.829894530205042e-05,6m,1m,12m
2007-10-01,gamma1,9.251985808999176e-05,6m,1m,12m
2007-10-02,gamma1,4.320805649292404e-05,6m,1m,12m
2007-10-03,gamma1,7.44853000386318e-05,6m,1m,12m
2007-10-04,gamma1,6.32008143484021e-05,6m,1m,12m
2007-10-05,gamma1,7.248616664029227e-05,6m,1m,12m
2007-10-08,gamma1,0.00015630319596429752,6m,1m,12m
2007-10-09,gamma1,7.01796628625011e-05,6m,1m,12m
2007-10-10,gamma1,7.511087258371514e-05,6m,1m,12m
2007-10-11,gamma1,8.92770440372134e-05,6m,1m,12m
2007-10-12,gamma1,8.622908140606512e-05,6m,1m,12m
2007-10-17,gamma1,5.555648848644561e-05,6m,1m,12m
2007-10-18,gamma1,2.5625721980792103e-05,6m,1m,12m
2007-10-19,gamma1,2.5843504982924952e-05,6m,1m,12m
2007-10-22,gamma1,5.842813061244679e-05,6m,1m,12m
2007-10-23,gamma1,5.67772601046585e-05,6m,1m,12m
2007-10-24,gamma1,6.835596638194859e-05,6m,1m,12m
2007-10-25,gamma1,6.318451515992364e-05,6m,1m,12m
2007-10-26,gamma1,0.00014044627523235117,6m,1m,12m
2007-10-29,gamma1,0.000154881164766627,6m,1m,12m
2007-10-30,gamma1,0.00013607730733941349,6m,1m,12m
2007-10-31,gamma1,0.0001057234574983882,6m,1m,12m
2007-11-01,gamma1,0.00013926567594841716,6m,1m,12m
2007-11-02,gamma1,0.00012557862542358157,6m,1m,12m
2007-11-05,gamma1,0.00016756336067151378,6m,1m,12m
2007-11-06,gamma1,0.00011414158073929306,6m,1m,12m
2007-11-07,gamma1,0.00012779752120400243,6m,1m,12m
2007-11-08,gamma1,0.00019540757219815397,6m,1m,12m
2007-11-09,gamma1,0.00021214878856945103,6m,1m,12m
2007-11-16,gamma1,0.0001552541162513984,6m,1m,12m
2007-11-21,gamma1,0.00018940276391276827,6m,1m,12m
2007-11-23,gamma1,0.00015103906380342988,6m,1m,12m
2007-11-26,gamma1,0.0001700984904778179,6m,1m,12m
2007-11-27,gamma1,0.00015181673464607868,6m,1m,12m
2007-11-28,gamma1,0.00013360889627444486,6m,1m,12m
2007-11-29,gamma1,0.00011668151216275523,6m,1m,12m
2007-11-30,gamma1,8.439756569700784e-05,6m,1m,12m
2007-12-03,gamma1,0.00011394952252521715,6m,1m,12m
2007-12-04,gamma1,0.0001293320232447234,6m,1m,12m
2007-12-05,gamma1,9.77987404377659e-05,6m,1m,12m
2007-12-06,gamma1,9.815128219288399e-05,6m,1m,12m
2007-12-07,gamma1,0.00010941218962593331,6m,1m,12m
2007-12-10,gamma1,8.6496159283136e-05,6m,1m,12m
2007-12-11,gamma1,0.00012001352050036039,6m,1m,12m
2007-12-12,gamma1,8.214924556245222e-05,6m,1m,12m
2007-12-13,gamma1,7.656640657372985e-05,6m,1m,12m
2007-12-14,gamma1,8.492032160474923e-05,6m,1m,12m
2007-12-17,gamma1,0.0001234270267075987,6m,1m,12m
2007-12-18,gamma1,0.0001289005493923316,6m,1m,12m
2007-12-19,gamma1,0.00010654509356515647,6m,1m,12m
2007-12-20,gamma1,8.478248652415884e-05,6m,1m,12m
2007-12-21,gamma1,6.727925333870519e-05,6m,1m,12m
2007-12-24,gamma1,8.94530038605317e-05,6m,1m,12m
2007-12-26,gamma1,7.600216884148147e-05,6m,1m,12m
2007-12-27,gamma1,0.00010551009197116576,6m,1m,12m
2007-12-28,gamma1,0.000216499047418697,6m,1m,12m
2007-12-31,gamma1,0.00010339071950639102,6m,1m,12m
2008-01-02,gamma1,0.00015969524477571563,6m,1m,12m
2008-01-03,gamma1,0.0001591546428024436,6m,1m,12m
2008-01-04,gamma1,0.0001777148488643814,6m,1m,12m
2008-01-07,gamma1,0.0002059241164749292,6m,1m,12m
2008-01-08,gamma1,0.00020491638259956388,6m,1m,12m
2008-01-09,gamma1,0.00019416201909722657,6m,1m,12m
2008-01-10,gamma1,0.0001694546103475548,6m,1m,12m
2008-01-11,gamma1,0.00022858417782569164,6m,1m,12m
2008-01-16,gamma1,0.0001878357778681537,6m,1m,12m
2008-01-17,gamma1,0.00020788034147419882,6m,1m,12m
2008-01-18,gamma1,0.00027294581054886346,6m,1m,12m
2008-01-22,gamma1,0.0004054038223156374,6m,1m,12m
2008-01-23,gamma1,0.00020569702006146764,6m,1m,12m
2008-01-24,gamma1,0.00018782183157585816,6m,1m,12m
2008-01-25,gamma1,0.000248032395813703,6m,1m,12m
2008-01-28,gamma1,0.00020501081038987613,6m,1m,12m
2008-01-29,gamma1,0.00018880322071832548,6m,1m,12m
2008-01-30,gamma1,0.00023101286161451135,6m,1m,12m
2008-01-31,gamma1,0.00010491473217644746,6m,1m,12m
2008-02-01,gamma1,0.0001226535296760471,6m,1m,12m
2008-02-04,gamma1,0.00016830228041173282,6m,1m,12m
2008-02-05,gamma1,0.00022211171618630833,6m,1m,12m
2008-02-06,gamma1,0.00025758381187001623,6m,1m,12m
2008-02-07,gamma1,0.00022563196447881833,6m,1m,12m
2008-02-08,gamma1,0.00034325190809312927,6m,1m,12m
2008-02-15,gamma1,-0.000150940341681738,6m,1m,12m
2008-02-20,gamma1,-0.000150940341681738,6m,1m,12m
2008-02-21,gamma1,-0.000150940341681738,6m,1m,12m
2008-02-22,gamma1,-7.399668636782355e-05,6m,1m,12m
2008-02-25,gamma1,-8.491686356606833e-05,6m,1m,12m
2008-02-26,gamma1,-2.748015397719818e-05,6m,1m,12m
2008-02-27,gamma1,-6.721641748471164e-05,6m,1m,12m
2008-02-28,gamma1,-0.00014788103864269851,6m,1m,12m
2008-02-29,gamma1,-0.0001346246296916436,6m,1m,12m
2008-03-03,gamma1,-0.00013976815375968467,6m,1m,12m
2008-03-04,gamma1,-0.00012956783360623813,6m,1m,12m
2008-03-05,gamma1,-0.000150940341681738,6m,1m,12m
2008-03-06,gamma1,-0.000150940341681738,6m,1m,12m
2008-03-07,gamma1,0.00021378251949850886,6m,1m,12m
2008-03-10,gamma1,0.00017464484579513527,6m,1m,12m
2008-03-11,gamma1,-0.000150940341681738,6m,1m,12m
2008-03-12,gamma1,-0.000150940341681738,6m,1m,12m
2008-03-13,gamma1,-0.000150940341681738,6m,1m,12m
2008-03-14,gamma1,0.00020258587603119013,6m,1m,12m
2008-03-17,gamma1,0.0002368254310247389,6m,1m,12m
2008-03-18,gamma1,-8.854725685960133e-05,6m,1m,12m
2008-03-19,gamma1,0.0001884317219020715,6m,1m,12m
2008-03-20,gamma1,-0.00012610527064537883,6m,1m,12m
2008-03-24,gamma1,-8.059685606027995e-05,6m,1m,12m
2008-03-25,gamma1,-2.030931376849442e-05,6m,1m,12m
2008-03-26,gamma1,-0.00010758622887707239,6m,1m,12m
2008-03-27,gamma1,3.2790666063537674e-05,6m,1m,12m
2008-03-28,gamma1,8.975763299463002e-05,6m,1m,12m
2008-03-31,gamma1,0.00021892889119918827,6m,1m,12m
2008-04-01,gamma1,9.695675964615404e-05,6m,1m,12m
2008-04-02,gamma1,0.00013197535691799768,6m,1m,12m
2008-04-03,gamma1,0.0001825372602875305,6m,1m,12m
2008-04-04,gamma1,0.00011355379190697969,6m,1m,12m
2008-04-07,gamma1,0.0001441764359194295,6m,1m,12m
2008-04-08,gamma1,0.00011957308658731872,6m,1m,12m
2008-04-09,gamma1,0.00012444651404032602,6m,1m,12m
2008-04-10,gamma1,0.00013027120914423145,6m,1m,12m
2008-04-11,gamma1,0.00015052479215456763,6m,1m,12m
2008-04-16,gamma1,0.00012825725528685817,6m,1m,12m
2008-04-17,gamma1,0.00010499741251400864,6m,1m,12m
2008-04-18,gamma1,5.700450499071611e-05,6m,1m,12m
2008-04-21,gamma1,7.137861928996334e-05,6m,1m,12m
2008-04-22,gamma1,0.00011588072878101243,6m,1m,12m
2008-04-23,gamma1,0.00010126337599584753,6m,1m,12m
2008-04-24,gamma1,0.00011611187456047115,6m,1m,12m
2008-04-25,gamma1,8.236509507033966e-05,6m,1m,12m
2008-04-28,gamma1,0.00010133823111531592,6m,1m,12m
2008-04-29,gamma1,0.00011070254878053509,6m,1m,12m
2008-04-30,gamma1,0.00014475396537558672,6m,1m,12m
2008-05-01,gamma1,8.317552321225522e-05,6m,1m,12m
2008-05-02,gamma1,7.755388729982316e-05,6m,1m,12m
2008-05-05,gamma1,9.227244918702156e-05,6m,1m,12m
2008-05-06,gamma1,8.194043027997553e-05,6m,1m,12m
2008-05-07,gamma1,0.00012662624636321592,6m,1m,12m
2008-05-08,gamma1,0.0001009692684135759,6m,1m,12m
2008-05-09,gamma1,9.132573669318765e-05,6m,1m,12m
2008-05-21,gamma1,0.00010753202256572015,6m,1m,12m
2008-05-22,gamma1,9.585002737528795e-05,6m,1m,12m
2008-05-23,gamma1,0.00013425182453906818,6m,1m,12m
2008-05-27,gamma1,0.00011577171542026472,6m,1m,12m
2008-05-28,gamma1,0.00011906293941898338,6m,1m,12m
2008-05-29,gamma1,0.0001278788552460253,6m,1m,12m
2008-05-30,gamma1,0.00012926348031126365,6m,1m,12m
2008-06-02,gamma1,0.000149396251254095,6m,1m,12m
2008-06-03,gamma1,9.00143341892257e-05,6m,1m,12m
2008-06-04,gamma1,0.00010589328735165238,6m,1m,12m
2008-06-05,gamma1,4.563341066036307e-05,6m,1m,12m
2008-06-06,gamma1,0.00012356234968974758,6m,1m,12m
2008-06-09,gamma1,0.00010504202166103263,6m,1m,12m
2008-06-10,gamma1,0.0001255977329963121,6m,1m,12m
2008-06-11,gamma1,0.0001432986579858556,6m,1m,12m
2008-06-12,gamma1,0.00014221854029403225,6m,1m,12m
2008-06-13,gamma1,0.00011127672605567027,6m,1m,12m
2008-06-16,gamma1,0.00011002128646344338,6m,1m,12m
2008-06-17,gamma1,9.557752540757905e-05,6m,1m,12m
2008-06-18,gamma1,9.061958039176519e-05,6m,1m,12m
2008-06-19,gamma1,6.837470234827549e-05,6m,1m,12m
2008-06-20,gamma1,7.519803496253244e-05,6m,1m,12m
2008-06-23,gamma1,0.0001037313367582449,6m,1m,12m
2008-06-24,gamma1,0.00011612706606832642,6m,1m,12m
2008-06-25,gamma1,5.6981394909494736e-05,6m,1m,12m
2008-06-26,gamma1,0.00012119094487073382,6m,1m,12m
2008-06-27,gamma1,0.0001773306847111877,6m,1m,12m
2008-06-30,gamma1,0.000247638602515954,6m,1m,12m
2008-07-01,gamma1,0.00019863094184177857,6m,1m,12m
2008-07-02,gamma1,0.00031871388848489794,6m,1m,12m
2008-07-03,gamma1,0.00023254370107161554,6m,1m,12m
2008-07-07,gamma1,0.0003661946943320452,6m,1m,12m
2008-07-08,gamma1,0.0002647720475681251,6m,1m,12m
2008-07-09,gamma1,0.00027229272010568443,6m,1m,12m
2008-07-10,gamma1,0.00026354607436815267,6m,1m,12m
2008-07-11,gamma1,0.0003340237945980815,6m,1m,12m
2008-07-16,gamma1,0.0002634773109921152,6m,1m,12m
2008-07-17,gamma1,0.00022492296717614485,6m,1m,12m
2008-07-18,gamma1,0.0002451377369792287,6m,1m,12m
2008-07-21,gamma1,0.00020338730801384465,6m,1m,12m
2008-07-22,gamma1,0.00014728771657059563,6m,1m,12m
2008-07-23,gamma1,0.00014174800595477747,6m,1m,12m
2008-07-24,gamma1,0.00019695542192466062,6m,1m,12m
2008-07-25,gamma1,0.00022122555765973108,6m,1m,12m
2008-07-28,gamma1,0.0002619320167253794,6m,1m,12m
2008-07-29,gamma1,0.00019868704161253123,6m,1m,12m
2008-07-30,gamma1,0.00016322255833345304,6m,1m,12m
2008-07-31,gamma1,0.0001983171304802936,6m,1m,12m
2008-08-01,gamma1,0.0001918960603677532,6m,1m,12m
2008-08-04,gamma1,0.00021901093202187312,6m,1m,12m
2008-08-05,gamma1,0.00013201758095139602,6m,1m,12m
2008-08-06,gamma1,0.00011559156765054034,6m,1m,12m
2008-08-07,gamma1,0.00015736828974873246,6m,1m,12m
2008-08-08,gamma1,0.0001174535765873425,6m,1m,12m
2008-08-15,gamma1,9.126029057859668e-05,6m,1m,12m
2008-08-20,gamma1,0.00012791093064641043,6m,1m,12m
2008-08-21,gamma1,0.00013207868416347202,6m,1m,12m
2008-08-22,gamma1,0.00010744663038760662,6m,1m,12m
2008-08-25,gamma1,0.00010592848318784689,6m,1m,12m
2008-08-26,gamma1,0.00011620683321017764,6m,1m,12m
2008-08-27,gamma1,0.00010045260361375275,6m,1m,12m
2008-08-28,gamma1,8.018755285560762e-05,6m,1m,12m
2008-08-29,gamma1,0.0001029571260569167,6m,1m,12m
2008-09-02,gamma1,9.286490298474665e-05,6m,1m,12m
2008-09-03,gamma1,8.874197926141467e-05,6m,1m,12m
2008-09-04,gamma1,0.00011946548987261012,6m,1m,12m
2008-09-05,gamma1,0.00013200723542643316,6m,1m,12m
2008-09-08,gamma1,8.812319462818416e-05,6m,1m,12m
2008-09-09,gamma1,0.00015569401743747998,6m,1m,12m
2008-09-10,gamma1,0.0001243054732465238,6m,1m,12m
2008-09-11,gamma1,9.781038138795911e-05,6m,1m,12m
2008-09-12,gamma1,9.906667605806752e-05,6m,1m,12m
2008-09-15,gamma1,0.00012501581165445385,6m,1m,12m
2008-09-16,gamma1,7.767711480156308e-05,6m,1m,12m
2008-09-17,gamma1,0.0001473725527617266,6m,1m,12m
2008-09-18,gamma1,0.0001005150289306087,6m,1m,12m
2008-09-19,gamma1,0.00011460358718390575,6m,1m,12m
2008-09-22,gamma1,0.00012663909039838266,6m,1m,12m
2008-09-23,gamma1,0.00022736887010653178,6m,1m,12m
2008-09-24,gamma1,0.0001549988874590339,6m,1m,12m
2008-09-25,gamma1,0.00014882560382194955,6m,1m,12m
2008-09-26,gamma1,0.00013539438890580404,6m,1m,12m
2008-09-29,gamma1,-0.000150940341681738,6m,1m,12m
2008-09-30,gamma1,7.932714999105868e-05,6m,1m,12m
2008-10-01,gamma1,0.00011836940396839612,6m,1m,12m
2008-10-02,gamma1,0.00018825337273791385,6m,1m,12m
2008-10-03,gamma1,4.246972694680599e-05,6m,1m,12m
2008-10-06,gamma1,-0.000150940341681738,6m,1m,12m
2008-10-07,gamma1,0.00031686165966484113,6m,1m,12m
2008-10-08,gamma1,0.00043136888634679566,6m,1m,12m
2008-10-09,gamma1,0.0003263670768042394,6m,1m,12m
2008-10-10,gamma1,-0.00012515622807049464,6m,1m,12m
2008-10-17,gamma1,0.00043136888634679566,6m,1m,12m
2008-10-22,gamma1,0.00043136888634679566,6m,1m,12m
2008-10-23,gamma1,0.00043136888634679566,6m,1m,12m
2008-10-24,gamma1,-0.000150940341681738,6m,1m,12m
2008-10-27,gamma1,0.00043136888634679566,6m,1m,12m
2008-10-28,gamma1,0.00043136888634679566,6m,1m,12m
2008-10-29,gamma1,0.00043136888634679566,6m,1m,12m
2008-10-30,gamma1,0.0002519242005053773,6m,1m,12m
2008-10-31,gamma1,0.00043136888634679566,6m,1m,12m
2008-11-03,gamma1,0.00033273086582367404,6m,1m,12m
2008-11-04,gamma1,0.00043136888634679566,6m,1m,12m
2008-11-05,gamma1,0.00043136888634679566,6m,1m,12m
2008-11-06,gamma1,0.00043136888634679566,6m,1m,12m
2008-11-07,gamma1,0.0004134132396697798,6m,1m,12m
2008-11-10,gamma1,0.00034726454808748204,6m,1m,12m
2008-11-11,gamma1,-2.7708375214444936e-05,6m,1m,12m
2008-11-12,gamma1,0.00043136888634679566,6m,1m,12m
2008-11-13,gamma1,0.00043136888634679566,6m,1m,12m
2008-11-14,gamma1,0.00043136888634679566,6m,1m,12m
2008-11-19,gamma1,0.00043136888634679566,6m,1m,12m
2008-11-20,gamma1,0.00043136888634679566,6m,1m,12m
2008-11-21,gamma1,0.00043136888634679566,6m,1m,12m
2008-11-24,gamma1,0.00020686420240959084,6m,1m,12m
2008-11-25,gamma1,0.00028061172515295694,6m,1m,12m
2008-11-26,gamma1,0.0002719400435732013,6m,1m,12m
2008-11-28,gamma1,9.118727814247176e-05,6m,1m,12m
2008-12-01,gamma1,0.00043136888634679566,6m,1m,12m
2008-12-02,gamma1,0.0003796541149958321,6m,1m,12m
2008-12-03,gamma1,0.00033346768926702697,6m,1m,12m
2008-12-04,gamma1,0.0001419493157234078,6m,1m,12m
2008-12-05,gamma1,0.00022917994855417947,6m,1m,12m
2008-12-08,gamma1,0.0002031171255969164,6m,1m,12m
2008-12-09,gamma1,0.00020488120421374874,6m,1m,12m
2008-12-10,gamma1,0.00014524077036920797,6m,1m,12m
2008-12-11,gamma1,0.00022993761447017281,6m,1m,12m
2008-12-12,gamma1,9.001731602860109e-05,6m,1m,12m
2008-12-15,gamma1,9.638713897010052e-05,6m,1m,12m
2008-12-16,gamma1,4.643901488576594e-06,6m,1m,12m
2008-12-17,gamma1,-9.489443379785906e-06,6m,1m,12m
2008-12-18,gamma1,-0.00010116878236478562,6m,1m,12m
2008-12-19,gamma1,-0.00013587045210026175,6m,1m,12m
2008-12-22,gamma1,-7.735552903085324e-05,6m,1m,12m
2008-12-23,gamma1,-0.000150940341681738,6m,1m,12m
2008-12-24,gamma1,-2.3723207571802943e-05,6m,1m,12m
2008-12-26,gamma1,1.762291226465233e-05,6m,1m,12m
2008-12-29,gamma1,0.00019008421985198425,6m,1m,12m
2008-12-30,gamma1,0.00027958354473678316,6m,1m,12m
2008-12-31,gamma1,0.0002704638134280403,6m,1m,12m
2009-01-02,gamma1,0.00021262081479764465,6m,1m,12m
2009-01-05,gamma1,0.0001760947679069601,6m,1m,12m
2009-01-06,gamma1,0.000171253739150603,6m,1m,12m
2009-01-07,gamma1,0.00020248291408762572,6m,1m,12m
2009-01-08,gamma1,0.00020321118318660116,6m,1m,12m
2009-01-09,gamma1,0.0002301902897770645,6m,1m,12m
2009-01-16,gamma1,0.00028433484673333847,6m,1m,12m
2009-01-21,gamma1,0.00036164150774616136,6m,1m,12m
2009-01-22,gamma1,0.00043136888634679566,6m,1m,12m
2009-01-23,gamma1,0.00043136888634679566,6m,1m,12m
2009-01-26,gamma1,0.0003930346462367198,6m,1m,12m
2009-01-27,gamma1,0.0003435115273823763,6m,1m,12m
2009-01-28,gamma1,0.00033015321183226714,6m,1m,12m
2009-01-29,gamma1,0.0004288243892863751,6m,1m,12m
2009-01-30,gamma1,0.00043136888634679566,6m,1m,12m
2009-02-02,gamma1,0.00043136888634679566,6m,1m,12m
2009-02-03,gamma1,0.0004265761133943653,6m,1m,12m
2009-02-04,gamma1,0.0004127133586284049,6m,1m,12m
2009-02-05,gamma1,0.00043136888634679566,6m,1m,12m
2009-02-06,gamma1,0.00031874059380152984,6m,1m,12m
2009-02-09,gamma1,0.0002814805630796953,6m,1m,12m
2009-02-10,gamma1,0.0003325214426316168,6m,1m,12m
2009-02-11,gamma1,0.0003837085366653595,6m,1m,12m
2009-02-12,gamma1,0.00036161103308353913,6m,1m,12m
2009-02-13,gamma1,0.0003408316969492365,6m,1m,12m
2009-02-18,gamma1,0.00042548866038099085,6m,1m,12m
2009-02-19,gamma1,0.00043136888634679566,6m,1m,12m
2009-02-20,gamma1,0.00038313153483579847,6m,1m,12m
2009-02-23,gamma1,0.00014831942484796491,6m,1m,12m
2009-02-24,gamma1,0.00013149928395092,6m,1m,12m
2009-02-25,gamma1,0.00013570349460220315,6m,1m,12m
2009-02-26,gamma1,0.00012733225752833543,6m,1m,12m
2009-02-27,gamma1,0.00014933550411775614,6m,1m,12m
2009-03-02,gamma1,0.0001972926315824804,6m,1m,12m
2009-03-03,gamma1,0.00012702713983334406,6m,1m,12m
2009-03-04,gamma1,9.903043370115235e-05,6m,1m,12m
2009-03-05,gamma1,8.768776199324119e-05,6m,1m,12m
2009-03-06,gamma1,0.00012688374684099616,6m,1m,12m
2009-03-09,gamma1,0.00019090282007292513,6m,1m,12m
2009-03-10,gamma1,0.00022067142367214845,6m,1m,12m
2009-03-11,gamma1,0.0001797402179008804,6m,1m,12m
2009-03-12,gamma1,0.00010578476541437601,6m,1m,12m
2009-03-13,gamma1,8.00227179540102e-05,6m,1m,12m
2009-03-16,gamma1,5.865876846843917e-05,6m,1m,12m
2009-03-17,gamma1,7.088864501216322e-05,6m,1m,12m
2009-03-18,gamma1,5.60282436364204e-05,6m,1m,12m
2009-03-19,gamma1,1.147258257593314e-05,6m,1m,12m
2009-03-20,gamma1,-3.393664854143502e-05,6m,1m,12m
2009-03-23,gamma1,3.3409767417192136e-05,6m,1m,12m
2009-03-24,gamma1,0.0001580896913230678,6m,1m,12m
2009-03-25,gamma1,-1.634604488525695e-05,6m,1m,12m
2009-03-26,gamma1,-1.191158712866085e-05,6m,1m,12m
2009-03-27,gamma1,0.00013001584357903855,6m,1m,12m
2009-03-30,gamma1,0.00016483727836292435,6m,1m,12m
2009-03-31,gamma1,0.00016558289424101986,6m,1m,12m
2009-04-01,gamma1,0.00011794556364470605,6m,1m,12m
2009-04-02,gamma1,0.00013690693349115217,6m,1m,12m
2009-04-03,gamma1,9.787406588926333e-05,6m,1m,12m
2009-04-06,gamma1,0.00011268059778946654,6m,1m,12m
2009-04-07,gamma1,0.0001265720789604597,6m,1m,12m
2009-04-08,gamma1,0.00010126765762596949,6m,1m,12m
2009-04-09,gamma1,0.0001647962653906897,6m,1m,12m
2009-04-15,gamma1,8.083723109099194e-05,6m,1m,12m
2009-04-16,gamma1,5.335720633479811e-05,6m,1m,12m
2009-04-17,gamma1,3.833864974259066e-05,6m,1m,12m
2009-04-20,gamma1,6.086331898037633e-05,6m,1m,12m
2009-04-21,gamma1,4.7074319932172135e-06,6m,1m,12m
2009-04-22,gamma1,5.355658605128846e-05,6m,1m,12m
2009-04-23,gamma1,4.42205641244412e-05,6m,1m,12m
2009-04-24,gamma1,4.530357075546548e-05,6m,1m,12m
2009-04-27,gamma1,6.31990197853387e-05,6m,1m,12m
2009-04-28,gamma1,1.7161155686096218e-05,6m,1m,12m
2009-04-29,gamma1,5.217487243614658e-05,6m,1m,12m
2009-04-30,gamma1,3.358753279241332e-05,6m,1m,12m
2009-05-01,gamma1,3.035612072863336e-05,6m,1m,12m
2009-05-04,gamma1,6.125570894282118e-06,6m,1m,12m
2009-05-05,gamma1,2.749080339950731e-05,6m,1m,12m
2009-05-06,gamma1,3.004761969435864e-05,6m,1m,12m
2009-05-07,gamma1,3.3452263621479766e-05,6m,1m,12m
2009-05-08,gamma1,2.805435099361085e-05,6m,1m,12m
2009-05-15,gamma1,3.3190331183070225e-05,6m,1m,12m
2009-05-20,gamma1,9.859256710406989e-05,6m,1m,12m
2009-05-21,gamma1,8.101862579782768e-05,6m,1m,12m
2009-05-22,gamma1,1.6322749266815784e-05,6m,1m,12m
2009-05-26,gamma1,3.882262756326932e-05,6m,1m,12m
2009-05-27,gamma1,4.904131745403465e-05,6m,1m,12m
2009-05-28,gamma1,5.3551574370866965e-05,6m,1m,12m
2009-05-29,gamma1,-5.3745619858152404e-05,6m,1m,12m
2009-06-01,gamma1,-2.8134292417545394e-05,6m,1m,12m
2009-06-02,gamma1,8.630080543354135e-05,6m,1m,12m
2009-06-03,gamma1,9.672378023930725e-05,6m,1m,12m
2009-06-04,gamma1,0.000132179244138215,6m,1m,12m
2009-06-05,gamma1,0.00010127369860414565,6m,1m,12m
2009-06-08,gamma1,-4.5660481391871386e-05,6m,1m,12m
2009-06-09,gamma1,0.00010758738747743498,6m,1m,12m
2009-06-10,gamma1,4.773857687300742e-05,6m,1m,12m
2009-06-11,gamma1,6.631776782633665e-05,6m,1m,12m
2009-06-12,gamma1,2.1872763594099955e-05,6m,1m,12m
2009-06-15,gamma1,-8.011255912049314e-05,6m,1m,12m
2009-06-16,gamma1,-6.706061330466455e-05,6m,1m,12m
2009-06-17,gamma1,-0.0001191484001575413,6m,1m,12m
2009-06-18,gamma1,-2.1794133446757484e-06,6m,1m,12m
2009-06-19,gamma1,-5.6825130343547545e-05,6m,1m,12m
2009-06-22,gamma1,0.0001968644905758189,6m,1m,12m
2009-06-23,gamma1,2.5599047828621987e-05,6m,1m,12m
2009-06-24,gamma1,4.911254934565314e-05,6m,1m,12m
2009-06-25,gamma1,2.8086587920220613e-05,6m,1m,12m
2009-06-26,gamma1,-9.213827268332045e-06,6m,1m,12m
2009-06-29,gamma1,-9.671916806340795e-05,6m,1m,12m
2009-06-30,gamma1,0.00011046178660859691,6m,1m,12m
2009-07-01,gamma1,0.00010671300040241263,6m,1m,12m
2009-07-02,gamma1,0.00015126617255355906,6m,1m,12m
2009-07-06,gamma1,0.00013419377160805323,6m,1m,12m
2009-07-07,gamma1,0.0001670861033521849,6m,1m,12m
2009-07-08,gamma1,0.00014517980000068213,6m,1m,12m
2009-07-09,gamma1,0.00012400937294215327,6m,1m,12m
2009-07-10,gamma1,9.544205753571274e-05,6m,1m,12m
2009-07-17,gamma1,0.00014776431895469479,6m,1m,12m
2009-07-22,gamma1,0.00016118104227897707,6m,1m,12m
2009-07-23,gamma1,0.00015792179619505584,6m,1m,12m
2009-07-24,gamma1,0.00015440085955498772,6m,1m,12m
2009-07-27,gamma1,0.0001500361308593538,6m,1m,12m
2009-07-28,gamma1,0.0001695520158616534,6m,1m,12m
2009-07-29,gamma1,0.00016259724078137826,6m,1m,12m
2009-07-30,gamma1,0.0001901113775634647,6m,1m,12m
2009-07-31,gamma1,0.00018600764453203134,6m,1m,12m
2009-08-03,gamma1,0.0001599873469039392,6m,1m,12m
2009-08-04,gamma1,0.00013139943474393278,6m,1m,12m
2009-08-05,gamma1,0.0001455956039459605,6m,1m,12m
2009-08-06,gamma1,0.0001701410996078607,6m,1m,12m
2009-08-07,gamma1,0.00016327936884598658,6m,1m,12m
2009-08-10,gamma1,0.00014741685465270233,6m,1m,12m
2009-08-11,gamma1,0.0001699000992235983,6m,1m,12m
2009-08-12,gamma1,0.00013442409916230433,6m,1m,12m
2009-08-13,gamma1,0.00010383654275308853,6m,1m,12m
2009-08-14,gamma1,0.00012919561642490206,6m,1m,12m
2009-08-19,gamma1,0.00015501177696669523,6m,1m,12m
2009-08-20,gamma1,7.058986169240653e-05,6m,1m,12m
2009-08-21,gamma1,0.000123780945676237,6m,1m,12m
2009-08-24,gamma1,4.189168551252048e-05,6m,1m,12m
2009-08-25,gamma1,0.0001161279812351937,6m,1m,12m
2009-08-26,gamma1,9.950279604648964e-05,6m,1m,12m
2009-08-27,gamma1,0.00016114701824561497,6m,1m,12m
2009-08-28,gamma1,0.00015446188928470512,6m,1m,12m
2009-08-31,gamma1,0.00010562373322201163,6m,1m,12m
2009-09-01,gamma1,0.00011025739959110922,6m,1m,12m
2009-09-02,gamma1,6.169425393530765e-05,6m,1m,12m
2009-09-03,gamma1,0.00011550115994767333,6m,1m,12m
2009-09-04,gamma1,1.2755013646497651e-05,6m,1m,12m
2009-09-08,gamma1,5.0931147936713014e-05,6m,1m,12m
2009-09-09,gamma1,3.628430245145393e-05,6m,1m,12m
2009-09-10,gamma1,5.6653045118279536e-05,6m,1m,12m
2009-09-11,gamma1,7.435161508539915e-05,6m,1m,12m
2009-09-14,gamma1,9.500589424147948e-05,6m,1m,12m
2009-09-15,gamma1,8.477138332699644e-05,6m,1m,12m
2009-09-16,gamma1,5.416810181265492e-05,6m,1m,12m
2009-09-17,gamma1,0.0001356486009193283,6m,1m,12m
2009-09-18,gamma1,0.0001341830565567875,6m,1m,12m
2009-09-21,gamma1,0.00011487586568770667,6m,1m,12m
2009-09-22,gamma1,0.00010121544394575064,6m,1m,12m
2009-09-23,gamma1,0.00011103064266766228,6m,1m,12m
2009-09-24,gamma1,0.00011733636505714515,6m,1m,12m
2009-09-25,gamma1,6.503854600215706e-05,6m,1m,12m
2009-09-28,gamma1,5.324404711940525e-05,6m,1m,12m
2009-09-29,gamma1,7.537088935416713e-05,6m,1m,12m
2009-09-30,gamma1,6.59161378995268e-05,6m,1m,12m
2009-10-01,gamma1,0.00010343082949749319,6m,1m,12m
2009-10-02,gamma1,8.350005660287488e-05,6m,1m,12m
2009-10-05,gamma1,8.397400417867103e-05,6m,1m,12m
2009-10-06,gamma1,0.00011230013685446032,6m,1m,12m
2009-10-07,gamma1,0.00010779446765295945,6m,1m,12m
2009-10-08,gamma1,0.00012503686889285017,6m,1m,12m
2009-10-09,gamma1,8.636237126236536e-05,6m,1m,12m
2009-10-16,gamma1,8.539153200262233e-05,6m,1m,12m
2009-10-21,gamma1,0.00010046764205549541,6m,1m,12m
2009-10-22,gamma1,6.844170028732177e-05,6m,1m,12m
2009-10-23,gamma1,8.891247542267605e-05,6m,1m,12m
2009-10-26,gamma1,0.00010837360542456827,6m,1m,12m
2009-10-27,gamma1,6.121751385685718e-05,6m,1m,12m
2009-10-28,gamma1,8.222058177968107e-05,6m,1m,12m
2009-10-29,gamma1,4.3139083671453306e-05,6m,1m,12m
2009-10-30,gamma1,3.8274081765819016e-05,6m,1m,12m
2009-11-02,gamma1,2.1772460776614114e-05,6m,1m,12m
2009-11-03,gamma1,4.900144661072659e-05,6m,1m,12m
2009-11-04,gamma1,6.20701900993451e-05,6m,1m,12m
2009-11-05,gamma1,7.98776757153537e-05,6m,1m,12m
2009-11-06,gamma1,8.289964659783939e-05,6m,1m,12m
2009-11-09,gamma1,9.103480636359541e-05,6m,1m,12m
2009-11-10,gamma1,8.242182301044013e-05,6m,1m,12m
2009-11-11,gamma1,0.00010172637176184967,6m,1m,12m
2009-11-12,gamma1,0.00010936868360689124,6m,1m,12m
2009-11-13,gamma1,0.00011087141128316558,6m,1m,12m
2009-11-18,gamma1,0.00010025290519402124,6m,1m,12m
2009-11-19,gamma1,0.00010981101280218117,6m,1m,12m
2009-11-20,gamma1,0.00010458009194833902,6m,1m,12m
2009-11-23,gamma1,0.00011844085951338698,6m,1m,12m
2009-11-24,gamma1,9.74664915681077e-05,6m,1m,12m
2009-11-25,gamma1,6.978698017783573e-05,6m,1m,12m
2009-11-27,gamma1,6.174230316650035e-05,6m,1m,12m
2009-11-30,gamma1,4.412139073558018e-05,6m,1m,12m
2009-12-01,gamma1,5.691977602347287e-05,6m,1m,12m
2009-12-02,gamma1,6.406866636421761e-05,6m,1m,12m
2009-12-03,gamma1,0.00011298085426126732,6m,1m,12m
2009-12-04,gamma1,9.797257361773852e-05,6m,1m,12m
2009-12-07,gamma1,0.00010025906001311354,6m,1m,12m
2009-12-08,gamma1,8.620050322252654e-05,6m,1m,12m
2009-12-09,gamma1,5.1156758499030114e-05,6m,1m,12m
2009-12-10,gamma1,5.9446440847843365e-05,6m,1m,12m
2009-12-11,gamma1,-2.2466224473633662e-05,6m,1m,12m
2009-12-14,gamma1,9.015233762648851e-05,6m,1m,12m
2009-12-15,gamma1,9.540986306136179e-05,6m,1m,12m
2009-12-16,gamma1,7.145066453754145e-05,6m,1m,12m
2009-12-17,gamma1,3.3108510451223664e-05,6m,1m,12m
2009-12-18,gamma1,5.546214731036687e-05,6m,1m,12m
2009-12-21,gamma1,4.974820999762574e-05,6m,1m,12m
2009-12-22,gamma1,1.93565405272961e-06,6m,1m,12m
2009-12-23,gamma1,2.3225455314641644e-05,6m,1m,12m
2009-12-24,gamma1,4.637953521283544e-05,6m,1m,12m
2009-12-28,gamma1,7.970484694448722e-05,6m,1m,12m
2009-12-29,gamma1,0.00011615820196327553,6m,1m,12m
2009-12-30,gamma1,0.0001368807943301117,6m,1m,12m
2009-12-31,gamma1,0.00016053045251435285,6m,1m,12m
2010-01-04,gamma1,0.00012276025811950106,6m,1m,12m
2010-01-05,gamma1,0.00019676630314253063,6m,1m,12m
2010-01-06,gamma1,0.00020760405971827548,6m,1m,12m
2010-01-07,gamma1,0.0002271416596850629,6m,1m,12m
2010-01-08,gamma1,0.00020185289615416336,6m,1m,12m
2010-01-15,gamma1,5.321749508005596e-05,6m,1m,12m
2010-01-20,gamma1,5.96568971717828e-05,6m,1m,12m
2010-01-21,gamma1,4.571326416037462e-05,6m,1m,12m
2010-01-22,gamma1,5.1455113446502844e-05,6m,1m,12m
2010-01-25,gamma1,0.00011091406270666139,6m,1m,12m
2010-01-26,gamma1,0.00011290880802521696,6m,1m,12m
2010-01-27,gamma1,0.00010378221813739022,6m,1m,12m
2010-01-28,gamma1,0.00013005389214206499,6m,1m,12m
2010-01-29,gamma1,0.00014171480581973996,6m,1m,12m
2010-02-01,gamma1,0.00012158148926774768,6m,1m,12m
2010-02-02,gamma1,0.00012676759491057112,6m,1m,12m
2010-02-03,gamma1,0.00012819056484063784,6m,1m,12m
2010-02-04,gamma1,0.00017620669850829202,6m,1m,12m
2010-02-05,gamma1,0.00014528401281101183,6m,1m,12m
2010-02-08,gamma1,0.0002051226716363492,6m,1m,12m
2010-02-09,gamma1,0.0002154995608751998,6m,1m,12m
2010-02-10,gamma1,0.0001544659082400563,6m,1m,12m
2010-02-11,gamma1,0.0001860541791670582,6m,1m,12m
2010-02-12,gamma1,0.00010853605455731749,6m,1m,12m
2010-02-17,gamma1,0.00012096448432102651,6m,1m,12m
2010-02-18,gamma1,5.619660721168836e-05,6m,1m,12m
2010-02-19,gamma1,6.621103712052915e-05,6m,1m,12m
2010-02-22,gamma1,6.490270308246377e-05,6m,1m,12m
2010-02-23,gamma1,3.506543746198602e-05,6m,1m,12m
2010-02-24,gamma1,5.983921354773153e-05,6m,1m,12m
2010-02-25,gamma1,4.15957950976949e-05,6m,1m,12m
2010-02-26,gamma1,6.361934019166786e-05,6m,1m,12m
2010-03-01,gamma1,4.4314526307952226e-05,6m,1m,12m
2010-03-02,gamma1,5.129250028954778e-05,6m,1m,12m
2010-03-03,gamma1,7.89109587143037e-05,6m,1m,12m
2010-03-04,gamma1,4.541297052117909e-05,6m,1m,12m
2010-03-05,gamma1,7.445989477401026e-05,6m,1m,12m
2010-03-08,gamma1,9.349651084537213e-05,6m,1m,12m
2010-03-09,gamma1,0.00010259465946055707,6m,1m,12m
2010-03-10,gamma1,0.00012218693516496222,6m,1m,12m
2010-03-11,gamma1,9.270842127901698e-05,6m,1m,12m
2010-03-12,gamma1,7.720722600983457e-05,6m,1m,12m
2010-03-15,gamma1,5.305846006619755e-05,6m,1m,12m
2010-03-16,gamma1,8.511759540655279e-05,6m,1m,12m
2010-03-17,gamma1,6.87266358924319e-05,6m,1m,12m
2010-03-18,gamma1,5.5070522862067634e-05,6m,1m,12m
2010-03-19,gamma1,1.868444894889984e-05,6m,1m,12m
2010-03-22,gamma1,1.6845522016786082e-05,6m,1m,12m
2010-03-23,gamma1,6.142780256077613e-05,6m,1m,12m
2010-03-24,gamma1,5.9389088178139456e-05,6m,1m,12m
2010-03-25,gamma1,6.0261489736620545e-05,6m,1m,12m
2010-03-26,gamma1,4.134624220855993e-05,6m,1m,12m
2010-03-29,gamma1,3.5826154299663465e-05,6m,1m,12m
2010-03-30,gamma1,2.710593946924817e-05,6m,1m,12m
2010-03-31,gamma1,2.10251300644323e-05,6m,1m,12m
2010-04-01,gamma1,4.5053089378363526e-05,6m,1m,12m
2010-04-05,gamma1,3.180320348699202e-05,6m,1m,12m
2010-04-06,gamma1,1.8996560298895997e-05,6m,1m,12m
2010-04-07,gamma1,2.6790831220262335e-05,6m,1m,12m
2010-04-08,gamma1,3.097352788803558e-05,6m,1m,12m
2010-04-09,gamma1,1.1874558775338698e-05,6m,1m,12m
2010-04-16,gamma1,7.950065065448316e-06,6m,1m,12m
2010-04-21,gamma1,3.3944969092202578e-06,6m,1m,12m
2010-04-22,gamma1,3.7154534632309964e-05,6m,1m,12m
2010-04-23,gamma1,5.5102768454706296e-05,6m,1m,12m
2010-04-26,gamma1,6.295818862042253e-05,6m,1m,12m
2010-04-27,gamma1,-3.822979802076037e-05,6m,1m,12m
2010-04-28,gamma1,-5.0706731510601285e-05,6m,1m,12m
2010-04-29,gamma1,9.50527181834402e-06,6m,1m,12m
2010-04-30,gamma1,2.9729036077460053e-05,6m,1m,12m
2010-05-03,gamma1,2.29857196838693e-05,6m,1m,12m
2010-05-04,gamma1,-1.3876079925873439e-05,6m,1m,12m
2010-05-05,gamma1,9.758111360208219e-06,6m,1m,12m
2010-05-06,gamma1,-1.560609642569018e-05,6m,1m,12m
2010-05-07,gamma1,-3.812672881886513e-05,6m,1m,12m
2010-05-10,gamma1,8.753276695440877e-05,6m,1m,12m
2010-05-11,gamma1,0.00015029751156588061,6m,1m,12m
2010-05-12,gamma1,0.0001111586802809456,6m,1m,12m
2010-05-13,gamma1,0.00015502842833301807,6m,1m,12m
2010-05-14,gamma1,0.0001165129768163103,6m,1m,12m
2010-05-19,gamma1,8.900046451052021e-05,6m,1m,12m
2010-05-20,gamma1,0.00013737700589805494,6m,1m,12m
2010-05-21,gamma1,0.0002164088444808203,6m,1m,12m
2010-05-24,gamma1,7.978688548996607e-05,6m,1m,12m
2010-05-25,gamma1,0.00011222440190259084,6m,1m,12m
2010-05-26,gamma1,0.00014249866886210564,6m,1m,12m
2010-05-27,gamma1,0.0001477997400289003,6m,1m,12m
2010-05-28,gamma1,0.00015673929038540773,6m,1m,12m
2010-06-01,gamma1,0.00021671050190321542,6m,1m,12m
2010-06-02,gamma1,0.00014387249364099694,6m,1m,12m
2010-06-03,gamma1,0.00018631226476147064,6m,1m,12m
2010-06-04,gamma1,0.00013247961390175662,6m,1m,12m
2010-06-07,gamma1,0.00017344355026955232,6m,1m,12m
2010-06-08,gamma1,8.156003552953066e-05,6m,1m,12m
2010-06-09,gamma1,0.00014618410660568372,6m,1m,12m
2010-06-10,gamma1,0.00015238940724901517,6m,1m,12m
2010-06-11,gamma1,0.00017132654476785107,6m,1m,12m
2010-06-14,gamma1,0.0001830258587769501,6m,1m,12m
2010-06-15,gamma1,0.00016802853889049432,6m,1m,12m
2010-06-16,gamma1,8.927982106803136e-05,6m,1m,12m
2010-06-17,gamma1,8.132890557313645e-05,6m,1m,12m
2010-06-18,gamma1,7.255734630765527e-05,6m,1m,12m
2010-06-21,gamma1,0.00012845699707598424,6m,1m,12m
2010-06-22,gamma1,0.00017604656564529952,6m,1m,12m
2010-06-23,gamma1,0.000157478756498603,6m,1m,12m
2010-06-24,gamma1,0.0001626460116448285,6m,1m,12m
2010-06-25,gamma1,0.00017094677334066294,6m,1m,12m
2010-06-28,gamma1,0.00013062277127782768,6m,1m,12m
2010-06-29,gamma1,0.00010749594811254273,6m,1m,12m
2010-06-30,gamma1,0.00017068525752339774,6m,1m,12m
2010-07-01,gamma1,0.0002102430735892162,6m,1m,12m
2010-07-02,gamma1,0.00022441664311741784,6m,1m,12m
2010-07-06,gamma1,0.00015395613851616177,6m,1m,12m
2010-07-07,gamma1,0.00017318415941965833,6m,1m,12m
2010-07-08,gamma1,0.00019290636994542516,6m,1m,12m
2010-07-09,gamma1,0.00012168299165677436,6m,1m,12m
2010-07-16,gamma1,7.778844708194755e-05,6m,1m,12m
2010-07-21,gamma1,4.7379988543428154e-05,6m,1m,12m
2010-07-22,gamma1,1.7468939894878293e-05,6m,1m,12m
2010-07-23,gamma1,1.0602302970110769e-05,6m,1m,12m
2010-07-26,gamma1,3.6494725686641224e-05,6m,1m,12m
2010-07-27,gamma1,1.4660945411417858e-05,6m,1m,12m
2010-07-28,gamma1,-9.79421741254006e-07,6m,1m,12m
2010-07-29,gamma1,2.6806272585929577e-05,6m,1m,12m
2010-07-30,gamma1,3.53211135386285e-05,6m,1m,12m
2010-08-02,gamma1,0.00010521468549920465,6m,1m,12m
2010-08-03,gamma1,0.00010790354209562329,6m,1m,12m
2010-08-04,gamma1,6.034858163355086e-05,6m,1m,12m
2010-08-05,gamma1,5.9857356912298354e-05,6m,1m,12m
2010-08-06,gamma1,7.291707151597625e-05,6m,1m,12m
2010-08-09,gamma1,7.051525475492295e-05,6m,1m,12m
2010-08-10,gamma1,6.402259813165742e-05,6m,1m,12m
2010-08-11,gamma1,9.220687521338777e-05,6m,1m,12m
2010-08-12,gamma1,0.00010512241901195156,6m,1m,12m
2010-08-13,gamma1,9.559676577584116e-05,6m,1m,12m
2010-08-18,gamma1,0.00014548061833989033,6m,1m,12m
2010-08-19,gamma1,0.00015171830178318315,6m,1m,12m
2010-08-20,gamma1,0.000128584211739712,6m,1m,12m
2010-08-23,gamma1,0.00011085834197520766,6m,1m,12m
2010-08-24,gamma1,0.0001113212969954435,6m,1m,12m
2010-08-25,gamma1,0.00015203099322816442,6m,1m,12m
2010-08-26,gamma1,0.00015799209763095768,6m,1m,12m
2010-08-27,gamma1,0.00015071352971524255,6m,1m,12m
2010-08-30,gamma1,0.0001632069205951934,6m,1m,12m
2010-08-31,gamma1,0.00013583901003325346,6m,1m,12m
2010-09-01,gamma1,0.00014639477777424932,6m,1m,12m
2010-09-02,gamma1,0.0001962665471379718,6m,1m,12m
2010-09-03,gamma1,0.00018984717328589915,6m,1m,12m
2010-09-07,gamma1,0.0001832003770356202,6m,1m,12m
2010-09-08,gamma1,0.0001862812620399489,6m,1m,12m
2010-09-09,gamma1,0.00013955672537328362,6m,1m,12m
2010-09-10,gamma1,0.00018164954010910846,6m,1m,12m
2010-09-13,gamma1,0.00015342394619599343,6m,1m,12m
2010-09-14,gamma1,0.0001608812554110215,6m,1m,12m
2010-09-15,gamma1,0.00014458879244275662,6m,1m,12m
2010-09-16,gamma1,0.00015593783019185055,6m,1m,12m
2010-09-17,gamma1,0.00012514817123523937,6m,1m,12m
2010-09-20,gamma1,0.00010732216605972047,6m,1m,12m
2010-09-21,gamma1,0.00010302566978218949,6m,1m,12m
2010-09-22,gamma1,9.49422739593026e-05,6m,1m,12m
2010-09-23,gamma1,9.742190578562847e-05,6m,1m,12m
2010-09-24,gamma1,7.038113487130111e-05,6m,1m,12m
2010-09-27,gamma1,0.00011322951213514599,6m,1m,12m
2010-09-28,gamma1,0.0001299323741869644,6m,1m,12m
2010-09-29,gamma1,0.00012808126730004472,6m,1m,12m
2010-09-30,gamma1,0.00013322214363228064,6m,1m,12m
2010-10-01,gamma1,0.0001604186464530846,6m,1m,12m
2010-10-04,gamma1,0.0001748717209969522,6m,1m,12m
2010-10-05,gamma1,0.0002066507751329486,6m,1m,12m
2010-10-06,gamma1,0.0002050417048362689,6m,1m,12m
2010-10-07,gamma1,0.00017248941545361268,6m,1m,12m
2010-10-08,gamma1,0.00017442618427613877,6m,1m,12m
2010-10-14,gamma1,0.00011925115069065108,6m,1m,12m
2010-10-15,gamma1,9.637993585128092e-05,6m,1m,12m
2010-10-20,gamma1,7.174924837894371e-05,6m,1m,12m
2010-10-21,gamma1,7.504228133338894e-05,6m,1m,12m
2010-10-22,gamma1,6.48538507761971e-05,6m,1m,12m
2010-10-25,gamma1,4.852533923507503e-05,6m,1m,12m
2010-10-26,gamma1,9.926693129460646e-06,6m,1m,12m
2010-10-27,gamma1,5.439608867235191e-05,6m,1m,12m
2010-10-28,gamma1,3.86857444069836e-05,6m,1m,12m
2010-10-29,gamma1,5.619407360711817e-05,6m,1m,12m
2010-11-01,gamma1,4.07536073194608e-05,6m,1m,12m
2010-11-02,gamma1,5.22069341799946e-05,6m,1m,12m
2010-11-03,gamma1,4.904559309553871e-05,6m,1m,12m
2010-11-04,gamma1,2.824726573401532e-05,6m,1m,12m
2010-11-05,gamma1,0.00011492922619439597,6m,1m,12m
2010-11-08,gamma1,0.00010603907447161624,6m,1m,12m
2010-11-09,gamma1,8.404858236427142e-05,6m,1m,12m
2010-11-10,gamma1,6.192259687112163e-05,6m,1m,12m
2010-11-11,gamma1,5.099488874166058e-05,6m,1m,12m
2010-11-12,gamma1,5.943015851717807e-05,6m,1m,12m
2010-11-17,gamma1,-1.7697374127821707e-05,6m,1m,12m
2010-11-18,gamma1,4.939613948532609e-05,6m,1m,12m
2010-11-19,gamma1,3.943107325026999e-05,6m,1m,12m
2010-11-22,gamma1,6.683775976313889e-05,6m,1m,12m
2010-11-23,gamma1,8.003269441474636e-05,6m,1m,12m
2010-11-24,gamma1,6.151172618654369e-05,6m,1m,12m
2010-11-26,gamma1,4.341621314959397e-05,6m,1m,12m
2010-11-29,gamma1,6.564534547585796e-05,6m,1m,12m
2010-11-30,gamma1,6.325823175390487e-05,6m,1m,12m
2010-12-01,gamma1,9.028954705684862e-05,6m,1m,12m
2010-12-02,gamma1,0.0001294129101374238,6m,1m,12m
2010-12-03,gamma1,7.339527120978393e-05,6m,1m,12m
2010-12-06,gamma1,8.601861573980566e-05,6m,1m,12m
2010-12-07,gamma1,9.671063466555106e-05,6m,1m,12m
2010-12-08,gamma1,5.983018718084644e-05,6m,1m,12m
2010-12-09,gamma1,5.835745848404788e-05,6m,1m,12m
2010-12-10,gamma1,5.102899234329884e-05,6m,1m,12m
2010-12-13,gamma1,9.509604723087326e-05,6m,1m,12m
2010-12-14,gamma1,5.911891171522683e-05,6m,1m,12m
2010-12-15,gamma1,7.065939911424499e-05,6m,1m,12m
2010-12-16,gamma1,6.807151331383293e-05,6m,1m,12m
2010-12-17,gamma1,7.354279292695029e-05,6m,1m,12m
2010-12-20,gamma1,8.72065695786811e-05,6m,1m,12m
2010-12-21,gamma1,9.600000240501189e-05,6m,1m,12m
2010-12-22,gamma1,8.389107106321545e-05,6m,1m,12m
2010-12-23,gamma1,8.624949467844203e-05,6m,1m,12m
2010-12-27,gamma1,0.00012080673027704437,6m,1m,12m
2010-12-28,gamma1,0.00013893226566059436,6m,1m,12m
2010-12-29,gamma1,9.826362907816031e-05,6m,1m,12m
2010-12-30,gamma1,0.00012995521267435625,6m,1m,12m
2010-12-31,gamma1,0.00010332172357021387,6m,1m,12m
2011-01-03,gamma1,0.0001438132201179303,6m,1m,12m
2011-01-04,gamma1,0.00011999296819160951,6m,1m,12m
2011-01-05,gamma1,0.00013133253592545387,6m,1m,12m
2011-01-06,gamma1,0.00013364434043314398,6m,1m,12m
2011-01-07,gamma1,0.00012723108621092675,6m,1m,12m
2011-01-10,gamma1,0.00014058525565234254,6m,1m,12m
2011-01-11,gamma1,0.0001256914003932522,6m,1m,12m
2011-01-12,gamma1,0.00011919502011506497,6m,1m,12m
2011-01-13,gamma1,0.00013213930490181745,6m,1m,12m
2011-01-14,gamma1,7.159427648862596e-05,6m,1m,12m
2011-01-19,gamma1,8.53345408397497e-05,6m,1m,12m
2011-01-20,gamma1,7.897184161583238e-05,6m,1m,12m
2011-01-21,gamma1,5.123180657847212e-05,6m,1m,12m
2011-01-24,gamma1,2.235427988029556e-05,6m,1m,12m
2011-01-25,gamma1,2.6751446269811512e-05,6m,1m,12m
2011-01-26,gamma1,5.740065128356832e-05,6m,1m,12m
2011-01-27,gamma1,3.8134973742015525e-05,6m,1m,12m
2011-01-28,gamma1,9.787828728690892e-06,6m,1m,12m
2011-01-31,gamma1,1.0571868656192547e-05,6m,1m,12m
2011-02-01,gamma1,0.00011428514408868296,6m,1m,12m
2011-02-02,gamma1,6.599935997693143e-05,6m,1m,12m
2011-02-03,gamma1,8.185324113427401e-05,6m,1m,12m
2011-02-04,gamma1,4.6950810769266614e-05,6m,1m,12m
2011-02-07,gamma1,6.571303070892484e-05,6m,1m,12m
2011-02-08,gamma1,5.591972866863736e-05,6m,1m,12m
2011-02-09,gamma1,5.42647749406923e-05,6m,1m,12m
2011-02-10,gamma1,5.595362684442516e-05,6m,1m,12m
2011-02-11,gamma1,4.6906480247968456e-05,6m,1m,12m
2011-02-16,gamma1,3.354213119999839e-05,6m,1m,12m
2011-02-17,gamma1,4.935935914962899e-05,6m,1m,12m
2011-02-18,gamma1,1.8810777763439732e-06,6m,1m,12m
2011-02-22,gamma1,8.215603011504491e-06,6m,1m,12m
2011-02-23,gamma1,-1.1649604182520715e-05,6m,1m,12m
2011-02-24,gamma1,-1.6859715733341215e-05,6m,1m,12m
2011-02-25,gamma1,-1.3794522014896269e-05,6m,1m,12m
2011-02-28,gamma1,-2.9988154461383284e-06,6m,1m,12m
2011-03-01,gamma1,1.9349483522444672e-05,6m,1m,12m
2011-03-02,gamma1,-3.1904723013014433e-05,6m,1m,12m
2011-03-03,gamma1,-3.6642249482046356e-05,6m,1m,12m
2011-03-04,gamma1,-2.6598962769761306e-05,6m,1m,12m
2011-03-07,gamma1,-5.664974394850002e-06,6m,1m,12m
2011-03-08,gamma1,-3.543047399689674e-05,6m,1m,12m
2011-03-09,gamma1,-3.6424469053065054e-05,6m,1m,12m
2011-03-10,gamma1,5.208364256873312e-05,6m,1m,12m
2011-03-11,gamma1,-1.3897808906001642e-05,6m,1m,12m
2011-03-14,gamma1,3.0062774941305785e-05,6m,1m,12m
2011-03-15,gamma1,1.1615499575105754e-05,6m,1m,12m
2011-03-16,gamma1,-8.324437483223633e-05,6m,1m,12m
2011-03-17,gamma1,-5.3612114484360076e-05,6m,1m,12m
2011-03-18,gamma1,-0.00010369754035500475,6m,1m,12m
2011-03-21,gamma1,4.435846980805815e-05,6m,1m,12m
2011-03-22,gamma1,2.760514315553613e-05,6m,1m,12m
2011-03-23,gamma1,8.552486223678604e-05,6m,1m,12m
2011-03-24,gamma1,7.296480270767511e-05,6m,1m,12m
2011-03-25,gamma1,-2.0438472076553856e-05,6m,1m,12m
2011-03-28,gamma1,1.0379572610120503e-05,6m,1m,12m
2011-03-29,gamma1,-1.5050885520088815e-05,6m,1m,12m
2011-03-30,gamma1,9.219061907239142e-06,6m,1m,12m
2011-03-31,gamma1,8.079996387649985e-06,6m,1m,12m
2011-04-01,gamma1,-2.79919296316585e-05,6m,1m,12m
2011-04-04,gamma1,-2.7183450337078596e-05,6m,1m,12m
2011-04-05,gamma1,-2.265307339255263e-05,6m,1m,12m
2011-04-06,gamma1,2.2800840506061545e-06,6m,1m,12m
2011-04-07,gamma1,-8.745850796547605e-07,6m,1m,12m
2011-04-08,gamma1,-1.8401387381225556e-06,6m,1m,12m
2011-04-14,gamma1,-2.2596488092610608e-05,6m,1m,12m
2011-04-20,gamma1,1.226404488356185e-06,6m,1m,12m
2011-04-21,gamma1,-8.716005654204934e-06,6m,1m,12m
2011-04-25,gamma1,3.6141237306190627e-06,6m,1m,12m
2011-04-26,gamma1,6.6058556923325175e-06,6m,1m,12m
2011-04-27,gamma1,5.316955239396699e-07,6m,1m,12m
2011-04-28,gamma1,2.116824428641009e-05,6m,1m,12m
2011-04-29,gamma1,2.526958436429945e-05,6m,1m,12m
2011-05-02,gamma1,1.0279069583658064e-05,6m,1m,12m
2011-05-03,gamma1,-1.9635872745929814e-05,6m,1m,12m
2011-05-04,gamma1,-1.0426808479919417e-05,6m,1m,12m
2011-05-05,gamma1,-3.027348109160707e-05,6m,1m,12m
2011-05-06,gamma1,-4.644120350576049e-05,6m,1m,12m
2011-05-09,gamma1,-2.235166298761784e-05,6m,1m,12m
2011-05-10,gamma1,-1.9642026584264076e-05,6m,1m,12m
2011-05-11,gamma1,-1.8188651224144915e-05,6m,1m,12m
2011-05-12,gamma1,-1.5731343254255412e-05,6m,1m,12m
2011-05-13,gamma1,-1.4138326349154327e-05,6m,1m,12m
2011-05-18,gamma1,-1.361680168690695e-05,6m,1m,12m
2011-05-19,gamma1,-2.5625950178772946e-05,6m,1m,12m
2011-05-20,gamma1,-3.6519509668127005e-05,6m,1m,12m
2011-05-23,gamma1,1.12351267659058e-05,6m,1m,12m
2011-05-24,gamma1,4.087691932568279e-06,6m,1m,12m
2011-05-25,gamma1,4.1127379858362844e-05,6m,1m,12m
2011-05-26,gamma1,8.214278726791342e-06,6m,1m,12m
2011-05-27,gamma1,1.0433425736801763e-05,6m,1m,12m
2011-05-31,gamma1,1.0357179224517744e-05,6m,1m,12m
2011-06-01,gamma1,-2.8752399574830748e-05,6m,1m,12m
2011-06-02,gamma1,-6.739962005613283e-05,6m,1m,12m
2011-06-03,gamma1,-5.003893884420489e-06,6m,1m,12m
2011-06-06,gamma1,0.00017539867033898593,6m,1m,12m
2011-06-07,gamma1,0.00010999592194720848,6m,1m,12m
2011-06-08,gamma1,0.00015597711411496933,6m,1m,12m
2011-06-09,gamma1,4.4222890668575315e-05,6m,1m,12m
2011-06-10,gamma1,7.89780447456721e-05,6m,1m,12m
2011-06-13,gamma1,9.031389284578083e-05,6m,1m,12m
2011-06-14,gamma1,8.34937977814512e-06,6m,1m,12m
2011-06-15,gamma1,-0.00012833919756002592,6m,1m,12m
2011-06-16,gamma1,-4.657857347683396e-05,6m,1m,12m
2011-06-17,gamma1,0.00011335159837134045,6m,1m,12m
2011-06-20,gamma1,9.275075909220045e-05,6m,1m,12m
2011-06-21,gamma1,8.386061217610878e-05,6m,1m,12m
2011-06-22,gamma1,2.655368193739687e-05,6m,1m,12m
2011-06-23,gamma1,4.69079057311262e-05,6m,1m,12m
2011-06-24,gamma1,9.462063099110508e-05,6m,1m,12m
2011-06-27,gamma1,3.9492229203633606e-05,6m,1m,12m
2011-06-28,gamma1,3.886017857030699e-05,6m,1m,12m
2011-06-29,gamma1,4.606751356031134e-05,6m,1m,12m
2011-06-30,gamma1,0.0001130717529038195,6m,1m,12m
2011-07-01,gamma1,0.00011874296719650309,6m,1m,12m
2011-07-05,gamma1,7.664352585085523e-05,6m,1m,12m
2011-07-06,gamma1,6.0379204634395074e-05,6m,1m,12m
2011-07-07,gamma1,0.00012014690075269438,6m,1m,12m
2011-07-08,gamma1,8.055760289000739e-05,6m,1m,12m
2011-07-14,gamma1,3.930875006538297e-05,6m,1m,12m
2011-07-15,gamma1,-0.00012606439639894834,6m,1m,12m
2011-07-20,gamma1,4.492964758313623e-05,6m,1m,12m
2011-07-21,gamma1,4.490174412910776e-05,6m,1m,12m
2011-07-22,gamma1,6.24261333872528e-05,6m,1m,12m
2011-07-25,gamma1,2.1621837782835176e-05,6m,1m,12m
2011-07-26,gamma1,3.5709771788058755e-05,6m,1m,12m
2011-07-27,gamma1,1.9430735788748704e-05,6m,1m,12m
2011-07-28,gamma1,2.049092232286101e-06,6m,1m,12m
2011-07-29,gamma1,1.8522612311125045e-05,6m,1m,12m
2011-08-01,gamma1,6.567017589449489e-05,6m,1m,12m
2011-08-02,gamma1,9.212198877434568e-05,6m,1m,12m
2011-08-03,gamma1,6.847300656110267e-05,6m,1m,12m
2011-08-04,gamma1,3.290253504022044e-05,6m,1m,12m
2011-08-05,gamma1,4.359281374811454e-05,6m,1m,12m
2011-08-08,gamma1,1.748854280175468e-05,6m,1m,12m
2011-08-09,gamma1,5.110994205743095e-05,6m,1m,12m
2011-08-10,gamma1,6.618731799750652e-05,6m,1m,12m
2011-08-11,gamma1,9.901936071180466e-05,6m,1m,12m
2011-08-12,gamma1,8.332962867517759e-05,6m,1m,12m
2011-08-17,gamma1,6.575129856421254e-05,6m,1m,12m
2011-08-18,gamma1,3.8956311185695136e-05,6m,1m,12m
2011-08-19,gamma1,2.3421837205036544e-05,6m,1m,12m
2011-08-22,gamma1,6.197758139825932e-05,6m,1m,12m
2011-08-23,gamma1,3.0479775287812035e-05,6m,1m,12m
2011-08-24,gamma1,2.2307486672473454e-05,6m,1m,12m
2011-08-25,gamma1,6.329151105103736e-05,6m,1m,12m
2011-08-26,gamma1,4.3804907473874334e-05,6m,1m,12m
2011-08-29,gamma1,5.9011721069294444e-05,6m,1m,12m
2011-08-30,gamma1,8.248867606937446e-05,6m,1m,12m
2011-08-31,gamma1,7.445308879576662e-05,6m,1m,12m
2011-09-01,gamma1,7.574928465694261e-05,6m,1m,12m
2011-09-02,gamma1,9.044218956974799e-05,6m,1m,12m
2011-09-06,gamma1,8.622409060506164e-05,6m,1m,12m
2011-09-07,gamma1,6.763962941053784e-05,6m,1m,12m
2011-09-08,gamma1,0.00010120935271840003,6m,1m,12m
2011-09-09,gamma1,7.597002079582762e-05,6m,1m,12m
2011-09-12,gamma1,8.757452576026067e-05,6m,1m,12m
2011-09-13,gamma1,0.00011370644428575642,6m,1m,12m
2011-09-14,gamma1,0.00012207076830799606,6m,1m,12m
2011-09-15,gamma1,6.039639375280251e-05,6m,1m,12m
2011-09-16,gamma1,3.259025121055289e-05,6m,1m,12m
2011-09-19,gamma1,5.0992822250312565e-05,6m,1m,12m
2011-09-20,gamma1,3.320349263564731e-05,6m,1m,12m
2011-09-21,gamma1,1.1392646326135517e-05,6m,1m,12m
2011-09-22,gamma1,1.0130011925557838e-05,6m,1m,12m
2011-09-23,gamma1,0.00010585606929460828,6m,1m,12m
2011-09-26,gamma1,8.451883221027805e-05,6m,1m,12m
2011-09-27,gamma1,7.557236608781413e-05,6m,1m,12m
2011-09-28,gamma1,8.042453549755613e-05,6m,1m,12m
2011-09-29,gamma1,7.172353433128824e-05,6m,1m,12m
2011-09-30,gamma1,0.00013098815211809222,6m,1m,12m
2011-10-03,gamma1,0.00016778070793506072,6m,1m,12m
2011-10-04,gamma1,0.0001615638193329418,6m,1m,12m
2011-10-05,gamma1,0.0001509227803944213,6m,1m,12m
2011-10-06,gamma1,8.748568351430445e-05,6m,1m,12m
2011-10-07,gamma1,6.300382553211636e-05,6m,1m,12m
2011-10-10,gamma1,5.203458413168885e-05,6m,1m,12m
2011-10-11,gamma1,7.15630684933325e-05,6m,1m,12m
2011-10-12,gamma1,7.024283913615941e-05,6m,1m,12m
2011-10-13,gamma1,-4.234994219660837e-06,6m,1m,12m
2011-10-14,gamma1,-3.909714282805986e-05,6m,1m,12m
2011-10-19,gamma1,1.944506779102621e-05,6m,1m,12m
2011-10-20,gamma1,-0.000150940341681738,6m,1m,12m
2011-10-21,gamma1,3.913674257602186e-05,6m,1m,12m
2011-10-24,gamma1,4.215683349133676e-05,6m,1m,12m
2011-10-25,gamma1,8.34108625436647e-06,6m,1m,12m
2011-10-26,gamma1,1.7539456449693454e-05,6m,1m,12m
2011-10-27,gamma1,5.462920125045247e-05,6m,1m,12m
2011-10-28,gamma1,9.173086966535058e-05,6m,1m,12m
2011-10-31,gamma1,4.9723843662687045e-05,6m,1m,12m
2011-11-01,gamma1,5.340429301251218e-05,6m,1m,12m
2011-11-02,gamma1,7.20594252528577e-05,6m,1m,12m
2011-11-03,gamma1,8.761031109240154e-05,6m,1m,12m
2011-11-04,gamma1,7.135788331436501e-05,6m,1m,12m
2011-11-07,gamma1,5.164161235368497e-05,6m,1m,12m
2011-11-08,gamma1,0.00010632875553696353,6m,1m,12m
2011-11-09,gamma1,6.993217802841126e-05,6m,1m,12m
2011-11-10,gamma1,0.00012955349758682412,6m,1m,12m
2011-11-11,gamma1,0.00012496973356845807,6m,1m,12m
2011-11-16,gamma1,0.00010009878983663277,6m,1m,12m
2011-11-17,gamma1,9.478860296838827e-05,6m,1m,12m
2011-11-18,gamma1,0.00013762073884966052,6m,1m,12m
2011-11-21,gamma1,0.0001480054608520497,6m,1m,12m
2011-11-22,gamma1,0.0001396795476563915,6m,1m,12m
2011-11-23,gamma1,0.00011447636983675135,6m,1m,12m
2011-11-25,gamma1,6.895318532450985e-05,6m,1m,12m
2011-11-28,gamma1,4.1023814217789074e-05,6m,1m,12m
2011-11-29,gamma1,7.522638047074696e-05,6m,1m,12m
2011-11-30,gamma1,0.00015850154752521984,6m,1m,12m
2011-12-01,gamma1,5.0536411251191425e-05,6m,1m,12m
2011-12-02,gamma1,2.373428972369779e-05,6m,1m,12m
2011-12-05,gamma1,4.450835971995761e-05,6m,1m,12m
2011-12-06,gamma1,9.765070654614883e-05,6m,1m,12m
2011-12-07,gamma1,9.219219726237506e-05,6m,1m,12m
2011-12-08,gamma1,7.364745085047183e-05,6m,1m,12m
2011-12-09,gamma1,6.293548602104163e-05,6m,1m,12m
2011-12-12,gamma1,4.979802214256616e-05,6m,1m,12m
2011-12-13,gamma1,0.000102669411499404,6m,1m,12m
2011-12-14,gamma1,0.0001002331974461373,6m,1m,12m
2011-12-15,gamma1,0.00011760937130808041,6m,1m,12m
2011-12-16,gamma1,9.95426076563722e-05,6m,1m,12m
2011-12-19,gamma1,2.3505334139061342e-05,6m,1m,12m
2011-12-20,gamma1,4.244844659715375e-05,6m,1m,12m
2011-12-21,gamma1,0.00010796293627405675,6m,1m,12m
2011-12-22,gamma1,9.826712201685791e-05,6m,1m,12m
2011-12-23,gamma1,5.210485395254526e-05,6m,1m,12m
2011-12-27,gamma1,8.072131956728494e-05,6m,1m,12m
2011-12-28,gamma1,9.325542658560809e-05,6m,1m,12m
2011-12-29,gamma1,9.82020701286171e-05,6m,1m,12m
2011-12-30,gamma1,9.863032714921832e-05,6m,1m,12m
2012-01-03,gamma1,0.00011014816948762218,6m,1m,12m
2012-01-04,gamma1,0.00012195102465856422,6m,1m,12m
2012-01-05,gamma1,0.00011407712438711911,6m,1m,12m
2012-01-06,gamma1,0.00014979410655795226,6m,1m,12m
2012-01-09,gamma1,0.00012368869834260423,6m,1m,12m
2012-01-10,gamma1,0.00011664410543410976,6m,1m,12m
2012-01-11,gamma1,9.674405558850539e-05,6m,1m,12m
2012-01-12,gamma1,9.930689408068807e-05,6m,1m,12m
2012-01-13,gamma1,8.83428681417651e-05,6m,1m,12m
2012-01-18,gamma1,4.4055686986292435e-05,6m,1m,12m
2012-01-19,gamma1,5.264038064513581e-05,6m,1m,12m
2012-01-20,gamma1,7.261853863774013e-05,6m,1m,12m
2012-01-23,gamma1,0.00010480934978899183,6m,1m,12m
2012-01-24,gamma1,7.44606632674112e-05,6m,1m,12m
2012-01-25,gamma1,9.393207420799695e-05,6m,1m,12m
2012-01-26,gamma1,0.00010338134405322793,6m,1m,12m
2012-01-27,gamma1,0.00011189237829214279,6m,1m,12m
2012-01-30,gamma1,6.956816614973253e-05,6m,1m,12m
2012-01-31,gamma1,9.837977081613011e-05,6m,1m,12m
2012-02-01,gamma1,8.642316505730114e-05,6m,1m,12m
2012-02-02,gamma1,9.875652691587385e-05,6m,1m,12m
2012-02-03,gamma1,0.00010414825356099937,6m,1m,12m
2012-02-06,gamma1,9.694871387321162e-05,6m,1m,12m
2012-02-07,gamma1,8.986534183933719e-05,6m,1m,12m
2012-02-08,gamma1,8.002099971118011e-05,6m,1m,12m
2012-02-09,gamma1,5.4138950390817384e-05,6m,1m,12m
2012-02-10,gamma1,6.302595038226094e-05,6m,1m,12m
2012-02-15,gamma1,8.838723939396512e-05,6m,1m,12m
2012-02-16,gamma1,9.712874787960358e-05,6m,1m,12m
2012-02-17,gamma1,9.498366949454069e-05,6m,1m,12m
2012-02-21,gamma1,0.00011260156995942326,6m,1m,12m
2012-02-22,gamma1,0.00014095174931214946,6m,1m,12m
2012-02-23,gamma1,0.0001459373275387272,6m,1m,12m
2012-02-24,gamma1,0.0001151977857774053,6m,1m,12m
2012-02-27,gamma1,0.0001580749250636566,6m,1m,12m
2012-02-28,gamma1,0.00014734919145323273,6m,1m,12m
2012-02-29,gamma1,0.00011283672031327458,6m,1m,12m
2012-03-01,gamma1,0.00012824283833759827,6m,1m,12m
2012-03-02,gamma1,0.00015493823623141082,6m,1m,12m
2012-03-05,gamma1,0.00016794764649930252,6m,1m,12m
2012-03-06,gamma1,0.00017396916472718198,6m,1m,12m
2012-03-07,gamma1,0.0001021377549666404,6m,1m,12m
2012-03-08,gamma1,0.0001327928279118572,6m,1m,12m
2012-03-09,gamma1,0.0001506628878249614,6m,1m,12m
2012-03-12,gamma1,0.00013759330357802265,6m,1m,12m
2012-03-13,gamma1,0.00010832740356764978,6m,1m,12m
2012-03-14,gamma1,0.00014647691300541445,6m,1m,12m
2012-03-15,gamma1,0.00011649945987404498,6m,1m,12m
2012-03-16,gamma1,0.00012095794781218425,6m,1m,12m
2012-03-19,gamma1,0.00012819003176620813,6m,1m,12m
2012-03-20,gamma1,0.00011354318036939772,6m,1m,12m
2012-03-21,gamma1,0.00011061775825470172,6m,1m,12m
2012-03-22,gamma1,7.899278908677344e-05,6m,1m,12m
2012-03-23,gamma1,0.00011157654640700095,6m,1m,12m
2012-03-26,gamma1,5.91425997466842e-05,6m,1m,12m
2012-03-27,gamma1,0.00011333977301389537,6m,1m,12m
2012-03-28,gamma1,0.00012176191837219521,6m,1m,12m
2012-03-29,gamma1,0.00013474847428696497,6m,1m,12m
2012-03-30,gamma1,9.326080269679342e-05,6m,1m,12m
2012-04-02,gamma1,0.0001397401375853319,6m,1m,12m
2012-04-03,gamma1,0.00013971180363047252,6m,1m,12m
2012-04-04,gamma1,0.00013251537842669126,6m,1m,12m
2012-04-05,gamma1,0.00012486470675210479,6m,1m,12m
2012-04-09,gamma1,0.00012225146361175172,6m,1m,12m
2012-04-10,gamma1,9.53286889684544e-05,6m,1m,12m
2012-04-11,gamma1,0.00010592728339737049,6m,1m,12m
2012-04-12,gamma1,9.604453243203332e-05,6m,1m,12m
2012-04-13,gamma1,8.674749568311851e-05,6m,1m,12m
2012-04-18,gamma1,0.00010677983318979557,6m,1m,12m
2012-04-19,gamma1,8.77874817417827e-05,6m,1m,12m
2012-04-20,gamma1,9.528578501583727e-05,6m,1m,12m
2012-04-23,gamma1,0.00013765880004679238,6m,1m,12m
2012-04-24,gamma1,0.00017456007958584362,6m,1m,12m
2012-04-25,gamma1,0.00016475321664419693,6m,1m,12m
2012-04-26,gamma1,0.00017730658817239882,6m,1m,12m
2012-04-27,gamma1,0.0001541963657642533,6m,1m,12m
2012-04-30,gamma1,0.00015754881357502,6m,1m,12m
2012-05-01,gamma1,0.0001295684218416009,6m,1m,12m
2012-05-02,gamma1,0.0001375566321228819,6m,1m,12m
2012-05-03,gamma1,0.00010795105501379288,6m,1m,12m
2012-05-04,gamma1,0.0001030015969353558,6m,1m,12m
2012-05-07,gamma1,0.00013656076865471766,6m,1m,12m
2012-05-08,gamma1,0.00015823429534369198,6m,1m,12m
2012-05-09,gamma1,0.0001581980053033648,6m,1m,12m
2012-05-10,gamma1,0.0001018462176419876,6m,1m,12m
2012-05-11,gamma1,0.00013108805062240169,6m,1m,12m
2012-05-16,gamma1,0.00010754176952821142,6m,1m,12m
2012-05-17,gamma1,0.00011675717774739896,6m,1m,12m
2012-05-18,gamma1,0.00010509055741833969,6m,1m,12m
2012-05-21,gamma1,0.00010613425001097051,6m,1m,12m
2012-05-22,gamma1,0.00014942477776820677,6m,1m,12m
2012-05-23,gamma1,0.00015527345457751516,6m,1m,12m
2012-05-24,gamma1,0.0001303742946424149,6m,1m,12m
2012-05-25,gamma1,0.00011009631452145287,6m,1m,12m
2012-05-29,gamma1,0.00010835142325674213,6m,1m,12m
2012-05-30,gamma1,0.00012020844135213385,6m,1m,12m
2012-05-31,gamma1,0.0001317418495598823,6m,1m,12m
2012-06-01,gamma1,0.00022732250918189661,6m,1m,12m
2012-06-04,gamma1,0.00020341261184858754,6m,1m,12m
2012-06-05,gamma1,0.00024769331755599745,6m,1m,12m
2012-06-06,gamma1,0.00019458760484395758,6m,1m,12m
2012-06-07,gamma1,0.00018347181184202567,6m,1m,12m
2012-06-08,gamma1,0.0001254802024698398,6m,1m,12m
2012-06-11,gamma1,0.00018034006524004356,6m,1m,12m
2012-06-12,gamma1,0.00016215619308334087,6m,1m,12m
2012-06-13,gamma1,0.00011493880354228413,6m,1m,12m
2012-06-14,gamma1,0.00010870480888412816,6m,1m,12m
2012-06-15,gamma1,0.00016049447952641747,6m,1m,12m
2012-06-18,gamma1,0.0001050073538556158,6m,1m,12m
2012-06-19,gamma1,0.00010759220558524088,6m,1m,12m
2012-06-20,gamma1,9.618483508684416e-05,6m,1m,12m
2012-06-21,gamma1,9.185458915346307e-05,6m,1m,12m
2012-06-22,gamma1,0.00010883734741814119,6m,1m,12m
2012-06-25,gamma1,0.00016996661366854485,6m,1m,12m
2012-06-26,gamma1,0.00011729311591847239,6m,1m,12m
2012-06-27,gamma1,0.00011548840077721528,6m,1m,12m
2012-06-28,gamma1,9.93134714713902e-05,6m,1m,12m
2012-06-29,gamma1,7.668346050752335e-05,6m,1m,12m
2012-07-02,gamma1,5.071657302764906e-05,6m,1m,12m
2012-07-03,gamma1,9.491078116845716e-05,6m,1m,12m
2012-07-05,gamma1,8.926971081612352e-05,6m,1m,12m
2012-07-06,gamma1,8.130988522282164e-05,6m,1m,12m
2012-07-09,gamma1,6.88013636932163e-05,6m,1m,12m
2012-07-10,gamma1,7.266810145421115e-05,6m,1m,12m
2012-07-11,gamma1,5.9062880969226874e-05,6m,1m,12m
2012-07-12,gamma1,8.633841400487072e-05,6m,1m,12m
2012-07-13,gamma1,6.618762103562541e-05,6m,1m,12m
2012-07-16,gamma1,8.791629923523092e-05,6m,1m,12m
2012-07-17,gamma1,0.00010469903574455648,6m,1m,12m
2012-07-18,gamma1,9.778425967657393e-05,6m,1m,12m
2012-07-19,gamma1,9.570116477384123e-05,6m,1m,12m
2012-07-20,gamma1,7.243145796369367e-05,6m,1m,12m
2012-07-23,gamma1,6.736084351467097e-05,6m,1m,12m
2012-07-24,gamma1,3.778340800344861e-05,6m,1m,12m
2012-07-25,gamma1,8.199756133224901e-05,6m,1m,12m
2012-07-26,gamma1,6.517912362847723e-05,6m,1m,12m
2012-07-27,gamma1,6.292036078070155e-05,6m,1m,12m
2012-07-30,gamma1,0.0001393246258586679,6m,1m,12m
2012-07-31,gamma1,0.00013700144055082446,6m,1m,12m
2012-08-01,gamma1,0.00013710804383736754,6m,1m,12m
2012-08-02,gamma1,9.000752856471705e-05,6m,1m,12m
2012-08-03,gamma1,0.00012335556369328586,6m,1m,12m
2012-08-06,gamma1,0.0001325227546144736,6m,1m,12m
2012-08-07,gamma1,0.00013275987506693895,6m,1m,12m
2012-08-08,gamma1,0.0001286983439643357,6m,1m,12m
2012-08-09,gamma1,0.0001251645305250308,6m,1m,12m
2012-08-10,gamma1,0.0001038853555978129,6m,1m,12m
2012-08-13,gamma1,9.950075379934207e-05,6m,1m,12m
2012-08-14,gamma1,7.620486128221202e-05,6m,1m,12m
2012-08-15,gamma1,9.290371036185595e-05,6m,1m,12m
2012-08-16,gamma1,9.584376584128386e-05,6m,1m,12m
2012-08-17,gamma1,0.0001090001768266132,6m,1m,12m
2012-08-20,gamma1,0.00010851736113369544,6m,1m,12m
2012-08-21,gamma1,3.577173405780618e-05,6m,1m,12m
2012-08-22,gamma1,1.3533292765937413e-05,6m,1m,12m
2012-08-23,gamma1,0.00010690949168503851,6m,1m,12m
2012-08-24,gamma1,0.00014203809649283739,6m,1m,12m
2012-08-27,gamma1,0.00012546630163151896,6m,1m,12m
2012-08-28,gamma1,0.0001506557755578413,6m,1m,12m
2012-08-29,gamma1,0.00011556274874601231,6m,1m,12m
2012-08-30,gamma1,0.0001443922478455338,6m,1m,12m
2012-08-31,gamma1,0.00010954690008762626,6m,1m,12m
2012-09-04,gamma1,9.051643976109378e-05,6m,1m,12m
2012-09-05,gamma1,0.00010677631428563031,6m,1m,12m
2012-09-06,gamma1,7.848867806263551e-05,6m,1m,12m
2012-09-07,gamma1,8.502335425708545e-05,6m,1m,12m
2012-09-10,gamma1,0.00012101138804138521,6m,1m,12m
2012-09-11,gamma1,0.00010588325425511627,6m,1m,12m
2012-09-12,gamma1,6.992124911035677e-05,6m,1m,12m
2012-09-13,gamma1,7.958198874192928e-05,6m,1m,12m
2012-09-14,gamma1,0.00011609544887394964,6m,1m,12m
2012-09-17,gamma1,0.00010286889783310652,6m,1m,12m
2012-09-18,gamma1,8.882589958569858e-05,6m,1m,12m
2012-09-19,gamma1,9.460003686261367e-05,6m,1m,12m
2012-09-20,gamma1,9.262871203433829e-05,6m,1m,12m
2012-09-21,gamma1,0.00010362427622382803,6m,1m,12m
2012-09-24,gamma1,0.00010067498317994914,6m,1m,12m
2012-09-25,gamma1,0.00011998149361588107,6m,1m,12m
2012-09-26,gamma1,0.00010403100592593483,6m,1m,12m
2012-09-27,gamma1,6.319100610476211e-05,6m,1m,12m
2012-09-28,gamma1,8.715744574072567e-05,6m,1m,12m
2012-10-01,gamma1,9.219128304954429e-05,6m,1m,12m
2012-10-02,gamma1,8.808169314654613e-05,6m,1m,12m
2012-10-03,gamma1,9.834387093305589e-05,6m,1m,12m
2012-10-04,gamma1,0.00010605129340042724,6m,1m,12m
2012-10-05,gamma1,8.824515359235175e-05,6m,1m,12m
2012-10-08,gamma1,0.00010671189658496327,6m,1m,12m
2012-10-09,gamma1,9.234381347560961e-05,6m,1m,12m
2012-10-10,gamma1,0.00010251394449455138,6m,1m,12m
2012-10-11,gamma1,9.197890111880935e-05,6m,1m,12m
2012-10-12,gamma1,7.106065853225457e-05,6m,1m,12m
2012-10-15,gamma1,7.028455341064957e-05,6m,1m,12m
2012-10-16,gamma1,8.37708827284527e-05,6m,1m,12m
2012-10-17,gamma1,6.939462086482554e-05,6m,1m,12m
2012-10-18,gamma1,7.891115094657184e-05,6m,1m,12m
2012-10-19,gamma1,3.487979387008451e-05,6m,1m,12m
2012-10-22,gamma1,8.402840030887042e-05,6m,1m,12m
2012-10-23,gamma1,0.00011045225895738629,6m,1m,12m
2012-10-24,gamma1,0.00011335461513235984,6m,1m,12m
2012-10-25,gamma1,0.00010355455137094598,6m,1m,12m
2012-10-26,gamma1,0.00011901539027019643,6m,1m,12m
2012-10-31,gamma1,0.00012040224245231666,6m,1m,12m
2012-11-01,gamma1,0.00010781639468821288,6m,1m,12m
2012-11-02,gamma1,0.00010737123010129293,6m,1m,12m
2012-11-05,gamma1,0.00011061319545977092,6m,1m,12m
2012-11-06,gamma1,9.312605839694216e-05,6m,1m,12m
2012-11-07,gamma1,9.512537411336998e-05,6m,1m,12m
2012-11-08,gamma1,0.00010033374390302597,6m,1m,12m
2012-11-09,gamma1,8.97064955617351e-05,6m,1m,12m
2012-11-12,gamma1,8.913110185635005e-05,6m,1m,12m
2012-11-13,gamma1,9.827751577653446e-05,6m,1m,12m
2012-11-14,gamma1,0.00010595987185231343,6m,1m,12m
2012-11-15,gamma1,0.00011959842972549374,6m,1m,12m
2012-11-16,gamma1,0.00011248910496422193,6m,1m,12m
2012-11-19,gamma1,0.00011007792882485162,6m,1m,12m
2012-11-20,gamma1,9.9666149045875e-05,6m,1m,12m
2012-11-21,gamma1,9.365894784935683e-05,6m,1m,12m
2012-11-23,gamma1,0.00010980118521558677,6m,1m,12m
2012-11-26,gamma1,0.0001313977943125952,6m,1m,12m
2012-11-27,gamma1,0.00011414255220804556,6m,1m,12m
2012-11-28,gamma1,0.00011351238306835657,6m,1m,12m
2012-11-29,gamma1,5.902791358997651e-05,6m,1m,12m
2012-11-30,gamma1,7.080034367834202e-05,6m,1m,12m
2012-12-03,gamma1,9.159956594413533e-05,6m,1m,12m
2012-12-04,gamma1,0.0001094020727549941,6m,1m,12m
2012-12-05,gamma1,0.0001377282042799154,6m,1m,12m
2012-12-06,gamma1,0.00011381722031242459,6m,1m,12m
2012-12-07,gamma1,0.00011193401301758278,6m,1m,12m
2012-12-10,gamma1,0.00011449243419340408,6m,1m,12m
2012-12-11,gamma1,0.00011108503291194434,6m,1m,12m
2012-12-12,gamma1,0.00010327370578672061,6m,1m,12m
2012-12-13,gamma1,9.817240753583111e-05,6m,1m,12m
2012-12-14,gamma1,7.149412315470891e-05,6m,1m,12m
2012-12-17,gamma1,9.440787027621374e-05,6m,1m,12m
2012-12-18,gamma1,9.81659378927496e-05,6m,1m,12m
2012-12-19,gamma1,0.00010620359844325764,6m,1m,12m
2012-12-20,gamma1,6.152568868938523e-05,6m,1m,12m
2012-12-21,gamma1,7.438964692309857e-05,6m,1m,12m
2012-12-24,gamma1,2.930139558436907e-05,6m,1m,12m
2012-12-26,gamma1,7.231745530710124e-05,6m,1m,12m
2012-12-27,gamma1,6.647782216183416e-05,6m,1m,12m
2012-12-28,gamma1,0.00013022547968100635,6m,1m,12m
2012-12-31,gamma1,5.398670733372184e-05,6m,1m,12m
2013-01-02,gamma1,5.721010616594086e-05,6m,1m,12m
2013-01-03,gamma1,6.660347235399424e-05,6m,1m,12m
2013-01-04,gamma1,8.637221489730627e-05,6m,1m,12m
2013-01-07,gamma1,6.898285224613624e-05,6m,1m,12m
2013-01-08,gamma1,6.601356767759356e-05,6m,1m,12m
2013-01-09,gamma1,6.164291903915693e-05,6m,1m,12m
2013-01-10,gamma1,5.015896678024876e-05,6m,1m,12m
2013-01-11,gamma1,5.160896925639772e-05,6m,1m,12m
2013-01-14,gamma1,3.750507850332526e-05,6m,1m,12m
2013-01-15,gamma1,4.649267187115243e-05,6m,1m,12m
2013-01-16,gamma1,3.086680514173237e-05,6m,1m,12m
2013-01-17,gamma1,6.17481515333794e-05,6m,1m,12m
2013-01-18,gamma1,2.5118148939036606e-05,6m,1m,12m
2013-01-22,gamma1,3.769225786025282e-05,6m,1m,12m
2013-01-23,gamma1,3.0471650130634793e-05,6m,1m,12m
2013-01-24,gamma1,3.7447695826741084e-05,6m,1m,12m
2013-01-25,gamma1,1.8983817563195072e-05,6m,1m,12m
2013-01-28,gamma1,3.825780361626038e-05,6m,1m,12m
2013-01-29,gamma1,3.0913847288419595e-05,6m,1m,12m
2013-01-30,gamma1,3.147611269962311e-05,6m,1m,12m
2013-01-31,gamma1,3.878255519079643e-05,6m,1m,12m
2013-02-01,gamma1,2.783445066434036e-05,6m,1m,12m
2013-02-04,gamma1,2.067248111052183e-05,6m,1m,12m
2013-02-05,gamma1,4.63246549821617e-06,6m,1m,12m
2013-02-06,gamma1,3.7081461071325494e-06,6m,1m,12m
2013-02-07,gamma1,4.052976264246598e-07,6m,1m,12m
2013-02-08,gamma1,-1.8740062316584146e-06,6m,1m,12m
2013-02-11,gamma1,1.4251356442298789e-05,6m,1m,12m
2013-02-12,gamma1,8.978127061302255e-06,6m,1m,12m
2013-02-13,gamma1,8.523239870174328e-06,6m,1m,12m
2013-02-14,gamma1,8.200929112949295e-06,6m,1m,12m
2013-02-15,gamma1,-1.3583625923348405e-05,6m,1m,12m
2013-02-19,gamma1,-5.85226698801753e-06,6m,1m,12m
2013-02-20,gamma1,1.4786101929737847e-05,6m,1m,12m
2013-02-21,gamma1,1.7237321246100672e-06,6m,1m,12m
2013-02-22,gamma1,-2.6148725510911134e-06,6m,1m,12m
2013-02-25,gamma1,2.6491134882796048e-05,6m,1m,12m
2013-02-26,gamma1,-5.74422774974288e-06,6m,1m,12m
2013-02-27,gamma1,-2.6058884030196366e-06,6m,1m,12m
2013-02-28,gamma1,2.2253160177174606e-05,6m,1m,12m
2013-03-01,gamma1,-6.361466711427103e-06,6m,1m,12m
2013-03-04,gamma1,-1.3217757956990333e-05,6m,1m,12m
2013-03-05,gamma1,4.921077887478736e-07,6m,1m,12m
2013-03-06,gamma1,3.679323132769303e-05,6m,1m,12m
2013-03-07,gamma1,3.4313025761764644e-05,6m,1m,12m
2013-03-08,gamma1,7.297182969235982e-05,6m,1m,12m
2013-03-11,gamma1,3.901244124783326e-05,6m,1m,12m
2013-03-12,gamma1,2.4439490744871058e-05,6m,1m,12m
2013-03-13,gamma1,2.0420263413379092e-05,6m,1m,12m
2013-03-14,gamma1,2.7422813291484413e-05,6m,1m,12m
2013-03-15,gamma1,4.0138571605793054e-05,6m,1m,12m
2013-03-18,gamma1,1.8058651995382416e-05,6m,1m,12m
2013-03-19,gamma1,7.941180198547386e-06,6m,1m,12m
2013-03-20,gamma1,-2.5910781421565005e-06,6m,1m,12m
2013-03-21,gamma1,-1.598378219705751e-05,6m,1m,12m
2013-03-22,gamma1,-2.0674773503178323e-05,6m,1m,12m
2013-03-25,gamma1,2.3770978226125826e-05,6m,1m,12m
2013-03-26,gamma1,2.4002179437328262e-05,6m,1m,12m
2013-03-27,gamma1,4.433155541756555e-05,6m,1m,12m
2013-03-28,gamma1,4.967867600813663e-05,6m,1m,12m
2013-04-01,gamma1,2.3618872592065183e-05,6m,1m,12m
2013-04-02,gamma1,3.1805449597193837e-05,6m,1m,12m
2013-04-03,gamma1,4.741284170706433e-05,6m,1m,12m
2013-04-04,gamma1,3.082521250982388e-05,6m,1m,12m
2013-04-05,gamma1,3.768206381939681e-05,6m,1m,12m
2013-04-08,gamma1,2.3981483960011382e-05,6m,1m,12m
2013-04-09,gamma1,4.682105456076072e-05,6m,1m,12m
2013-04-10,gamma1,7.66885657358164e-05,6m,1m,12m
2013-04-11,gamma1,8.780996802870833e-05,6m,1m,12m
2013-04-12,gamma1,6.288318941499123e-05,6m,1m,12m
2013-04-15,gamma1,6.69094593661791e-05,6m,1m,12m
2013-04-16,gamma1,3.7869803193142393e-05,6m,1m,12m
2013-04-17,gamma1,5.1031349432882755e-05,6m,1m,12m
2013-04-18,gamma1,5.977265539671368e-06,6m,1m,12m
2013-04-19,gamma1,3.785513778566698e-05,6m,1m,12m
2013-04-22,gamma1,1.8163542924522863e-05,6m,1m,12m
2013-04-23,gamma1,2.7749205708848896e-05,6m,1m,12m
2013-04-24,gamma1,2.8333207306759474e-05,6m,1m,12m
2013-04-25,gamma1,4.232209002932323e-05,6m,1m,12m
2013-04-26,gamma1,3.5885017519915056e-05,6m,1m,12m
2013-04-29,gamma1,3.293508179248298e-05,6m,1m,12m
2013-04-30,gamma1,2.3801943822386102e-05,6m,1m,12m
2013-05-01,gamma1,4.4589921358022425e-05,6m,1m,12m
2013-05-02,gamma1,1.961678497826793e-05,6m,1m,12m
2013-05-03,gamma1,6.28679652722876e-05,6m,1m,12m
2013-05-06,gamma1,5.700658759163682e-05,6m,1m,12m
2013-05-07,gamma1,1.4176448932511499e-05,6m,1m,12m
2013-05-08,gamma1,7.084564833172422e-05,6m,1m,12m
2013-05-09,gamma1,4.501796246623006e-05,6m,1m,12m
2013-05-10,gamma1,2.4068393354452987e-05,6m,1m,12m
2013-05-13,gamma1,3.610773970989087e-05,6m,1m,12m
2013-05-14,gamma1,3.607945589382936e-05,6m,1m,12m
2013-05-15,gamma1,-2.932495058493472e-06,6m,1m,12m
2013-05-16,gamma1,4.6721175527514726e-05,6m,1m,12m
2013-05-17,gamma1,3.44141449205325e-05,6m,1m,12m
2013-05-20,gamma1,2.6569561587645096e-05,6m,1m,12m
2013-05-21,gamma1,-1.578521886168935e-06,6m,1m,12m
2013-05-22,gamma1,2.529101667663677e-05,6m,1m,12m
2013-05-23,gamma1,3.788256731357773e-05,6m,1m,12m
2013-05-24,gamma1,3.879815140752389e-06,6m,1m,12m
2013-05-28,gamma1,5.16776220139213e-05,6m,1m,12m
2013-05-29,gamma1,2.9854909914913557e-05,6m,1m,12m
2013-05-30,gamma1,1.4957213232285735e-05,6m,1m,12m
2013-05-31,gamma1,-5.874422974638558e-06,6m,1m,12m
2013-06-03,gamma1,1.4606822901875987e-05,6m,1m,12m
2013-06-04,gamma1,6.687632159176253e-06,6m,1m,12m
2013-06-05,gamma1,1.5632287972131535e-05,6m,1m,12m
2013-06-06,gamma1,1.5983246449579016e-05,6m,1m,12m
2013-06-07,gamma1,-6.904376207297645e-06,6m,1m,12m
2013-06-10,gamma1,2.9555713334879047e-05,6m,1m,12m
2013-06-11,gamma1,-1.5831303865108393e-05,6m,1m,12m
2013-06-12,gamma1,2.457784436693507e-05,6m,1m,12m
2013-06-13,gamma1,-1.9919323351305194e-05,6m,1m,12m
2013-06-14,gamma1,-1.1890937043393399e-05,6m,1m,12m
2013-06-17,gamma1,-1.7966674269772832e-05,6m,1m,12m
2013-06-18,gamma1,3.8021113601315475e-05,6m,1m,12m
2013-06-19,gamma1,4.1387641532703414e-05,6m,1m,12m
2013-06-20,gamma1,3.775949453780315e-05,6m,1m,12m
2013-06-21,gamma1,5.297989457975978e-05,6m,1m,12m
2013-06-24,gamma1,4.7140260286222317e-05,6m,1m,12m
2013-06-25,gamma1,4.706021770098879e-05,6m,1m,12m
2013-06-26,gamma1,3.7247541770658024e-05,6m,1m,12m
2013-06-27,gamma1,1.0961088620671137e-05,6m,1m,12m
2013-06-28,gamma1,2.94731989001546e-05,6m,1m,12m
2013-07-01,gamma1,3.122301850194794e-05,6m,1m,12m
2013-07-02,gamma1,3.8195392030676675e-05,6m,1m,12m
2013-07-03,gamma1,2.981712334540029e-05,6m,1m,12m
2013-07-05,gamma1,4.2430195223739733e-05,6m,1m,12m
2013-07-08,gamma1,6.857015298239135e-05,6m,1m,12m
2013-07-09,gamma1,8.362604083610032e-05,6m,1m,12m
2013-07-10,gamma1,7.211885717480969e-05,6m,1m,12m
2013-07-11,gamma1,4.826174859903045e-05,6m,1m,12m
2013-07-12,gamma1,4.539319337927397e-05,6m,1m,12m
2013-07-15,gamma1,3.718520402025665e-05,6m,1m,12m
2013-07-16,gamma1,2.587323436305046e-05,6m,1m,12m
2013-07-17,gamma1,3.153843014330666e-05,6m,1m,12m
2013-07-18,gamma1,5.976228119604689e-05,6m,1m,12m
2013-07-19,gamma1,6.241438262083294e-05,6m,1m,12m
2013-07-22,gamma1,7.901989183888804e-05,6m,1m,12m
2013-07-23,gamma1,5.0887857113143185e-06,6m,1m,12m
2013-07-24,gamma1,-5.830105070528067e-06,6m,1m,12m
2013-07-25,gamma1,3.414466443003623e-05,6m,1m,12m
2013-07-26,gamma1,3.3837239663515245e-05,6m,1m,12m
2013-07-29,gamma1,-1.8495977499432592e-05,6m,1m,12m
2013-07-30,gamma1,-1.5002412806850306e-05,6m,1m,12m
2013-07-31,gamma1,2.9558185906796336e-05,6m,1m,12m
2013-08-01,gamma1,2.2320920117188106e-05,6m,1m,12m
2013-08-02,gamma1,1.5879683490181815e-05,6m,1m,12m
2013-08-05,gamma1,3.433832562539591e-05,6m,1m,12m
2013-08-06,gamma1,4.872446594261243e-06,6m,1m,12m
2013-08-07,gamma1,1.1485105084383667e-05,6m,1m,12m
2013-08-08,gamma1,6.228715179061411e-06,6m,1m,12m
2013-08-09,gamma1,-1.7103318139694265e-05,6m,1m,12m
2013-08-12,gamma1,-1.0848117557261887e-05,6m,1m,12m
2013-08-13,gamma1,-4.349094855792022e-06,6m,1m,12m
2013-08-14,gamma1,-2.9731055239616406e-05,6m,1m,12m
2013-08-15,gamma1,-1.8568813740959655e-05,6m,1m,12m
2013-08-16,gamma1,-2.0752532643501236e-05,6m,1m,12m
2013-08-19,gamma1,-3.262654705412491e-05,6m,1m,12m
2013-08-20,gamma1,-6.289690099191938e-06,6m,1m,12m
2013-08-21,gamma1,-3.0510873842841177e-05,6m,1m,12m
2013-08-22,gamma1,-2.3864886644208158e-05,6m,1m,12m
2013-08-23,gamma1,-2.742323662204589e-05,6m,1m,12m
2013-08-26,gamma1,-4.303597155403206e-06,6m,1m,12m
2013-08-27,gamma1,-1.4584812582947742e-05,6m,1m,12m
2013-08-28,gamma1,-1.8526907350094004e-07,6m,1m,12m
2013-08-29,gamma1,3.1390471209587845e-05,6m,1m,12m
2013-08-30,gamma1,1.7876697618513822e-05,6m,1m,12m
2013-09-03,gamma1,1.8122973894056827e-05,6m,1m,12m
2013-09-04,gamma1,2.750415936701629e-05,6m,1m,12m
2013-09-05,gamma1,3.135091780548486e-05,6m,1m,12m
2013-09-06,gamma1,3.369951021923444e-05,6m,1m,12m
2013-09-09,gamma1,2.7485107703236156e-06,6m,1m,12m
2013-09-10,gamma1,2.5419236632246633e-05,6m,1m,12m
2013-09-11,gamma1,2.4780498495496133e-05,6m,1m,12m
2013-09-12,gamma1,4.00670686649284e-05,6m,1m,12m
2013-09-13,gamma1,4.139345910111297e-05,6m,1m,12m
2013-09-16,gamma1,6.729034596179007e-05,6m,1m,12m
2013-09-17,gamma1,6.534968955589905e-05,6m,1m,12m
2013-09-18,gamma1,8.514702232125559e-05,6m,1m,12m
2013-09-19,gamma1,6.953301211487406e-05,6m,1m,12m
2013-09-20,gamma1,3.966189062784016e-05,6m,1m,12m
2013-09-23,gamma1,3.541234716582779e-05,6m,1m,12m
2013-09-24,gamma1,4.128299455225705e-05,6m,1m,12m
2013-09-25,gamma1,5.988391358073646e-05,6m,1m,12m
2013-09-26,gamma1,6.9368895208052e-05,6m,1m,12m
2013-09-27,gamma1,4.146427576935865e-05,6m,1m,12m
2013-09-30,gamma1,4.130488035846597e-05,6m,1m,12m
2013-10-01,gamma1,3.76373196802841e-05,6m,1m,12m
2013-10-02,gamma1,4.415163341990772e-05,6m,1m,12m
2013-10-03,gamma1,5.21898799037307e-05,6m,1m,12m
2013-10-04,gamma1,4.214383056398431e-05,6m,1m,12m
2013-10-07,gamma1,4.1605557894697784e-05,6m,1m,12m
2013-10-08,gamma1,4.7365863214790403e-05,6m,1m,12m
2013-10-09,gamma1,4.454254394690116e-05,6m,1m,12m
2013-10-10,gamma1,5.466545779889072e-05,6m,1m,12m
2013-10-11,gamma1,3.973761981219656e-05,6m,1m,12m
2013-10-14,gamma1,4.603678033760591e-05,6m,1m,12m
2013-10-15,gamma1,3.903042772722667e-05,6m,1m,12m
2013-10-16,gamma1,5.9651776343678067e-05,6m,1m,12m
2013-10-17,gamma1,5.407703391362903e-05,6m,1m,12m
2013-10-18,gamma1,6.181004733822567e-05,6m,1m,12m
2013-10-21,gamma1,5.169327571821119e-05,6m,1m,12m
2013-10-22,gamma1,7.09772608586257e-05,6m,1m,12m
2013-10-23,gamma1,6.889053988063949e-05,6m,1m,12m
2013-10-24,gamma1,6.247297487204304e-05,6m,1m,12m
2013-10-25,gamma1,5.945932918281605e-05,6m,1m,12m
2013-10-28,gamma1,7.176278773719947e-05,6m,1m,12m
2013-10-29,gamma1,8.688672231005204e-05,6m,1m,12m
2013-10-30,gamma1,8.331059733093373e-05,6m,1m,12m
2013-10-31,gamma1,7.619489846909674e-05,6m,1m,12m
2013-11-01,gamma1,6.45170365481731e-05,6m,1m,12m
2013-11-04,gamma1,4.6192780553624605e-05,6m,1m,12m
2013-11-05,gamma1,7.063230037799614e-05,6m,1m,12m
2013-11-06,gamma1,3.742390246212515e-05,6m,1m,12m
2013-11-07,gamma1,5.452977461100234e-05,6m,1m,12m
2013-11-08,gamma1,3.7667027884053834e-05,6m,1m,12m
2013-11-11,gamma1,3.445263726025283e-05,6m,1m,12m
2013-11-12,gamma1,2.1320129747381376e-05,6m,1m,12m
2013-11-13,gamma1,1.4454629854362233e-05,6m,1m,12m
2013-11-14,gamma1,1.6042474573790984e-05,6m,1m,12m
2013-11-15,gamma1,1.9095204293875815e-05,6m,1m,12m
2013-11-18,gamma1,2.5467226604306766e-05,6m,1m,12m
2013-11-19,gamma1,3.0151554866319978e-05,6m,1m,12m
2013-11-20,gamma1,3.1579102956450315e-05,6m,1m,12m
2013-11-21,gamma1,2.316577319601728e-05,6m,1m,12m
2013-11-22,gamma1,2.5517617845192366e-05,6m,1m,12m
2013-11-25,gamma1,3.1472729560802666e-05,6m,1m,12m
2013-11-26,gamma1,2.9491096677829106e-05,6m,1m,12m
2013-11-27,gamma1,2.6079784413988332e-05,6m,1m,12m
2013-11-29,gamma1,5.9532427951247785e-06,6m,1m,12m
2013-12-02,gamma1,-2.256020646699523e-06,6m,1m,12m
2013-12-03,gamma1,1.451146295882891e-05,6m,1m,12m
2013-12-04,gamma1,2.60896770680122e-05,6m,1m,12m
2013-12-05,gamma1,1.3557445045854342e-05,6m,1m,12m
2013-12-06,gamma1,1.8279051398138596e-05,6m,1m,12m
2013-12-09,gamma1,2.1416775194438364e-05,6m,1m,12m
2013-12-10,gamma1,6.663192492211604e-05,6m,1m,12m
2013-12-11,gamma1,5.9443268082804314e-05,6m,1m,12m
2013-12-12,gamma1,7.019187193546404e-05,6m,1m,12m
2013-12-13,gamma1,2.113895754956972e-05,6m,1m,12m
2013-12-16,gamma1,-4.52086553394027e-06,6m,1m,12m
2013-12-17,gamma1,2.167554537759418e-05,6m,1m,12m
2013-12-18,gamma1,2.973445236854249e-05,6m,1m,12m
2013-12-19,gamma1,2.0529677894129952e-05,6m,1m,12m
2013-12-20,gamma1,2.52481232916549e-05,6m,1m,12m
2013-12-23,gamma1,1.9776494226490552e-05,6m,1m,12m
2013-12-24,gamma1,2.517931123474222e-05,6m,1m,12m
2013-12-26,gamma1,4.22149006057372e-05,6m,1m,12m
2013-12-27,gamma1,3.5495017776749865e-05,6m,1m,12m
2013-12-30,gamma1,6.801164260361055e-05,6m,1m,12m
2013-12-31,gamma1,8.332992172169693e-05,6m,1m,12m
2014-01-02,gamma1,5.888309690405077e-05,6m,1m,12m
2014-01-03,gamma1,5.1663607712796836e-05,6m,1m,12m
2014-01-06,gamma1,5.004452477534782e-05,6m,1m,12m
2014-01-07,gamma1,5.346898303548241e-05,6m,1m,12m
2014-01-08,gamma1,4.946548801805266e-05,6m,1m,12m
2014-01-09,gamma1,3.958851077363371e-05,6m,1m,12m
2014-01-10,gamma1,3.439717126818737e-05,6m,1m,12m
2014-01-13,gamma1,1.2628719382124794e-05,6m,1m,12m
2014-01-14,gamma1,1.05820484436896e-05,6m,1m,12m
2014-01-15,gamma1,1.0215665644227138e-05,6m,1m,12m
2014-01-16,gamma1,4.228648982139642e-06,6m,1m,12m
2014-01-17,gamma1,-2.1163577137817738e-05,6m,1m,12m
2014-01-21,gamma1,-8.713265369454504e-06,6m,1m,12m
2014-01-22,gamma1,-2.8811378288420322e-05,6m,1m,12m
2014-01-23,gamma1,-2.1712473556769154e-05,6m,1m,12m
2014-01-24,gamma1,-4.802904169624871e-05,6m,1m,12m
2014-01-27,gamma1,1.7583850535626827e-05,6m,1m,12m
2014-01-28,gamma1,5.759924710205791e-07,6m,1m,12m
2014-01-29,gamma1,-2.802515586728132e-06,6m,1m,12m
2014-01-30,gamma1,-1.0524882095991532e-05,6m,1m,12m
2014-01-31,gamma1,3.5059512625161786e-05,6m,1m,12m
2014-02-03,gamma1,-1.6428416029592665e-05,6m,1m,12m
2014-02-04,gamma1,2.8819354514368707e-05,6m,1m,12m
2014-02-05,gamma1,7.278163340851685e-06,6m,1m,12m
2014-02-06,gamma1,2.674959586740074e-05,6m,1m,12m
2014-02-07,gamma1,1.7274012358105344e-05,6m,1m,12m
2014-02-10,gamma1,2.2260673056831863e-05,6m,1m,12m
2014-02-11,gamma1,1.163841697009115e-05,6m,1m,12m
2014-02-12,gamma1,-8.001214252713022e-06,6m,1m,12m
2014-02-13,gamma1,1.3380842727684145e-05,6m,1m,12m
2014-02-14,gamma1,2.2758888045843832e-05,6m,1m,12m
2014-02-18,gamma1,3.6498057947962653e-05,6m,1m,12m
2014-02-19,gamma1,3.076033461259362e-05,6m,1m,12m
2014-02-20,gamma1,2.6306305648103678e-05,6m,1m,12m
2014-02-21,gamma1,2.6117432233094623e-05,6m,1m,12m
2014-02-24,gamma1,4.765566573471917e-05,6m,1m,12m
2014-02-25,gamma1,4.6910914097517206e-05,6m,1m,12m
2014-02-26,gamma1,5.782971094246913e-05,6m,1m,12m
2014-02-27,gamma1,5.633328873425505e-05,6m,1m,12m
2014-02-28,gamma1,5.044631276432212e-05,6m,1m,12m
2014-03-03,gamma1,3.068528930832123e-05,6m,1m,12m
2014-03-04,gamma1,1.62463647343195e-05,6m,1m,12m
2014-03-05,gamma1,4.2996440288597044e-05,6m,1m,12m
2014-03-06,gamma1,3.5189087103876776e-06,6m,1m,12m
2014-03-07,gamma1,2.2268784409257455e-05,6m,1m,12m
2014-03-10,gamma1,2.5984661395571083e-05,6m,1m,12m
2014-03-11,gamma1,2.369145941772996e-05,6m,1m,12m
2014-03-12,gamma1,5.154999084626218e-05,6m,1m,12m
2014-03-13,gamma1,1.884538031613631e-05,6m,1m,12m
2014-03-14,gamma1,-3.4017758603501705e-06,6m,1m,12m
2014-03-17,gamma1,3.3876338242524584e-05,6m,1m,12m
2014-03-18,gamma1,3.939852348074772e-05,6m,1m,12m
2014-03-19,gamma1,7.820837323866934e-05,6m,1m,12m
2014-03-20,gamma1,5.4681366274913605e-05,6m,1m,12m
2014-03-21,gamma1,3.438825126897352e-05,6m,1m,12m
2014-03-24,gamma1,4.920246335877407e-05,6m,1m,12m
2014-03-25,gamma1,5.097399517000737e-05,6m,1m,12m
2014-03-26,gamma1,7.325313049025045e-05,6m,1m,12m
2014-03-27,gamma1,7.548942725226062e-05,6m,1m,12m
2014-03-28,gamma1,8.238928708173484e-05,6m,1m,12m
2014-03-31,gamma1,7.598366715830192e-05,6m,1m,12m
2014-04-01,gamma1,7.347824526300152e-05,6m,1m,12m
2014-04-02,gamma1,7.809463478793221e-05,6m,1m,12m
2014-04-03,gamma1,7.828416593377903e-05,6m,1m,12m
2014-04-04,gamma1,7.76365267083056e-05,6m,1m,12m
2014-04-07,gamma1,7.430881154826149e-05,6m,1m,12m
2014-04-08,gamma1,7.557680831795515e-05,6m,1m,12m
2014-04-09,gamma1,7.414870096775928e-05,6m,1m,12m
2014-04-10,gamma1,8.441377268718108e-05,6m,1m,12m
2014-04-11,gamma1,0.00010191639114991766,6m,1m,12m
2014-04-14,gamma1,8.579064479148113e-05,6m,1m,12m
2014-04-15,gamma1,8.57808224507255e-05,6m,1m,12m
2014-04-16,gamma1,6.274352932948033e-05,6m,1m,12m
2014-04-17,gamma1,6.47000449138258e-05,6m,1m,12m
2014-04-21,gamma1,5.2697627780950224e-05,6m,1m,12m
2014-04-22,gamma1,6.262893424437438e-05,6m,1m,12m
2014-04-23,gamma1,5.797467245819861e-05,6m,1m,12m
2014-04-24,gamma1,5.430805663307812e-05,6m,1m,12m
2014-04-25,gamma1,6.0211170966401406e-05,6m,1m,12m
2014-04-28,gamma1,5.08596023829886e-05,6m,1m,12m
2014-04-29,gamma1,4.796688385537938e-05,6m,1m,12m
2014-04-30,gamma1,2.6173648143145364e-05,6m,1m,12m
2014-05-01,gamma1,1.933322079503819e-05,6m,1m,12m
2014-05-02,gamma1,1.0800232337662001e-05,6m,1m,12m
2014-05-05,gamma1,1.119251013351357e-05,6m,1m,12m
2014-05-06,gamma1,9.509321462334677e-07,6m,1m,12m
2014-05-07,gamma1,1.2346640030682136e-05,6m,1m,12m
2014-05-08,gamma1,3.3234713894105432e-06,6m,1m,12m
2014-05-09,gamma1,6.848198240845819e-06,6m,1m,12m
2014-05-12,gamma1,5.0312891116206584e-05,6m,1m,12m
2014-05-13,gamma1,5.8068727238989176e-05,6m,1m,12m
2014-05-14,gamma1,3.3915727663217153e-05,6m,1m,12m
2014-05-15,gamma1,1.41397364931187e-05,6m,1m,12m
2014-05-16,gamma1,1.0893166229470244e-05,6m,1m,12m
2014-05-19,gamma1,6.629529069049398e-06,6m,1m,12m
2014-05-20,gamma1,2.331377831372392e-06,6m,1m,12m
2014-05-21,gamma1,9.161119445918931e-06,6m,1m,12m
2014-05-22,gamma1,6.233568521655811e-05,6m,1m,12m
2014-05-23,gamma1,2.8968748255845506e-05,6m,1m,12m
2014-05-27,gamma1,1.3652112526742441e-05,6m,1m,12m
2014-05-28,gamma1,2.0361092191806374e-05,6m,1m,12m
2014-05-29,gamma1,2.8733991700715292e-05,6m,1m,12m
2014-05-30,gamma1,3.6693401292977915e-05,6m,1m,12m
2014-06-02,gamma1,1.7727767718360558e-05,6m,1m,12m
2014-06-03,gamma1,7.294497042342731e-06,6m,1m,12m
2014-06-04,gamma1,2.5178374777488796e-05,6m,1m,12m
2014-06-05,gamma1,-6.546565170884357e-06,6m,1m,12m
2014-06-06,gamma1,1.2578933410333506e-05,6m,1m,12m
2014-06-09,gamma1,-9.19209291551877e-06,6m,1m,12m
2014-06-10,gamma1,-1.791158485089006e-05,6m,1m,12m
2014-06-11,gamma1,7.922160012139741e-06,6m,1m,12m
2014-06-12,gamma1,1.6122597671810334e-05,6m,1m,12m
2014-06-13,gamma1,-1.2434080099316113e-05,6m,1m,12m
2014-06-16,gamma1,1.4445225981286704e-05,6m,1m,12m
2014-06-17,gamma1,1.3050977573411083e-05,6m,1m,12m
2014-06-18,gamma1,8.07361495527514e-06,6m,1m,12m
2014-06-19,gamma1,1.2932193094214686e-05,6m,1m,12m
2014-06-20,gamma1,-2.663716124725339e-06,6m,1m,12m
2014-06-23,gamma1,6.820565612558807e-07,6m,1m,12m
2014-06-24,gamma1,1.7821166540799128e-06,6m,1m,12m
2014-06-25,gamma1,1.1277197682696914e-06,6m,1m,12m
2014-06-26,gamma1,-6.153637427387238e-06,6m,1m,12m
2014-06-27,gamma1,-1.962102297839968e-05,6m,1m,12m
2014-06-30,gamma1,-2.3008223578950713e-05,6m,1m,12m
2014-07-01,gamma1,4.3773534159755045e-07,6m,1m,12m
2014-07-02,gamma1,-1.2208399755428759e-05,6m,1m,12m
2014-07-03,gamma1,8.823262197614093e-07,6m,1m,12m
2014-07-07,gamma1,-1.706116910454983e-05,6m,1m,12m
2014-07-08,gamma1,-2.481288172076902e-05,6m,1m,12m
2014-07-09,gamma1,-2.0064916923215012e-06,6m,1m,12m
2014-07-10,gamma1,-7.490820271841188e-06,6m,1m,12m
2014-07-11,gamma1,-3.3730417513687635e-05,6m,1m,12m
2014-07-14,gamma1,-3.7066005506460306e-05,6m,1m,12m
2014-07-15,gamma1,-1.9158826152038892e-05,6m,1m,12m
2014-07-16,gamma1,-9.654502003939607e-06,6m,1m,12m
2014-07-17,gamma1,-1.3299677507306126e-05,6m,1m,12m
2014-07-18,gamma1,1.2688659808305712e-05,6m,1m,12m
2014-07-21,gamma1,-7.535346070568147e-05,6m,1m,12m
2014-07-22,gamma1,-4.277093025907448e-05,6m,1m,12m
2014-07-23,gamma1,-1.8679798666231682e-05,6m,1m,12m
2014-07-24,gamma1,-4.576737921723091e-06,6m,1m,12m
2014-07-25,gamma1,-3.700773896990515e-05,6m,1m,12m
2014-07-28,gamma1,-5.6440536798006824e-05,6m,1m,12m
2014-07-29,gamma1,-3.769613613607073e-05,6m,1m,12m
2014-07-30,gamma1,-5.985195298808008e-05,6m,1m,12m
2014-07-31,gamma1,-5.747267884186875e-05,6m,1m,12m
2014-08-01,gamma1,-5.071484933679816e-05,6m,1m,12m
2014-08-04,gamma1,-1.6056036075940256e-05,6m,1m,12m
2014-08-05,gamma1,-7.730178523832497e-06,6m,1m,12m
2014-08-06,gamma1,-7.163249758121236e-06,6m,1m,12m
2014-08-07,gamma1,-1.5166092934572324e-06,6m,1m,12m
2014-08-08,gamma1,-1.0878556004084116e-05,6m,1m,12m
2014-08-11,gamma1,-7.154329645959922e-06,6m,1m,12m
2014-08-12,gamma1,-4.761482972428441e-06,6m,1m,12m
2014-08-13,gamma1,-1.0460199731733536e-05,6m,1m,12m
2014-08-14,gamma1,-2.1360255552625873e-05,6m,1m,12m
2014-08-15,gamma1,-6.373037211027268e-05,6m,1m,12m
2014-08-18,gamma1,-2.4520112448052933e-05,6m,1m,12m
2014-08-19,gamma1,-1.2534550646452313e-05,6m,1m,12m
2014-08-20,gamma1,6.277259266192353e-06,6m,1m,12m
2014-08-21,gamma1,1.949693409488093e-05,6m,1m,12m
2014-08-22,gamma1,-3.8333327119215905e-07,6m,1m,12m
2014-08-25,gamma1,4.644610080325312e-06,6m,1m,12m
2014-08-26,gamma1,-4.848685407150857e-06,6m,1m,12m
2014-08-27,gamma1,-2.9561107403418197e-06,6m,1m,12m
2014-08-28,gamma1,4.27347783725976e-06,6m,1m,12m
2014-08-29,gamma1,1.5950420336681648e-05,6m,1m,12m
2014-09-02,gamma1,1.0303906709892307e-05,6m,1m,12m
2014-09-03,gamma1,-1.6475646036509303e-05,6m,1m,12m
2014-09-04,gamma1,-1.8879215266129785e-05,6m,1m,12m
2014-09-05,gamma1,-5.31291912843411e-05,6m,1m,12m
2014-09-08,gamma1,-4.358705809969713e-05,6m,1m,12m
2014-09-09,gamma1,-3.710069103158796e-05,6m,1m,12m
2014-09-10,gamma1,-4.071060306606526e-05,6m,1m,12m
2014-09-11,gamma1,-2.7908432088545527e-05,6m,1m,12m
2014-09-12,gamma1,-2.414784041259792e-05,6m,1m,12m
2014-09-15,gamma1,-1.9943566588440653e-05,6m,1m,12m
2014-09-16,gamma1,2.146776810240331e-05,6m,1m,12m
2014-09-17,gamma1,9.209516361291049e-06,6m,1m,12m
2014-09-18,gamma1,-3.072714890255748e-06,6m,1m,12m
2014-09-19,gamma1,-1.9835592381627796e-05,6m,1m,12m
2014-09-22,gamma1,-1.2913927776441312e-05,6m,1m,12m
2014-09-23,gamma1,7.869005637735101e-06,6m,1m,12m
2014-09-24,gamma1,-1.5457056533539085e-05,6m,1m,12m
2014-09-25,gamma1,-2.5422299082138865e-06,6m,1m,12m
2014-09-26,gamma1,-2.1872092249616966e-05,6m,1m,12m
2014-09-29,gamma1,-2.938933007744995e-07,6m,1m,12m
2014-09-30,gamma1,7.525104525223875e-07,6m,1m,12m
2014-10-01,gamma1,2.4312012813102742e-05,6m,1m,12m
2014-10-02,gamma1,3.0262717977134894e-05,6m,1m,12m
2014-10-03,gamma1,1.09843546957925e-05,6m,1m,12m
2014-10-06,gamma1,1.0588662918167567e-05,6m,1m,12m
2014-10-07,gamma1,3.2947828962753755e-06,6m,1m,12m
2014-10-08,gamma1,5.955914837745705e-07,6m,1m,12m
2014-10-09,gamma1,-6.01967090653633e-06,6m,1m,12m
2014-10-10,gamma1,-2.6376479773119897e-05,6m,1m,12m
2014-10-13,gamma1,-4.666023437632079e-05,6m,1m,12m
2014-10-14,gamma1,-6.806917909583121e-05,6m,1m,12m
2014-10-15,gamma1,-6.933419203185255e-05,6m,1m,12m
2014-10-16,gamma1,-5.684858413041309e-05,6m,1m,12m
2014-10-17,gamma1,-5.19890944245704e-05,6m,1m,12m
2014-10-20,gamma1,-3.884635019885387e-05,6m,1m,12m
2014-10-21,gamma1,1.57101568541713e-05,6m,1m,12m
2014-10-22,gamma1,1.2448454831731641e-05,6m,1m,12m
2014-10-23,gamma1,2.77682175494957e-05,6m,1m,12m
2014-10-24,gamma1,3.429994348301806e-05,6m,1m,12m
2014-10-27,gamma1,4.702086854351448e-05,6m,1m,12m
2014-10-28,gamma1,2.3279819741626008e-05,6m,1m,12m
2014-10-29,gamma1,5.0210062267174105e-05,6m,1m,12m
2014-10-30,gamma1,3.638689142029891e-05,6m,1m,12m
2014-10-31,gamma1,5.818996561625131e-05,6m,1m,12m
2014-11-03,gamma1,6.293491327700649e-05,6m,1m,12m
2014-11-04,gamma1,5.802514676016399e-05,6m,1m,12m
2014-11-05,gamma1,4.8184365369404035e-05,6m,1m,12m
2014-11-06,gamma1,6.335036206196293e-05,6m,1m,12m
2014-11-07,gamma1,5.7920299598350246e-05,6m,1m,12m
2014-11-10,gamma1,4.0938029287410855e-05,6m,1m,12m
2014-11-11,gamma1,3.9919031148909795e-05,6m,1m,12m
2014-11-12,gamma1,1.7012695661482408e-05,6m,1m,12m
2014-11-13,gamma1,1.1368563667127583e-05,6m,1m,12m
2014-11-14,gamma1,9.525151893900694e-06,6m,1m,12m
2014-11-17,gamma1,2.2720206940849008e-05,6m,1m,12m
2014-11-18,gamma1,4.795810551547928e-05,6m,1m,12m
2014-11-19,gamma1,3.3370476130857804e-05,6m,1m,12m
2014-11-20,gamma1,2.643661905908175e-05,6m,1m,12m
2014-11-21,gamma1,4.14018677909506e-05,6m,1m,12m
2014-11-24,gamma1,2.8140971541585664e-05,6m,1m,12m
2014-11-25,gamma1,3.402054824744611e-05,6m,1m,12m
2014-11-26,gamma1,4.379268026695855e-05,6m,1m,12m
2014-11-28,gamma1,4.180417646327054e-05,6m,1m,12m
2014-12-01,gamma1,7.122524249370533e-05,6m,1m,12m
2014-12-02,gamma1,3.913592374767303e-05,6m,1m,12m
2014-12-03,gamma1,4.1383734683670014e-05,6m,1m,12m
2014-12-04,gamma1,4.960576986958014e-05,6m,1m,12m
2014-12-05,gamma1,4.0075228037043247e-05,6m,1m,12m
2014-12-08,gamma1,7.543807250549077e-05,6m,1m,12m
2014-12-09,gamma1,4.4987771667455034e-05,6m,1m,12m
2014-12-10,gamma1,6.328481794341972e-06,6m,1m,12m
2014-12-11,gamma1,6.416747793131095e-05,6m,1m,12m
2014-12-12,gamma1,1.7857183023834232e-05,6m,1m,12m
2014-12-15,gamma1,0.00012319609521724674,6m,1m,12m
2014-12-16,gamma1,0.00010001197075001607,6m,1m,12m
2014-12-17,gamma1,6.191306269130247e-05,6m,1m,12m
2014-12-18,gamma1,2.218960463633198e-05,6m,1m,12m
2014-12-19,gamma1,6.36719586557506e-05,6m,1m,12m
2014-12-22,gamma1,5.20891937139868e-05,6m,1m,12m
2014-12-23,gamma1,2.9748210774355337e-05,6m,1m,12m
2014-12-24,gamma1,3.1978170334639146e-05,6m,1m,12m
2014-12-26,gamma1,5.934777950573548e-05,6m,1m,12m
2014-12-29,gamma1,6.81142393138783e-05,6m,1m,12m
2014-12-30,gamma1,6.05360173111975e-05,6m,1m,12m
2014-12-31,gamma1,9.217834127442948e-05,6m,1m,12m
2015-01-02,gamma1,3.242972072455393e-05,6m,1m,12m
2015-01-05,gamma1,3.9147099048292195e-05,6m,1m,12m
2015-01-06,gamma1,3.685669284066673e-05,6m,1m,12m
2015-01-07,gamma1,3.3830933837782594e-05,6m,1m,12m
2015-01-08,gamma1,2.6593415923408773e-05,6m,1m,12m
2015-01-09,gamma1,5.272549209530996e-05,6m,1m,12m
2015-01-12,gamma1,6.099118752104322e-05,6m,1m,12m
2015-01-13,gamma1,6.046611900893222e-05,6m,1m,12m
2015-01-14,gamma1,8.04246386711423e-05,6m,1m,12m
2015-01-15,gamma1,6.370921358064366e-05,6m,1m,12m
2015-01-16,gamma1,7.196919098220172e-05,6m,1m,12m
2015-01-20,gamma1,6.769260636668507e-05,6m,1m,12m
2015-01-21,gamma1,8.228865828278429e-05,6m,1m,12m
2015-01-22,gamma1,8.002566239085127e-05,6m,1m,12m
2015-01-23,gamma1,8.129283903783717e-05,6m,1m,12m
2015-01-26,gamma1,8.12960845164502e-05,6m,1m,12m
2015-01-27,gamma1,0.00010175161292495002,6m,1m,12m
2015-01-28,gamma1,0.00010194389463341712,6m,1m,12m
2015-01-29,gamma1,8.960580414177648e-05,6m,1m,12m
2015-01-30,gamma1,9.396029179111895e-05,6m,1m,12m
2015-02-02,gamma1,8.193102681528508e-05,6m,1m,12m
2015-02-03,gamma1,3.434724740414537e-05,6m,1m,12m
2015-02-04,gamma1,9.130694799602388e-05,6m,1m,12m
2015-02-05,gamma1,7.615216552604903e-05,6m,1m,12m
2015-02-06,gamma1,9.167495971332452e-05,6m,1m,12m
2015-02-09,gamma1,0.00010470025914969308,6m,1m,12m
2015-02-10,gamma1,0.00010659921974534041,6m,1m,12m
2015-02-11,gamma1,0.0001367804802492623,6m,1m,12m
2015-02-12,gamma1,7.669267628720061e-05,6m,1m,12m
2015-02-13,gamma1,8.7132144017877e-05,6m,1m,12m
2015-02-17,gamma1,8.736867242689245e-05,6m,1m,12m
2015-02-18,gamma1,7.92681058875648e-05,6m,1m,12m
2015-02-19,gamma1,8.279534882512667e-05,6m,1m,12m
2015-02-20,gamma1,7.215506530956557e-05,6m,1m,12m
2015-02-23,gamma1,7.6423836659519e-05,6m,1m,12m
2015-02-24,gamma1,6.325761017566708e-05,6m,1m,12m
2015-02-25,gamma1,6.664858149465987e-05,6m,1m,12m
2015-02-26,gamma1,7.321007140154016e-05,6m,1m,12m
2015-02-27,gamma1,7.729880115254924e-05,6m,1m,12m
2015-03-02,gamma1,9.250447627083551e-05,6m,1m,12m
2015-03-03,gamma1,8.694839885264394e-05,6m,1m,12m
2015-03-04,gamma1,7.572863574690486e-05,6m,1m,12m
2015-03-05,gamma1,7.79347209861889e-05,6m,1m,12m
2015-03-06,gamma1,8.891357548747177e-05,6m,1m,12m
2015-03-09,gamma1,0.00010762710433285288,6m,1m,12m
2015-03-10,gamma1,0.00013636121312651388,6m,1m,12m
2015-03-11,gamma1,0.00012530837800936223,6m,1m,12m
2015-03-12,gamma1,0.00011475527311327823,6m,1m,12m
2015-03-13,gamma1,0.0001318794031450521,6m,1m,12m
2015-03-16,gamma1,0.00010132803035841523,6m,1m,12m
2015-03-17,gamma1,0.0001237345367611211,6m,1m,12m
2015-03-18,gamma1,6.153540741966352e-05,6m,1m,12m
2015-03-19,gamma1,8.427522308419977e-05,6m,1m,12m
2015-03-20,gamma1,3.682708355257327e-05,6m,1m,12m
2015-03-23,gamma1,9.427439691097547e-05,6m,1m,12m
2015-03-24,gamma1,9.642175612883616e-05,6m,1m,12m
2015-03-25,gamma1,3.2181207242608995e-05,6m,1m,12m
2015-03-26,gamma1,4.310054543763193e-05,6m,1m,12m
2015-03-27,gamma1,4.640341082455826e-05,6m,1m,12m
2015-03-30,gamma1,6.476967799410465e-05,6m,1m,12m
2015-03-31,gamma1,8.630167586270476e-05,6m,1m,12m
2015-04-01,gamma1,7.358160397051198e-05,6m,1m,12m
2015-04-02,gamma1,9.733278599089483e-05,6m,1m,12m
2015-04-06,gamma1,9.942491252677006e-05,6m,1m,12m
2015-04-07,gamma1,9.266645274119922e-05,6m,1m,12m
2015-04-08,gamma1,7.990039339432289e-05,6m,1m,12m
2015-04-09,gamma1,7.864555037452031e-05,6m,1m,12m
2015-04-10,gamma1,9.570771790034317e-05,6m,1m,12m
2015-04-13,gamma1,8.044933272499345e-05,6m,1m,12m
2015-04-14,gamma1,8.416949094563336e-05,6m,1m,12m
2015-04-15,gamma1,6.457709540184214e-05,6m,1m,12m
2015-04-16,gamma1,7.517279289883587e-05,6m,1m,12m
2015-04-17,gamma1,5.269292029539219e-05,6m,1m,12m
2015-04-20,gamma1,5.8097474878706e-05,6m,1m,12m
2015-04-21,gamma1,4.2945260661385464e-05,6m,1m,12m
2015-04-22,gamma1,2.8084454602117876e-05,6m,1m,12m
2015-04-23,gamma1,3.813706915992135e-05,6m,1m,12m
2015-04-24,gamma1,3.226956381885895e-05,6m,1m,12m
2015-04-27,gamma1,4.2138301110795025e-05,6m,1m,12m
2015-04-28,gamma1,3.0534530798204235e-05,6m,1m,12m
2015-04-29,gamma1,2.55069490286618e-05,6m,1m,12m
2015-04-30,gamma1,3.6573382519331664e-05,6m,1m,12m
2015-05-01,gamma1,4.0493749903957894e-05,6m,1m,12m
2015-05-04,gamma1,4.688953080663432e-05,6m,1m,12m
2015-05-05,gamma1,4.149600559398418e-05,6m,1m,12m
2015-05-06,gamma1,4.967925737915147e-05,6m,1m,12m
2015-05-07,gamma1,4.663250905331348e-05,6m,1m,12m
2015-05-08,gamma1,3.3301032425948914e-05,6m,1m,12m
2015-05-11,gamma1,5.251670072376955e-05,6m,1m,12m
2015-05-12,gamma1,3.665922543727981e-05,6m,1m,12m
2015-05-13,gamma1,2.9480879558782265e-05,6m,1m,12m
2015-05-14,gamma1,3.911385577478764e-05,6m,1m,12m
2015-05-15,gamma1,1.9182260327982085e-05,6m,1m,12m
2015-05-18,gamma1,3.29697411105316e-05,6m,1m,12m
2015-05-19,gamma1,1.631650769752026e-05,6m,1m,12m
2015-05-20,gamma1,4.1852364246651624e-05,6m,1m,12m
2015-05-21,gamma1,3.221211666192441e-05,6m,1m,12m
2015-05-22,gamma1,4.3996158086691677e-05,6m,1m,12m
2015-05-26,gamma1,2.1291297031523275e-05,6m,1m,12m
2015-05-27,gamma1,4.439949011941209e-05,6m,1m,12m
2015-05-28,gamma1,1.4224197043414281e-05,6m,1m,12m
2015-05-29,gamma1,1.4722782023545727e-05,6m,1m,12m
2015-06-01,gamma1,2.4147098359948076e-05,6m,1m,12m
2015-06-02,gamma1,2.7041803376314442e-05,6m,1m,12m
2015-06-03,gamma1,1.77306173675382e-05,6m,1m,12m
2015-06-04,gamma1,2.5062604100859856e-05,6m,1m,12m
2015-06-05,gamma1,-1.1733607426331799e-05,6m,1m,12m
2015-06-08,gamma1,-1.4279043343107366e-05,6m,1m,12m
2015-06-09,gamma1,-1.0173673383119148e-05,6m,1m,12m
2015-06-10,gamma1,6.268657497879169e-06,6m,1m,12m
2015-06-11,gamma1,-2.5895017366012967e-06,6m,1m,12m
2015-06-12,gamma1,5.7420770816643853e-05,6m,1m,12m
2015-06-15,gamma1,-5.299430430849896e-06,6m,1m,12m
2015-06-16,gamma1,3.13934870718446e-05,6m,1m,12m
2015-06-17,gamma1,-3.7588805351010103e-06,6m,1m,12m
2015-06-18,gamma1,4.881697417977447e-05,6m,1m,12m
2015-06-19,gamma1,3.325758905374356e-05,6m,1m,12m
2015-06-22,gamma1,1.0611162550922813e-05,6m,1m,12m
2015-06-23,gamma1,3.66926980730594e-05,6m,1m,12m
2015-06-24,gamma1,4.129481070384486e-05,6m,1m,12m
2015-06-25,gamma1,3.650507381110732e-05,6m,1m,12m
2015-06-26,gamma1,4.0311810280715274e-05,6m,1m,12m
2015-06-29,gamma1,4.1485175210603675e-05,6m,1m,12m
2015-06-30,gamma1,2.1064536528052672e-05,6m,1m,12m
2015-07-01,gamma1,8.38866508112007e-05,6m,1m,12m
2015-07-02,gamma1,2.483862024211781e-05,6m,1m,12m
2015-07-06,gamma1,4.446228973307674e-05,6m,1m,12m
2015-07-07,gamma1,7.588549798066993e-05,6m,1m,12m
2015-07-08,gamma1,0.00012036143486933105,6m,1m,12m
2015-07-09,gamma1,8.836602172436315e-05,6m,1m,12m
2015-07-10,gamma1,6.957989160030803e-05,6m,1m,12m
2015-07-13,gamma1,4.304869930255968e-05,6m,1m,12m
2015-07-14,gamma1,5.2860425974466386e-05,6m,1m,12m
2015-07-15,gamma1,4.3125810809473636e-05,6m,1m,12m
2015-07-16,gamma1,6.233505450379656e-05,6m,1m,12m
2015-07-17,gamma1,-1.1247412379496208e-05,6m,1m,12m
2015-07-20,gamma1,3.5229257100788715e-06,6m,1m,12m
2015-07-21,gamma1,6.300487250264603e-05,6m,1m,12m
2015-07-22,gamma1,4.423874258000223e-05,6m,1m,12m
2015-07-23,gamma1,3.363998481890595e-05,6m,1m,12m
2015-07-24,gamma1,7.21094240589647e-05,6m,1m,12m
2015-07-27,gamma1,8.068019071285463e-05,6m,1m,12m
2015-07-28,gamma1,2.8562436040625687e-05,6m,1m,12m
2015-07-29,gamma1,2.517408571451519e-05,6m,1m,12m
2015-07-30,gamma1,3.3582348875938194e-05,6m,1m,12m
2015-07-31,gamma1,4.932852813973995e-05,6m,1m,12m
2015-08-03,gamma1,5.1646749284502174e-05,6m,1m,12m
2015-08-04,gamma1,3.899587186497647e-05,6m,1m,12m
2015-08-05,gamma1,4.046354701342277e-05,6m,1m,12m
2015-08-06,gamma1,3.076986390541608e-05,6m,1m,12m
2015-08-07,gamma1,2.66616607975356e-05,6m,1m,12m
2015-08-10,gamma1,4.21761057727823e-05,6m,1m,12m
2015-08-11,gamma1,4.044826663481912e-05,6m,1m,12m
2015-08-12,gamma1,6.962269190468873e-05,6m,1m,12m
2015-08-13,gamma1,7.574679993689212e-05,6m,1m,12m
2015-08-14,gamma1,9.590392235299257e-05,6m,1m,12m
2015-08-17,gamma1,0.00010797301125363534,6m,1m,12m
2015-08-18,gamma1,0.00014060811509508344,6m,1m,12m
2015-08-19,gamma1,0.00011256843411420014,6m,1m,12m
2015-08-20,gamma1,0.0001329713437255193,6m,1m,12m
2015-08-21,gamma1,6.662260015925365e-05,6m,1m,12m
2015-08-24,gamma1,0.0001698412566227346,6m,1m,12m
2015-08-25,gamma1,0.00014654565856320312,6m,1m,12m
2015-08-26,gamma1,0.00014545682210704674,6m,1m,12m
2015-08-27,gamma1,0.0001311306018951123,6m,1m,12m
2015-08-28,gamma1,0.0001267980329914382,6m,1m,12m
2015-08-31,gamma1,0.00014988165877352606,6m,1m,12m
2015-09-01,gamma1,0.000166089181031664,6m,1m,12m
2015-09-02,gamma1,0.0002111230933198978,6m,1m,12m
2015-09-03,gamma1,0.00020713299512733924,6m,1m,12m
2015-09-04,gamma1,0.000180478061926943,6m,1m,12m
2015-09-08,gamma1,0.000110694597765729,6m,1m,12m
2015-09-09,gamma1,0.00011841173165962299,6m,1m,12m
2015-09-10,gamma1,0.00011413902212645552,6m,1m,12m
2015-09-11,gamma1,5.3363142572249495e-06,6m,1m,12m
2015-09-14,gamma1,0.00019481098363549992,6m,1m,12m
2015-09-15,gamma1,0.00012924907377337647,6m,1m,12m
2015-09-16,gamma1,0.00012233028922038354,6m,1m,12m
2015-09-17,gamma1,0.00012469485999333784,6m,1m,12m
2015-09-18,gamma1,-2.6532433518555007e-05,6m,1m,12m
2015-09-21,gamma1,0.00013732633645786814,6m,1m,12m
2015-09-22,gamma1,-2.130583039778426e-05,6m,1m,12m
2015-09-23,gamma1,-1.7288024073468995e-05,6m,1m,12m
2015-09-24,gamma1,0.00012947846729755212,6m,1m,12m
2015-09-25,gamma1,0.00011937630501712583,6m,1m,12m
2015-09-28,gamma1,0.00012438362936623875,6m,1m,12m
2015-09-29,gamma1,0.00011029424793225189,6m,1m,12m
2015-09-30,gamma1,0.00010212323139348899,6m,1m,12m
2015-10-01,gamma1,0.00012086712034752194,6m,1m,12m
2015-10-02,gamma1,0.00010789719006516893,6m,1m,12m
2015-10-05,gamma1,8.01345810502763e-05,6m,1m,12m
2015-10-06,gamma1,8.155121496766778e-05,6m,1m,12m
2015-10-07,gamma1,7.073667530135946e-05,6m,1m,12m
2015-10-08,gamma1,8.911297050611399e-05,6m,1m,12m
2015-10-09,gamma1,6.811365647517537e-05,6m,1m,12m
2015-10-12,gamma1,2.7605054564506445e-05,6m,1m,12m
2015-10-13,gamma1,4.6533951155798786e-05,6m,1m,12m
2015-10-14,gamma1,4.665630225619629e-05,6m,1m,12m
2015-10-15,gamma1,1.410687818705952e-05,6m,1m,12m
2015-10-16,gamma1,5.864019698246994e-06,6m,1m,12m
2015-10-19,gamma1,-2.2386172373345753e-06,6m,1m,12m
2015-10-20,gamma1,2.7337939696297242e-05,6m,1m,12m
2015-10-21,gamma1,5.2726437407015606e-05,6m,1m,12m
2015-10-22,gamma1,2.1098284402723503e-05,6m,1m,12m
2015-10-23,gamma1,4.4265274248360306e-05,6m,1m,12m
2015-10-26,gamma1,4.142986039455481e-05,6m,1m,12m
2015-10-27,gamma1,4.9061728095411026e-05,6m,1m,12m
2015-10-28,gamma1,7.847580877347409e-05,6m,1m,12m
2015-10-29,gamma1,6.306032959697902e-05,6m,1m,12m
2015-10-30,gamma1,6.133644613547624e-05,6m,1m,12m
2015-11-02,gamma1,3.84859610594973e-05,6m,1m,12m
2015-11-03,gamma1,4.000621921138064e-05,6m,1m,12m
2015-11-04,gamma1,3.557394852121888e-05,6m,1m,12m
2015-11-05,gamma1,2.7539276526477638e-05,6m,1m,12m
2015-11-06,gamma1,8.404711293730178e-05,6m,1m,12m
2015-11-09,gamma1,9.168587040657476e-05,6m,1m,12m
2015-11-10,gamma1,7.78562689282212e-05,6m,1m,12m
2015-11-11,gamma1,9.323769959148155e-05,6m,1m,12m
2015-11-12,gamma1,8.221205818565705e-05,6m,1m,12m
2015-11-13,gamma1,2.1665122130632217e-05,6m,1m,12m
2015-11-16,gamma1,2.2862697038387234e-05,6m,1m,12m
2015-11-17,gamma1,8.456409603665297e-05,6m,1m,12m
2015-11-18,gamma1,2.1607999147925432e-05,6m,1m,12m
2015-11-19,gamma1,2.3726407099334945e-05,6m,1m,12m
2015-11-20,gamma1,2.4033078331244247e-05,6m,1m,12m
2015-11-23,gamma1,5.0106548441387564e-05,6m,1m,12m
2015-11-24,gamma1,4.601607752832461e-05,6m,1m,12m
2015-11-25,gamma1,7.026162210573982e-05,6m,1m,12m
2015-11-27,gamma1,6.625754796375209e-05,6m,1m,12m
2015-11-30,gamma1,6.998263629192985e-05,6m,1m,12m
2015-12-01,gamma1,4.2309217340014154e-05,6m,1m,12m
2015-12-02,gamma1,4.2348426363602676e-05,6m,1m,12m
2015-12-03,gamma1,8.107747102751304e-05,6m,1m,12m
2015-12-04,gamma1,5.809413453941524e-05,6m,1m,12m
2015-12-07,gamma1,3.556336122249408e-05,6m,1m,12m
2015-12-08,gamma1,9.2524943506747e-05,6m,1m,12m
2015-12-09,gamma1,8.096781394812651e-05,6m,1m,12m
2015-12-10,gamma1,4.363003713895482e-05,6m,1m,12m
2015-12-11,gamma1,-2.6712318534564527e-05,6m,1m,12m
2015-12-14,gamma1,7.022665407639872e-06,6m,1m,12m
2015-12-15,gamma1,8.648075661341378e-06,6m,1m,12m
2015-12-16,gamma1,4.130475361321074e-05,6m,1m,12m
2015-12-17,gamma1,9.409647566273675e-05,6m,1m,12m
2015-12-18,gamma1,7.293721386034336e-05,6m,1m,12m
2015-12-21,gamma1,7.391600267499186e-05,6m,1m,12m
2015-12-22,gamma1,6.858971381416818e-05,6m,1m,12m
2015-12-23,gamma1,7.171502570667872e-05,6m,1m,12m
2015-12-24,gamma1,6.838492403622446e-05,6m,1m,12m
2015-12-28,gamma1,5.217729895011934e-05,6m,1m,12m
2015-12-29,gamma1,5.038484022731489e-05,6m,1m,12m
2015-12-30,gamma1,5.738649273278418e-05,6m,1m,12m
2015-12-31,gamma1,8.148242578578023e-05,6m,1m,12m
2016-01-04,gamma1,2.497433147159943e-05,6m,1m,12m
2016-01-05,gamma1,2.490496889406872e-05,6m,1m,12m
2016-01-06,gamma1,5.292602334572142e-05,6m,1m,12m
2016-01-07,gamma1,-2.3439584377169285e-06,6m,1m,12m
2016-01-08,gamma1,4.4597921641990556e-05,6m,1m,12m
2016-01-11,gamma1,7.06085827530589e-05,6m,1m,12m
2016-01-12,gamma1,4.2154763717500526e-05,6m,1m,12m
2016-01-13,gamma1,8.742044378449511e-05,6m,1m,12m
2016-01-14,gamma1,6.154940440927891e-05,6m,1m,12m
2016-01-15,gamma1,6.751725209918022e-05,6m,1m,12m
2016-01-19,gamma1,7.916134087470274e-05,6m,1m,12m
2016-01-20,gamma1,0.00014717328199741938,6m,1m,12m
2016-01-21,gamma1,7.939455524122253e-05,6m,1m,12m
2016-01-22,gamma1,0.00012437699459963612,6m,1m,12m
2016-01-25,gamma1,0.00011808102715785432,6m,1m,12m
2016-01-26,gamma1,0.00013382319247802837,6m,1m,12m
2016-01-27,gamma1,0.00016477666324610663,6m,1m,12m
2016-01-28,gamma1,0.00012151090489079079,6m,1m,12m
2016-01-29,gamma1,0.00015814876336901776,6m,1m,12m
2016-02-01,gamma1,8.794986450212351e-05,6m,1m,12m
2016-02-02,gamma1,8.876917995176575e-05,6m,1m,12m
2016-02-03,gamma1,0.000148954367364811,6m,1m,12m
2016-02-04,gamma1,0.0001404001553479273,6m,1m,12m
2016-02-05,gamma1,0.00012065808665862272,6m,1m,12m
2016-02-08,gamma1,0.00018436905663129566,6m,1m,12m
2016-02-09,gamma1,0.00019802926436623394,6m,1m,12m
2016-02-10,gamma1,0.00013581279354829808,6m,1m,12m
2016-02-11,gamma1,0.00013418611541199857,6m,1m,12m
2016-02-12,gamma1,0.00019934677527469783,6m,1m,12m
2016-02-16,gamma1,0.00011093188582997843,6m,1m,12m
2016-02-17,gamma1,0.00014994965552905568,6m,1m,12m
2016-02-18,gamma1,0.0001654216251418256,6m,1m,12m
2016-02-19,gamma1,0.00017499637397842127,6m,1m,12m
2016-02-22,gamma1,0.00013901448845170315,6m,1m,12m
2016-02-23,gamma1,0.00013215113964079912,6m,1m,12m
2016-02-24,gamma1,0.0001486157966924967,6m,1m,12m
2016-02-25,gamma1,0.00014236116690454205,6m,1m,12m
2016-02-26,gamma1,0.0001286421575700827,6m,1m,12m
2016-02-29,gamma1,9.61292062066455e-05,6m,1m,12m
2016-03-01,gamma1,0.00012286801484455494,6m,1m,12m
2016-03-02,gamma1,0.0001392449634666119,6m,1m,12m
2016-03-03,gamma1,9.524067817548988e-05,6m,1m,12m
2016-03-04,gamma1,0.00021932385579889147,6m,1m,12m
2016-03-07,gamma1,0.0001814923554844755,6m,1m,12m
2016-03-08,gamma1,0.000173459845849015,6m,1m,12m
2016-03-09,gamma1,0.00015674147437068836,6m,1m,12m
2016-03-10,gamma1,9.638676949634236e-05,6m,1m,12m
2016-03-11,gamma1,0.00011446836874461347,6m,1m,12m
2016-03-14,gamma1,0.0001080505020667708,6m,1m,12m
2016-03-15,gamma1,8.364666064290662e-05,6m,1m,12m
2016-03-16,gamma1,0.00010177475669917196,6m,1m,12m
2016-03-17,gamma1,0.00010355982188541427,6m,1m,12m
2016-03-18,gamma1,5.201799675565686e-05,6m,1m,12m
2016-03-21,gamma1,4.672527987230514e-05,6m,1m,12m
2016-03-22,gamma1,6.390628552103885e-05,6m,1m,12m
2016-03-23,gamma1,4.8413397203664205e-05,6m,1m,12m
2016-03-24,gamma1,6.903162289785017e-05,6m,1m,12m
2016-03-28,gamma1,6.0857487446684365e-05,6m,1m,12m
2016-03-29,gamma1,5.0387165467777396e-05,6m,1m,12m
2016-03-30,gamma1,4.840454169581557e-05,6m,1m,12m
2016-03-31,gamma1,4.54874193278915e-05,6m,1m,12m
2016-04-01,gamma1,4.303840670459586e-05,6m,1m,12m
2016-04-04,gamma1,4.736649773898068e-05,6m,1m,12m
2016-04-05,gamma1,6.32244828564993e-05,6m,1m,12m
2016-04-06,gamma1,4.2326921141416955e-05,6m,1m,12m
2016-04-07,gamma1,7.153021679087457e-05,6m,1m,12m
2016-04-08,gamma1,4.868573622601828e-05,6m,1m,12m
2016-04-11,gamma1,6.069112098247967e-05,6m,1m,12m
2016-04-12,gamma1,4.233456261454349e-05,6m,1m,12m
2016-04-13,gamma1,4.781215915201425e-05,6m,1m,12m
2016-04-14,gamma1,3.685531842444931e-05,6m,1m,12m
2016-04-15,gamma1,3.2697743098321465e-05,6m,1m,12m
2016-04-18,gamma1,3.448923290818006e-05,6m,1m,12m
2016-04-19,gamma1,4.7235642029849055e-05,6m,1m,12m
2016-04-20,gamma1,6.763219674971407e-05,6m,1m,12m
2016-04-21,gamma1,5.68195430073317e-05,6m,1m,12m
2016-04-22,gamma1,4.925185401359185e-05,6m,1m,12m
2016-04-25,gamma1,3.0629868778075204e-05,6m,1m,12m
2016-04-26,gamma1,3.9548577260985704e-05,6m,1m,12m
2016-04-27,gamma1,3.760701450594613e-05,6m,1m,12m
2016-04-28,gamma1,1.7524346429954693e-05,6m,1m,12m
2016-04-29,gamma1,2.685279738398123e-05,6m,1m,12m
2016-05-02,gamma1,1.6427471420669276e-05,6m,1m,12m
2016-05-03,gamma1,3.1515105721818804e-05,6m,1m,12m
2016-05-04,gamma1,4.540845630254478e-05,6m,1m,12m
2016-05-05,gamma1,4.356866115463807e-05,6m,1m,12m
2016-05-06,gamma1,4.671703573371451e-05,6m,1m,12m
2016-05-09,gamma1,4.5106955709633385e-05,6m,1m,12m
2016-05-10,gamma1,8.917351203932085e-05,6m,1m,12m
2016-05-11,gamma1,7.677455031568623e-05,6m,1m,12m
2016-05-12,gamma1,5.327475149928053e-05,6m,1m,12m
2016-05-13,gamma1,6.961931604425369e-05,6m,1m,12m
2016-05-16,gamma1,6.499387619594759e-05,6m,1m,12m
2016-05-17,gamma1,4.8813806356487145e-05,6m,1m,12m
2016-05-18,gamma1,6.0679120644920824e-05,6m,1m,12m
2016-05-19,gamma1,5.791325707039175e-05,6m,1m,12m
2016-05-20,gamma1,6.295691348107857e-05,6m,1m,12m
2016-05-23,gamma1,5.627121403409426e-05,6m,1m,12m
2016-05-24,gamma1,8.202783834920832e-05,6m,1m,12m
2016-05-25,gamma1,6.570661794835438e-05,6m,1m,12m
2016-05-26,gamma1,7.14553554509908e-05,6m,1m,12m
2016-05-27,gamma1,7.024801040236309e-05,6m,1m,12m
2016-05-31,gamma1,4.964518992151493e-05,6m,1m,12m
2016-06-01,gamma1,4.792312212481229e-05,6m,1m,12m
2016-06-02,gamma1,3.624172553736677e-05,6m,1m,12m
2016-06-03,gamma1,9.084565410511332e-05,6m,1m,12m
2016-06-06,gamma1,8.556300032218917e-05,6m,1m,12m
2016-06-07,gamma1,4.9809772340854124e-05,6m,1m,12m
2016-06-08,gamma1,6.836560950160718e-05,6m,1m,12m
2016-06-09,gamma1,3.6484071082930285e-05,6m,1m,12m
2016-06-10,gamma1,2.7252156409160257e-05,6m,1m,12m
2016-06-13,gamma1,-6.411871097730669e-06,6m,1m,12m
2016-06-14,gamma1,-8.589542211591278e-06,6m,1m,12m
2016-06-15,gamma1,2.431517857809783e-06,6m,1m,12m
2016-06-16,gamma1,-1.099758447479388e-05,6m,1m,12m
2016-06-17,gamma1,-1.638773729852198e-05,6m,1m,12m
2016-06-20,gamma1,-9.817837196827303e-06,6m,1m,12m
2016-06-21,gamma1,-1.4684823506045165e-05,6m,1m,12m
2016-06-22,gamma1,2.51364464130407e-06,6m,1m,12m
2016-06-23,gamma1,-2.442424084678583e-06,6m,1m,12m
2016-06-24,gamma1,-2.6040285350689835e-05,6m,1m,12m
2016-06-27,gamma1,6.956475842160635e-05,6m,1m,12m
2016-06-28,gamma1,3.150287468858766e-05,6m,1m,12m
2016-06-29,gamma1,3.969193963980819e-05,6m,1m,12m
2016-06-30,gamma1,1.685025942089938e-05,6m,1m,12m
2016-07-01,gamma1,1.1638389473988135e-05,6m,1m,12m
2016-07-05,gamma1,4.513167413377897e-05,6m,1m,12m
2016-07-06,gamma1,5.207567986902262e-05,6m,1m,12m
2016-07-07,gamma1,4.8772962676219536e-05,6m,1m,12m
2016-07-08,gamma1,6.344439225279371e-05,6m,1m,12m
2016-07-11,gamma1,7.87082930811249e-05,6m,1m,12m
2016-07-12,gamma1,8.739118488690807e-05,6m,1m,12m
2016-07-13,gamma1,5.5226069468018824e-05,6m,1m,12m
2016-07-14,gamma1,8.26157114989993e-05,6m,1m,12m
2016-07-15,gamma1,5.492094379423826e-05,6m,1m,12m
2016-07-18,gamma1,4.825651539989722e-05,6m,1m,12m
2016-07-19,gamma1,4.129973170585793e-05,6m,1m,12m
2016-07-20,gamma1,4.7084538209737545e-05,6m,1m,12m
2016-07-21,gamma1,2.1708934624206874e-05,6m,1m,12m
2016-07-22,gamma1,2.7376659002420616e-05,6m,1m,12m
2016-07-25,gamma1,8.482321570683233e-06,6m,1m,12m
2016-07-26,gamma1,1.6689305019849265e-05,6m,1m,12m
2016-07-27,gamma1,1.680441339846584e-05,6m,1m,12m
2016-07-28,gamma1,8.592963089257387e-06,6m,1m,12m
2016-07-29,gamma1,2.3832677919064138e-05,6m,1m,12m
2016-08-01,gamma1,1.0360786862857047e-05,6m,1m,12m
2016-08-02,gamma1,-8.825752109234516e-06,6m,1m,12m
2016-08-03,gamma1,-8.078947451494741e-06,6m,1m,12m
2016-08-04,gamma1,-4.454616923019704e-06,6m,1m,12m
2016-08-05,gamma1,2.6508573140108958e-05,6m,1m,12m
2016-08-08,gamma1,-1.8483684040926528e-06,6m,1m,12m
2016-08-09,gamma1,4.964158695946448e-05,6m,1m,12m
2016-08-10,gamma1,5.2011566938764056e-05,6m,1m,12m
2016-08-11,gamma1,6.496724441947198e-05,6m,1m,12m
2016-08-12,gamma1,5.120576630239686e-05,6m,1m,12m
2016-08-15,gamma1,5.1836655793875634e-05,6m,1m,12m
2016-08-16,gamma1,6.460057535478261e-05,6m,1m,12m
2016-08-17,gamma1,4.9576392524495086e-05,6m,1m,12m
2016-08-18,gamma1,3.073566932433366e-05,6m,1m,12m
2016-08-19,gamma1,3.703562276716904e-05,6m,1m,12m
2016-08-22,gamma1,3.432652562789476e-05,6m,1m,12m
2016-08-23,gamma1,4.8904114216954936e-05,6m,1m,12m
2016-08-24,gamma1,4.240991641212008e-05,6m,1m,12m
2016-08-25,gamma1,4.05178729702344e-05,6m,1m,12m
2016-08-26,gamma1,3.928858043578525e-05,6m,1m,12m
2016-08-29,gamma1,4.12009691110317e-05,6m,1m,12m
2016-08-30,gamma1,3.457649771803104e-05,6m,1m,12m
2016-08-31,gamma1,2.935527237426228e-05,6m,1m,12m
2016-09-01,gamma1,3.122485597712939e-05,6m,1m,12m
2016-09-02,gamma1,1.6077146352506467e-05,6m,1m,12m
2016-09-06,gamma1,-7.506817983966927e-06,6m,1m,12m
2016-09-07,gamma1,4.609420562637401e-05,6m,1m,12m
2016-09-08,gamma1,4.110363552840343e-05,6m,1m,12m
2016-09-09,gamma1,4.871337456610086e-05,6m,1m,12m
2016-09-12,gamma1,4.948160608780871e-05,6m,1m,12m
2016-09-13,gamma1,3.32821128875165e-05,6m,1m,12m
2016-09-14,gamma1,3.1622402644864414e-05,6m,1m,12m
2016-09-15,gamma1,1.828823271388655e-05,6m,1m,12m
2016-09-16,gamma1,3.367795350855302e-05,6m,1m,12m
2016-09-19,gamma1,3.1000612694420137e-05,6m,1m,12m
2016-09-20,gamma1,5.8465539413689094e-05,6m,1m,12m
2016-09-21,gamma1,4.655525956567436e-05,6m,1m,12m
2016-09-22,gamma1,3.351305455429771e-05,6m,1m,12m
2016-09-23,gamma1,5.335102433548911e-05,6m,1m,12m
2016-09-26,gamma1,4.343472675218104e-05,6m,1m,12m
2016-09-27,gamma1,3.730633539851445e-05,6m,1m,12m
2016-09-28,gamma1,4.206661238277794e-05,6m,1m,12m
2016-09-29,gamma1,2.272939298047989e-05,6m,1m,12m
2016-09-30,gamma1,4.445711186629036e-05,6m,1m,12m
2016-10-03,gamma1,3.131419883867371e-05,6m,1m,12m
2016-10-04,gamma1,3.431312644454374e-05,6m,1m,12m
2016-10-05,gamma1,3.2987204048554096e-05,6m,1m,12m
2016-10-06,gamma1,3.352669144711921e-05,6m,1m,12m
2016-10-07,gamma1,4.6117268185892994e-05,6m,1m,12m
2016-10-10,gamma1,3.0000834268736834e-05,6m,1m,12m
2016-10-11,gamma1,4.118806072133311e-05,6m,1m,12m
2016-10-12,gamma1,6.0200160511464085e-05,6m,1m,12m
2016-10-13,gamma1,6.067057303545155e-05,6m,1m,12m
2016-10-14,gamma1,2.8718163716381772e-05,6m,1m,12m
2016-10-17,gamma1,4.347428917041478e-05,6m,1m,12m
2016-10-18,gamma1,3.673873812255029e-05,6m,1m,12m
2016-10-19,gamma1,7.282910130491346e-05,6m,1m,12m
2016-10-20,gamma1,7.654485576316858e-05,6m,1m,12m
2016-10-21,gamma1,7.578905762133151e-05,6m,1m,12m
2016-10-24,gamma1,5.2246839664162426e-05,6m,1m,12m
2016-10-25,gamma1,4.120790832928522e-05,6m,1m,12m
2016-10-26,gamma1,5.987317754386104e-05,6m,1m,12m
2016-10-27,gamma1,4.2123321980093124e-05,6m,1m,12m
2016-10-28,gamma1,3.9658729263173584e-05,6m,1m,12m
2016-10-31,gamma1,6.010511100712552e-05,6m,1m,12m
2016-11-01,gamma1,0.0001969553070640231,6m,1m,12m
2016-11-02,gamma1,0.00015731767736858115,6m,1m,12m
2016-11-03,gamma1,0.000162294326512532,6m,1m,12m
2016-11-04,gamma1,0.0001477505828835598,6m,1m,12m
2016-11-07,gamma1,4.7376634808985246e-05,6m,1m,12m
2016-11-08,gamma1,4.8435471299045254e-05,6m,1m,12m
2016-11-09,gamma1,7.231355049575561e-05,6m,1m,12m
2016-11-10,gamma1,8.677151338560229e-05,6m,1m,12m
2016-11-11,gamma1,5.662878755800371e-05,6m,1m,12m
2016-11-14,gamma1,0.00010215941354331372,6m,1m,12m
2016-11-15,gamma1,0.00012657665722932114,6m,1m,12m
2016-11-16,gamma1,0.00011076630241284356,6m,1m,12m
2016-11-17,gamma1,9.023074066595974e-05,6m,1m,12m
2016-11-18,gamma1,8.384936591772211e-05,6m,1m,12m
2016-11-21,gamma1,6.722077111852291e-05,6m,1m,12m
2016-11-22,gamma1,5.061569649695935e-05,6m,1m,12m
2016-11-23,gamma1,7.298609754226555e-05,6m,1m,12m
2016-11-25,gamma1,6.275680442857031e-05,6m,1m,12m
2016-11-28,gamma1,4.4711782618724234e-05,6m,1m,12m
2016-11-29,gamma1,6.764017692603054e-05,6m,1m,12m
2016-11-30,gamma1,7.246605477020403e-05,6m,1m,12m
2016-12-01,gamma1,6.865771194988624e-05,6m,1m,12m
2016-12-02,gamma1,8.221720813247355e-05,6m,1m,12m
2016-12-05,gamma1,0.00013023137743227664,6m,1m,12m
2016-12-06,gamma1,8.699323461926215e-05,6m,1m,12m
2016-12-07,gamma1,0.00012311518116698734,6m,1m,12m
2016-12-08,gamma1,9.681824137456688e-05,6m,1m,12m
2016-12-09,gamma1,7.575609373359459e-05,6m,1m,12m
2016-12-12,gamma1,5.5621101839885674e-05,6m,1m,12m
2016-12-13,gamma1,7.009467306832941e-05,6m,1m,12m
2016-12-14,gamma1,5.683109734515431e-05,6m,1m,12m
2016-12-15,gamma1,2.281719098625602e-05,6m,1m,12m
2016-12-16,gamma1,2.1010051607873015e-05,6m,1m,12m
2016-12-19,gamma1,3.315206877724795e-05,6m,1m,12m
2016-12-20,gamma1,3.416737825576292e-05,6m,1m,12m
2016-12-21,gamma1,4.691760046403878e-05,6m,1m,12m
2016-12-22,gamma1,5.290823836252357e-05,6m,1m,12m
2016-12-23,gamma1,8.172155274322947e-05,6m,1m,12m
2016-12-27,gamma1,9.601745906954735e-05,6m,1m,12m
2016-12-28,gamma1,7.439643528280521e-05,6m,1m,12m
2016-12-29,gamma1,7.663454239677067e-05,6m,1m,12m
2016-12-30,gamma1,9.746375719562373e-05,6m,1m,12m
2017-01-03,gamma1,9.538545809223653e-05,6m,1m,12m
2017-01-04,gamma1,8.789257836334936e-05,6m,1m,12m
2017-01-05,gamma1,8.877303180118079e-05,6m,1m,12m
2017-01-06,gamma1,0.00013223124192083584,6m,1m,12m
2017-01-09,gamma1,0.00011537371515577188,6m,1m,12m
2017-01-10,gamma1,0.00011209449150674919,6m,1m,12m
2017-01-11,gamma1,9.826609039096213e-05,6m,1m,12m
2017-01-12,gamma1,9.230668623399078e-05,6m,1m,12m
2017-01-13,gamma1,0.00011951323888730411,6m,1m,12m
2017-01-17,gamma1,8.532985068318252e-05,6m,1m,12m
2017-01-18,gamma1,7.646640891891251e-05,6m,1m,12m
2017-01-19,gamma1,8.515199075034605e-05,6m,1m,12m
2017-01-20,gamma1,4.610601467086194e-05,6m,1m,12m
2017-01-23,gamma1,5.035198900208447e-05,6m,1m,12m
2017-01-24,gamma1,9.66798656444588e-05,6m,1m,12m
2017-01-25,gamma1,9.35856189273327e-05,6m,1m,12m
2017-01-26,gamma1,9.449209987225481e-05,6m,1m,12m
2017-01-27,gamma1,9.53644244713951e-05,6m,1m,12m
2017-01-30,gamma1,8.173972078380994e-05,6m,1m,12m
2017-01-31,gamma1,5.4790731308009574e-05,6m,1m,12m
2017-02-01,gamma1,7.224478610617901e-05,6m,1m,12m
2017-02-02,gamma1,9.183560401383071e-05,6m,1m,12m
2017-02-03,gamma1,0.00012263514825657553,6m,1m,12m
2017-02-06,gamma1,8.973657691593997e-05,6m,1m,12m
2017-02-07,gamma1,8.030792987980598e-05,6m,1m,12m
2017-02-08,gamma1,5.401657735632384e-05,6m,1m,12m
2017-02-09,gamma1,7.690430858608435e-05,6m,1m,12m
2017-02-10,gamma1,8.793239670921238e-05,6m,1m,12m
2017-02-13,gamma1,8.492566282736414e-05,6m,1m,12m
2017-02-14,gamma1,7.899864941019595e-05,6m,1m,12m
2017-02-15,gamma1,7.792649709283895e-05,6m,1m,12m
2017-02-16,gamma1,5.7921041215898516e-05,6m,1m,12m
2017-02-17,gamma1,5.955482096691411e-05,6m,1m,12m
2017-02-21,gamma1,6.886726924115612e-05,6m,1m,12m
2017-02-22,gamma1,6.189258725811193e-05,6m,1m,12m
2017-02-23,gamma1,4.699068119734931e-05,6m,1m,12m
2017-02-24,gamma1,2.0109620852329098e-05,6m,1m,12m
2017-02-27,gamma1,7.330944149655039e-05,6m,1m,12m
2017-02-28,gamma1,4.0961158757213325e-05,6m,1m,12m
2017-03-01,gamma1,7.378206724050496e-05,6m,1m,12m
2017-03-02,gamma1,7.948093693531814e-05,6m,1m,12m
2017-03-03,gamma1,7.791359799810585e-05,6m,1m,12m
2017-03-06,gamma1,5.471085254691017e-05,6m,1m,12m
2017-03-07,gamma1,4.379412395691752e-05,6m,1m,12m
2017-03-08,gamma1,4.512284267852936e-05,6m,1m,12m
2017-03-09,gamma1,2.8999511608361024e-05,6m,1m,12m
2017-03-10,gamma1,9.163414841047019e-06,6m,1m,12m
2017-03-13,gamma1,1.9368826905254202e-05,6m,1m,12m
2017-03-14,gamma1,1.3561805732466694e-05,6m,1m,12m
2017-03-15,gamma1,3.3488268248551046e-05,6m,1m,12m
2017-03-16,gamma1,8.887324791187012e-06,6m,1m,12m
2017-03-17,gamma1,7.100505747682964e-06,6m,1m,12m
2017-03-20,gamma1,-3.247048443979175e-05,6m,1m,12m
2017-03-21,gamma1,-1.3620926443332574e-05,6m,1m,12m
2017-03-22,gamma1,1.8591201362927836e-05,6m,1m,12m
2017-03-23,gamma1,6.6695549480835735e-06,6m,1m,12m
2017-03-24,gamma1,-1.554863948067968e-05,6m,1m,12m
2017-03-27,gamma1,1.126635653077582e-05,6m,1m,12m
2017-03-28,gamma1,3.370123569714064e-05,6m,1m,12m
2017-03-29,gamma1,4.0086442976946745e-05,6m,1m,12m
2017-03-30,gamma1,3.268785585306773e-05,6m,1m,12m
2017-03-31,gamma1,4.3111105456946155e-05,6m,1m,12m
2017-04-03,gamma1,2.1321571251000155e-05,6m,1m,12m
2017-04-04,gamma1,9.315205525668565e-06,6m,1m,12m
2017-04-05,gamma1,2.50575972322142e-05,6m,1m,12m
2017-04-06,gamma1,1.3974827596668742e-05,6m,1m,12m
2017-04-07,gamma1,-2.0730331901581248e-05,6m,1m,12m
2017-04-10,gamma1,-2.3559838321851807e-07,6m,1m,12m
2017-04-11,gamma1,-2.049279355292281e-05,6m,1m,12m
2017-04-12,gamma1,7.704986643367043e-06,6m,1m,12m
2017-04-13,gamma1,1.0360939724112222e-05,6m,1m,12m
2017-04-17,gamma1,2.1341883906731172e-05,6m,1m,12m
2017-04-18,gamma1,2.9857227414621235e-05,6m,1m,12m
2017-04-19,gamma1,1.4526997481143883e-05,6m,1m,12m
2017-04-20,gamma1,2.8789470132816285e-05,6m,1m,12m
2017-04-21,gamma1,1.7981352433575426e-05,6m,1m,12m
2017-04-24,gamma1,1.300029645671791e-05,6m,1m,12m
2017-04-25,gamma1,4.4896174988640675e-05,6m,1m,12m
2017-04-26,gamma1,4.2962310838326066e-05,6m,1m,12m
2017-04-27,gamma1,2.9511116183742934e-05,6m,1m,12m
2017-04-28,gamma1,-8.825221027453617e-06,6m,1m,12m
2017-05-01,gamma1,3.400192900545699e-05,6m,1m,12m
2017-05-02,gamma1,2.2000436230643784e-05,6m,1m,12m
2017-05-03,gamma1,-1.0350734332539962e-05,6m,1m,12m
2017-05-04,gamma1,-1.0295308564897953e-06,6m,1m,12m
2017-05-05,gamma1,2.1267624602054304e-05,6m,1m,12m
2017-05-08,gamma1,1.325826638816305e-05,6m,1m,12m
2017-05-09,gamma1,2.673676922389102e-05,6m,1m,12m
2017-05-10,gamma1,1.8991553232674246e-05,6m,1m,12m
2017-05-11,gamma1,1.81736028996672e-05,6m,1m,12m
2017-05-12,gamma1,-7.37364859845702e-06,6m,1m,12m
2017-05-15,gamma1,-1.0463232630808046e-05,6m,1m,12m
2017-05-16,gamma1,3.943295720984151e-06,6m,1m,12m
2017-05-17,gamma1,-6.340012350563085e-05,6m,1m,12m
2017-05-18,gamma1,-4.55621045627413e-05,6m,1m,12m
2017-05-19,gamma1,-3.5098476537568454e-05,6m,1m,12m
2017-05-22,gamma1,-8.654131715039234e-06,6m,1m,12m
2017-05-23,gamma1,8.039077461566989e-06,6m,1m,12m
2017-05-24,gamma1,3.234966530707108e-06,6m,1m,12m
2017-05-25,gamma1,1.1310227853427219e-05,6m,1m,12m
2017-05-26,gamma1,-6.1221090980309395e-06,6m,1m,12m
2017-05-30,gamma1,4.476017855316895e-06,6m,1m,12m
2017-05-31,gamma1,2.633266909146738e-05,6m,1m,12m
2017-06-01,gamma1,2.9630623587715955e-05,6m,1m,12m
2017-06-02,gamma1,2.7852231087253557e-05,6m,1m,12m
2017-06-05,gamma1,7.09603574849804e-06,6m,1m,12m
2017-06-06,gamma1,1.7098543526666252e-05,6m,1m,12m
2017-06-07,gamma1,-5.743519876546664e-06,6m,1m,12m
2017-06-08,gamma1,1.0307191019729248e-05,6m,1m,12m
2017-06-09,gamma1,4.914942690832804e-06,6m,1m,12m
2017-06-12,gamma1,-1.816654609804919e-05,6m,1m,12m
2017-06-13,gamma1,1.1880567331557096e-05,6m,1m,12m
2017-06-14,gamma1,1.0427140324523037e-05,6m,1m,12m
2017-06-15,gamma1,-4.8141779084849724e-06,6m,1m,12m
2017-06-16,gamma1,-3.488062238298493e-05,6m,1m,12m
2017-06-19,gamma1,2.4172884721279695e-05,6m,1m,12m
2017-06-20,gamma1,2.099867991039563e-06,6m,1m,12m
2017-06-21,gamma1,-3.1283579393677745e-06,6m,1m,12m
2017-06-22,gamma1,-2.0261585243328356e-05,6m,1m,12m
2017-06-23,gamma1,-5.480709031916148e-07,6m,1m,12m
2017-06-26,gamma1,-6.6471633368856395e-06,6m,1m,12m
2017-06-27,gamma1,1.2575471558316826e-05,6m,1m,12m
2017-06-28,gamma1,2.1827410995259825e-06,6m,1m,12m
2017-06-29,gamma1,-2.5780363444277577e-05,6m,1m,12m
2017-06-30,gamma1,-3.498321642270883e-05,6m,1m,12m
2017-07-03,gamma1,-1.315824652186109e-05,6m,1m,12m
2017-07-05,gamma1,-3.786437830959155e-05,6m,1m,12m
2017-07-06,gamma1,-5.281649288997098e-05,6m,1m,12m
2017-07-07,gamma1,-3.5688932081058895e-05,6m,1m,12m
2017-07-10,gamma1,-3.8123989122186345e-05,6m,1m,12m
2017-07-11,gamma1,-3.799470847650384e-05,6m,1m,12m
2017-07-12,gamma1,-3.465247078200314e-05,6m,1m,12m
2017-07-13,gamma1,-5.721122457256071e-05,6m,1m,12m
2017-07-14,gamma1,-4.7916017266899214e-05,6m,1m,12m
2017-07-17,gamma1,-6.78281590067693e-05,6m,1m,12m
2017-07-18,gamma1,-4.408009636152172e-05,6m,1m,12m
2017-07-19,gamma1,-7.726273169056545e-06,6m,1m,12m
2017-07-20,gamma1,-1.0085810420882853e-05,6m,1m,12m
2017-07-21,gamma1,-5.440170663113529e-05,6m,1m,12m
2017-07-24,gamma1,-3.6645242345889015e-05,6m,1m,12m
2017-07-25,gamma1,-3.67426281905986e-05,6m,1m,12m
2017-07-26,gamma1,-6.446454908575255e-06,6m,1m,12m
2017-07-27,gamma1,-3.072178363863218e-05,6m,1m,12m
2017-07-28,gamma1,-3.9368380313083746e-05,6m,1m,12m
2017-07-31,gamma1,-4.543509557053566e-05,6m,1m,12m
2017-08-01,gamma1,-3.621001981379555e-05,6m,1m,12m
2017-08-02,gamma1,2.037617943415999e-05,6m,1m,12m
2017-08-03,gamma1,1.5517921033948338e-06,6m,1m,12m
2017-08-04,gamma1,-4.448439250729086e-06,6m,1m,12m
2017-08-07,gamma1,6.660101145149963e-06,6m,1m,12m
2017-08-08,gamma1,-1.2508387973440768e-05,6m,1m,12m
2017-08-09,gamma1,-1.9397093810876792e-05,6m,1m,12m
2017-08-10,gamma1,-5.1745965472674356e-05,6m,1m,12m
2017-08-11,gamma1,-4.928685631022577e-05,6m,1m,12m
2017-08-14,gamma1,-3.5522023718815747e-05,6m,1m,12m
2017-08-15,gamma1,-1.5065830840497227e-05,6m,1m,12m
2017-08-16,gamma1,-7.581422994315138e-06,6m,1m,12m
2017-08-17,gamma1,-1.2445047755767306e-05,6m,1m,12m
2017-08-18,gamma1,2.7960461586260454e-07,6m,1m,12m
2017-08-21,gamma1,1.56562684378849e-05,6m,1m,12m
2017-08-22,gamma1,2.6431092425235583e-06,6m,1m,12m
2017-08-23,gamma1,1.1428891107248981e-05,6m,1m,12m
2017-08-24,gamma1,-3.414850854922793e-06,6m,1m,12m
2017-08-25,gamma1,2.530130668159135e-07,6m,1m,12m
2017-08-28,gamma1,-4.906615254413504e-06,6m,1m,12m
2017-08-29,gamma1,2.5459711216304886e-06,6m,1m,12m
2017-08-30,gamma1,3.422615083634396e-05,6m,1m,12m
2017-08-31,gamma1,3.563000951735321e-05,6m,1m,12m
2017-09-01,gamma1,4.004221819186846e-05,6m,1m,12m
2017-09-05,gamma1,-7.39711276573714e-07,6m,1m,12m
2017-09-06,gamma1,3.567118391294583e-05,6m,1m,12m
2017-09-07,gamma1,1.9239015885141025e-05,6m,1m,12m
2017-09-08,gamma1,-1.2702364619386541e-06,6m,1m,12m
2017-09-11,gamma1,1.7917978491838737e-05,6m,1m,12m
2017-09-12,gamma1,-3.633573086308926e-06,6m,1m,12m
2017-09-13,gamma1,2.3648646545460106e-05,6m,1m,12m
2017-09-14,gamma1,1.1094301909428839e-05,6m,1m,12m
2017-09-15,gamma1,-2.0663357183065936e-05,6m,1m,12m
2017-09-18,gamma1,-3.7196555720352176e-05,6m,1m,12m
2017-09-19,gamma1,3.8025353970803233e-06,6m,1m,12m
2017-09-20,gamma1,6.439089759847503e-06,6m,1m,12m
2017-09-21,gamma1,-9.090169671969831e-06,6m,1m,12m
2017-09-22,gamma1,-1.2288384183286951e-05,6m,1m,12m
2017-09-25,gamma1,-4.030546710354297e-06,6m,1m,12m
2017-09-26,gamma1,1.727299447487758e-05,6m,1m,12m
2017-09-27,gamma1,6.498247443367413e-05,6m,1m,12m
2017-09-28,gamma1,5.000285043322127e-05,6m,1m,12m
2017-09-29,gamma1,4.012099017626679e-05,6m,1m,12m
2017-10-02,gamma1,3.586746142799534e-05,6m,1m,12m
2017-10-03,gamma1,2.6491530530653582e-05,6m,1m,12m
2017-10-04,gamma1,-7.776896267077104e-06,6m,1m,12m
2017-10-05,gamma1,1.1651246578019258e-05,6m,1m,12m
2017-10-06,gamma1,5.635036268773466e-07,6m,1m,12m
2017-10-09,gamma1,-1.1208220248195667e-05,6m,1m,12m
2017-10-10,gamma1,4.402755083119389e-06,6m,1m,12m
2017-10-11,gamma1,1.902949274966635e-05,6m,1m,12m
2017-10-12,gamma1,1.8217019923988436e-05,6m,1m,12m
2017-10-13,gamma1,9.154864440653798e-06,6m,1m,12m
2017-10-16,gamma1,-1.936619483258754e-06,6m,1m,12m
2017-10-17,gamma1,2.897796923508349e-06,6m,1m,12m
2017-10-18,gamma1,1.892432677093996e-05,6m,1m,12m
2017-10-19,gamma1,2.687153268561598e-06,6m,1m,12m
2017-10-20,gamma1,9.209001840518041e-06,6m,1m,12m
2017-10-23,gamma1,5.522563184815937e-06,6m,1m,12m
2017-10-24,gamma1,1.3016687182070321e-05,6m,1m,12m
2017-10-25,gamma1,3.192660196356555e-05,6m,1m,12m
2017-10-26,gamma1,4.142491795638317e-05,6m,1m,12m
2017-10-27,gamma1,5.0149987772524924e-06,6m,1m,12m
2017-10-30,gamma1,-8.755455322168932e-06,6m,1m,12m
2017-10-31,gamma1,1.9975950394198827e-05,6m,1m,12m
2017-11-01,gamma1,5.830298333784799e-05,6m,1m,12m
2017-11-02,gamma1,2.108564395776449e-05,6m,1m,12m
2017-11-03,gamma1,3.3468249262555765e-05,6m,1m,12m
2017-11-06,gamma1,3.7892962432105944e-05,6m,1m,12m
2017-11-07,gamma1,3.4746928936585784e-05,6m,1m,12m
2017-11-08,gamma1,2.7335988961478626e-05,6m,1m,12m
2017-11-09,gamma1,2.5764735876327243e-05,6m,1m,12m
2017-11-10,gamma1,-8.199488704053044e-06,6m,1m,12m
2017-11-13,gamma1,-8.129271688493878e-06,6m,1m,12m
2017-11-14,gamma1,1.9869179467475734e-05,6m,1m,12m
2017-11-15,gamma1,3.0113824932393386e-05,6m,1m,12m
2017-11-16,gamma1,4.3341191830229724e-05,6m,1m,12m
2017-11-17,gamma1,-2.27192535188949e-06,6m,1m,12m
2017-11-20,gamma1,1.653860746441366e-05,6m,1m,12m
2017-11-21,gamma1,2.0170744899600303e-05,6m,1m,12m
2017-11-22,gamma1,5.0539155773814e-05,6m,1m,12m
2017-11-24,gamma1,5.305209522120251e-05,6m,1m,12m
2017-11-27,gamma1,2.6306357485494283e-05,6m,1m,12m
2017-11-28,gamma1,3.644716492777498e-05,6m,1m,12m
2017-11-29,gamma1,1.970240833598484e-05,6m,1m,12m
2017-11-30,gamma1,1.638348787609136e-05,6m,1m,12m
2017-12-01,gamma1,4.2235073539927286e-05,6m,1m,12m
2017-12-04,gamma1,4.2555464176168756e-05,6m,1m,12m
2017-12-05,gamma1,4.09220529323683e-05,6m,1m,12m
2017-12-06,gamma1,4.0507653349502846e-05,6m,1m,12m
2017-12-07,gamma1,4.796755076804617e-05,6m,1m,12m
2017-12-08,gamma1,3.8954273027454215e-05,6m,1m,12m
2017-12-11,gamma1,6.254890346453092e-05,6m,1m,12m
2017-12-12,gamma1,4.1878089483496074e-05,6m,1m,12m
2017-12-13,gamma1,6.17738470169606e-05,6m,1m,12m
2017-12-14,gamma1,4.3288810916468614e-05,6m,1m,12m
2017-12-15,gamma1,3.158001180309243e-05,6m,1m,12m
2017-12-18,gamma1,2.296537108091652e-05,6m,1m,12m
2017-12-19,gamma1,2.6411097452645043e-05,6m,1m,12m
2017-12-20,gamma1,2.532284284008488e-05,6m,1m,12m
2017-12-21,gamma1,2.841942441401029e-05,6m,1m,12m
2017-12-22,gamma1,3.911034427225748e-05,6m,1m,12m
2017-12-26,gamma1,4.3462071825970476e-05,6m,1m,12m
2017-12-27,gamma1,2.8989408994371048e-05,6m,1m,12m
2017-12-28,gamma1,2.3936992795612985e-05,6m,1m,12m
2017-12-29,gamma1,2.1754273912446377e-05,6m,1m,12m
2018-01-02,gamma1,1.3786644791289141e-05,6m,1m,12m
2018-01-03,gamma1,5.2954318515151044e-05,6m,1m,12m
2018-01-04,gamma1,5.473077476221188e-05,6m,1m,12m
2018-01-05,gamma1,5.4952554861255464e-05,6m,1m,12m
2018-01-08,gamma1,5.623139309911301e-05,6m,1m,12m
2018-01-09,gamma1,6.82838553988193e-05,6m,1m,12m
2018-01-10,gamma1,5.35055600525826e-05,6m,1m,12m
2018-01-11,gamma1,8.565039096985338e-05,6m,1m,12m
2018-01-12,gamma1,9.935026507913215e-05,6m,1m,12m
2018-01-16,gamma1,7.774773066904193e-05,6m,1m,12m
2018-01-17,gamma1,7.651628311536185e-05,6m,1m,12m
2018-01-18,gamma1,9.610890953011054e-05,6m,1m,12m
2018-01-19,gamma1,9.125646141696953e-05,6m,1m,12m
2018-01-22,gamma1,7.28226185827509e-05,6m,1m,12m
2018-01-23,gamma1,9.608842416057098e-05,6m,1m,12m
2018-01-24,gamma1,0.00012146635720928118,6m,1m,12m
2018-01-25,gamma1,0.00011783726712465721,6m,1m,12m
2018-01-26,gamma1,0.00010887369042650554,6m,1m,12m
2018-01-29,gamma1,9.441240451993528e-05,6m,1m,12m
2018-01-30,gamma1,7.918902820182658e-05,6m,1m,12m
2018-01-31,gamma1,7.493750913139853e-05,6m,1m,12m
2018-02-01,gamma1,0.0001766097070421629,6m,1m,12m
2018-02-02,gamma1,0.00018465530422199887,6m,1m,12m
2018-02-05,gamma1,7.059886160412868e-05,6m,1m,12m
2018-02-06,gamma1,0.0003686924650624704,6m,1m,12m
2018-02-07,gamma1,0.00024769924867627276,6m,1m,12m
2018-02-08,gamma1,0.00019088649331171087,6m,1m,12m
2018-02-09,gamma1,0.00016370142217995984,6m,1m,12m
2018-02-12,gamma1,0.00018792027231466214,6m,1m,12m
2018-02-13,gamma1,0.00015824038806828907,6m,1m,12m
2018-02-14,gamma1,0.0001266652999691566,6m,1m,12m
2018-02-15,gamma1,0.00010971106837359207,6m,1m,12m
2018-02-16,gamma1,7.175586055973277e-05,6m,1m,12m
2018-02-20,gamma1,5.390644419919881e-05,6m,1m,12m
2018-02-21,gamma1,9.133698726055973e-05,6m,1m,12m
2018-02-22,gamma1,6.481435688708647e-05,6m,1m,12m
2018-02-23,gamma1,3.072225426421942e-05,6m,1m,12m
2018-02-26,gamma1,5.24348837555361e-05,6m,1m,12m
2018-02-27,gamma1,5.497738499783199e-05,6m,1m,12m
2018-02-28,gamma1,0.00011963597608641841,6m,1m,12m
2018-03-01,gamma1,2.1048233905578157e-05,6m,1m,12m
2018-03-02,gamma1,2.0576315387664875e-05,6m,1m,12m
2018-03-05,gamma1,0.00010834729824713953,6m,1m,12m
2018-03-06,gamma1,0.00017471360171336675,6m,1m,12m
2018-03-07,gamma1,0.00019636468928230515,6m,1m,12m
2018-03-08,gamma1,0.00015684154584008598,6m,1m,12m
2018-03-09,gamma1,0.00012827338034564797,6m,1m,12m
2018-03-12,gamma1,0.00013745872012568692,6m,1m,12m
2018-03-13,gamma1,0.00010519277223333037,6m,1m,12m
2018-03-14,gamma1,9.454022097313718e-05,6m,1m,12m
2018-03-15,gamma1,7.917146475920542e-05,6m,1m,12m
2018-03-16,gamma1,4.098566666057988e-05,6m,1m,12m
2018-03-19,gamma1,2.9948522493394337e-05,6m,1m,12m
2018-03-20,gamma1,2.7547044579484776e-05,6m,1m,12m
2018-03-21,gamma1,5.1090336669779525e-05,6m,1m,12m
2018-03-22,gamma1,3.7627466693476274e-05,6m,1m,12m
2018-03-23,gamma1,3.754677198813254e-05,6m,1m,12m
2018-03-26,gamma1,8.868675501570624e-05,6m,1m,12m
2018-03-27,gamma1,0.00011598454437239323,6m,1m,12m
2018-03-28,gamma1,0.00010763926551261568,6m,1m,12m
2018-03-29,gamma1,0.00011350604041436183,6m,1m,12m
2018-04-02,gamma1,8.514536806963324e-05,6m,1m,12m
2018-04-03,gamma1,8.931924192076465e-05,6m,1m,12m
2018-04-04,gamma1,0.00010124978933890726,6m,1m,12m
2018-04-05,gamma1,3.504040665244574e-05,6m,1m,12m
2018-04-06,gamma1,9.779422870916525e-05,6m,1m,12m
2018-04-09,gamma1,0.00010854618731974952,6m,1m,12m
2018-04-10,gamma1,7.612942346539505e-05,6m,1m,12m
2018-04-11,gamma1,2.1026713977874678e-05,6m,1m,12m
2018-04-12,gamma1,5.750714047838988e-05,6m,1m,12m
2018-04-13,gamma1,7.395272401832558e-05,6m,1m,12m
2018-04-16,gamma1,9.917620984738125e-06,6m,1m,12m
2018-04-17,gamma1,6.461473116656387e-05,6m,1m,12m
2018-04-18,gamma1,6.900493983327284e-05,6m,1m,12m
2018-04-19,gamma1,7.397386307109321e-05,6m,1m,12m
2018-04-20,gamma1,4.9041328880219757e-05,6m,1m,12m
2018-04-23,gamma1,-2.8130918898336975e-05,6m,1m,12m
2018-04-24,gamma1,2.941109089540933e-07,6m,1m,12m
2018-04-25,gamma1,2.6024766232667234e-05,6m,1m,12m
2018-04-26,gamma1,3.0148802282695814e-06,6m,1m,12m
2018-04-27,gamma1,2.3586437214022305e-05,6m,1m,12m
2018-04-30,gamma1,1.8183618878339965e-05,6m,1m,12m
2018-05-01,gamma1,1.6259717671340997e-08,6m,1m,12m
2018-05-02,gamma1,7.773085805817835e-05,6m,1m,12m
2018-05-03,gamma1,6.310500562599213e-05,6m,1m,12m
2018-05-04,gamma1,5.724609475286601e-05,6m,1m,12m
2018-05-07,gamma1,7.175783552068119e-05,6m,1m,12m
2018-05-08,gamma1,8.460838616548411e-05,6m,1m,12m
2018-05-09,gamma1,6.124935834706027e-05,6m,1m,12m
2018-05-10,gamma1,6.584204497868862e-05,6m,1m,12m
2018-05-11,gamma1,4.383785823412794e-05,6m,1m,12m
2018-05-14,gamma1,7.685220975263543e-05,6m,1m,12m
2018-05-15,gamma1,7.084526765730752e-05,6m,1m,12m
2018-05-16,gamma1,6.724608649043372e-05,6m,1m,12m
2018-05-17,gamma1,5.6443397037469384e-05,6m,1m,12m
2018-05-18,gamma1,4.3645954324477684e-05,6m,1m,12m
2018-05-21,gamma1,5.226720217178026e-05,6m,1m,12m
2018-05-22,gamma1,3.166604802233728e-05,6m,1m,12m
2018-05-23,gamma1,4.091300560067181e-05,6m,1m,12m
2018-05-24,gamma1,3.055402129792907e-05,6m,1m,12m
2018-05-25,gamma1,1.3575496849902229e-05,6m,1m,12m
2018-05-29,gamma1,2.1302921752637536e-06,6m,1m,12m
2018-05-30,gamma1,3.9718097990787415e-05,6m,1m,12m
2018-05-31,gamma1,-5.391368746114013e-06,6m,1m,12m
2018-06-01,gamma1,3.071036000796612e-05,6m,1m,12m
2018-06-04,gamma1,2.0996907850950025e-05,6m,1m,12m
2018-06-05,gamma1,-5.619078068525828e-06,6m,1m,12m
2018-06-06,gamma1,9.346885837139864e-06,6m,1m,12m
2018-06-07,gamma1,3.826777545987541e-06,6m,1m,12m
2018-06-08,gamma1,2.3844344412293048e-05,6m,1m,12m
2018-06-11,gamma1,1.338397619224763e-05,6m,1m,12m
2018-06-12,gamma1,3.295953740116467e-05,6m,1m,12m
2018-06-13,gamma1,1.8720590798721353e-05,6m,1m,12m
2018-06-14,gamma1,5.583745596188716e-05,6m,1m,12m
2018-06-15,gamma1,2.0929274900765213e-05,6m,1m,12m
2018-06-18,gamma1,1.741951906969455e-05,6m,1m,12m
2018-06-19,gamma1,1.2417320513301346e-05,6m,1m,12m
2018-06-20,gamma1,1.292604375228385e-05,6m,1m,12m
2018-06-21,gamma1,-8.613682944121533e-06,6m,1m,12m
2018-06-22,gamma1,-4.909569329928837e-05,6m,1m,12m
2018-06-25,gamma1,-5.563978964802376e-05,6m,1m,12m
2018-06-26,gamma1,-3.285536720159515e-05,6m,1m,12m
2018-06-27,gamma1,-1.2232581415470142e-06,6m,1m,12m
2018-06-28,gamma1,-2.559448100620877e-05,6m,1m,12m
2018-06-29,gamma1,-1.7041750765305188e-05,6m,1m,12m
2018-07-02,gamma1,-2.9923132775290872e-05,6m,1m,12m
2018-07-03,gamma1,-1.627788808653136e-05,6m,1m,12m
2018-07-05,gamma1,1.9655091577376803e-05,6m,1m,12m
2018-07-06,gamma1,5.084774161512445e-05,6m,1m,12m
2018-07-09,gamma1,-1.2535261963991485e-05,6m,1m,12m
2018-07-10,gamma1,-1.0010373630943639e-05,6m,1m,12m
2018-07-11,gamma1,-3.860683517905006e-05,6m,1m,12m
2018-07-12,gamma1,-3.999596492981829e-05,6m,1m,12m
2018-07-13,gamma1,-4.826308208651656e-05,6m,1m,12m
2018-07-16,gamma1,-8.825251090165283e-05,6m,1m,12m
2018-07-17,gamma1,-5.2285408826763145e-05,6m,1m,12m
2018-07-18,gamma1,-5.206482380423374e-05,6m,1m,12m
2018-07-19,gamma1,-9.003750954702792e-05,6m,1m,12m
2018-07-20,gamma1,-0.00010828871042473367,6m,1m,12m
2018-07-23,gamma1,-7.5956271582474e-05,6m,1m,12m
2018-07-24,gamma1,-7.05728754770687e-05,6m,1m,12m
2018-07-25,gamma1,-5.5322478910020896e-05,6m,1m,12m
2018-07-26,gamma1,-5.364011556422349e-05,6m,1m,12m
2018-07-27,gamma1,-8.491508906398717e-05,6m,1m,12m
2018-07-30,gamma1,-9.370775473477633e-05,6m,1m,12m
2018-07-31,gamma1,-7.231286904445175e-05,6m,1m,12m
2018-08-01,gamma1,-6.916061220976686e-05,6m,1m,12m
2018-08-02,gamma1,-6.56299232460984e-05,6m,1m,12m
2018-08-03,gamma1,-7.743821635557214e-05,6m,1m,12m
2018-08-06,gamma1,-6.379830475317757e-05,6m,1m,12m
2018-08-07,gamma1,-4.386431089612742e-05,6m,1m,12m
2018-08-08,gamma1,-5.181430874949215e-05,6m,1m,12m
2018-08-09,gamma1,-2.3067397922696436e-05,6m,1m,12m
2018-08-10,gamma1,-7.305621899859423e-05,6m,1m,12m
2018-08-13,gamma1,5.108087240864505e-06,6m,1m,12m
2018-08-14,gamma1,1.7662656706488357e-05,6m,1m,12m
2018-08-15,gamma1,2.1236030796254847e-05,6m,1m,12m
2018-08-16,gamma1,3.5977599214581015e-05,6m,1m,12m
2018-08-17,gamma1,2.994306116309238e-05,6m,1m,12m
2018-08-20,gamma1,4.323208349172195e-05,6m,1m,12m
2018-08-21,gamma1,5.56127951537865e-05,6m,1m,12m
2018-08-22,gamma1,3.4791690335630754e-05,6m,1m,12m
2018-08-23,gamma1,2.979578984728003e-05,6m,1m,12m
2018-08-24,gamma1,2.935978458938792e-05,6m,1m,12m
2018-08-27,gamma1,4.046272509521542e-05,6m,1m,12m
2018-08-28,gamma1,7.896897741802694e-06,6m,1m,12m
2018-08-29,gamma1,-1.8523519002116063e-05,6m,1m,12m
2018-08-30,gamma1,-3.228621243790055e-05,6m,1m,12m
2018-08-31,gamma1,-2.454228570822989e-05,6m,1m,12m
2018-09-04,gamma1,-3.355573372792697e-05,6m,1m,12m
2018-09-05,gamma1,-3.0253226317490342e-05,6m,1m,12m
2018-09-06,gamma1,-3.1480150077043434e-05,6m,1m,12m
2018-09-07,gamma1,-9.046548747562189e-05,6m,1m,12m
2018-09-10,gamma1,-6.0743582116126086e-05,6m,1m,12m
2018-09-11,gamma1,-3.893935436087253e-05,6m,1m,12m
2018-09-12,gamma1,-4.9814448524902224e-05,6m,1m,12m
2018-09-13,gamma1,-3.4907106793952116e-05,6m,1m,12m
2018-09-14,gamma1,-2.154407034923257e-05,6m,1m,12m
2018-09-17,gamma1,5.020878700667214e-06,6m,1m,12m
2018-09-18,gamma1,-5.147375165781245e-05,6m,1m,12m
2018-09-19,gamma1,-3.388503319977369e-05,6m,1m,12m
2018-09-20,gamma1,-4.566044217980275e-05,6m,1m,12m
2018-09-21,gamma1,-3.3301039015610626e-05,6m,1m,12m
2018-09-24,gamma1,-4.8800515049363016e-05,6m,1m,12m
2018-09-25,gamma1,2.008099896185152e-05,6m,1m,12m
2018-09-26,gamma1,-1.044035877914496e-05,6m,1m,12m
2018-09-27,gamma1,4.898187146543155e-05,6m,1m,12m
2018-09-28,gamma1,-1.7621814935219844e-05,6m,1m,12m
2018-10-01,gamma1,-5.597849564057335e-05,6m,1m,12m
2018-10-02,gamma1,-1.1996813604687045e-05,6m,1m,12m
2018-10-03,gamma1,-2.0696296311825425e-06,6m,1m,12m
2018-10-04,gamma1,-6.884464748994883e-05,6m,1m,12m
2018-10-05,gamma1,-0.00010920714323690213,6m,1m,12m
2018-10-08,gamma1,-5.750041253617514e-05,6m,1m,12m
2018-10-09,gamma1,-6.234289679136288e-05,6m,1m,12m
2018-10-10,gamma1,-2.2509105843041157e-05,6m,1m,12m
2018-10-11,gamma1,4.6103364184378023e-05,6m,1m,12m
2018-10-12,gamma1,2.8006153253406055e-05,6m,1m,12m
2018-10-15,gamma1,1.2023702779193235e-05,6m,1m,12m
2018-10-16,gamma1,8.681513539226192e-08,6m,1m,12m
2018-10-17,gamma1,-1.070971959442453e-05,6m,1m,12m
2018-10-18,gamma1,-3.300740578715243e-05,6m,1m,12m
2018-10-19,gamma1,-3.1865324445574506e-05,6m,1m,12m
2018-10-22,gamma1,-2.806058423243698e-05,6m,1m,12m
2018-10-23,gamma1,-1.2449760633026774e-05,6m,1m,12m
2018-10-24,gamma1,-4.403714619372343e-05,6m,1m,12m
2018-10-25,gamma1,4.694626925118325e-06,6m,1m,12m
2018-10-26,gamma1,-5.244947773385214e-05,6m,1m,12m
2018-10-29,gamma1,-4.388879095395675e-05,6m,1m,12m
2018-10-30,gamma1,5.333194002642968e-05,6m,1m,12m
2018-10-31,gamma1,2.019128962115363e-05,6m,1m,12m
2018-11-01,gamma1,0.00020241837261515027,6m,1m,12m
2018-11-02,gamma1,0.0001734861160888455,6m,1m,12m
2018-11-05,gamma1,0.00014301758433420087,6m,1m,12m
2018-11-06,gamma1,0.00014855226020290695,6m,1m,12m
2018-11-07,gamma1,0.00013484269633211272,6m,1m,12m
2018-11-08,gamma1,0.00013802948213498655,6m,1m,12m
2018-11-09,gamma1,0.00012934765254239187,6m,1m,12m
2018-11-12,gamma1,0.0001289315033316228,6m,1m,12m
2018-11-13,gamma1,0.00013618942960244687,6m,1m,12m
2018-11-14,gamma1,0.00014504128076084968,6m,1m,12m
2018-11-15,gamma1,0.00011622269312850958,6m,1m,12m
2018-11-16,gamma1,9.820591232803068e-05,6m,1m,12m
2018-11-19,gamma1,0.00011767733801581265,6m,1m,12m
2018-11-20,gamma1,0.00010323763586822782,6m,1m,12m
2018-11-21,gamma1,9.554171992096389e-05,6m,1m,12m
2018-11-23,gamma1,0.00010516163114239729,6m,1m,12m
2018-11-26,gamma1,6.572239189122058e-05,6m,1m,12m
2018-11-27,gamma1,7.622139200598708e-05,6m,1m,12m
2018-11-28,gamma1,9.441581573326686e-05,6m,1m,12m
2018-11-29,gamma1,0.00010719003429202425,6m,1m,12m
2018-11-30,gamma1,8.256585272672493e-05,6m,1m,12m
2018-12-03,gamma1,4.272333935982291e-05,6m,1m,12m
2018-12-04,gamma1,3.4464365561983415e-05,6m,1m,12m
2018-12-06,gamma1,3.968970724380201e-05,6m,1m,12m
2018-12-07,gamma1,0.00012302009584975543,6m,1m,12m
2018-12-10,gamma1,0.00012886228727052458,6m,1m,12m
2018-12-11,gamma1,0.00011317477233098447,6m,1m,12m
2018-12-12,gamma1,0.00010101475639163369,6m,1m,12m
2018-12-13,gamma1,8.893466459746499e-05,6m,1m,12m
2018-12-14,gamma1,8.538087767401283e-05,6m,1m,12m
2018-12-17,gamma1,7.012119200113724e-05,6m,1m,12m
2018-12-18,gamma1,2.63999818343303e-05,6m,1m,12m
2018-12-19,gamma1,1.6490530846886498e-05,6m,1m,12m
2018-12-20,gamma1,7.419313323459322e-06,6m,1m,12m
2018-12-21,gamma1,4.574881725823446e-05,6m,1m,12m
2018-12-24,gamma1,3.231495206851071e-06,6m,1m,12m
2018-12-26,gamma1,2.1571481005054245e-05,6m,1m,12m
2018-12-27,gamma1,-4.510059648313251e-05,6m,1m,12m
2018-12-28,gamma1,-5.139254135430922e-05,6m,1m,12m
2018-12-31,gamma1,-9.410421451828591e-05,6m,1m,12m
2019-01-02,gamma1,-6.663916564513733e-05,6m,1m,12m
2019-01-03,gamma1,-8.60396054092032e-05,6m,1m,12m
2019-01-04,gamma1,-5.989410605147807e-05,6m,1m,12m
2019-01-07,gamma1,-7.346135518112418e-05,6m,1m,12m
2019-01-08,gamma1,-6.311075699394875e-05,6m,1m,12m
2019-01-09,gamma1,-6.202469800051085e-05,6m,1m,12m
2019-01-10,gamma1,-5.1227159045013354e-05,6m,1m,12m
2019-01-11,gamma1,-2.118846778285471e-05,6m,1m,12m
2019-01-14,gamma1,-6.602278326814594e-05,6m,1m,12m
2019-01-15,gamma1,-2.1940413945496177e-05,6m,1m,12m
2019-01-16,gamma1,-7.899440110907401e-06,6m,1m,12m
2019-01-17,gamma1,-5.606913596829868e-06,6m,1m,12m
2019-01-18,gamma1,7.962268605037317e-06,6m,1m,12m
2019-01-22,gamma1,-4.277146796344336e-05,6m,1m,12m
2019-01-23,gamma1,-1.291586512496942e-05,6m,1m,12m
2019-01-24,gamma1,-3.620651370219402e-05,6m,1m,12m
2019-01-25,gamma1,-4.4683360078645055e-05,6m,1m,12m
2019-01-28,gamma1,-5.11718345733407e-05,6m,1m,12m
2019-01-29,gamma1,-6.441149497636101e-06,6m,1m,12m
2019-01-30,gamma1,-2.44141341934677e-05,6m,1m,12m
2019-01-31,gamma1,-7.6191114059350145e-06,6m,1m,12m
2019-02-01,gamma1,0.00014325286652258444,6m,1m,12m
2019-02-04,gamma1,0.00015815517471956853,6m,1m,12m
2019-02-05,gamma1,8.204646287917164e-05,6m,1m,12m
2019-02-06,gamma1,7.98121635889739e-05,6m,1m,12m
2019-02-07,gamma1,8.419039029292678e-05,6m,1m,12m
2019-02-08,gamma1,7.356613571279862e-05,6m,1m,12m
2019-02-11,gamma1,4.09235753645334e-05,6m,1m,12m
2019-02-12,gamma1,7.032709785205883e-05,6m,1m,12m
2019-02-13,gamma1,6.394985407011986e-05,6m,1m,12m
2019-02-14,gamma1,3.308799972975655e-05,6m,1m,12m
2019-02-15,gamma1,1.9461564477154955e-05,6m,1m,12m
2019-02-19,gamma1,2.087526447505029e-05,6m,1m,12m
2019-02-20,gamma1,9.308177478305673e-05,6m,1m,12m
2019-02-21,gamma1,-2.3496473264595817e-06,6m,1m,12m
2019-02-22,gamma1,2.567228241143722e-05,6m,1m,12m
2019-02-25,gamma1,-1.942832353088506e-05,6m,1m,12m
2019-02-26,gamma1,-1.880052215419269e-05,6m,1m,12m
2019-02-27,gamma1,-1.3054995004135255e-05,6m,1m,12m
2019-02-28,gamma1,8.901188871473601e-06,6m,1m,12m
2019-03-01,gamma1,4.34335312418592e-06,6m,1m,12m
2019-03-04,gamma1,-6.450841475610031e-05,6m,1m,12m
2019-03-05,gamma1,-5.8425778760524e-05,6m,1m,12m
2019-03-06,gamma1,-3.54909056229667e-05,6m,1m,12m
2019-03-07,gamma1,-5.785678695718668e-05,6m,1m,12m
2019-03-08,gamma1,-6.040054605115225e-05,6m,1m,12m
2019-03-11,gamma1,-3.9426558625032935e-05,6m,1m,12m
2019-03-12,gamma1,3.0332867129602155e-05,6m,1m,12m
2019-03-13,gamma1,8.604773686803215e-06,6m,1m,12m
2019-03-14,gamma1,2.1465942943039648e-05,6m,1m,12m
2019-03-15,gamma1,2.2719452848067364e-05,6m,1m,12m
2019-03-18,gamma1,1.7362408577330888e-05,6m,1m,12m
2019-03-19,gamma1,2.351228153634246e-06,6m,1m,12m
2019-03-20,gamma1,9.579123357662695e-06,6m,1m,12m
2019-03-21,gamma1,4.75136844294969e-06,6m,1m,12m
2019-03-22,gamma1,2.3649664468883087e-05,6m,1m,12m
2019-03-25,gamma1,2.6724393359639827e-05,6m,1m,12m
2019-03-26,gamma1,2.5634743362428815e-05,6m,1m,12m
2019-03-27,gamma1,2.9966060118965857e-05,6m,1m,12m
2019-03-28,gamma1,3.1295174337682566e-05,6m,1m,12m
2019-03-29,gamma1,-6.0118222069867875e-06,6m,1m,12m
2019-04-01,gamma1,2.8937360666932888e-05,6m,1m,12m
2019-04-02,gamma1,3.230053168434281e-05,6m,1m,12m
2019-04-03,gamma1,3.487161387658195e-05,6m,1m,12m
2019-04-04,gamma1,3.432814559745221e-05,6m,1m,12m
2019-04-05,gamma1,3.723215543955539e-05,6m,1m,12m
2019-04-08,gamma1,3.1846230015099306e-05,6m,1m,12m
2019-04-09,gamma1,1.5435575722374637e-05,6m,1m,12m
2019-04-10,gamma1,1.560372111787198e-05,6m,1m,12m
2019-04-11,gamma1,1.7148033089959957e-05,6m,1m,12m
2019-04-12,gamma1,3.467267538918634e-05,6m,1m,12m
2019-04-15,gamma1,2.428281150897415e-05,6m,1m,12m
2019-04-16,gamma1,4.0385675914025766e-07,6m,1m,12m
2019-04-17,gamma1,-1.2498806539991674e-06,6m,1m,12m
2019-04-18,gamma1,2.1789582358122165e-05,6m,1m,12m
2019-04-22,gamma1,9.749339181179519e-06,6m,1m,12m
2019-04-23,gamma1,6.898640361143558e-05,6m,1m,12m
2019-04-24,gamma1,8.007700436361158e-05,6m,1m,12m
2019-04-25,gamma1,7.660963774320384e-05,6m,1m,12m
2019-04-26,gamma1,5.90856386117178e-05,6m,1m,12m
2019-04-29,gamma1,3.876901603922506e-05,6m,1m,12m
2019-04-30,gamma1,6.96257331125921e-06,6m,1m,12m
2019-05-01,gamma1,1.7220395417842046e-05,6m,1m,12m
2019-05-02,gamma1,2.3182512299587246e-05,6m,1m,12m
2019-05-03,gamma1,2.8695737160907164e-05,6m,1m,12m
2019-05-06,gamma1,-9.331392910554177e-06,6m,1m,12m
2019-05-07,gamma1,-2.7723633748071032e-06,6m,1m,12m
2019-05-08,gamma1,2.1901314895739766e-05,6m,1m,12m
2019-05-09,gamma1,7.159927829477795e-05,6m,1m,12m
2019-05-10,gamma1,3.2432976763033314e-05,6m,1m,12m
2019-05-13,gamma1,4.439291033874432e-05,6m,1m,12m
2019-05-14,gamma1,2.474324690508937e-05,6m,1m,12m
2019-05-15,gamma1,6.820514480567883e-05,6m,1m,12m
2019-05-16,gamma1,7.91019455870504e-05,6m,1m,12m
2019-05-17,gamma1,7.066556013815843e-05,6m,1m,12m
2019-05-20,gamma1,0.00017093965079556858,6m,1m,12m
2019-05-21,gamma1,0.00010561129156587338,6m,1m,12m
2019-05-22,gamma1,8.89252953677193e-05,6m,1m,12m
2019-05-23,gamma1,9.403046981005904e-05,6m,1m,12m
2019-05-24,gamma1,5.533150912846144e-05,6m,1m,12m
2019-05-28,gamma1,8.446778179373561e-05,6m,1m,12m
2019-05-29,gamma1,9.54960385534829e-05,6m,1m,12m
2019-05-30,gamma1,8.284347465359652e-05,6m,1m,12m
2019-05-31,gamma1,7.352373825519236e-05,6m,1m,12m
2019-06-03,gamma1,6.973741626795403e-05,6m,1m,12m
2019-06-04,gamma1,7.828745341271485e-05,6m,1m,12m
2019-06-05,gamma1,0.00010101256031887822,6m,1m,12m
2019-06-06,gamma1,0.00013433694428315623,6m,1m,12m
2019-06-07,gamma1,0.00013520373380722446,6m,1m,12m
2019-06-10,gamma1,0.00010453325258140411,6m,1m,12m
2019-06-11,gamma1,9.807818880497708e-05,6m,1m,12m
2019-06-12,gamma1,8.3668200574539e-05,6m,1m,12m
2019-06-13,gamma1,6.33338094410874e-05,6m,1m,12m
2019-06-14,gamma1,4.136194038888707e-05,6m,1m,12m
2019-06-17,gamma1,1.4848252713339435e-05,6m,1m,12m
2019-06-18,gamma1,5.8403355775533935e-05,6m,1m,12m
2019-06-19,gamma1,6.910094908986928e-05,6m,1m,12m
2019-06-20,gamma1,6.793541767111776e-05,6m,1m,12m
2019-06-21,gamma1,3.349411406719464e-05,6m,1m,12m
2019-06-24,gamma1,4.4238793845136015e-05,6m,1m,12m
2019-06-25,gamma1,3.060782408871549e-05,6m,1m,12m
2019-06-26,gamma1,4.370253031758911e-05,6m,1m,12m
2019-06-27,gamma1,5.344858096687551e-05,6m,1m,12m
2019-06-28,gamma1,1.9646509481311866e-05,6m,1m,12m
2019-07-01,gamma1,4.727204288306809e-05,6m,1m,12m
2019-07-02,gamma1,4.267929489005522e-05,6m,1m,12m
2019-07-03,gamma1,6.31422754713346e-05,6m,1m,12m
2019-07-05,gamma1,6.686128330198442e-05,6m,1m,12m
2019-07-08,gamma1,6.239548033956329e-05,6m,1m,12m
2019-07-09,gamma1,5.022283907767384e-05,6m,1m,12m
2019-07-10,gamma1,4.788714937569748e-05,6m,1m,12m
2019-07-11,gamma1,3.7143702768459834e-05,6m,1m,12m
2019-07-12,gamma1,4.177030773216552e-05,6m,1m,12m
2019-07-15,gamma1,-1.7317644440999185e-05,6m,1m,12m
2019-07-16,gamma1,4.018340735830408e-06,6m,1m,12m
2019-07-17,gamma1,-1.2089948867925424e-05,6m,1m,12m
2019-07-18,gamma1,-1.6466662154676533e-05,6m,1m,12m
2019-07-19,gamma1,-4.150742950988662e-05,6m,1m,12m
2019-07-22,gamma1,-3.485396754754492e-05,6m,1m,12m
2019-07-23,gamma1,-2.410442642887968e-05,6m,1m,12m
2019-07-24,gamma1,-9.449544476401604e-06,6m,1m,12m
2019-07-25,gamma1,-2.771281746779514e-05,6m,1m,12m
2019-07-26,gamma1,-2.7068782099125933e-05,6m,1m,12m
2019-07-29,gamma1,-3.188083596922387e-05,6m,1m,12m
2019-07-30,gamma1,-2.297968968100805e-05,6m,1m,12m
2019-07-31,gamma1,-2.0762087800023036e-05,6m,1m,12m
2019-08-01,gamma1,7.238791668194927e-05,6m,1m,12m
2019-08-02,gamma1,-5.59393508012291e-06,6m,1m,12m
2019-08-05,gamma1,7.751331138829614e-05,6m,1m,12m
2019-08-06,gamma1,7.415702716965077e-05,6m,1m,12m
2019-08-07,gamma1,7.593956226831178e-05,6m,1m,12m
2019-08-08,gamma1,5.213862350576684e-05,6m,1m,12m
2019-08-09,gamma1,4.965004243542176e-05,6m,1m,12m
2019-08-12,gamma1,1.6271949235572676e-05,6m,1m,12m
2019-08-13,gamma1,7.312696294799297e-05,6m,1m,12m
2019-08-14,gamma1,7.590361512043755e-05,6m,1m,12m
2019-08-15,gamma1,0.00010456431318575478,6m,1m,12m
2019-08-16,gamma1,7.423278124228183e-05,6m,1m,12m
2019-08-19,gamma1,3.756146661690718e-05,6m,1m,12m
2019-08-20,gamma1,9.772272778011015e-05,6m,1m,12m
2019-08-21,gamma1,9.263839143127925e-05,6m,1m,12m
2019-08-22,gamma1,0.00010625941786644624,6m,1m,12m
2019-08-23,gamma1,9.987664012964153e-05,6m,1m,12m
2019-08-26,gamma1,6.362502042324379e-05,6m,1m,12m
2019-08-27,gamma1,8.317106229642422e-05,6m,1m,12m
2019-08-28,gamma1,9.434223655076953e-05,6m,1m,12m
2019-08-29,gamma1,7.994897972730228e-05,6m,1m,12m
2019-08-30,gamma1,2.4085747716294053e-05,6m,1m,12m
2019-09-03,gamma1,-3.1082403419149145e-05,6m,1m,12m
2019-09-04,gamma1,-4.947120971000962e-06,6m,1m,12m
2019-09-05,gamma1,-1.4379116126810185e-05,6m,1m,12m
2019-09-06,gamma1,-4.139757951139809e-06,6m,1m,12m
2019-09-09,gamma1,-3.391799103195935e-05,6m,1m,12m
2019-09-10,gamma1,-6.216690479603824e-07,6m,1m,12m
2019-09-11,gamma1,-4.571637786487462e-06,6m,1m,12m
2019-09-12,gamma1,1.1488408143281833e-06,6m,1m,12m
2019-09-13,gamma1,-5.981003813905553e-06,6m,1m,12m
2019-09-16,gamma1,-2.7334574482640888e-05,6m,1m,12m
2019-09-17,gamma1,-2.9543024257543197e-06,6m,1m,12m
2019-09-18,gamma1,-1.52050617241245e-06,6m,1m,12m
2019-09-19,gamma1,-2.9784244610018477e-05,6m,1m,12m
2019-09-20,gamma1,-4.7918598265795815e-05,6m,1m,12m
2019-09-23,gamma1,-7.461187251931084e-05,6m,1m,12m
2019-09-24,gamma1,-8.222722593638048e-05,6m,1m,12m
2019-09-25,gamma1,-4.436852596719457e-05,6m,1m,12m
2019-09-26,gamma1,-6.0262535594551836e-05,6m,1m,12m
2019-09-27,gamma1,-7.152764714641969e-05,6m,1m,12m
2019-09-30,gamma1,-8.19016803826097e-05,6m,1m,12m
2019-10-01,gamma1,-2.431912257467076e-05,6m,1m,12m
2019-10-02,gamma1,1.6445008539514144e-05,6m,1m,12m
2019-10-03,gamma1,3.225565912174123e-06,6m,1m,12m
2019-10-04,gamma1,1.8088817287747712e-07,6m,1m,12m
2019-10-07,gamma1,2.4288790332631603e-05,6m,1m,12m
2019-10-08,gamma1,-6.881528144623376e-05,6m,1m,12m
2019-10-09,gamma1,1.4653516616243068e-05,6m,1m,12m
2019-10-10,gamma1,1.6998771937738813e-05,6m,1m,12m
2019-10-11,gamma1,2.4510813047494314e-05,6m,1m,12m
2019-10-14,gamma1,-4.99682125744681e-05,6m,1m,12m
2019-10-15,gamma1,-1.3146571962738191e-05,6m,1m,12m
2019-10-16,gamma1,-3.801571696792415e-05,6m,1m,12m
2019-10-17,gamma1,-5.681944182030339e-05,6m,1m,12m
2019-10-18,gamma1,-5.241452978518412e-05,6m,1m,12m
2019-10-21,gamma1,-0.00012466992288254675,6m,1m,12m
2019-10-22,gamma1,-0.00010216368502548618,6m,1m,12m
2019-10-23,gamma1,-8.763430342072399e-05,6m,1m,12m
2019-10-24,gamma1,-1.0562478274779852e-05,6m,1m,12m
2019-10-25,gamma1,4.8750557442401395e-06,6m,1m,12m
2019-10-28,gamma1,1.0772191039394608e-05,6m,1m,12m
2019-10-29,gamma1,3.0424121583582634e-05,6m,1m,12m
2019-10-30,gamma1,-1.4829386722735693e-05,6m,1m,12m
2019-10-31,gamma1,-3.703980428636766e-05,6m,1m,12m
2019-11-01,gamma1,-9.181089721952557e-06,6m,1m,12m
2019-11-04,gamma1,7.801313483721182e-06,6m,1m,12m
2019-11-05,gamma1,-6.480683811747907e-06,6m,1m,12m
2019-11-06,gamma1,-2.0741801682770028e-05,6m,1m,12m
2019-11-07,gamma1,-4.575354129356918e-06,6m,1m,12m
2019-11-08,gamma1,-7.372326169409112e-06,6m,1m,12m
2019-11-11,gamma1,-1.9654711656151674e-05,6m,1m,12m
2019-11-12,gamma1,-1.3461399815800874e-05,6m,1m,12m
2019-11-13,gamma1,-2.1879610716088068e-05,6m,1m,12m
2019-11-14,gamma1,-2.9873416133240703e-05,6m,1m,12m
2019-11-15,gamma1,-2.9863834291327312e-05,6m,1m,12m
2019-11-18,gamma1,-6.635525471791513e-05,6m,1m,12m
2019-11-19,gamma1,-2.7272106176590116e-05,6m,1m,12m
2019-11-20,gamma1,-2.9537659616544492e-05,6m,1m,12m
2019-11-21,gamma1,4.5667897093828694e-05,6m,1m,12m
2019-11-22,gamma1,2.6063416387188344e-05,6m,1m,12m
2019-11-25,gamma1,-7.1407991592153856e-06,6m,1m,12m
2019-11-26,gamma1,-1.7852899653756207e-05,6m,1m,12m
2019-11-27,gamma1,-4.847196560034955e-06,6m,1m,12m
2019-11-29,gamma1,-4.840576202173583e-05,6m,1m,12m
2019-12-02,gamma1,-7.385155845295842e-05,6m,1m,12m
2019-12-03,gamma1,-6.721785303494953e-05,6m,1m,12m
2019-12-04,gamma1,9.203917447752192e-06,6m,1m,12m
2019-12-05,gamma1,7.324431947817442e-06,6m,1m,12m
2019-12-06,gamma1,-4.282103423782028e-05,6m,1m,12m
2019-12-09,gamma1,-7.266849546808249e-05,6m,1m,12m
2019-12-10,gamma1,-6.422699372580175e-05,6m,1m,12m
2019-12-11,gamma1,-4.3949528522892066e-05,6m,1m,12m
2019-12-12,gamma1,-1.4649173448357673e-05,6m,1m,12m
2019-12-13,gamma1,-1.903992152550178e-05,6m,1m,12m
2019-12-16,gamma1,1.1677937178443821e-05,6m,1m,12m
2019-12-17,gamma1,-1.697541638840637e-06,6m,1m,12m
2019-12-18,gamma1,-6.051078738273336e-06,6m,1m,12m
2019-12-19,gamma1,-2.4750021770212666e-05,6m,1m,12m
2019-12-20,gamma1,-1.8151478935836824e-05,6m,1m,12m
2019-12-23,gamma1,-6.161664136570165e-05,6m,1m,12m
2019-12-24,gamma1,-4.547343456054197e-05,6m,1m,12m
2019-12-26,gamma1,-4.181200449463703e-05,6m,1m,12m
2019-12-27,gamma1,-3.0623777322506806e-05,6m,1m,12m
2019-12-30,gamma1,-3.462235592547293e-05,6m,1m,12m
2019-12-31,gamma1,-1.904497910798344e-05,6m,1m,12m
2020-01-02,gamma1,9.479242936781825e-06,6m,1m,12m
2020-01-03,gamma1,-4.194491635655309e-05,6m,1m,12m
2020-01-06,gamma1,-5.392241455367797e-07,6m,1m,12m
2020-01-07,gamma1,-1.8121329178316805e-05,6m,1m,12m
2020-01-08,gamma1,-1.988804425019911e-06,6m,1m,12m
2020-01-09,gamma1,6.609731674180173e-06,6m,1m,12m
2020-01-10,gamma1,1.201668756346325e-05,6m,1m,12m
2020-01-13,gamma1,8.481828716839905e-06,6m,1m,12m
2020-01-14,gamma1,2.100304565340234e-05,6m,1m,12m
2020-01-15,gamma1,1.2674770950112048e-05,6m,1m,12m
2020-01-16,gamma1,4.31772256416291e-06,6m,1m,12m
2020-01-17,gamma1,1.7822036427750037e-05,6m,1m,12m
2020-01-21,gamma1,2.549612727636764e-05,6m,1m,12m
2020-01-22,gamma1,2.6996437894634714e-05,6m,1m,12m
2020-01-23,gamma1,6.475377865628326e-05,6m,1m,12m
2020-01-24,gamma1,1.1445574778639943e-05,6m,1m,12m
2020-01-27,gamma1,4.234183056369803e-05,6m,1m,12m
2020-01-28,gamma1,5.8297750585274416e-05,6m,1m,12m
2020-01-29,gamma1,5.644037205886344e-05,6m,1m,12m
2020-01-30,gamma1,5.1188172558727004e-05,6m,1m,12m
2020-01-31,gamma1,3.768761255334767e-05,6m,1m,12m
2020-02-03,gamma1,2.9893637605560075e-05,6m,1m,12m
2020-02-04,gamma1,5.586301718158933e-05,6m,1m,12m
2020-02-05,gamma1,0.00010626629983046256,6m,1m,12m
2020-02-06,gamma1,9.03776842542067e-05,6m,1m,12m
2020-02-07,gamma1,8.316472131629977e-05,6m,1m,12m
2020-02-10,gamma1,5.6560556171201196e-05,6m,1m,12m
2020-02-11,gamma1,5.62200892262493e-05,6m,1m,12m
2020-02-12,gamma1,6.16059941520392e-05,6m,1m,12m
2020-02-13,gamma1,6.100553415750105e-05,6m,1m,12m
2020-02-14,gamma1,5.3139581152071535e-05,6m,1m,12m
2020-02-18,gamma1,5.283641967181462e-05,6m,1m,12m
2020-02-19,gamma1,4.8325477312008984e-05,6m,1m,12m
2020-02-20,gamma1,3.1165810452683965e-05,6m,1m,12m
2020-02-21,gamma1,2.0926276551689002e-05,6m,1m,12m
2020-02-24,gamma1,0.0001443568501871215,6m,1m,12m
2020-02-25,gamma1,3.0141792884503697e-05,6m,1m,12m
2020-02-26,gamma1,7.175898885361184e-05,6m,1m,12m
2020-02-27,gamma1,1.917553363073433e-06,6m,1m,12m
2020-02-28,gamma1,5.003070331392032e-05,6m,1m,12m
2020-03-02,gamma1,-5.687306012493392e-05,6m,1m,12m
2020-03-03,gamma1,5.022337859007908e-05,6m,1m,12m
2020-03-04,gamma1,0.0001274153876886403,6m,1m,12m
2020-03-05,gamma1,0.00042099724408827113,6m,1m,12m
2020-03-06,gamma1,0.0003391943816334909,6m,1m,12m
2020-03-09,gamma1,0.00021384695689849389,6m,1m,12m
2020-03-10,gamma1,0.00043136888634679566,6m,1m,12m
2020-03-11,gamma1,0.00043136888634679566,6m,1m,12m
2020-03-12,gamma1,0.0003770504522112696,6m,1m,12m
2020-03-13,gamma1,0.0003574142496607673,6m,1m,12m
2020-03-16,gamma1,3.9851456810627663e-05,6m,1m,12m
2020-03-17,gamma1,0.00043136888634679566,6m,1m,12m
2020-03-18,gamma1,0.00043136888634679566,6m,1m,12m
2020-03-19,gamma1,0.00043136888634679566,6m,1m,12m
2020-03-20,gamma1,0.00043136888634679566,6m,1m,12m
2020-03-23,gamma1,0.0004281673744113206,6m,1m,12m
2020-03-24,gamma1,0.0002101324926003769,6m,1m,12m
2020-03-25,gamma1,0.0003823907169141326,6m,1m,12m
2020-03-26,gamma1,-0.00013471201922626367,6m,1m,12m
2020-03-27,gamma1,-0.000150940341681738,6m,1m,12m
2020-03-30,gamma1,-0.0001077715335941564,6m,1m,12m
2020-03-31,gamma1,7.422118217540987e-05,6m,1m,12m
2020-04-01,gamma1,-0.000150940341681738,6m,1m,12m
2020-04-02,gamma1,-0.000150940341681738,6m,1m,12m
2020-04-03,gamma1,-0.000150940341681738,6m,1m,12m
2020-04-06,gamma1,-0.000150940341681738,6m,1m,12m
2020-04-07,gamma1,-0.000150940341681738,6m,1m,12m
2020-04-08,gamma1,-0.000150940341681738,6m,1m,12m
2020-04-09,gamma1,-8.88618977590999e-05,6m,1m,12m
2020-04-13,gamma1,1.761945656037316e-05,6m,1m,12m
2020-04-14,gamma1,5.187987069544227e-05,6m,1m,12m
2020-04-15,gamma1,4.690088811841513e-05,6m,1m,12m
2020-04-16,gamma1,4.816849219311235e-06,6m,1m,12m
2020-04-17,gamma1,-9.095666949071729e-05,6m,1m,12m
2020-04-20,gamma1,-0.0001456141900306936,6m,1m,12m
2020-04-21,gamma1,-9.173106476046166e-05,6m,1m,12m
2020-04-22,gamma1,-3.19698875353617e-05,6m,1m,12m
2020-04-23,gamma1,-1.4862833958117008e-05,6m,1m,12m
2020-04-24,gamma1,-2.7607513803842593e-05,6m,1m,12m
2020-04-27,gamma1,-1.5952705609668282e-05,6m,1m,12m
2020-04-28,gamma1,-8.919300606269602e-05,6m,1m,12m
2020-04-29,gamma1,3.092442761875847e-05,6m,1m,12m
2020-04-30,gamma1,4.432564963261885e-05,6m,1m,12m
2020-05-01,gamma1,-8.843793166231135e-05,6m,1m,12m
2020-05-04,gamma1,-3.9607403437031844e-05,6m,1m,12m
2020-05-05,gamma1,0.00021553578717461747,6m,1m,12m
2020-05-06,gamma1,0.000259026376815887,6m,1m,12m
2020-05-07,gamma1,0.00013366153842804047,6m,1m,12m
2020-05-08,gamma1,2.488440998375363e-05,6m,1m,12m
2020-05-11,gamma1,6.626345387713001e-05,6m,1m,12m
2020-05-12,gamma1,0.0001275667700661444,6m,1m,12m
2020-05-13,gamma1,8.449761102216602e-05,6m,1m,12m
2020-05-14,gamma1,0.00014495527161612783,6m,1m,12m
2020-05-15,gamma1,3.9146967584040973e-05,6m,1m,12m
2020-05-18,gamma1,0.0002109616918192897,6m,1m,12m
2020-05-19,gamma1,0.00020924559619146858,6m,1m,12m
2020-05-20,gamma1,0.0001947518285902678,6m,1m,12m
2020-05-21,gamma1,0.00020141014252715727,6m,1m,12m
2020-05-22,gamma1,0.0001435982400580597,6m,1m,12m
2020-05-26,gamma1,7.416487875697069e-05,6m,1m,12m
2020-05-27,gamma1,3.629733503607264e-05,6m,1m,12m
2020-05-28,gamma1,6.526499989099405e-05,6m,1m,12m
2020-05-29,gamma1,5.478973989030183e-05,6m,1m,12m
2020-06-01,gamma1,9.101467910188559e-05,6m,1m,12m
2020-06-02,gamma1,2.5889915239978158e-05,6m,1m,12m
2020-06-03,gamma1,4.5555322496733806e-05,6m,1m,12m
2020-06-04,gamma1,0.00027277159681038274,6m,1m,12m
2020-06-05,gamma1,0.00032572196498901817,6m,1m,12m
2020-06-08,gamma1,0.00023654929779552878,6m,1m,12m
2020-06-09,gamma1,5.494212320170394e-05,6m,1m,12m
2020-06-10,gamma1,1.6187325598165013e-05,6m,1m,12m
2020-06-11,gamma1,-1.2183255516080565e-05,6m,1m,12m
2020-06-12,gamma1,1.4168396268938796e-05,6m,1m,12m
2020-06-15,gamma1,4.370211449434232e-05,6m,1m,12m
2020-06-16,gamma1,8.30173369213721e-05,6m,1m,12m
2020-06-17,gamma1,8.802836218753234e-05,6m,1m,12m
2020-06-18,gamma1,9.77733635684327e-05,6m,1m,12m
2020-06-19,gamma1,3.6968677375058946e-05,6m,1m,12m
2020-06-22,gamma1,4.179564973230328e-05,6m,1m,12m
2020-06-23,gamma1,5.450050647399275e-05,6m,1m,12m
2020-06-24,gamma1,4.8270291476733175e-05,6m,1m,12m
2020-06-25,gamma1,6.310650992168146e-05,6m,1m,12m
2020-06-26,gamma1,1.7402180531388192e-05,6m,1m,12m
2020-06-29,gamma1,-1.4564901813106313e-05,6m,1m,12m
2020-06-30,gamma1,3.7221107844879885e-05,6m,1m,12m
2020-07-01,gamma1,2.6956751582880822e-05,6m,1m,12m
2020-07-02,gamma1,0.00019788615911894288,6m,1m,12m
2020-07-06,gamma1,-3.5618898389272165e-05,6m,1m,12m
2020-07-07,gamma1,-2.5413850529349792e-05,6m,1m,12m
2020-07-08,gamma1,-6.672247762261678e-05,6m,1m,12m
2020-07-09,gamma1,-2.878021245256784e-05,6m,1m,12m
2020-07-10,gamma1,-5.7757688149395604e-05,6m,1m,12m
2020-07-13,gamma1,-6.235544915233118e-05,6m,1m,12m
2020-07-14,gamma1,-8.955246465766816e-05,6m,1m,12m
2020-07-15,gamma1,-4.739216710401302e-05,6m,1m,12m
2020-07-16,gamma1,-6.321225705857884e-05,6m,1m,12m
2020-07-17,gamma1,-2.9868936580640428e-05,6m,1m,12m
2020-07-20,gamma1,-2.3307162121652632e-05,6m,1m,12m
2020-07-21,gamma1,-7.511875449050863e-05,6m,1m,12m
2020-07-22,gamma1,-6.51350752350649e-05,6m,1m,12m
2020-07-23,gamma1,-7.680410233462624e-05,6m,1m,12m
2020-07-24,gamma1,-2.376778340146369e-05,6m,1m,12m
2020-07-27,gamma1,-2.7150150574691536e-05,6m,1m,12m
2020-07-28,gamma1,-2.9671309734127917e-05,6m,1m,12m
2020-07-29,gamma1,-2.021193120682181e-05,6m,1m,12m
2020-07-30,gamma1,-6.76033751277203e-06,6m,1m,12m
2020-07-31,gamma1,-1.5647421095365494e-05,6m,1m,12m
2020-08-03,gamma1,-7.872469409511073e-07,6m,1m,12m
2020-08-04,gamma1,-3.7107419450065542e-06,6m,1m,12m
2020-08-05,gamma1,4.77031944678181e-06,6m,1m,12m
2020-08-06,gamma1,5.06955324364295e-06,6m,1m,12m
2020-08-07,gamma1,6.376572756777478e-05,6m,1m,12m
2020-08-10,gamma1,7.310693868963401e-06,6m,1m,12m
2020-08-11,gamma1,-2.7578277463375517e-05,6m,1m,12m
2020-08-12,gamma1,-1.3518480613627894e-05,6m,1m,12m
2020-08-13,gamma1,-3.177231013922171e-10,6m,1m,12m
2020-08-14,gamma1,-1.6829761077947796e-05,6m,1m,12m
2020-08-17,gamma1,-2.3229202448685807e-05,6m,1m,12m
2020-08-18,gamma1,-4.095313596811193e-05,6m,1m,12m
2020-08-19,gamma1,-4.422187472367233e-05,6m,1m,12m
2020-08-20,gamma1,-5.723055957409095e-05,6m,1m,12m
2020-08-21,gamma1,0.00010931580702606844,6m,1m,12m
2020-08-24,gamma1,7.599668426908677e-05,6m,1m,12m
2020-08-25,gamma1,7.099816813874062e-05,6m,1m,12m
2020-08-26,gamma1,5.2294966610090334e-05,6m,1m,12m
2020-08-27,gamma1,1.4745006796750175e-05,6m,1m,12m
2020-08-28,gamma1,2.0702610035867652e-05,6m,1m,12m
2020-08-31,gamma1,-3.9236020598426897e-05,6m,1m,12m
2020-09-01,gamma1,-2.5985738727017125e-05,6m,1m,12m
2020-09-02,gamma1,0.00014259121742557536,6m,1m,12m
2020-09-03,gamma1,-0.000150940341681738,6m,1m,12m
2020-09-04,gamma1,-0.000150940341681738,6m,1m,12m
2020-09-08,gamma1,-8.745261724986915e-05,6m,1m,12m
2020-09-09,gamma1,-5.278727757483685e-05,6m,1m,12m
2020-09-10,gamma1,-1.083493913696594e-05,6m,1m,12m
2020-09-11,gamma1,-3.291599185937739e-05,6m,1m,12m
2020-09-14,gamma1,7.547377452096741e-05,6m,1m,12m
2020-09-15,gamma1,5.1055681497039273e-05,6m,1m,12m
2020-09-16,gamma1,6.397442990566302e-05,6m,1m,12m
2020-09-17,gamma1,6.9084243098199e-05,6m,1m,12m
2020-09-18,gamma1,3.7864140324009094e-05,6m,1m,12m
2020-09-21,gamma1,6.955579366778382e-05,6m,1m,12m
2020-09-22,gamma1,8.308811629293293e-05,6m,1m,12m
2020-09-23,gamma1,0.00010303353521135505,6m,1m,12m
2020-09-24,gamma1,0.00010019374608444265,6m,1m,12m
2020-09-25,gamma1,2.77071709418182e-05,6m,1m,12m
2020-09-28,gamma1,3.3321982667871196e-05,6m,1m,12m
2020-09-29,gamma1,4.249789760768692e-05,6m,1m,12m
2020-09-30,gamma1,8.588656605957084e-05,6m,1m,12m
2020-10-01,gamma1,9.369425616007221e-05,6m,1m,12m
2020-10-02,gamma1,8.835122048327633e-05,6m,1m,12m
2020-10-05,gamma1,0.00011376688281300214,6m,1m,12m
2020-10-06,gamma1,4.868706376661153e-05,6m,1m,12m
2020-10-07,gamma1,2.957184286007761e-05,6m,1m,12m
2020-10-08,gamma1,2.7261889470517123e-05,6m,1m,12m
2020-10-09,gamma1,-3.6645071368558394e-05,6m,1m,12m
2020-10-12,gamma1,1.8708586697281579e-06,6m,1m,12m
2020-10-13,gamma1,-1.0832007464042958e-05,6m,1m,12m
2020-10-14,gamma1,-1.702212717549974e-05,6m,1m,12m
2020-10-15,gamma1,-1.7102127162555195e-06,6m,1m,12m
2020-10-16,gamma1,1.3260501283658007e-05,6m,1m,12m
2020-10-19,gamma1,1.0708387622682809e-05,6m,1m,12m
2020-10-20,gamma1,7.234539101736951e-05,6m,1m,12m
2020-10-21,gamma1,2.915813436545389e-05,6m,1m,12m
2020-10-22,gamma1,3.434111523062952e-05,6m,1m,12m
2020-10-23,gamma1,2.379771215115586e-05,6m,1m,12m
2020-10-26,gamma1,5.1432377860687494e-05,6m,1m,12m
2020-10-27,gamma1,4.951926023485402e-05,6m,1m,12m
2020-10-28,gamma1,3.647210698561115e-05,6m,1m,12m
2020-10-29,gamma1,9.125889776616204e-05,6m,1m,12m
2020-10-30,gamma1,0.00014688009232682745,6m,1m,12m
2020-11-02,gamma1,0.00011491810933756533,6m,1m,12m
2020-11-03,gamma1,0.00012886999935014413,6m,1m,12m
2020-11-04,gamma1,-4.277229704596947e-05,6m,1m,12m
2020-11-05,gamma1,-7.001531490095679e-05,6m,1m,12m
2020-11-06,gamma1,6.763461251046467e-05,6m,1m,12m
2020-11-09,gamma1,0.00010900837523466761,6m,1m,12m
2020-11-10,gamma1,9.164077159147795e-05,6m,1m,12m
2020-11-11,gamma1,6.867507687372063e-05,6m,1m,12m
2020-11-12,gamma1,5.184025097353826e-05,6m,1m,12m
2020-11-13,gamma1,9.480034240244677e-05,6m,1m,12m
2020-11-16,gamma1,7.288625925673683e-05,6m,1m,12m
2020-11-17,gamma1,4.7165454737446144e-05,6m,1m,12m
2020-11-18,gamma1,4.329763201568776e-05,6m,1m,12m
2020-11-19,gamma1,3.8575097549121154e-05,6m,1m,12m
2020-11-20,gamma1,1.706622336588807e-05,6m,1m,12m
2020-11-23,gamma1,9.693374053637192e-06,6m,1m,12m
2020-11-24,gamma1,4.561770064411291e-05,6m,1m,12m
2020-11-25,gamma1,6.315988047877008e-05,6m,1m,12m
2020-11-27,gamma1,5.3533259449805936e-05,6m,1m,12m
2020-11-30,gamma1,4.143289094711322e-05,6m,1m,12m
2020-12-01,gamma1,3.6432095223754804e-05,6m,1m,12m
2020-12-02,gamma1,2.9319864811784164e-05,6m,1m,12m
2020-12-03,gamma1,3.012358475240358e-05,6m,1m,12m
2020-12-04,gamma1,8.926695643183786e-05,6m,1m,12m
2020-12-07,gamma1,3.283126364980575e-05,6m,1m,12m
2020-12-08,gamma1,4.034933376394751e-05,6m,1m,12m
2020-12-09,gamma1,-5.257688007474604e-06,6m,1m,12m
2020-12-10,gamma1,-5.6515887839006585e-06,6m,1m,12m
2020-12-11,gamma1,-6.560121749513227e-05,6m,1m,12m
2020-12-14,gamma1,-1.9398738514745566e-05,6m,1m,12m
2020-12-15,gamma1,-1.2214233127667353e-05,6m,1m,12m
2020-12-16,gamma1,-2.669116150736798e-05,6m,1m,12m
2020-12-17,gamma1,-2.8074593412324297e-06,6m,1m,12m
2020-12-18,gamma1,2.184850839001476e-05,6m,1m,12m
2020-12-21,gamma1,8.681966196820126e-06,6m,1m,12m
2020-12-22,gamma1,-1.2468996282123482e-05,6m,1m,12m
2020-12-23,gamma1,-2.127213124909732e-05,6m,1m,12m
2020-12-24,gamma1,-3.499150481985955e-05,6m,1m,12m
2020-12-28,gamma1,-4.694397183968739e-05,6m,1m,12m
2020-12-29,gamma1,-5.128639502499291e-05,6m,1m,12m
2020-12-30,gamma1,-0.0001334187500395785,6m,1m,12m
2020-12-31,gamma1,-0.000150940341681738,6m,1m,12m
2021-01-04,gamma1,-7.128414856771417e-05,6m,1m,12m
2021-01-05,gamma1,-0.00012581785445601624,6m,1m,12m
2021-01-06,gamma1,-0.000133510133625932,6m,1m,12m
2021-01-07,gamma1,-4.2534151671574574e-05,6m,1m,12m
2021-01-08,gamma1,-3.8303347506995757e-05,6m,1m,12m
2021-01-11,gamma1,-0.00010668622467554045,6m,1m,12m
2021-01-12,gamma1,-9.686511386285749e-05,6m,1m,12m
2021-01-13,gamma1,-3.1389581548372433e-06,6m,1m,12m
2021-01-14,gamma1,-7.67837987095326e-06,6m,1m,12m
2021-01-15,gamma1,0.00023811844944423104,6m,1m,12m
2021-01-19,gamma1,0.0002563624159104391,6m,1m,12m
2021-01-20,gamma1,0.00022295072000054527,6m,1m,12m
2021-01-21,gamma1,4.2810046396901625e-05,6m,1m,12m
2021-01-22,gamma1,3.384582410091529e-06,6m,1m,12m
2021-01-25,gamma1,3.710227099868507e-05,6m,1m,12m
2021-01-26,gamma1,6.195164781279182e-05,6m,1m,12m
2021-01-27,gamma1,0.0002483612281729173,6m,1m,12m
2021-01-28,gamma1,9.285567089254085e-06,6m,1m,12m
2021-01-29,gamma1,0.00016719341221050694,6m,1m,12m
2021-02-01,gamma1,5.7920042702116367e-05,6m,1m,12m
2021-02-02,gamma1,5.9509655449401774e-05,6m,1m,12m
2021-02-03,gamma1,7.211595314403649e-05,6m,1m,12m
2021-02-04,gamma1,0.0001443601001381535,6m,1m,12m
2021-02-05,gamma1,0.0001649050538958749,6m,1m,12m
2021-02-08,gamma1,0.00011769405009804954,6m,1m,12m
2021-02-09,gamma1,0.00013463924177938187,6m,1m,12m
2021-02-10,gamma1,0.00012703791185270528,6m,1m,12m
2021-02-11,gamma1,0.00012481198851625635,6m,1m,12m
2021-02-12,gamma1,0.00011914286023741923,6m,1m,12m
2021-02-16,gamma1,0.00011364180000434164,6m,1m,12m
2021-02-17,gamma1,5.6025985251357584e-05,6m,1m,12m
2021-02-18,gamma1,7.573601427542226e-05,6m,1m,12m
2021-02-19,gamma1,6.657484414514039e-05,6m,1m,12m
2021-02-22,gamma1,-2.301088180660913e-05,6m,1m,12m
2021-02-23,gamma1,4.2499638201791017e-05,6m,1m,12m
2021-02-24,gamma1,8.980876666719745e-05,6m,1m,12m
2021-02-25,gamma1,2.2792183690892248e-05,6m,1m,12m
2021-02-26,gamma1,0.00011757272056194679,6m,1m,12m
2021-03-01,gamma1,0.00010296803576396242,6m,1m,12m
2021-03-02,gamma1,0.00010472769228832912,6m,1m,12m
2021-03-03,gamma1,0.00014007561037314564,6m,1m,12m
2021-03-04,gamma1,0.000137713996607783,6m,1m,12m
2021-03-05,gamma1,7.69537933501101e-05,6m,1m,12m
2021-03-08,gamma1,0.00017843046825371877,6m,1m,12m
2021-03-09,gamma1,0.00017389532451015326,6m,1m,12m
2021-03-10,gamma1,0.00016506530096810536,6m,1m,12m
2021-03-11,gamma1,0.00014905863370801373,6m,1m,12m
2021-03-12,gamma1,0.00013473377495506472,6m,1m,12m
2021-03-15,gamma1,0.00012372360971443894,6m,1m,12m
2021-03-16,gamma1,0.00011054718346420155,6m,1m,12m
2021-03-17,gamma1,0.00010603417598526347,6m,1m,12m
2021-03-18,gamma1,7.215107927187313e-05,6m,1m,12m
2021-03-19,gamma1,7.168808413407264e-05,6m,1m,12m
2021-03-22,gamma1,4.619712891461487e-05,6m,1m,12m
2021-03-23,gamma1,4.896908752863409e-05,6m,1m,12m
2021-03-24,gamma1,5.6701749607529665e-05,6m,1m,12m
2021-03-25,gamma1,7.704931684878202e-05,6m,1m,12m
2021-03-26,gamma1,1.2518346101732226e-05,6m,1m,12m
2021-03-29,gamma1,3.5890514305496354e-05,6m,1m,12m
2021-03-30,gamma1,-5.6643107394128875e-05,6m,1m,12m
2021-03-31,gamma1,-4.694185222887965e-05,6m,1m,12m
2021-04-01,gamma1,0.00012349147903071653,6m,1m,12m
2021-04-05,gamma1,-2.473460637661684e-05,6m,1m,12m
2021-04-06,gamma1,-2.3667512321002105e-05,6m,1m,12m
2021-04-07,gamma1,-2.225629865993101e-05,6m,1m,12m
2021-04-08,gamma1,-1.1416411327669645e-06,6m,1m,12m
2021-04-09,gamma1,1.9052466831959503e-05,6m,1m,12m
2021-04-12,gamma1,1.113919379632093e-05,6m,1m,12m
2021-04-13,gamma1,4.888556317459575e-07,6m,1m,12m
2021-04-14,gamma1,-3.49793665856954e-05,6m,1m,12m
2021-04-15,gamma1,-5.4650433060442094e-05,6m,1m,12m
2021-04-16,gamma1,4.4915034635331484e-06,6m,1m,12m
2021-04-19,gamma1,-1.4952216857136259e-05,6m,1m,12m
2021-04-20,gamma1,2.644256655459252e-05,6m,1m,12m
2021-04-21,gamma1,3.998531710013229e-07,6m,1m,12m
2021-04-22,gamma1,1.230502738993007e-06,6m,1m,12m
2021-04-23,gamma1,4.143736343351237e-05,6m,1m,12m
2021-04-26,gamma1,6.707037851907307e-05,6m,1m,12m
2021-04-27,gamma1,5.783984851192792e-05,6m,1m,12m
2021-04-28,gamma1,6.517079740454269e-05,6m,1m,12m
2021-04-29,gamma1,4.870956193258659e-05,6m,1m,12m
2021-04-30,gamma1,1.917927402064671e-06,6m,1m,12m
2021-05-03,gamma1,3.912807633157473e-05,6m,1m,12m
2021-05-04,gamma1,2.4621816498971062e-05,6m,1m,12m
2021-05-05,gamma1,0.00012922083563978668,6m,1m,12m
2021-05-06,gamma1,0.0001241834321583571,6m,1m,12m
2021-05-07,gamma1,0.0001496641480453029,6m,1m,12m
2021-05-10,gamma1,-3.2918708600829935e-05,6m,1m,12m
2021-05-11,gamma1,-5.555219867616348e-05,6m,1m,12m
2021-05-12,gamma1,-4.105110172726119e-05,6m,1m,12m
2021-05-13,gamma1,-1.2221003865635643e-05,6m,1m,12m
2021-05-14,gamma1,4.44942712784258e-05,6m,1m,12m
2021-05-17,gamma1,7.31044611840878e-05,6m,1m,12m
2021-05-18,gamma1,3.8627179143161156e-05,6m,1m,12m
2021-05-19,gamma1,7.845157253126548e-05,6m,1m,12m
2021-05-20,gamma1,5.92607902799413e-05,6m,1m,12m
2021-05-21,gamma1,1.489187412817577e-05,6m,1m,12m
2021-05-24,gamma1,1.5977503565255795e-05,6m,1m,12m
2021-05-25,gamma1,4.241724484754752e-05,6m,1m,12m
2021-05-26,gamma1,2.0301436068338585e-05,6m,1m,12m
2021-05-27,gamma1,6.202059828925942e-05,6m,1m,12m
2021-05-28,gamma1,2.5989687820131673e-05,6m,1m,12m
2021-06-01,gamma1,1.629235059271589e-05,6m,1m,12m
2021-06-02,gamma1,5.0283318731098365e-05,6m,1m,12m
2021-06-03,gamma1,3.129592800093937e-05,6m,1m,12m
2021-06-04,gamma1,0.00016968160508219732,6m,1m,12m
2021-06-07,gamma1,0.00013956682961382153,6m,1m,12m
2021-06-08,gamma1,0.00010941405696259212,6m,1m,12m
2021-06-09,gamma1,9.304089210479092e-05,6m,1m,12m
2021-06-10,gamma1,4.788827221257191e-05,6m,1m,12m
2021-06-11,gamma1,4.164708087020031e-05,6m,1m,12m
2021-06-14,gamma1,4.4428676980174456e-05,6m,1m,12m
2021-06-15,gamma1,3.949332072214164e-05,6m,1m,12m
2021-06-16,gamma1,3.381459033530533e-05,6m,1m,12m
2021-06-17,gamma1,2.118621082057802e-06,6m,1m,12m
2021-06-18,gamma1,3.8520718450120865e-05,6m,1m,12m
2021-06-21,gamma1,2.1265903057365426e-07,6m,1m,12m
2021-06-22,gamma1,-1.1468028734653978e-05,6m,1m,12m
2021-06-23,gamma1,-1.8385559136545143e-06,6m,1m,12m
2021-06-24,gamma1,1.927429633519264e-05,6m,1m,12m
2021-06-25,gamma1,2.300595111288253e-06,6m,1m,12m
2021-06-28,gamma1,-2.9480676713462e-05,6m,1m,12m
2021-06-29,gamma1,-7.537714466454694e-05,6m,1m,12m
2021-06-30,gamma1,-2.01409703546898e-05,6m,1m,12m
2021-07-01,gamma1,-2.234265147772065e-05,6m,1m,12m
2021-07-02,gamma1,-6.9613776353368636e-06,6m,1m,12m
2021-07-06,gamma1,-2.7235031508680436e-05,6m,1m,12m
2021-07-07,gamma1,-0.00010571858268829184,6m,1m,12m
2021-07-08,gamma1,-6.392909286680271e-05,6m,1m,12m
2021-07-09,gamma1,-4.985044933039135e-05,6m,1m,12m
2021-07-12,gamma1,-4.247516357278554e-05,6m,1m,12m
2021-07-13,gamma1,-7.797550898563253e-05,6m,1m,12m
2021-07-14,gamma1,-5.4081226885116095e-05,6m,1m,12m
2021-07-15,gamma1,-7.39050313173453e-05,6m,1m,12m
2021-07-16,gamma1,-5.7799706050479035e-05,6m,1m,12m
2021-07-19,gamma1,-0.00012248651258982022,6m,1m,12m
2021-07-20,gamma1,-0.00010120239044456348,6m,1m,12m
2021-07-21,gamma1,-8.787254928804142e-05,6m,1m,12m
2021-07-22,gamma1,-7.16314826909436e-05,6m,1m,12m
2021-07-23,gamma1,-6.800113484908741e-05,6m,1m,12m
2021-07-26,gamma1,-6.556764079810329e-05,6m,1m,12m
2021-07-27,gamma1,-6.086214496924086e-05,6m,1m,12m
2021-07-28,gamma1,-5.634761878212126e-05,6m,1m,12m
2021-07-29,gamma1,-5.25684229244468e-05,6m,1m,12m
2021-07-30,gamma1,-0.0001028135041974885,6m,1m,12m
2021-08-02,gamma1,0.0001476442524149141,6m,1m,12m
2021-08-03,gamma1,0.00013125723363572312,6m,1m,12m
2021-08-04,gamma1,0.00015682669814155888,6m,1m,12m
2021-08-05,gamma1,0.00014557462500789205,6m,1m,12m
2021-08-06,gamma1,0.00012395641118942657,6m,1m,12m
2021-08-09,gamma1,8.949214071028525e-05,6m,1m,12m
2021-08-10,gamma1,6.330745560513619e-05,6m,1m,12m
2021-08-11,gamma1,7.026099409131272e-05,6m,1m,12m
2021-08-12,gamma1,4.942400139902881e-05,6m,1m,12m
2021-08-13,gamma1,2.9115388537392602e-05,6m,1m,12m
2021-08-16,gamma1,-1.4767590388527816e-05,6m,1m,12m
2021-08-17,gamma1,-2.0724029074527535e-05,6m,1m,12m
2021-08-18,gamma1,-6.132695016448992e-05,6m,1m,12m
2021-08-19,gamma1,-8.938874086628457e-05,6m,1m,12m
2021-08-20,gamma1,-7.203942802004441e-05,6m,1m,12m
2021-08-23,gamma1,-0.00010113307984234481,6m,1m,12m
2021-08-24,gamma1,-0.00010916892172616442,6m,1m,12m
2021-08-25,gamma1,-7.392104924291285e-05,6m,1m,12m
2021-08-26,gamma1,-0.00011260675341209241,6m,1m,12m
2021-08-27,gamma1,-9.361533671841342e-05,6m,1m,12m
2021-08-30,gamma1,-7.323766786641959e-05,6m,1m,12m
2021-08-31,gamma1,-4.4822894612790395e-05,6m,1m,12m
2021-09-01,gamma1,-1.7807725386779636e-05,6m,1m,12m
2021-09-02,gamma1,0.00012798490003291429,6m,1m,12m
2021-09-03,gamma1,9.191777499265503e-05,6m,1m,12m
2021-09-07,gamma1,4.411036628074289e-05,6m,1m,12m
2021-09-08,gamma1,6.276820193460248e-05,6m,1m,12m
2021-09-09,gamma1,3.4817830532968356e-06,6m,1m,12m
2021-09-10,gamma1,8.09417401269162e-06,6m,1m,12m
2021-09-13,gamma1,2.3553182792488997e-05,6m,1m,12m
2021-09-14,gamma1,2.290093807990343e-05,6m,1m,12m
2021-09-15,gamma1,1.1437180802165136e-05,6m,1m,12m
2021-09-16,gamma1,9.815529378041918e-06,6m,1m,12m
2021-09-17,gamma1,-1.470007941147044e-05,6m,1m,12m
2021-09-20,gamma1,-2.4424987365970223e-05,6m,1m,12m
2021-09-21,gamma1,-2.142914522600304e-05,6m,1m,12m
2021-09-22,gamma1,2.5988332906844855e-06,6m,1m,12m
2021-09-23,gamma1,-1.2981755626579035e-05,6m,1m,12m
2021-09-24,gamma1,3.735629327056219e-06,6m,1m,12m
2021-09-27,gamma1,-2.5784501750745745e-05,6m,1m,12m
2021-09-28,gamma1,-6.583290013022149e-05,6m,1m,12m
2021-09-29,gamma1,-2.5347936773727647e-05,6m,1m,12m
2021-09-30,gamma1,-7.353063777605886e-05,6m,1m,12m
2021-10-01,gamma1,-0.00010923528734349051,6m,1m,12m
2021-10-04,gamma1,-0.000150940341681738,6m,1m,12m
2021-10-05,gamma1,-0.00014893158810438725,6m,1m,12m
2021-10-06,gamma1,-0.0001397521979878101,6m,1m,12m
2021-10-07,gamma1,-0.00010044821241906812,6m,1m,12m
2021-10-08,gamma1,-9.360051252496049e-05,6m,1m,12m
2021-10-11,gamma1,-0.00012436057693228605,6m,1m,12m
2021-10-12,gamma1,-9.172694773078199e-05,6m,1m,12m
2021-10-13,gamma1,-8.113783372732282e-05,6m,1m,12m
2021-10-14,gamma1,-6.580431272469669e-05,6m,1m,12m
2021-10-15,gamma1,-5.688411585294434e-05,6m,1m,12m
2021-10-18,gamma1,-3.9669188083746476e-05,6m,1m,12m
2021-10-19,gamma1,7.046951926606843e-06,6m,1m,12m
2021-10-20,gamma1,-1.9808008052339215e-05,6m,1m,12m
2021-10-21,gamma1,-5.323827392431384e-06,6m,1m,12m
2021-10-22,gamma1,-7.473530238096071e-06,6m,1m,12m
2021-10-25,gamma1,-1.7626747328148885e-05,6m,1m,12m
2021-10-26,gamma1,-1.897605095402239e-05,6m,1m,12m
2021-10-27,gamma1,-6.651218082072881e-05,6m,1m,12m
2021-10-28,gamma1,-6.355405023645057e-05,6m,1m,12m
2021-10-29,gamma1,-4.224835903229008e-05,6m,1m,12m
2021-11-01,gamma1,9.981341846240945e-05,6m,1m,12m
2021-11-02,gamma1,0.00012502329421201658,6m,1m,12m
2021-11-03,gamma1,0.0001223473987561398,6m,1m,12m
2021-11-04,gamma1,9.705032916661074e-05,6m,1m,12m
2021-11-05,gamma1,0.00014301778777071737,6m,1m,12m
2021-11-08,gamma1,8.524363597790755e-05,6m,1m,12m
2021-11-09,gamma1,7.554884785216119e-05,6m,1m,12m
2021-11-10,gamma1,4.068706337960554e-05,6m,1m,12m
2021-11-11,gamma1,1.3819603478250805e-05,6m,1m,12m
2021-11-12,gamma1,3.5951403211326505e-05,6m,1m,12m
2021-11-15,gamma1,1.3971063802887155e-05,6m,1m,12m
2021-11-16,gamma1,2.261587400133793e-05,6m,1m,12m
2021-11-17,gamma1,-4.483134593154895e-06,6m,1m,12m
2021-11-18,gamma1,-3.490937881175075e-05,6m,1m,12m
2021-11-19,gamma1,-6.097884149262877e-05,6m,1m,12m
2021-11-22,gamma1,-3.017875835129863e-05,6m,1m,12m
2021-11-23,gamma1,-6.1003120982828016e-05,6m,1m,12m
2021-11-24,gamma1,-7.088289583394803e-05,6m,1m,12m
2021-11-26,gamma1,-0.000150940341681738,6m,1m,12m
2021-11-29,gamma1,-9.581675060478332e-05,6m,1m,12m
2021-11-30,gamma1,-0.00011004026387097727,6m,1m,12m
2021-12-01,gamma1,-0.00013362293548362266,6m,1m,12m
2021-12-02,gamma1,-8.186616286225873e-05,6m,1m,12m
2021-12-03,gamma1,-0.00010937416188988274,6m,1m,12m
2021-12-06,gamma1,0.00013819275017633295,6m,1m,12m
2021-12-07,gamma1,8.881764103976152e-05,6m,1m,12m
2021-12-08,gamma1,0.00010587108995274526,6m,1m,12m
2021-12-09,gamma1,8.983023731922368e-05,6m,1m,12m
2021-12-10,gamma1,7.053975457677156e-05,6m,1m,12m
2021-12-13,gamma1,5.79070616705691e-05,6m,1m,12m
2021-12-14,gamma1,1.478764577726482e-05,6m,1m,12m
2021-12-15,gamma1,1.950839120266333e-05,6m,1m,12m
2021-12-16,gamma1,-2.1881067793031586e-06,6m,1m,12m
2021-12-17,gamma1,-2.7606573727105822e-05,6m,1m,12m
2021-12-20,gamma1,2.8379720561313173e-06,6m,1m,12m
2021-12-21,gamma1,-6.896615864903152e-06,6m,1m,12m
2021-12-22,gamma1,1.877541347643846e-05,6m,1m,12m
2021-12-23,gamma1,8.043981976540481e-06,6m,1m,12m
2021-12-27,gamma1,2.7059019535545046e-05,6m,1m,12m
2021-12-28,gamma1,4.290778264149717e-05,6m,1m,12m
2021-12-29,gamma1,3.8258084373352724e-06,6m,1m,12m
2021-12-30,gamma1,-1.51958065713724e-05,6m,1m,12m
2021-12-31,gamma1,-2.8211027280962616e-05,6m,1m,12m
2022-01-03,gamma1,-1.1842050835274796e-05,6m,1m,12m
2022-01-04,gamma1,-2.3536242871040566e-06,6m,1m,12m
2022-01-05,gamma1,2.547580878751884e-05,6m,1m,12m
2022-01-06,gamma1,8.505499863618556e-06,6m,1m,12m
2022-01-07,gamma1,-3.914803403223145e-05,6m,1m,12m
2022-01-10,gamma1,1.3333440233780458e-05,6m,1m,12m
2022-01-11,gamma1,-7.501562321459831e-06,6m,1m,12m
2022-01-12,gamma1,2.660949214012246e-05,6m,1m,12m
2022-01-13,gamma1,1.7788944513818834e-06,6m,1m,12m
2022-01-14,gamma1,-1.4504438037196553e-05,6m,1m,12m
2022-01-18,gamma1,2.3629751189936515e-05,6m,1m,12m
2022-01-19,gamma1,2.871816016029333e-05,6m,1m,12m
2022-01-20,gamma1,0.00012406138366553068,6m,1m,12m
2022-01-21,gamma1,5.7886775528014435e-05,6m,1m,12m
2022-01-24,gamma1,2.2008964609398664e-05,6m,1m,12m
2022-01-25,gamma1,9.539623161749778e-05,6m,1m,12m
2022-01-26,gamma1,0.00024392923234673673,6m,1m,12m
2022-01-27,gamma1,0.00018642149764859904,6m,1m,12m
2022-01-28,gamma1,0.00017241827907314282,6m,1m,12m
2022-01-31,gamma1,9.078690405681364e-05,6m,1m,12m
2022-02-01,gamma1,4.271081829009451e-05,6m,1m,12m
2022-02-02,gamma1,9.618674256655193e-05,6m,1m,12m
2022-02-03,gamma1,0.00013904032739438655,6m,1m,12m
2022-02-04,gamma1,6.176499731662283e-05,6m,1m,12m
2022-02-07,gamma1,3.151184845405818e-05,6m,1m,12m
2022-02-08,gamma1,1.6546865827511975e-05,6m,1m,12m
2022-02-09,gamma1,3.1389644852436904e-05,6m,1m,12m
2022-02-10,gamma1,7.856689542670128e-06,6m,1m,12m
2022-02-11,gamma1,3.0390994489457603e-05,6m,1m,12m
2022-02-14,gamma1,6.284833072031223e-05,6m,1m,12m
2022-02-15,gamma1,7.087929073601123e-05,6m,1m,12m
2022-02-16,gamma1,5.498148162570017e-05,6m,1m,12m
2022-02-17,gamma1,4.0234043434174295e-05,6m,1m,12m
2022-02-18,gamma1,3.695019832314887e-05,6m,1m,12m
2022-02-22,gamma1,-1.3491609918479901e-05,6m,1m,12m
2022-02-23,gamma1,3.982465969852345e-05,6m,1m,12m
2022-02-24,gamma1,9.48766419968505e-05,6m,1m,12m
2022-02-25,gamma1,-0.00010134455960063194,6m,1m,12m
2022-02-28,gamma1,-2.172724910134819e-05,6m,1m,12m
2022-03-01,gamma1,-7.059883760311088e-07,6m,1m,12m
2022-03-02,gamma1,0.00022771545720096857,6m,1m,12m
2022-03-03,gamma1,0.00022698050545958917,6m,1m,12m
2022-03-04,gamma1,0.0002741555722609005,6m,1m,12m
2022-03-07,gamma1,0.00019284751240194255,6m,1m,12m
2022-03-08,gamma1,0.00017416170666193685,6m,1m,12m
2022-03-09,gamma1,0.00015010263178923388,6m,1m,12m
2022-03-10,gamma1,0.00019213133299078835,6m,1m,12m
2022-03-11,gamma1,0.00018147685074305827,6m,1m,12m
2022-03-14,gamma1,0.00017532142900279898,6m,1m,12m
2022-03-15,gamma1,0.000148647456311698,6m,1m,12m
2022-03-16,gamma1,9.055285927893781e-05,6m,1m,12m
2022-03-17,gamma1,6.940151818953683e-05,6m,1m,12m
2022-03-18,gamma1,1.739915368246511e-05,6m,1m,12m
2022-03-21,gamma1,2.821769322708922e-06,6m,1m,12m
2022-03-22,gamma1,-4.419591536148342e-05,6m,1m,12m
2022-03-23,gamma1,-3.5724626951951054e-05,6m,1m,12m
2022-03-24,gamma1,-2.684964836262238e-05,6m,1m,12m
2022-03-25,gamma1,-4.1491529545865734e-05,6m,1m,12m
2022-03-28,gamma1,-3.000653679715232e-05,6m,1m,12m
2022-03-29,gamma1,-1.0131764828760507e-05,6m,1m,12m
2022-03-30,gamma1,-6.655355705144321e-06,6m,1m,12m
2022-03-31,gamma1,-2.53388820789169e-05,6m,1m,12m
2022-04-01,gamma1,-5.3528833500443076e-05,6m,1m,12m
2022-04-04,gamma1,-8.42097114772499e-05,6m,1m,12m
2022-04-05,gamma1,-0.00010670465348028364,6m,1m,12m
2022-04-06,gamma1,-9.310529055578504e-05,6m,1m,12m
2022-04-07,gamma1,-6.87364073014617e-05,6m,1m,12m
2022-04-08,gamma1,-7.976110821440751e-05,6m,1m,12m
2022-04-11,gamma1,-8.495901812556062e-05,6m,1m,12m
2022-04-12,gamma1,-6.188729316091377e-05,6m,1m,12m
2022-04-13,gamma1,-6.1144308445954e-05,6m,1m,12m
2022-04-14,gamma1,-6.720036579651198e-05,6m,1m,12m
2022-04-18,gamma1,-6.0961508431790316e-05,6m,1m,12m
2022-04-19,gamma1,-3.860200079175666e-05,6m,1m,12m
2022-04-20,gamma1,-2.3583228319061632e-05,6m,1m,12m
2022-04-21,gamma1,-3.1555354132635406e-05,6m,1m,12m
2022-04-22,gamma1,-2.7096492212409834e-05,6m,1m,12m
2022-04-25,gamma1,-2.9983605563172477e-05,6m,1m,12m
2022-04-26,gamma1,-1.8108309776400505e-05,6m,1m,12m
2022-04-27,gamma1,-2.613078762630109e-05,6m,1m,12m
2022-04-28,gamma1,-8.623680696483834e-06,6m,1m,12m
2022-04-29,gamma1,2.2439779398597222e-05,6m,1m,12m
2022-05-02,gamma1,7.309156660082673e-05,6m,1m,12m
2022-05-03,gamma1,7.345367031177724e-05,6m,1m,12m
2022-05-04,gamma1,0.00019500828401070605,6m,1m,12m
2022-05-05,gamma1,0.0002270522813377285,6m,1m,12m
2022-05-06,gamma1,0.00013881211451950178,6m,1m,12m
2022-05-09,gamma1,0.00021060951541280372,6m,1m,12m
2022-05-10,gamma1,0.0001722139963175698,6m,1m,12m
2022-05-11,gamma1,0.00024183489722039663,6m,1m,12m
2022-05-12,gamma1,0.00025293924111394666,6m,1m,12m
2022-05-13,gamma1,0.00021756739214354572,6m,1m,12m
2022-05-16,gamma1,0.00019345053903471182,6m,1m,12m
2022-05-17,gamma1,0.00019234832194148542,6m,1m,12m
2022-05-18,gamma1,0.00024419613795927575,6m,1m,12m
2022-05-19,gamma1,0.0002352088052302375,6m,1m,12m
2022-05-20,gamma1,0.00020862343793412504,6m,1m,12m
2022-05-23,gamma1,0.00016723934250354385,6m,1m,12m
2022-05-24,gamma1,0.00017674964091086144,6m,1m,12m
2022-05-25,gamma1,0.00018549664606290958,6m,1m,12m
2022-05-26,gamma1,0.00013698129111220796,6m,1m,12m
2022-05-27,gamma1,0.00011873090527644481,6m,1m,12m
2022-05-31,gamma1,0.00018651489408033533,6m,1m,12m
2022-06-01,gamma1,0.00012336795067684455,6m,1m,12m
2022-06-02,gamma1,0.00011644031845819073,6m,1m,12m
2022-06-03,gamma1,8.05110961641917e-05,6m,1m,12m
2022-06-06,gamma1,0.00013252058204625485,6m,1m,12m
2022-06-07,gamma1,0.00013157410294081402,6m,1m,12m
2022-06-08,gamma1,0.00014268287133566132,6m,1m,12m
2022-06-09,gamma1,0.00015321973192436412,6m,1m,12m
2022-06-10,gamma1,0.00015199033183660438,6m,1m,12m
2022-06-13,gamma1,0.00024025752735460087,6m,1m,12m
2022-06-14,gamma1,0.00023405414397729616,6m,1m,12m
2022-06-15,gamma1,0.00022945570347995603,6m,1m,12m
2022-06-16,gamma1,0.00021254709518568997,6m,1m,12m
2022-06-17,gamma1,0.00023300043030405576,6m,1m,12m
2022-06-21,gamma1,0.00010818133474634947,6m,1m,12m
2022-06-22,gamma1,0.0001479346151285881,6m,1m,12m
2022-06-23,gamma1,0.00010917784781017745,6m,1m,12m
2022-06-24,gamma1,9.524108170311413e-05,6m,1m,12m
2022-06-27,gamma1,1.6795530631940153e-05,6m,1m,12m
2022-06-28,gamma1,2.913828628717622e-05,6m,1m,12m
2022-06-29,gamma1,2.833265592709958e-05,6m,1m,12m
2022-06-30,gamma1,-2.7689350287941962e-05,6m,1m,12m
2022-07-01,gamma1,-2.7566034439838974e-05,6m,1m,12m
2022-07-05,gamma1,-7.013025306788142e-05,6m,1m,12m
2022-07-06,gamma1,-4.0739224901556096e-05,6m,1m,12m
2022-07-07,gamma1,-3.8002720483592945e-05,6m,1m,12m
2022-07-08,gamma1,-2.9478330294684782e-05,6m,1m,12m
2022-07-11,gamma1,-2.0863945703518297e-05,6m,1m,12m
2022-07-12,gamma1,-4.0262969105757016e-05,6m,1m,12m
2022-07-13,gamma1,-1.014274297428462e-05,6m,1m,12m
2022-07-14,gamma1,-2.096362373165047e-05,6m,1m,12m
2022-07-15,gamma1,-3.584648307061913e-05,6m,1m,12m
2022-07-18,gamma1,2.327255526857201e-05,6m,1m,12m
2022-07-19,gamma1,6.285222741469199e-05,6m,1m,12m
2022-07-20,gamma1,8.25156181969653e-05,6m,1m,12m
2022-07-21,gamma1,6.455362039311827e-05,6m,1m,12m
2022-07-22,gamma1,4.8936342701148025e-05,6m,1m,12m
2022-07-25,gamma1,5.112034147907369e-05,6m,1m,12m
2022-07-26,gamma1,2.5200066836831997e-05,6m,1m,12m
2022-07-27,gamma1,1.648895534546531e-05,6m,1m,12m
2022-07-28,gamma1,3.724679099796301e-05,6m,1m,12m
2022-07-29,gamma1,3.852594441510615e-05,6m,1m,12m
2022-08-01,gamma1,6.243861935725725e-05,6m,1m,12m
2022-08-02,gamma1,8.497167162928361e-05,6m,1m,12m
2022-08-03,gamma1,0.00010562861840921155,6m,1m,12m
2022-08-04,gamma1,9.462811619031115e-05,6m,1m,12m
2022-08-05,gamma1,7.908264269548698e-05,6m,1m,12m
2022-08-08,gamma1,6.824509850029495e-05,6m,1m,12m
2022-08-09,gamma1,5.079511330736376e-05,6m,1m,12m
2022-08-10,gamma1,6.024978778906802e-05,6m,1m,12m
2022-08-11,gamma1,4.519061162931484e-05,6m,1m,12m
2022-08-12,gamma1,4.9894881884381764e-05,6m,1m,12m
2022-08-15,gamma1,5.783032505852473e-05,6m,1m,12m
2022-08-16,gamma1,5.324175294499822e-05,6m,1m,12m
2022-08-17,gamma1,7.122914506257605e-05,6m,1m,12m
2022-08-18,gamma1,5.406811909723362e-05,6m,1m,12m
2022-08-19,gamma1,3.348400205470072e-05,6m,1m,12m
2022-08-22,gamma1,2.986282721612691e-05,6m,1m,12m
2022-08-23,gamma1,3.478411093002475e-05,6m,1m,12m
2022-08-24,gamma1,6.520751356528364e-05,6m,1m,12m
2022-08-25,gamma1,6.355046034305476e-05,6m,1m,12m
2022-08-26,gamma1,6.744107307287684e-05,6m,1m,12m
2022-08-29,gamma1,8.260170232021126e-05,6m,1m,12m
2022-08-30,gamma1,6.69034437143892e-05,6m,1m,12m
2022-08-31,gamma1,0.00010450787296625453,6m,1m,12m
2022-09-01,gamma1,9.460854539366319e-05,6m,1m,12m
2022-09-02,gamma1,5.416543809642476e-05,6m,1m,12m
2022-09-06,gamma1,0.00016152031512341782,6m,1m,12m
2022-09-07,gamma1,0.00017270494202016942,6m,1m,12m
2022-09-08,gamma1,0.00016574283908927324,6m,1m,12m
2022-09-09,gamma1,0.0001487203935178132,6m,1m,12m
2022-09-12,gamma1,0.00011585066509283643,6m,1m,12m
2022-09-13,gamma1,0.00012316231355048832,6m,1m,12m
2022-09-14,gamma1,9.699202299828167e-05,6m,1m,12m
2022-09-15,gamma1,0.00011982885035137804,6m,1m,12m
2022-09-16,gamma1,0.0001000020618441668,6m,1m,12m
2022-09-19,gamma1,0.00013139085371895984,6m,1m,12m
2022-09-20,gamma1,0.00012573037069450244,6m,1m,12m
2022-09-21,gamma1,0.00013548134865247949,6m,1m,12m
2022-09-22,gamma1,0.0001319462017364631,6m,1m,12m
2022-09-23,gamma1,7.258708210240147e-05,6m,1m,12m
2022-09-26,gamma1,0.0001068998201321159,6m,1m,12m
2022-09-27,gamma1,6.149170812499051e-05,6m,1m,12m
2022-09-28,gamma1,7.29284448168752e-05,6m,1m,12m
2022-09-29,gamma1,8.331170368567396e-05,6m,1m,12m
2022-09-30,gamma1,9.22922854262614e-05,6m,1m,12m
2022-10-03,gamma1,5.711572425593014e-05,6m,1m,12m
2022-10-04,gamma1,5.424707700795943e-05,6m,1m,12m
2022-10-05,gamma1,1.9118998196110596e-05,6m,1m,12m
2022-10-06,gamma1,3.802078685776638e-05,6m,1m,12m
2022-10-07,gamma1,9.36002111166144e-05,6m,1m,12m
2022-10-10,gamma1,0.00012225512894820117,6m,1m,12m
2022-10-11,gamma1,0.0001448203210760595,6m,1m,12m
2022-10-12,gamma1,0.00010031198755170877,6m,1m,12m
2022-10-13,gamma1,0.00013928753145030882,6m,1m,12m
2022-10-14,gamma1,0.0001244260412732016,6m,1m,12m
2022-10-17,gamma1,9.774472538066838e-05,6m,1m,12m
2022-10-18,gamma1,6.444910050593686e-05,6m,1m,12m
2022-10-19,gamma1,0.00013776808530775752,6m,1m,12m
2022-10-20,gamma1,0.00010666249906650312,6m,1m,12m
2022-10-21,gamma1,0.00013348394606558934,6m,1m,12m
2022-10-24,gamma1,0.00012104868464957435,6m,1m,12m
2022-10-25,gamma1,0.00015286915532372443,6m,1m,12m
2022-10-26,gamma1,0.00012988129617425297,6m,1m,12m
2022-10-27,gamma1,0.00013906324740201064,6m,1m,12m
2022-10-28,gamma1,0.00011257478133358179,6m,1m,12m
2022-10-31,gamma1,0.00015174220688899645,6m,1m,12m
2022-11-01,gamma1,0.00013530529888191637,6m,1m,12m
2022-11-02,gamma1,0.0001366207598636259,6m,1m,12m
2022-11-03,gamma1,0.00013097507559322452,6m,1m,12m
2022-11-04,gamma1,0.00011576293426061723,6m,1m,12m
2022-11-07,gamma1,0.00012478794933501407,6m,1m,12m
2022-11-08,gamma1,0.00014220416046395587,6m,1m,12m
2022-11-09,gamma1,0.000131170223229433,6m,1m,12m
2022-11-10,gamma1,0.00014744532379451435,6m,1m,12m
2022-11-11,gamma1,0.00015802986513883241,6m,1m,12m
2022-11-14,gamma1,0.00013112465145368618,6m,1m,12m
2022-11-15,gamma1,0.00013351154334345923,6m,1m,12m
2022-11-16,gamma1,0.00014697680476196537,6m,1m,12m
2022-11-17,gamma1,0.000131366128984465,6m,1m,12m
2022-11-18,gamma1,0.00012286922284421723,6m,1m,12m
2022-11-21,gamma1,0.00013380224940149303,6m,1m,12m
2022-11-22,gamma1,7.760104530706548e-05,6m,1m,12m
2022-11-23,gamma1,6.979077936590354e-05,6m,1m,12m
2022-11-25,gamma1,6.499624608624251e-05,6m,1m,12m
2022-11-28,gamma1,9.463627513099181e-05,6m,1m,12m
2022-11-29,gamma1,8.174927990377833e-05,6m,1m,12m
2022-11-30,gamma1,9.427758237313824e-05,6m,1m,12m
2022-12-01,gamma1,0.00011623118682012958,6m,1m,12m
2022-12-02,gamma1,0.00010665064441635143,6m,1m,12m
2022-12-05,gamma1,9.546099580632348e-05,6m,1m,12m
2022-12-06,gamma1,0.00015444796950981666,6m,1m,12m
2022-12-07,gamma1,0.0001625929554525843,6m,1m,12m
2022-12-08,gamma1,0.00014691849808556875,6m,1m,12m
2022-12-09,gamma1,0.00015536999616721475,6m,1m,12m
2022-12-12,gamma1,0.00016080804435076963,6m,1m,12m
2022-12-13,gamma1,0.00010167990284354615,6m,1m,12m
2022-12-14,gamma1,0.00012726619934811797,6m,1m,12m
2022-12-15,gamma1,0.00011748545302645144,6m,1m,12m
2022-12-16,gamma1,0.00011582153746069628,6m,1m,12m
2022-12-19,gamma1,0.00011550021994921748,6m,1m,12m
2022-12-20,gamma1,8.184617809119847e-05,6m,1m,12m
2022-12-21,gamma1,0.00014267628008892975,6m,1m,12m
2022-12-22,gamma1,0.000139540037854356,6m,1m,12m
2022-12-23,gamma1,0.00011393721596930231,6m,1m,12m
2022-12-27,gamma1,0.00011734072511191233,6m,1m,12m
2022-12-28,gamma1,0.00012124049688031331,6m,1m,12m
2022-12-29,gamma1,0.00010238873315378101,6m,1m,12m
2022-12-30,gamma1,7.900012874010196e-05,6m,1m,12m
2023-01-03,gamma1,7.357250555148367e-05,6m,1m,12m
2023-01-04,gamma1,9.110234205017232e-05,6m,1m,12m
2023-01-05,gamma1,8.672019668787939e-05,6m,1m,12m
2023-01-06,gamma1,0.00010357506570206348,6m,1m,12m
2023-01-09,gamma1,0.00013131610550527775,6m,1m,12m
2023-01-10,gamma1,9.171179816145174e-05,6m,1m,12m
2023-01-11,gamma1,0.00010379205115525242,6m,1m,12m
2023-01-12,gamma1,0.00011085579074368147,6m,1m,12m
2023-01-13,gamma1,8.10504709096179e-05,6m,1m,12m
2023-01-17,gamma1,0.00011020300909287863,6m,1m,12m
2023-01-18,gamma1,0.00010252703144169101,6m,1m,12m
2023-01-19,gamma1,0.00012137807813423331,6m,1m,12m
2023-01-20,gamma1,9.481824978242829e-05,6m,1m,12m
2023-01-23,gamma1,0.0001106764605619346,6m,1m,12m
2023-01-24,gamma1,0.00012423304564058703,6m,1m,12m
2023-01-25,gamma1,0.00010020360289497398,6m,1m,12m
2023-01-26,gamma1,0.00012424791877274792,6m,1m,12m
2023-01-27,gamma1,0.00011278946081766808,6m,1m,12m
2023-01-30,gamma1,0.0001339307185293462,6m,1m,12m
2023-01-31,gamma1,0.000115178111985165,6m,1m,12m
2023-02-01,gamma1,0.00016222378207635612,6m,1m,12m
2023-02-02,gamma1,0.0001786909703658291,6m,1m,12m
2023-02-03,gamma1,0.0001728748740313793,6m,1m,12m
2023-02-06,gamma1,0.00011300376058408262,6m,1m,12m
2023-02-07,gamma1,9.858617876277857e-05,6m,1m,12m
2023-02-08,gamma1,0.00012715035776711511,6m,1m,12m
2023-02-09,gamma1,0.00010814575959292051,6m,1m,12m
2023-02-10,gamma1,0.00012011527311867782,6m,1m,12m
2023-02-13,gamma1,0.0001343088173320696,6m,1m,12m
2023-02-14,gamma1,0.00011967761164072365,6m,1m,12m
2023-02-15,gamma1,0.00011243554989154497,6m,1m,12m
2023-02-16,gamma1,9.622943212796991e-05,6m,1m,12m
2023-02-17,gamma1,0.00010173598244151246,6m,1m,12m
2023-02-21,gamma1,0.00010143253051272564,6m,1m,12m
2023-02-22,gamma1,0.00010955624014215981,6m,1m,12m
2023-02-23,gamma1,0.00011538757336966716,6m,1m,12m
2023-02-24,gamma1,9.926571691712898e-05,6m,1m,12m
2023-02-27,gamma1,8.840087009733218e-05,6m,1m,12m
2023-02-28,gamma1,0.00010817006942081589,6m,1m,12m
2023-03-01,gamma1,0.00014938442303066992,6m,1m,12m
2023-03-02,gamma1,0.0001044874541275584,6m,1m,12m
2023-03-03,gamma1,0.00010776066048488808,6m,1m,12m
2023-03-06,gamma1,0.00014327002661844869,6m,1m,12m
2023-03-07,gamma1,0.0001296527947643243,6m,1m,12m
2023-03-08,gamma1,0.00012738262028661075,6m,1m,12m
2023-03-09,gamma1,0.00013096796500177262,6m,1m,12m
2023-03-10,gamma1,0.00012381472606489444,6m,1m,12m
2023-03-13,gamma1,0.0001450885506671558,6m,1m,12m
2023-03-14,gamma1,0.00012986461674959274,6m,1m,12m
2023-03-15,gamma1,0.0001298165327384109,6m,1m,12m
2023-03-16,gamma1,0.00010735282831745991,6m,1m,12m
2023-03-17,gamma1,0.0001115283539251113,6m,1m,12m
2023-03-20,gamma1,0.00010488287437763437,6m,1m,12m
2023-03-21,gamma1,0.0001531628681667034,6m,1m,12m
2023-03-22,gamma1,0.00016198173086236548,6m,1m,12m
2023-03-23,gamma1,0.00011621495188479291,6m,1m,12m
2023-03-24,gamma1,8.202629983808628e-05,6m,1m,12m
2023-03-27,gamma1,8.303643324517668e-05,6m,1m,12m
2023-03-28,gamma1,8.141559549166445e-05,6m,1m,12m
2023-03-29,gamma1,0.00011215831285262372,6m,1m,12m
2023-03-30,gamma1,8.744765900416983e-05,6m,1m,12m
2023-03-31,gamma1,8.035858722960365e-05,6m,1m,12m
2023-04-03,gamma1,8.62718780682612e-05,6m,1m,12m
2023-04-04,gamma1,8.493151148250228e-05,6m,1m,12m
2023-04-05,gamma1,7.238360533560532e-05,6m,1m,12m
2023-04-06,gamma1,7.67238735783e-05,6m,1m,12m
2023-04-10,gamma1,6.099603080859538e-05,6m,1m,12m
2023-04-11,gamma1,5.986916263986973e-05,6m,1m,12m
2023-04-12,gamma1,6.151072342532416e-05,6m,1m,12m
2023-04-13,gamma1,5.147260137595096e-05,6m,1m,12m
2023-04-14,gamma1,5.7688869302220317e-05,6m,1m,12m
2023-04-17,gamma1,3.169774330863555e-05,6m,1m,12m
2023-04-18,gamma1,5.393653167108844e-05,6m,1m,12m
2023-04-19,gamma1,5.8381736472799035e-05,6m,1m,12m
2023-04-20,gamma1,3.663261924280483e-05,6m,1m,12m
2023-04-21,gamma1,3.888709949199836e-05,6m,1m,12m
2023-04-24,gamma1,4.429050110208807e-05,6m,1m,12m
2023-04-25,gamma1,5.917458658545424e-05,6m,1m,12m
2023-04-26,gamma1,5.774981882019205e-05,6m,1m,12m
2023-04-27,gamma1,6.517571406845298e-05,6m,1m,12m
2023-04-28,gamma1,5.933911547396269e-05,6m,1m,12m
2023-05-01,gamma1,0.00013881588933000052,6m,1m,12m
2023-05-02,gamma1,0.00011423063705695246,6m,1m,12m
2023-05-03,gamma1,-5.3368750030057214e-06,6m,1m,12m
2023-05-04,gamma1,-7.8636547642263e-06,6m,1m,12m
2023-05-05,gamma1,-9.42024277787057e-06,6m,1m,12m
2023-05-08,gamma1,1.1943403665026205e-05,6m,1m,12m
2023-05-09,gamma1,1.0125438602234764e-05,6m,1m,12m
2023-05-10,gamma1,1.5230406898986091e-05,6m,1m,12m
2023-05-11,gamma1,1.3100042953355128e-05,6m,1m,12m
2023-05-12,gamma1,5.274154060430128e-06,6m,1m,12m
2023-05-15,gamma1,8.83079785702084e-06,6m,1m,12m
2023-05-16,gamma1,2.5332095501079457e-05,6m,1m,12m
2023-05-17,gamma1,6.318282276487372e-05,6m,1m,12m
2023-05-18,gamma1,5.13273427392545e-05,6m,1m,12m
2023-05-19,gamma1,5.9759399279104e-05,6m,1m,12m
2023-05-22,gamma1,3.896536649335257e-05,6m,1m,12m
2023-05-23,gamma1,4.771596985251999e-05,6m,1m,12m
2023-05-24,gamma1,5.8305039378964165e-05,6m,1m,12m
2023-05-25,gamma1,4.6222632595362567e-05,6m,1m,12m
2023-05-26,gamma1,1.1608925435424886e-05,6m,1m,12m
2023-05-30,gamma1,2.9894314691493742e-05,6m,1m,12m
2023-05-31,gamma1,4.4206076065706e-05,6m,1m,12m
2023-06-01,gamma1,1.3458278636531246e-05,6m,1m,12m
2023-06-02,gamma1,8.772935755896189e-05,6m,1m,12m
2023-06-05,gamma1,8.839428611517572e-05,6m,1m,12m
2023-06-06,gamma1,8.779896067420048e-05,6m,1m,12m
2023-06-07,gamma1,7.865312479496723e-05,6m,1m,12m
2023-06-08,gamma1,4.576711116104331e-05,6m,1m,12m
2023-06-09,gamma1,4.154081049814105e-05,6m,1m,12m
2023-06-12,gamma1,2.6100028475999503e-05,6m,1m,12m
2023-06-13,gamma1,2.1663563962583013e-05,6m,1m,12m
2023-06-14,gamma1,4.523632817393605e-05,6m,1m,12m
2023-06-15,gamma1,5.1213880649253925e-05,6m,1m,12m
2023-06-16,gamma1,5.469506537958985e-05,6m,1m,12m
2023-06-20,gamma1,6.690950948061332e-05,6m,1m,12m
2023-06-21,gamma1,9.282072596760569e-05,6m,1m,12m
2023-06-22,gamma1,7.683146617347211e-05,6m,1m,12m
2023-06-23,gamma1,5.299677945461547e-05,6m,1m,12m
2023-06-26,gamma1,4.5223257296074946e-05,6m,1m,12m
2023-06-27,gamma1,6.663118573433155e-05,6m,1m,12m
2023-06-28,gamma1,6.516371436834051e-05,6m,1m,12m
2023-06-29,gamma1,6.608479617161258e-05,6m,1m,12m
2023-06-30,gamma1,6.323735745325624e-05,6m,1m,12m
2023-07-03,gamma1,7.748654212484286e-05,6m,1m,12m
2023-07-05,gamma1,7.962361861448e-05,6m,1m,12m
2023-07-06,gamma1,7.569723519010436e-05,6m,1m,12m
2023-07-07,gamma1,6.706493988830654e-05,6m,1m,12m
2023-07-10,gamma1,6.361543754112606e-05,6m,1m,12m
2023-07-11,gamma1,6.381363974469233e-05,6m,1m,12m
2023-07-12,gamma1,6.370785660389808e-05,6m,1m,12m
2023-07-13,gamma1,8.521967028555922e-05,6m,1m,12m
2023-07-14,gamma1,7.430663511841019e-05,6m,1m,12m
2023-07-17,gamma1,9.92291306291067e-05,6m,1m,12m
2023-07-18,gamma1,6.283421534721042e-05,6m,1m,12m
2023-07-19,gamma1,7.621618914008839e-05,6m,1m,12m
2023-07-20,gamma1,5.9421034339848625e-05,6m,1m,12m
2023-07-21,gamma1,5.209709970707522e-05,6m,1m,12m
2023-07-24,gamma1,5.3712761619582183e-05,6m,1m,12m
2023-07-25,gamma1,4.9501829556037686e-05,6m,1m,12m
2023-07-26,gamma1,8.323229048678741e-05,6m,1m,12m
2023-07-27,gamma1,6.70294804876359e-05,6m,1m,12m
2023-07-28,gamma1,7.66169717356021e-05,6m,1m,12m
2023-07-31,gamma1,8.857621629868541e-05,6m,1m,12m
2023-08-01,gamma1,-3.343169345940323e-05,6m,1m,12m
2023-08-02,gamma1,3.1541037664701695e-05,6m,1m,12m
2023-08-03,gamma1,1.9727756616620362e-05,6m,1m,12m
2023-08-04,gamma1,3.698447744688519e-05,6m,1m,12m
2023-08-07,gamma1,2.2662517213822654e-05,6m,1m,12m
2023-08-08,gamma1,1.5144170427481848e-05,6m,1m,12m
2023-08-09,gamma1,9.558645958967841e-05,6m,1m,12m
2023-08-10,gamma1,8.347036076284568e-05,6m,1m,12m
2023-08-11,gamma1,7.839771885372439e-05,6m,1m,12m
2023-08-14,gamma1,8.427160838322652e-05,6m,1m,12m
2023-08-15,gamma1,7.474584583610561e-05,6m,1m,12m
2023-08-16,gamma1,0.00011550231441936569,6m,1m,12m
2023-08-17,gamma1,0.00010373737022877151,6m,1m,12m
2023-08-18,gamma1,7.67377794752847e-05,6m,1m,12m
2023-08-21,gamma1,6.182056735570322e-05,6m,1m,12m
2023-08-22,gamma1,6.903810924532539e-05,6m,1m,12m
2023-08-23,gamma1,7.972606701724896e-05,6m,1m,12m
2023-08-24,gamma1,0.0001110738880472845,6m,1m,12m
2023-08-25,gamma1,8.018293972986964e-05,6m,1m,12m
2023-08-28,gamma1,0.0001106562370931813,6m,1m,12m
2023-08-29,gamma1,5.8189057636137895e-05,6m,1m,12m
2023-08-30,gamma1,9.600584217223027e-05,6m,1m,12m
2023-08-31,gamma1,7.893842073266909e-05,6m,1m,12m
2023-09-01,gamma1,0.00013678311068416154,6m,1m,12m
2023-09-05,gamma1,0.00012458529699190085,6m,1m,12m
2023-09-06,gamma1,4.698536344546539e-05,6m,1m,12m
2023-09-07,gamma1,4.903778389383698e-05,6m,1m,12m
2023-09-08,gamma1,3.721431010732132e-05,6m,1m,12m
2023-09-11,gamma1,5.575274033819921e-05,6m,1m,12m
2023-09-12,gamma1,5.459847276078709e-05,6m,1m,12m
2023-09-13,gamma1,6.220226154731938e-05,6m,1m,12m
2023-09-14,gamma1,3.986592653253888e-05,6m,1m,12m
2023-09-15,gamma1,2.4129543255749924e-05,6m,1m,12m
2023-09-18,gamma1,2.6611028215117176e-05,6m,1m,12m
2023-09-19,gamma1,4.304169709661122e-05,6m,1m,12m
2023-09-20,gamma1,8.76143565532909e-05,6m,1m,12m
2023-09-21,gamma1,6.009460839938732e-05,6m,1m,12m
2023-09-22,gamma1,5.063172147161202e-05,6m,1m,12m
2023-09-25,gamma1,3.855128348564622e-05,6m,1m,12m
2023-09-26,gamma1,7.687488640549265e-05,6m,1m,12m
2023-09-27,gamma1,9.355731764740764e-05,6m,1m,12m
2023-09-28,gamma1,6.724225594363813e-05,6m,1m,12m
2023-09-29,gamma1,6.517854019207838e-05,6m,1m,12m
2023-10-02,gamma1,6.3019180406665e-05,6m,1m,12m
2023-10-03,gamma1,6.112498257372768e-05,6m,1m,12m
2023-10-04,gamma1,0.00010586448718986136,6m,1m,12m
2023-10-05,gamma1,0.00010016543234061188,6m,1m,12m
2023-10-06,gamma1,9.064985343848582e-05,6m,1m,12m
2023-10-09,gamma1,7.263753919709877e-05,6m,1m,12m
2023-10-10,gamma1,4.144394045258134e-05,6m,1m,12m
2023-10-11,gamma1,6.399188364425804e-05,6m,1m,12m
2023-10-12,gamma1,4.735527234383241e-05,6m,1m,12m
2023-10-13,gamma1,4.411612890813556e-05,6m,1m,12m
2023-10-16,gamma1,3.157982870720773e-05,6m,1m,12m
2023-10-17,gamma1,3.0446684960345787e-05,6m,1m,12m
2023-10-18,gamma1,7.76659546539987e-05,6m,1m,12m
2023-10-19,gamma1,6.599302199588068e-05,6m,1m,12m
2023-10-20,gamma1,6.14178905145153e-05,6m,1m,12m
2023-10-23,gamma1,6.459962695578667e-05,6m,1m,12m
2023-10-24,gamma1,0.00010190733304206676,6m,1m,12m
2023-10-25,gamma1,9.475633785653048e-05,6m,1m,12m
2023-10-26,gamma1,0.00011423879462986436,6m,1m,12m
2023-10-27,gamma1,7.162803628313412e-05,6m,1m,12m
2023-10-30,gamma1,9.892292706894303e-05,6m,1m,12m
2023-10-31,gamma1,0.00010681005590847909,6m,1m,12m
2023-11-01,gamma1,9.924034448255501e-05,6m,1m,12m
2023-11-02,gamma1,3.5307329871738275e-05,6m,1m,12m
2023-11-03,gamma1,5.057221588110084e-05,6m,1m,12m
2023-11-06,gamma1,6.114532384628891e-05,6m,1m,12m
2023-11-07,gamma1,5.6290975838495294e-05,6m,1m,12m
2023-11-08,gamma1,6.247364623904079e-05,6m,1m,12m
2023-11-09,gamma1,3.848169818876566e-05,6m,1m,12m
2023-11-10,gamma1,5.081990005846303e-05,6m,1m,12m
2023-11-13,gamma1,5.3878846180653583e-05,6m,1m,12m
2023-11-14,gamma1,9.064896129286484e-05,6m,1m,12m
2023-11-15,gamma1,0.00010276352409081708,6m,1m,12m
2023-11-16,gamma1,6.532624123850956e-05,6m,1m,12m
2023-11-17,gamma1,7.452090352309969e-05,6m,1m,12m
2023-11-20,gamma1,7.025151013497204e-05,6m,1m,12m
2023-11-21,gamma1,6.751635420024477e-05,6m,1m,12m
2023-11-22,gamma1,7.665993139376734e-05,6m,1m,12m
2023-11-24,gamma1,7.63045836133371e-05,6m,1m,12m
2023-11-27,gamma1,7.082954119810927e-05,6m,1m,12m
2023-11-28,gamma1,4.427070782189439e-05,6m,1m,12m
2023-11-29,gamma1,8.742502325411358e-05,6m,1m,12m
2023-11-30,gamma1,7.229280048396573e-05,6m,1m,12m
2023-12-01,gamma1,7.171557491816445e-05,6m,1m,12m
2023-12-04,gamma1,6.587006051519301e-05,6m,1m,12m
2023-12-05,gamma1,8.479239893728412e-05,6m,1m,12m
2023-12-06,gamma1,9.07154619797141e-05,6m,1m,12m
2023-12-07,gamma1,9.007051404815746e-05,6m,1m,12m
2023-12-08,gamma1,8.901650245288937e-05,6m,1m,12m
2023-12-11,gamma1,7.575826629313415e-05,6m,1m,12m
2023-12-12,gamma1,5.1255731284176914e-05,6m,1m,12m
2023-12-13,gamma1,5.680056618966343e-05,6m,1m,12m
2023-12-14,gamma1,4.613821858168984e-05,6m,1m,12m
2023-12-15,gamma1,7.347641872777007e-05,6m,1m,12m
2023-12-18,gamma1,3.7784944037083616e-05,6m,1m,12m
2023-12-19,gamma1,0.00012948266131115822,6m,1m,12m
2023-12-20,gamma1,0.0001164371607498975,6m,1m,12m
2023-12-21,gamma1,0.00011923184674933392,6m,1m,12m
2023-12-22,gamma1,9.632694740142768e-05,6m,1m,12m
2023-12-26,gamma1,9.018713043295065e-05,6m,1m,12m
2023-12-27,gamma1,6.431939753040583e-05,6m,1m,12m
2023-12-28,gamma1,7.352156267649531e-05,6m,1m,12m
2023-12-29,gamma1,6.726797063002302e-05,6m,1m,12m
2024-01-02,gamma1,6.798292540270221e-05,6m,1m,12m
2024-01-03,gamma1,6.892136694261986e-05,6m,1m,12m
2024-01-04,gamma1,6.781195920526606e-05,6m,1m,12m
2024-01-05,gamma1,6.103879438447435e-05,6m,1m,12m
2024-01-08,gamma1,4.005068574069694e-05,6m,1m,12m
2024-01-09,gamma1,2.1257054151222348e-05,6m,1m,12m
2024-01-10,gamma1,6.195751114076255e-05,6m,1m,12m
2024-01-11,gamma1,4.8716109001118474e-05,6m,1m,12m
2024-01-12,gamma1,3.1721095496351824e-05,6m,1m,12m
2024-01-16,gamma1,2.51894364158011e-05,6m,1m,12m
2024-01-17,gamma1,6.41641403347848e-05,6m,1m,12m
2024-01-18,gamma1,4.2301435593980116e-05,6m,1m,12m
2024-01-19,gamma1,4.498066617282229e-05,6m,1m,12m
2024-01-22,gamma1,7.047701126861652e-05,6m,1m,12m
2024-01-23,gamma1,6.497939747625776e-05,6m,1m,12m
2024-01-24,gamma1,6.192653148983531e-05,6m,1m,12m
2024-01-25,gamma1,4.5097604461458025e-05,6m,1m,12m
2024-01-26,gamma1,5.468448628475772e-05,6m,1m,12m
2024-01-29,gamma1,4.715121208141857e-05,6m,1m,12m
2024-01-30,gamma1,5.096754308773191e-05,6m,1m,12m
2024-01-31,gamma1,3.648590506465743e-05,6m,1m,12m
2024-02-01,gamma1,0.00011475636504132965,6m,1m,12m
2024-02-02,gamma1,0.00010379819291353521,6m,1m,12m
2024-02-05,gamma1,2.4936020706952625e-05,6m,1m,12m
2024-02-06,gamma1,3.0449043036063732e-05,6m,1m,12m
2024-02-07,gamma1,4.615519292145875e-05,6m,1m,12m
2024-02-08,gamma1,3.91559454508425e-05,6m,1m,12m
2024-02-09,gamma1,2.1659907435499505e-05,6m,1m,12m
2024-02-12,gamma1,6.234368202111769e-05,6m,1m,12m
2024-02-13,gamma1,9.688408374026982e-06,6m,1m,12m
2024-02-14,gamma1,1.4191807540288892e-05,6m,1m,12m
2024-02-15,gamma1,2.965087308086314e-05,6m,1m,12m
2024-02-16,gamma1,3.592944139184896e-05,6m,1m,12m
2024-02-20,gamma1,6.0609814784446444e-05,6m,1m,12m
2024-02-21,gamma1,7.743247352774768e-05,6m,1m,12m
2024-02-22,gamma1,4.878095258637606e-05,6m,1m,12m
2024-02-23,gamma1,4.750442829046773e-05,6m,1m,12m
2024-02-26,gamma1,5.073230852671035e-05,6m,1m,12m
2024-02-27,gamma1,4.154503255112705e-05,6m,1m,12m
2024-02-28,gamma1,3.692745310985087e-05,6m,1m,12m
2024-02-29,gamma1,4.006738432627684e-05,6m,1m,12m
2024-03-01,gamma1,2.378535419750227e-05,6m,1m,12m
2024-03-04,gamma1,-4.643457170348673e-05,6m,1m,12m
2024-03-05,gamma1,2.528431641166849e-05,6m,1m,12m
2024-03-06,gamma1,4.348506145894087e-05,6m,1m,12m
2024-03-07,gamma1,4.8735658732300126e-05,6m,1m,12m
2024-03-08,gamma1,3.7988550831922165e-05,6m,1m,12m
2024-03-11,gamma1,2.1691072636830032e-05,6m,1m,12m
2024-03-12,gamma1,4.392604603098726e-05,6m,1m,12m
2024-03-13,gamma1,3.6122778107401324e-05,6m,1m,12m
2024-03-14,gamma1,2.7943220027482894e-05,6m,1m,12m
2024-03-15,gamma1,4.4757055770005915e-05,6m,1m,12m
2024-03-18,gamma1,3.606210338211424e-05,6m,1m,12m
2024-03-19,gamma1,3.423435890089489e-05,6m,1m,12m
2024-03-20,gamma1,2.872470566140496e-06,6m,1m,12m
2024-03-21,gamma1,6.942554224303887e-06,6m,1m,12m
2024-03-22,gamma1,5.779216552108367e-06,6m,1m,12m
2024-03-25,gamma1,5.334970459238913e-06,6m,1m,12m
2024-03-26,gamma1,4.353699862805121e-05,6m,1m,12m
2024-03-27,gamma1,2.8511410895529077e-05,6m,1m,12m
2024-03-28,gamma1,2.822261921364468e-05,6m,1m,12m
2024-04-01,gamma1,4.542200476871732e-05,6m,1m,12m
2024-04-02,gamma1,5.541746109674306e-05,6m,1m,12m
2024-04-03,gamma1,9.24957034939839e-05,6m,1m,12m
2024-04-04,gamma1,6.371064284588794e-05,6m,1m,12m
2024-04-05,gamma1,4.5100129605581155e-05,6m,1m,12m
2024-04-08,gamma1,2.385338705258549e-05,6m,1m,12m
2024-04-09,gamma1,3.607124192349335e-05,6m,1m,12m
2024-04-10,gamma1,8.674787433718196e-05,6m,1m,12m
2024-04-11,gamma1,5.989661741199742e-05,6m,1m,12m
2024-04-12,gamma1,5.547889414925082e-05,6m,1m,12m
2024-04-15,gamma1,5.9899928835891634e-05,6m,1m,12m
2024-04-16,gamma1,9.589269617422735e-05,6m,1m,12m
2024-04-17,gamma1,8.771575939342936e-05,6m,1m,12m
2024-04-18,gamma1,9.542732343778879e-05,6m,1m,12m
2024-04-19,gamma1,8.420015073356544e-05,6m,1m,12m
2024-04-22,gamma1,7.671428113404727e-05,6m,1m,12m
2024-04-23,gamma1,3.734667305931249e-05,6m,1m,12m
2024-04-24,gamma1,7.482642098301476e-05,6m,1m,12m
2024-04-25,gamma1,7.676596078953562e-05,6m,1m,12m
2024-04-26,gamma1,7.5081655309029e-05,6m,1m,12m
2024-04-29,gamma1,4.293247860401128e-05,6m,1m,12m
2024-04-30,gamma1,5.638501659766685e-05,6m,1m,12m
2024-05-01,gamma1,8.84133470584923e-05,6m,1m,12m
2024-05-02,gamma1,6.833746455783593e-05,6m,1m,12m
2024-05-03,gamma1,-1.105515794395856e-06,6m,1m,12m
2024-05-06,gamma1,1.4731479033643485e-05,6m,1m,12m
2024-05-07,gamma1,9.718805759255709e-06,6m,1m,12m
2024-05-08,gamma1,3.749054572943438e-05,6m,1m,12m
2024-05-09,gamma1,3.3731713316377285e-05,6m,1m,12m
2024-05-10,gamma1,3.008303074825743e-05,6m,1m,12m
2024-05-13,gamma1,5.940077007592912e-05,6m,1m,12m
2024-05-14,gamma1,7.461623352357761e-05,6m,1m,12m
2024-05-15,gamma1,5.8380818939188266e-05,6m,1m,12m
2024-05-16,gamma1,2.693306599007144e-05,6m,1m,12m
2024-05-17,gamma1,3.3434213116606873e-05,6m,1m,12m
2024-05-20,gamma1,4.354482599215588e-05,6m,1m,12m
2024-05-21,gamma1,3.252990687848936e-05,6m,1m,12m
2024-05-22,gamma1,-9.02190144067678e-06,6m,1m,12m
2024-05-23,gamma1,-1.2744819530943235e-05,6m,1m,12m
2024-05-24,gamma1,-3.4494981244146118e-06,6m,1m,12m
2024-05-28,gamma1,1.3192318289268263e-05,6m,1m,12m
2024-05-29,gamma1,1.9760113482033016e-05,6m,1m,12m
2024-05-30,gamma1,2.18965550651371e-05,6m,1m,12m
2024-05-31,gamma1,1.5897470595255e-05,6m,1m,12m
2024-06-03,gamma1,2.230454538015729e-05,6m,1m,12m
2024-06-04,gamma1,1.6160352190838763e-05,6m,1m,12m
2024-06-05,gamma1,5.885713394336578e-05,6m,1m,12m
2024-06-06,gamma1,7.514746071045333e-05,6m,1m,12m
2024-06-07,gamma1,3.610726993392737e-05,6m,1m,12m
2024-06-10,gamma1,4.560613706271578e-05,6m,1m,12m
2024-06-11,gamma1,-1.5874170799281296e-06,6m,1m,12m
2024-06-12,gamma1,3.3965600097293896e-05,6m,1m,12m
2024-06-13,gamma1,2.390413736436802e-05,6m,1m,12m
2024-06-14,gamma1,2.2710403291483987e-05,6m,1m,12m
2024-06-17,gamma1,3.0422758969027628e-05,6m,1m,12m
2024-06-18,gamma1,1.3455418617811489e-05,6m,1m,12m
2024-06-20,gamma1,-4.0864413396682595e-05,6m,1m,12m
2024-06-21,gamma1,-3.766306011000223e-05,6m,1m,12m
2024-06-24,gamma1,-1.351605360525346e-05,6m,1m,12m
2024-06-25,gamma1,-4.42787080412266e-05,6m,1m,12m
2024-06-26,gamma1,-1.2653883655279241e-06,6m,1m,12m
2024-06-27,gamma1,3.848592258552169e-06,6m,1m,12m
2024-06-28,gamma1,2.6788784898293446e-05,6m,1m,12m
2024-07-01,gamma1,2.1111691030314423e-05,6m,1m,12m
2024-07-02,gamma1,4.293366298628632e-05,6m,1m,12m
2024-07-03,gamma1,3.093843138585529e-05,6m,1m,12m
2024-07-05,gamma1,6.360159543227134e-05,6m,1m,12m
2024-07-08,gamma1,1.1984336740698035e-05,6m,1m,12m
2024-07-09,gamma1,2.112282130541515e-05,6m,1m,12m
2024-07-10,gamma1,4.559434100061027e-06,6m,1m,12m
2024-07-11,gamma1,-3.0595268858602815e-06,6m,1m,12m
2024-07-12,gamma1,-2.8205716977085316e-05,6m,1m,12m
2024-07-15,gamma1,-5.7259351929182656e-05,6m,1m,12m
2024-07-16,gamma1,-6.301166927947982e-06,6m,1m,12m
2024-07-17,gamma1,-5.406255381087331e-05,6m,1m,12m
2024-07-18,gamma1,-5.929787031495804e-05,6m,1m,12m
2024-07-19,gamma1,-4.07065445508164e-05,6m,1m,12m
2024-07-22,gamma1,-1.4804524368417163e-05,6m,1m,12m
2024-07-23,gamma1,-1.4387080264329562e-06,6m,1m,12m
2024-07-24,gamma1,-8.080688149878109e-06,6m,1m,12m
2024-07-25,gamma1,2.5452471112835334e-06,6m,1m,12m
2024-07-26,gamma1,-2.7894716704368035e-05,6m,1m,12m
2024-07-29,gamma1,-4.4094276624973065e-05,6m,1m,12m
2024-07-30,gamma1,-2.988763289199768e-05,6m,1m,12m
2024-07-31,gamma1,-3.473897903954875e-05,6m,1m,12m
2024-08-01,gamma1,-1.6256162805927947e-05,6m,1m,12m
2024-08-02,gamma1,0.00013312790685494918,6m,1m,12m
2024-08-05,gamma1,0.00018314495501047786,6m,1m,12m
2024-08-06,gamma1,0.0001351494748451748,6m,1m,12m
2024-08-07,gamma1,0.00020343627421484566,6m,1m,12m
2024-08-08,gamma1,0.00011795351609239694,6m,1m,12m
2024-08-09,gamma1,6.852282365017281e-05,6m,1m,12m
2024-08-12,gamma1,4.4704859911592234e-05,6m,1m,12m
2024-08-13,gamma1,3.7525331455043185e-05,6m,1m,12m
2024-08-14,gamma1,4.8868767433231405e-05,6m,1m,12m
2024-08-15,gamma1,4.089822520783435e-05,6m,1m,12m
2024-08-16,gamma1,6.171474233421363e-05,6m,1m,12m
2024-08-19,gamma1,9.515304630796934e-05,6m,1m,12m
2024-08-20,gamma1,0.00012914288274601152,6m,1m,12m
2024-08-21,gamma1,3.0278872677539224e-05,6m,1m,12m
2024-08-22,gamma1,2.72180056023401e-05,6m,1m,12m
2024-08-23,gamma1,-1.2899896329031464e-06,6m,1m,12m
2024-08-26,gamma1,7.777856785852396e-06,6m,1m,12m
2024-08-27,gamma1,-4.975241542986445e-05,6m,1m,12m
2024-08-28,gamma1,-3.6225850389961294e-06,6m,1m,12m
2024-08-29,gamma1,8.120102113267735e-06,6m,1m,12m
2024-08-30,gamma1,3.726896427847e-05,6m,1m,12m
2024-09-03,gamma1,-1.1094415525902456e-05,6m,1m,12m
2024-09-04,gamma1,2.5692981249591655e-05,6m,1m,12m
2024-09-05,gamma1,0.00012583772996327083,6m,1m,12m
2024-09-06,gamma1,0.00011433898755053615,6m,1m,12m
2024-09-09,gamma1,0.00011078470291191928,6m,1m,12m
2024-09-10,gamma1,0.00010183614574559111,6m,1m,12m
2024-09-11,gamma1,0.0001037545683585059,6m,1m,12m
2024-09-12,gamma1,5.922909625985543e-05,6m,1m,12m
2024-09-13,gamma1,9.830260064152042e-05,6m,1m,12m
2024-09-16,gamma1,1.5345644148318808e-06,6m,1m,12m
2024-09-17,gamma1,7.67759761152436e-05,6m,1m,12m
2024-09-18,gamma1,1.0223902690077193e-05,6m,1m,12m
2024-09-19,gamma1,3.7497907970027703e-06,6m,1m,12m
2024-09-20,gamma1,5.0956646220062594e-05,6m,1m,12m
2024-09-23,gamma1,5.070294076926817e-05,6m,1m,12m
2024-09-24,gamma1,6.89857278040127e-05,6m,1m,12m
2024-09-25,gamma1,5.753200233880461e-05,6m,1m,12m
2024-09-26,gamma1,4.480291967388538e-05,6m,1m,12m
2024-09-27,gamma1,2.2959995521690902e-05,6m,1m,12m
2024-09-30,gamma1,3.0451354360139468e-05,6m,1m,12m
2024-10-01,gamma1,4.443039195750959e-05,6m,1m,12m
2024-10-02,gamma1,2.467907803250291e-05,6m,1m,12m
2024-10-03,gamma1,1.6896326322033433e-05,6m,1m,12m
2024-10-04,gamma1,1.0795297736080938e-05,6m,1m,12m
2024-10-07,gamma1,4.092754027545763e-05,6m,1m,12m
2024-10-08,gamma1,-1.5030139752678397e-06,6m,1m,12m
2024-10-09,gamma1,7.357565935320188e-05,6m,1m,12m
2024-10-10,gamma1,5.9701671189504207e-05,6m,1m,12m
2024-10-11,gamma1,3.80932328461115e-05,6m,1m,12m
2024-10-14,gamma1,-4.735041722403172e-05,6m,1m,12m
2024-10-15,gamma1,-5.437882183872918e-05,6m,1m,12m
2024-10-16,gamma1,-1.0671407678558372e-05,6m,1m,12m
2024-10-17,gamma1,-1.3964640755866403e-05,6m,1m,12m
2024-10-18,gamma1,-4.609702741241273e-06,6m,1m,12m
2024-10-21,gamma1,2.575121196772295e-05,6m,1m,12m
2024-10-22,gamma1,3.021600396701441e-05,6m,1m,12m
2024-10-23,gamma1,0.00010032235095526032,6m,1m,12m
2024-10-24,gamma1,6.54277284594007e-05,6m,1m,12m
2024-10-25,gamma1,5.173933141649226e-05,6m,1m,12m
2024-10-28,gamma1,5.578607654864147e-05,6m,1m,12m
2024-10-29,gamma1,7.078894640052917e-05,6m,1m,12m
2024-10-30,gamma1,4.8139894183590264e-05,6m,1m,12m
2024-10-31,gamma1,4.231353937848371e-05,6m,1m,12m
2024-11-01,gamma1,2.3226398118078188e-05,6m,1m,12m
2024-11-04,gamma1,-3.7551772559735355e-05,6m,1m,12m
2024-11-05,gamma1,5.5190442063909585e-05,6m,1m,12m
2024-11-06,gamma1,8.40928167811262e-05,6m,1m,12m
2024-11-07,gamma1,6.0670810884535517e-05,6m,1m,12m
2024-11-08,gamma1,5.802571869746451e-05,6m,1m,12m
2024-11-11,gamma1,3.5488772807506814e-05,6m,1m,12m
2024-11-12,gamma1,-1.7202561617370992e-05,6m,1m,12m
2024-11-13,gamma1,2.052355812472855e-05,6m,1m,12m
2024-11-14,gamma1,2.076192897609644e-06,6m,1m,12m
2024-11-15,gamma1,-5.157147898212674e-05,6m,1m,12m
2024-11-18,gamma1,-6.762406583393687e-05,6m,1m,12m
2024-11-19,gamma1,-7.402950104625266e-05,6m,1m,12m
2024-11-20,gamma1,-6.907827321445283e-05,6m,1m,12m
2024-11-21,gamma1,-9.676166571827589e-05,6m,1m,12m
2024-11-22,gamma1,-0.00010772293943814443,6m,1m,12m
2024-11-25,gamma1,-8.598398986568311e-05,6m,1m,12m
2024-11-26,gamma1,-6.993892753939172e-05,6m,1m,12m
2024-11-27,gamma1,-6.703295522875188e-05,6m,1m,12m
2024-11-29,gamma1,-5.055174197098433e-05,6m,1m,12m
2024-12-02,gamma1,5.7014974118244096e-05,6m,1m,12m
2024-12-03,gamma1,2.4845194043531856e-05,6m,1m,12m
2024-12-04,gamma1,6.293727959319843e-05,6m,1m,12m
2024-12-05,gamma1,5.600640120410709e-05,6m,1m,12m
2024-12-06,gamma1,6.028388657158518e-05,6m,1m,12m
2024-12-09,gamma1,4.064319630240927e-05,6m,1m,12m
2024-12-10,gamma1,1.857577906891635e-05,6m,1m,12m
2024-12-11,gamma1,2.374362183093931e-05,6m,1m,12m
2024-12-12,gamma1,8.50597456105385e-06,6m,1m,12m
2024-12-13,gamma1,6.993071441412863e-07,6m,1m,12m
2024-12-16,gamma1,-2.265229900924749e-05,6m,1m,12m
2024-12-17,gamma1,-3.0144889215792648e-05,6m,1m,12m
2024-12-18,gamma1,-0.000150940341681738,6m,1m,12m
2024-12-19,gamma1,-9.614333748129269e-05,6m,1m,12m
2024-12-20,gamma1,-7.937005976356059e-05,6m,1m,12m
2024-12-23,gamma1,-7.333784275818871e-05,6m,1m,12m
2024-12-24,gamma1,-2.330023621019053e-05,6m,1m,12m
2024-12-26,gamma1,2.077555976693003e-05,6m,1m,12m
2024-12-27,gamma1,-2.373371430205818e-06,6m,1m,12m
2024-12-30,gamma1,2.0484929168392146e-05,6m,1m,12m
2024-12-31,gamma1,2.8337471900213072e-05,6m,1m,12m
2025-01-02,gamma1,7.334776722793751e-05,6m,1m,12m
2025-01-03,gamma1,3.7144911038609247e-05,6m,1m,12m
2025-01-06,gamma1,3.226163759033355e-05,6m,1m,12m
2025-01-07,gamma1,2.0149004071790376e-05,6m,1m,12m
2025-01-08,gamma1,4.7693793989713474e-05,6m,1m,12m
2025-01-10,gamma1,3.1260484195665125e-05,6m,1m,12m
2025-01-13,gamma1,1.4080391521160267e-05,6m,1m,12m
2025-01-14,gamma1,-3.391644531961029e-05,6m,1m,12m
2025-01-15,gamma1,-1.2057038926311581e-05,6m,1m,12m
2025-01-16,gamma1,-1.2363053707491728e-06,6m,1m,12m
2025-01-17,gamma1,1.1820936621614213e-05,6m,1m,12m
2025-01-21,gamma1,2.9347059192330862e-05,6m,1m,12m
2025-01-22,gamma1,4.0533880415921306e-05,6m,1m,12m
2025-01-23,gamma1,1.0901114575452178e-05,6m,1m,12m
2025-01-24,gamma1,8.580984295095582e-06,6m,1m,12m
2025-01-27,gamma1,5.0033519107537046e-05,6m,1m,12m
2025-01-28,gamma1,1.4663891363656988e-05,6m,1m,12m
2025-01-29,gamma1,6.662488398988745e-05,6m,1m,12m
2025-01-30,gamma1,5.0412532412050595e-05,6m,1m,12m
2025-01-31,gamma1,1.8206443340622594e-05,6m,1m,12m
2025-02-03,gamma1,0.00017302310782318987,6m,1m,12m
2025-02-04,gamma1,7.280472453264089e-05,6m,1m,12m
2025-02-05,gamma1,8.977802371044994e-05,6m,1m,12m
2025-02-06,gamma1,5.948240660576533e-05,6m,1m,12m
2025-02-07,gamma1,2.265722459683839e-05,6m,1m,12m
2025-02-10,gamma1,2.8785760965693564e-06,6m,1m,12m
2025-02-11,gamma1,7.804694063070782e-06,6m,1m,12m
2025-02-12,gamma1,3.074297551554417e-05,6m,1m,12m
2025-02-13,gamma1,3.0684086130280025e-05,6m,1m,12m
2025-02-14,gamma1,3.110884132888811e-07,6m,1m,12m
2025-02-18,gamma1,-2.8148305597951552e-05,6m,1m,12m
2025-02-19,gamma1,7.476409174442749e-06,6m,1m,12m
2025-02-20,gamma1,1.2624589525239975e-05,6m,1m,12m
2025-02-21,gamma1,2.4980166582455537e-05,6m,1m,12m
2025-02-24,gamma1,5.3952469604598854e-05,6m,1m,12m
2025-02-25,gamma1,4.79287417122797e-05,6m,1m,12m
2025-02-26,gamma1,7.620949349192205e-05,6m,1m,12m
2025-02-27,gamma1,0.00010500443760959514,6m,1m,12m
2025-02-28,gamma1,9.127584795339849e-05,6m,1m,12m
2025-03-03,gamma1,0.00014829999675935248,6m,1m,12m
2025-03-04,gamma1,0.00011548637265301536,6m,1m,12m
2025-03-05,gamma1,6.82705780837016e-05,6m,1m,12m
2025-03-06,gamma1,5.347225977200981e-05,6m,1m,12m
2025-03-07,gamma1,6.26746236085282e-05,6m,1m,12m
2025-03-10,gamma1,4.26130094811632e-05,6m,1m,12m
2025-03-11,gamma1,8.175521784899745e-05,6m,1m,12m
2025-03-12,gamma1,0.0001375186646259698,6m,1m,12m
2025-03-13,gamma1,0.00016008270423718889,6m,1m,12m
2025-03-14,gamma1,9.878060020732866e-05,6m,1m,12m
2025-03-17,gamma1,5.2454386383685216e-05,6m,1m,12m
2025-03-18,gamma1,0.00010366718933081755,6m,1m,12m
2025-03-19,gamma1,0.00011071009464297738,6m,1m,12m
2025-03-20,gamma1,6.400186279323242e-05,6m,1m,12m
2025-03-21,gamma1,9.580310503857668e-05,6m,1m,12m
2025-03-24,gamma1,7.692340906127537e-05,6m,1m,12m
2025-03-25,gamma1,7.886381457729505e-05,6m,1m,12m
2025-03-26,gamma1,9.968191795255461e-05,6m,1m,12m
2025-03-27,gamma1,6.982017368440538e-05,6m,1m,12m
2025-03-28,gamma1,4.5518581099784984e-05,6m,1m,12m
2025-03-31,gamma1,4.8331016023103385e-05,6m,1m,12m
2025-04-01,gamma1,-8.794783748036466e-07,6m,1m,12m
2025-04-02,gamma1,8.116198448822508e-06,6m,1m,12m
2025-04-03,gamma1,-3.2835934639373464e-05,6m,1m,12m
2025-04-04,gamma1,5.594263353908052e-05,6m,1m,12m
2025-04-07,gamma1,9.003455339954586e-05,6m,1m,12m
2025-04-08,gamma1,-2.1599351269850875e-06,6m,1m,12m
2025-04-09,gamma1,-1.3986371183724143e-05,6m,1m,12m
2025-04-10,gamma1,3.829445835751069e-06,6m,1m,12m
2025-04-11,gamma1,1.4348879685130897e-05,6m,1m,12m
2025-04-14,gamma1,-2.338508692658348e-05,6m,1m,12m
2025-04-15,gamma1,-4.579589240270531e-05,6m,1m,12m
2025-04-16,gamma1,2.437869607502011e-05,6m,1m,12m
2025-04-17,gamma1,5.230257145185802e-05,6m,1m,12m
2025-04-21,gamma1,-8.874683982712097e-05,6m,1m,12m
2025-04-22,gamma1,3.207346058784333e-05,6m,1m,12m
2025-04-23,gamma1,6.888014028683386e-05,6m,1m,12m
2025-04-24,gamma1,-0.00011445098068133566,6m,1m,12m
2025-04-25,gamma1,-1.8264406156031628e-05,6m,1m,12m
2025-04-28,gamma1,9.122532172343538e-06,6m,1m,12m
2025-04-29,gamma1,-3.8204129153942304e-05,6m,1m,12m
2025-04-30,gamma1,2.7514134305198793e-05,6m,1m,12m
2025-05-01,gamma1,0.0001224183597704288,6m,1m,12m
2025-05-02,gamma1,0.00020536822387118742,6m,1m,12m
2025-05-05,gamma1,0.00016523087639131514,6m,1m,12m
2025-05-06,gamma1,0.0001302120915569482,6m,1m,12m
2025-05-07,gamma1,9.091890077504833e-05,6m,1m,12m
2025-05-08,gamma1,8.518270211466792e-05,6m,1m,12m
2025-05-09,gamma1,8.40384354483446e-05,6m,1m,12m
2025-05-12,gamma1,0.0001360097992723406,6m,1m,12m
2025-05-13,gamma1,0.000132859562454162,6m,1m,12m
2025-05-14,gamma1,5.568657074923346e-05,6m,1m,12m
2025-05-15,gamma1,4.868814549389084e-05,6m,1m,12m
2025-05-16,gamma1,4.930313601469481e-05,6m,1m,12m
2025-05-19,gamma1,7.25266758618062e-05,6m,1m,12m
2025-05-20,gamma1,4.938184304632738e-05,6m,1m,12m
2025-05-21,gamma1,5.3725951464764084e-05,6m,1m,12m
2025-05-22,gamma1,4.767103257359959e-05,6m,1m,12m
2025-05-23,gamma1,1.6967664392281126e-05,6m,1m,12m
2025-05-27,gamma1,2.952332004146845e-05,6m,1m,12m
2025-05-28,gamma1,4.20045302727243e-05,6m,1m,12m
2025-05-29,gamma1,3.068799270758232e-05,6m,1m,12m
2025-05-30,gamma1,4.2750903715481316e-05,6m,1m,12m
2025-06-02,gamma1,2.604482824628572e-05,6m,1m,12m
2025-06-03,gamma1,4.243753592412214e-05,6m,1m,12m
2025-06-04,gamma1,7.125307614301698e-05,6m,1m,12m
2025-06-05,gamma1,6.944043070816637e-05,6m,1m,12m
2025-06-06,gamma1,6.0993144789948264e-05,6m,1m,12m
2025-06-09,gamma1,6.404257138826088e-05,6m,1m,12m
2025-06-10,gamma1,4.875458813227953e-05,6m,1m,12m
2025-06-11,gamma1,5.105276503249399e-05,6m,1m,12m
2025-06-12,gamma1,3.0942702678580554e-05,6m,1m,12m
2025-06-13,gamma1,-1.0187405509637133e-05,6m,1m,12m
2025-06-16,gamma1,8.361015551423014e-06,6m,1m,12m
2025-06-17,gamma1,8.93284282958316e-06,6m,1m,12m
2025-06-18,gamma1,7.286091533917612e-06,6m,1m,12m
2025-06-20,gamma1,1.441251558669608e-05,6m,1m,12m
2025-06-23,gamma1,2.454634276086031e-05,6m,1m,12m
2025-06-24,gamma1,3.2851920588642814e-05,6m,1m,12m
2025-06-25,gamma1,4.9503129660912334e-05,6m,1m,12m
2025-06-26,gamma1,5.554346493143379e-05,6m,1m,12m
2025-06-27,gamma1,4.631839474545913e-05,6m,1m,12m
2025-06-30,gamma1,8.265975273937156e-05,6m,1m,12m
2025-07-01,gamma1,6.252085155669886e-05,6m,1m,12m
2025-07-02,gamma1,7.75902761360218e-05,6m,1m,12m
2025-07-03,gamma1,7.644424131766466e-05,6m,1m,12m
2025-07-07,gamma1,7.98214789821305e-05,6m,1m,12m
2025-07-08,gamma1,7.077433228093105e-05,6m,1m,12m
2025-07-09,gamma1,7.368158532103126e-05,6m,1m,12m
2025-07-10,gamma1,7.423238671414835e-05,6m,1m,12m
2025-07-11,gamma1,8.116599332868806e-05,6m,1m,12m
2025-07-14,gamma1,5.9167639388563516e-05,6m,1m,12m
2025-07-15,gamma1,7.156125143970787e-05,6m,1m,12m
2025-07-16,gamma1,6.209624980879653e-05,6m,1m,12m
2025-07-17,gamma1,6.198095727319025e-05,6m,1m,12m
2025-07-18,gamma1,6.811498828781769e-05,6m,1m,12m
2025-07-21,gamma1,7.196680829829136e-05,6m,1m,12m
2025-07-22,gamma1,0.00010121194511571435,6m,1m,12m
2025-07-23,gamma1,7.30512319437681e-05,6m,1m,12m
2025-07-24,gamma1,8.482596644212799e-05,6m,1m,12m
2025-07-25,gamma1,9.351155770448504e-05,6m,1m,12m
2025-07-28,gamma1,9.468887787092214e-05,6m,1m,12m
2025-07-29,gamma1,0.00010927211710033321,6m,1m,12m
2025-07-30,gamma1,7.163185958818323e-05,6m,1m,12m
2025-07-31,gamma1,8.340465572912221e-05,6m,1m,12m
2000-01-03,gamma2,4.469771592792616e-06,6m,1m,12m
2000-01-04,gamma2,1.8542303428758275e-05,6m,1m,12m
2000-01-05,gamma2,3.098929482653852e-05,6m,1m,12m
2000-01-06,gamma2,4.395709343788219e-05,6m,1m,12m
2000-01-07,gamma2,2.3680547300295423e-05,6m,1m,12m
2000-01-10,gamma2,2.2460381841605408e-05,6m,1m,12m
2000-01-11,gamma2,1.6709485841733647e-05,6m,1m,12m
2000-01-12,gamma2,1.4797883913472968e-06,6m,1m,12m
2000-01-13,gamma2,3.7262158496511204e-06,6m,1m,12m
2000-01-14,gamma2,1.4341674324265546e-05,6m,1m,12m
2000-01-19,gamma2,1.2653039674981944e-06,6m,1m,12m
2000-01-20,gamma2,-1.1480081585693075e-05,6m,1m,12m
2000-01-21,gamma2,4.3886616303570447e-07,6m,1m,12m
2000-01-24,gamma2,-1.1563289550452624e-05,6m,1m,12m
2000-01-25,gamma2,-3.3532583886869454e-06,6m,1m,12m
2000-01-26,gamma2,-2.976620707879911e-06,6m,1m,12m
2000-01-27,gamma2,1.1564346082251017e-05,6m,1m,12m
2000-01-28,gamma2,2.5457238063624326e-05,6m,1m,12m
2000-01-31,gamma2,-8.66947747007181e-06,6m,1m,12m
2000-02-01,gamma2,7.823024673262544e-06,6m,1m,12m
2000-02-02,gamma2,2.2990081879375318e-05,6m,1m,12m
2000-02-03,gamma2,8.831726022719414e-06,6m,1m,12m
2000-02-04,gamma2,2.143640561680104e-05,6m,1m,12m
2000-02-07,gamma2,1.7599029374709783e-05,6m,1m,12m
2000-02-08,gamma2,7.870288635652066e-06,6m,1m,12m
2000-02-09,gamma2,1.019907842888275e-05,6m,1m,12m
2000-02-10,gamma2,7.0603639795086866e-06,6m,1m,12m
2000-02-11,gamma2,1.4705841778330557e-05,6m,1m,12m
2000-02-16,gamma2,1.81850706502519e-05,6m,1m,12m
2000-02-17,gamma2,1.6687648658491908e-05,6m,1m,12m
2000-02-18,gamma2,3.016144261575235e-05,6m,1m,12m
2000-02-22,gamma2,1.058267718824205e-05,6m,1m,12m
2000-02-23,gamma2,9.35312351264411e-06,6m,1m,12m
2000-02-24,gamma2,5.431268481335382e-06,6m,1m,12m
2000-02-25,gamma2,2.4448213383595855e-05,6m,1m,12m
2000-02-28,gamma2,2.0773090435611188e-05,6m,1m,12m
2000-02-29,gamma2,2.2281404146753856e-05,6m,1m,12m
2000-03-01,gamma2,2.062284768390207e-05,6m,1m,12m
2000-03-02,gamma2,2.368953020003611e-05,6m,1m,12m
2000-03-03,gamma2,1.0271272574069576e-05,6m,1m,12m
2000-03-06,gamma2,1.2571548845656716e-05,6m,1m,12m
2000-03-07,gamma2,2.6324518425947212e-05,6m,1m,12m
2000-03-08,gamma2,9.673096333608419e-06,6m,1m,12m
2000-03-09,gamma2,6.468793476171856e-06,6m,1m,12m
2000-03-10,gamma2,-1.2042457374632733e-07,6m,1m,12m
2000-03-22,gamma2,-9.906957739377005e-07,6m,1m,12m
2000-03-23,gamma2,5.7459243089618415e-06,6m,1m,12m
2000-03-24,gamma2,2.4500166366890546e-05,6m,1m,12m
2000-03-27,gamma2,-7.170940510863055e-05,6m,1m,12m
2000-03-28,gamma2,1.847156696141121e-05,6m,1m,12m
2000-03-29,gamma2,2.3131065559388423e-05,6m,1m,12m
2000-03-30,gamma2,-8.673144070450438e-06,6m,1m,12m
2000-03-31,gamma2,1.911895095833387e-05,6m,1m,12m
2000-04-03,gamma2,5.1760821345013296e-05,6m,1m,12m
2000-04-04,gamma2,8.24241030050704e-05,6m,1m,12m
2000-04-05,gamma2,-1.1640603852257929e-05,6m,1m,12m
2000-04-06,gamma2,-3.2039726778461207e-06,6m,1m,12m
2000-04-07,gamma2,-5.806692588210014e-06,6m,1m,12m
2000-04-10,gamma2,2.337819426831477e-05,6m,1m,12m
2000-04-11,gamma2,5.81275073224247e-05,6m,1m,12m
2000-04-12,gamma2,1.1885087434478674e-05,6m,1m,12m
2000-04-13,gamma2,3.480137224287095e-05,6m,1m,12m
2000-04-14,gamma2,4.389685370950927e-05,6m,1m,12m
2000-04-19,gamma2,1.1867478759102434e-05,6m,1m,12m
2000-04-20,gamma2,1.7040930280630086e-05,6m,1m,12m
2000-04-24,gamma2,-1.8803175090530893e-05,6m,1m,12m
2000-04-25,gamma2,-7.412640013261875e-06,6m,1m,12m
2000-04-26,gamma2,4.9232402839715835e-06,6m,1m,12m
2000-04-27,gamma2,1.270343058120939e-06,6m,1m,12m
2000-04-28,gamma2,8.78934629165511e-06,6m,1m,12m
2000-05-01,gamma2,1.6913916240787023e-05,6m,1m,12m
2000-05-02,gamma2,-3.442091385629439e-05,6m,1m,12m
2000-05-03,gamma2,-1.1852692014993487e-05,6m,1m,12m
2000-05-04,gamma2,4.9340849725880755e-06,6m,1m,12m
2000-05-05,gamma2,1.5109686577063319e-05,6m,1m,12m
2000-05-08,gamma2,7.148597117576579e-06,6m,1m,12m
2000-05-09,gamma2,4.037286057215132e-06,6m,1m,12m
2000-05-10,gamma2,1.2367858184720243e-05,6m,1m,12m
2000-05-11,gamma2,5.4382337027598025e-06,6m,1m,12m
2000-05-12,gamma2,1.056115733571551e-05,6m,1m,12m
2000-05-17,gamma2,8.450901611995272e-06,6m,1m,12m
2000-05-18,gamma2,-4.590747391401599e-06,6m,1m,12m
2000-05-19,gamma2,1.3438058511692386e-05,6m,1m,12m
2000-05-22,gamma2,-5.065962950007398e-06,6m,1m,12m
2000-05-23,gamma2,1.4929940533860362e-05,6m,1m,12m
2000-05-24,gamma2,-7.28755902614864e-06,6m,1m,12m
2000-05-25,gamma2,3.344114331096193e-05,6m,1m,12m
2000-05-26,gamma2,2.927541895610286e-05,6m,1m,12m
2000-05-30,gamma2,2.5081416678330436e-06,6m,1m,12m
2000-05-31,gamma2,5.5433842940650125e-06,6m,1m,12m
2000-06-01,gamma2,1.1474062284390604e-05,6m,1m,12m
2000-06-02,gamma2,-2.954588637638367e-06,6m,1m,12m
2000-06-05,gamma2,1.673325668226507e-05,6m,1m,12m
2000-06-06,gamma2,2.7626940087761677e-05,6m,1m,12m
2000-06-07,gamma2,7.019875895049394e-06,6m,1m,12m
2000-06-08,gamma2,1.6486173996687373e-05,6m,1m,12m
2000-06-09,gamma2,1.6084377759535164e-05,6m,1m,12m
2000-06-21,gamma2,-6.953941454007647e-07,6m,1m,12m
2000-06-22,gamma2,2.027755476055267e-05,6m,1m,12m
2000-06-23,gamma2,1.3838381240084439e-05,6m,1m,12m
2000-06-26,gamma2,2.3889091210993532e-05,6m,1m,12m
2000-06-27,gamma2,3.053250827377452e-05,6m,1m,12m
2000-06-28,gamma2,2.039460461652098e-05,6m,1m,12m
2000-06-29,gamma2,1.5625905823356285e-05,6m,1m,12m
2000-06-30,gamma2,4.781915348461911e-06,6m,1m,12m
2000-07-03,gamma2,9.602493311627178e-06,6m,1m,12m
2000-07-05,gamma2,1.780913284820997e-05,6m,1m,12m
2000-07-06,gamma2,1.2355512046588111e-05,6m,1m,12m
2000-07-07,gamma2,3.7907548505269736e-06,6m,1m,12m
2000-07-10,gamma2,1.0815503225084731e-05,6m,1m,12m
2000-07-11,gamma2,9.36695314518999e-06,6m,1m,12m
2000-07-12,gamma2,-3.5929486288979385e-06,6m,1m,12m
2000-07-13,gamma2,-1.568646455102298e-06,6m,1m,12m
2000-07-14,gamma2,-4.95897667480409e-07,6m,1m,12m
2000-07-19,gamma2,1.4270359935792343e-05,6m,1m,12m
2000-07-20,gamma2,1.3132928815642303e-05,6m,1m,12m
2000-07-21,gamma2,-4.0745835983252055e-06,6m,1m,12m
2000-07-24,gamma2,6.584729416576246e-06,6m,1m,12m
2000-07-25,gamma2,-6.840606801345967e-06,6m,1m,12m
2000-07-26,gamma2,1.3230804604557308e-05,6m,1m,12m
2000-07-27,gamma2,8.061437008394254e-06,6m,1m,12m
2000-07-28,gamma2,1.201838982951693e-05,6m,1m,12m
2000-07-31,gamma2,-9.185437028157924e-06,6m,1m,12m
2000-08-01,gamma2,-1.0085194969432376e-05,6m,1m,12m
2000-08-02,gamma2,-4.448315206593108e-06,6m,1m,12m
2000-08-03,gamma2,-1.1096665229543604e-05,6m,1m,12m
2000-08-04,gamma2,-1.6966291848529596e-06,6m,1m,12m
2000-08-07,gamma2,-1.5177213925758866e-05,6m,1m,12m
2000-08-08,gamma2,-4.976217532943513e-06,6m,1m,12m
2000-08-09,gamma2,-8.488843934773323e-06,6m,1m,12m
2000-08-10,gamma2,6.4745111113979214e-06,6m,1m,12m
2000-08-11,gamma2,-9.684507364762917e-06,6m,1m,12m
2000-08-16,gamma2,1.0475190878591532e-05,6m,1m,12m
2000-08-17,gamma2,1.7310416598598346e-07,6m,1m,12m
2000-08-18,gamma2,1.3015714657416338e-06,6m,1m,12m
2000-08-21,gamma2,-3.7465822328314964e-06,6m,1m,12m
2000-08-22,gamma2,-7.818964319490874e-06,6m,1m,12m
2000-08-23,gamma2,-1.5328799696324754e-05,6m,1m,12m
2000-08-24,gamma2,-1.4669063942222863e-05,6m,1m,12m
2000-08-25,gamma2,-3.351953578528947e-06,6m,1m,12m
2000-08-28,gamma2,-1.0972188441957166e-05,6m,1m,12m
2000-08-29,gamma2,-4.1169445275004387e-07,6m,1m,12m
2000-08-30,gamma2,-2.072245172851439e-05,6m,1m,12m
2000-08-31,gamma2,-1.6308012079252753e-05,6m,1m,12m
2000-09-01,gamma2,-1.5101656315482633e-05,6m,1m,12m
2000-09-05,gamma2,-3.109432442249688e-05,6m,1m,12m
2000-09-06,gamma2,-2.5975668274189707e-05,6m,1m,12m
2000-09-07,gamma2,-2.5988621398013367e-05,6m,1m,12m
2000-09-08,gamma2,-2.695073463792776e-05,6m,1m,12m
2000-09-20,gamma2,-1.9280744844492472e-05,6m,1m,12m
2000-09-21,gamma2,-1.223470064482026e-05,6m,1m,12m
2000-09-22,gamma2,-5.7351297892977125e-06,6m,1m,12m
2000-09-25,gamma2,1.6519127258040737e-06,6m,1m,12m
2000-09-26,gamma2,-2.122163440655397e-05,6m,1m,12m
2000-09-27,gamma2,-3.873417186852972e-06,6m,1m,12m
2000-09-28,gamma2,-5.3930838419341675e-06,6m,1m,12m
2000-09-29,gamma2,-3.0486151311739992e-05,6m,1m,12m
2000-10-02,gamma2,-3.356359025619689e-07,6m,1m,12m
2000-10-03,gamma2,-8.33502677997389e-08,6m,1m,12m
2000-10-04,gamma2,-1.65499438142413e-05,6m,1m,12m
2000-10-05,gamma2,-6.359203585161365e-06,6m,1m,12m
2000-10-06,gamma2,-5.394495217067641e-06,6m,1m,12m
2000-10-09,gamma2,1.0845973550137769e-05,6m,1m,12m
2000-10-10,gamma2,3.6737448320194375e-05,6m,1m,12m
2000-10-11,gamma2,5.0739721390966883e-05,6m,1m,12m
2000-10-12,gamma2,7.88179002102767e-05,6m,1m,12m
2000-10-13,gamma2,0.0001111349956553582,6m,1m,12m
2000-10-18,gamma2,2.4093863397914186e-05,6m,1m,12m
2000-10-19,gamma2,-5.1594882624490675e-06,6m,1m,12m
2000-10-20,gamma2,-9.620668730365926e-06,6m,1m,12m
2000-10-23,gamma2,3.940184156824799e-05,6m,1m,12m
2000-10-24,gamma2,1.3377337557406652e-05,6m,1m,12m
2000-10-25,gamma2,2.6298226276070578e-05,6m,1m,12m
2000-10-26,gamma2,3.06254120300751e-05,6m,1m,12m
2000-10-27,gamma2,1.594249210679316e-05,6m,1m,12m
2000-10-30,gamma2,1.4973942876443695e-05,6m,1m,12m
2000-10-31,gamma2,2.2423595018763002e-05,6m,1m,12m
2000-11-01,gamma2,2.7131393540247636e-05,6m,1m,12m
2000-11-02,gamma2,-9.827689080775333e-06,6m,1m,12m
2000-11-03,gamma2,1.5203227782430863e-05,6m,1m,12m
2000-11-06,gamma2,2.403043079664289e-05,6m,1m,12m
2000-11-07,gamma2,2.917660257994782e-05,6m,1m,12m
2000-11-08,gamma2,2.221150843783091e-05,6m,1m,12m
2000-11-09,gamma2,1.7164244787952627e-05,6m,1m,12m
2000-11-10,gamma2,1.2127160763429401e-05,6m,1m,12m
2000-11-15,gamma2,2.6196551824759418e-05,6m,1m,12m
2000-11-16,gamma2,3.129073988173145e-05,6m,1m,12m
2000-11-17,gamma2,3.668893907190683e-05,6m,1m,12m
2000-11-20,gamma2,3.551631554136188e-05,6m,1m,12m
2000-11-21,gamma2,2.7178337702199222e-05,6m,1m,12m
2000-11-22,gamma2,5.968185035981987e-05,6m,1m,12m
2000-11-24,gamma2,3.505694985535958e-05,6m,1m,12m
2000-11-27,gamma2,1.852433495469751e-05,6m,1m,12m
2000-11-28,gamma2,3.559025924082933e-05,6m,1m,12m
2000-11-29,gamma2,3.315599087412213e-05,6m,1m,12m
2000-11-30,gamma2,1.8428854346387588e-05,6m,1m,12m
2000-12-01,gamma2,3.1332073159467045e-06,6m,1m,12m
2000-12-04,gamma2,2.2978942664154908e-05,6m,1m,12m
2000-12-05,gamma2,2.3357056414901024e-05,6m,1m,12m
2000-12-06,gamma2,2.0542511245453772e-05,6m,1m,12m
2000-12-07,gamma2,1.9831175745943986e-05,6m,1m,12m
2000-12-08,gamma2,-1.5025722495822331e-05,6m,1m,12m
2000-12-20,gamma2,1.4809601584310504e-05,6m,1m,12m
2000-12-21,gamma2,4.819659019647672e-05,6m,1m,12m
2000-12-22,gamma2,4.0716828345205675e-06,6m,1m,12m
2000-12-26,gamma2,-8.078873586591466e-06,6m,1m,12m
2000-12-27,gamma2,-1.1909362787441409e-06,6m,1m,12m
2000-12-28,gamma2,1.0859806128462267e-05,6m,1m,12m
2000-12-29,gamma2,1.8341912096364964e-05,6m,1m,12m
2001-01-02,gamma2,3.812925468666412e-05,6m,1m,12m
2001-01-03,gamma2,3.80809224987088e-05,6m,1m,12m
2001-01-04,gamma2,1.490248882733646e-05,6m,1m,12m
2001-01-05,gamma2,5.4944365875716e-05,6m,1m,12m
2001-01-08,gamma2,9.571256126984038e-06,6m,1m,12m
2001-01-09,gamma2,1.4663306452946985e-05,6m,1m,12m
2001-01-10,gamma2,1.5008442606094471e-05,6m,1m,12m
2001-01-11,gamma2,7.0823362288886405e-06,6m,1m,12m
2001-01-12,gamma2,3.778177418529371e-05,6m,1m,12m
2001-01-17,gamma2,2.1364397756245632e-05,6m,1m,12m
2001-01-18,gamma2,2.2855711715303354e-05,6m,1m,12m
2001-01-19,gamma2,2.5127837969309056e-05,6m,1m,12m
2001-01-22,gamma2,3.5040750709967514e-05,6m,1m,12m
2001-01-23,gamma2,4.143149555729041e-05,6m,1m,12m
2001-01-24,gamma2,4.063159421208118e-05,6m,1m,12m
2001-01-25,gamma2,4.612424287839521e-05,6m,1m,12m
2001-01-26,gamma2,4.2644290190532106e-05,6m,1m,12m
2001-01-29,gamma2,4.1120234886536165e-05,6m,1m,12m
2001-01-30,gamma2,3.4713921683727086e-05,6m,1m,12m
2001-01-31,gamma2,2.1199728171199995e-05,6m,1m,12m
2001-02-01,gamma2,3.493308295884714e-05,6m,1m,12m
2001-02-02,gamma2,3.417907437538397e-05,6m,1m,12m
2001-02-05,gamma2,3.8562634756153145e-05,6m,1m,12m
2001-02-06,gamma2,2.9771486913372377e-05,6m,1m,12m
2001-02-07,gamma2,3.698772866654901e-05,6m,1m,12m
2001-02-08,gamma2,4.3748621397731606e-05,6m,1m,12m
2001-02-09,gamma2,5.2155937606865775e-05,6m,1m,12m
2001-02-14,gamma2,1.1667257680973434e-05,6m,1m,12m
2001-02-15,gamma2,1.4351475373377427e-05,6m,1m,12m
2001-02-16,gamma2,6.026327782385491e-06,6m,1m,12m
2001-02-20,gamma2,1.289729687344774e-05,6m,1m,12m
2001-02-21,gamma2,6.732706872054047e-06,6m,1m,12m
2001-02-22,gamma2,-3.7980439484848557e-06,6m,1m,12m
2001-02-23,gamma2,-2.546302621141866e-05,6m,1m,12m
2001-02-26,gamma2,1.1518726854405925e-05,6m,1m,12m
2001-02-27,gamma2,2.2019638375222588e-06,6m,1m,12m
2001-02-28,gamma2,-9.500502842602953e-06,6m,1m,12m
2001-03-01,gamma2,-2.8806847962628976e-05,6m,1m,12m
2001-03-02,gamma2,-2.5565375585908535e-05,6m,1m,12m
2001-03-05,gamma2,-8.997529185991258e-06,6m,1m,12m
2001-03-06,gamma2,1.3992931510767522e-05,6m,1m,12m
2001-03-07,gamma2,-9.839497242107845e-06,6m,1m,12m
2001-03-08,gamma2,-1.8414669154225903e-05,6m,1m,12m
2001-03-09,gamma2,-1.2465717427593519e-05,6m,1m,12m
2001-03-21,gamma2,1.4719949518525901e-05,6m,1m,12m
2001-03-22,gamma2,8.896228210428535e-05,6m,1m,12m
2001-03-23,gamma2,3.453429450405032e-05,6m,1m,12m
2001-03-26,gamma2,4.631066187613121e-05,6m,1m,12m
2001-03-27,gamma2,6.606352980563051e-05,6m,1m,12m
2001-03-28,gamma2,3.1111020519560983e-06,6m,1m,12m
2001-03-29,gamma2,3.50377401588546e-05,6m,1m,12m
2001-03-30,gamma2,1.4397268628176225e-05,6m,1m,12m
2001-04-02,gamma2,5.059090548394886e-05,6m,1m,12m
2001-04-03,gamma2,0.0002288258332293533,6m,1m,12m
2001-04-04,gamma2,-2.747717730136533e-05,6m,1m,12m
2001-04-05,gamma2,-5.040532916575958e-05,6m,1m,12m
2001-04-06,gamma2,-6.994318572068814e-05,6m,1m,12m
2001-04-09,gamma2,-3.1729259190807435e-05,6m,1m,12m
2001-04-10,gamma2,-8.094042119999504e-05,6m,1m,12m
2001-04-11,gamma2,-7.081708899442805e-05,6m,1m,12m
2001-04-12,gamma2,-3.9915800265199404e-05,6m,1m,12m
2001-04-18,gamma2,-6.749991036261949e-05,6m,1m,12m
2001-04-19,gamma2,-6.822145135107182e-05,6m,1m,12m
2001-04-20,gamma2,-5.2245731167035756e-05,6m,1m,12m
2001-04-23,gamma2,-5.808470127697652e-05,6m,1m,12m
2001-04-24,gamma2,-5.35063833449868e-05,6m,1m,12m
2001-04-25,gamma2,-6.724621179416943e-05,6m,1m,12m
2001-04-26,gamma2,-5.187276086803776e-05,6m,1m,12m
2001-04-27,gamma2,-4.9203846044386814e-05,6m,1m,12m
2001-04-30,gamma2,-5.910492919965844e-05,6m,1m,12m
2001-05-01,gamma2,-3.7912512031934903e-05,6m,1m,12m
2001-05-02,gamma2,-4.42747857209022e-05,6m,1m,12m
2001-05-03,gamma2,-2.85323796154917e-05,6m,1m,12m
2001-05-04,gamma2,-3.1724228874226954e-05,6m,1m,12m
2001-05-07,gamma2,-5.708468265378194e-05,6m,1m,12m
2001-05-08,gamma2,-3.0463782640185308e-05,6m,1m,12m
2001-05-09,gamma2,-3.0251704586120018e-05,6m,1m,12m
2001-05-10,gamma2,-1.9677033029592057e-05,6m,1m,12m
2001-05-11,gamma2,-1.4817202756119803e-05,6m,1m,12m
2001-05-16,gamma2,-3.389906492543963e-05,6m,1m,12m
2001-05-17,gamma2,-3.293201742006626e-05,6m,1m,12m
2001-05-18,gamma2,-2.1923021223722575e-06,6m,1m,12m
2001-05-21,gamma2,3.648146881338892e-06,6m,1m,12m
2001-05-22,gamma2,3.2274634662755197e-06,6m,1m,12m
2001-05-23,gamma2,-2.9432241505911847e-06,6m,1m,12m
2001-05-24,gamma2,-2.8346950208819335e-06,6m,1m,12m
2001-05-25,gamma2,4.110028281393648e-06,6m,1m,12m
2001-05-29,gamma2,-5.9406202167555364e-06,6m,1m,12m
2001-05-30,gamma2,8.782635596816398e-07,6m,1m,12m
2001-05-31,gamma2,6.519683205854846e-07,6m,1m,12m
2001-06-01,gamma2,6.5662701047853004e-06,6m,1m,12m
2001-06-04,gamma2,8.59216853348746e-06,6m,1m,12m
2001-06-05,gamma2,1.5284441283354484e-05,6m,1m,12m
2001-06-06,gamma2,-7.6214977694777635e-06,6m,1m,12m
2001-06-07,gamma2,1.1400862310460054e-05,6m,1m,12m
2001-06-08,gamma2,2.1003520225180237e-05,6m,1m,12m
2001-06-20,gamma2,-4.9821923069091876e-05,6m,1m,12m
2001-06-21,gamma2,-3.7347412250704866e-05,6m,1m,12m
2001-06-22,gamma2,-4.53547275453387e-05,6m,1m,12m
2001-06-25,gamma2,-6.478150718604474e-05,6m,1m,12m
2001-06-26,gamma2,-4.829009376235849e-05,6m,1m,12m
2001-06-27,gamma2,-3.2269178579610625e-05,6m,1m,12m
2001-06-28,gamma2,-4.6142098926066604e-05,6m,1m,12m
2001-06-29,gamma2,6.734691012640287e-07,6m,1m,12m
2001-07-02,gamma2,-2.207636418066061e-05,6m,1m,12m
2001-07-03,gamma2,-2.4147980652509915e-05,6m,1m,12m
2001-07-05,gamma2,-4.472395654079003e-05,6m,1m,12m
2001-07-06,gamma2,-4.10620420920135e-05,6m,1m,12m
2001-07-09,gamma2,-4.219345873626918e-05,6m,1m,12m
2001-07-10,gamma2,-3.5252258106579045e-05,6m,1m,12m
2001-07-11,gamma2,-3.490307694011903e-05,6m,1m,12m
2001-07-12,gamma2,-3.1253034292457654e-05,6m,1m,12m
2001-07-13,gamma2,-2.2906403163506625e-05,6m,1m,12m
2001-07-18,gamma2,-3.122744789917998e-05,6m,1m,12m
2001-07-19,gamma2,-1.0399421856637516e-05,6m,1m,12m
2001-07-20,gamma2,6.9665013744648545e-06,6m,1m,12m
2001-07-23,gamma2,4.965525735589123e-06,6m,1m,12m
2001-07-24,gamma2,-1.8951972457817082e-06,6m,1m,12m
2001-07-25,gamma2,-2.093051800331161e-05,6m,1m,12m
2001-07-26,gamma2,-2.6714275542681054e-05,6m,1m,12m
2001-07-27,gamma2,-1.7152346455109143e-05,6m,1m,12m
2001-07-30,gamma2,3.650472696690362e-06,6m,1m,12m
2001-07-31,gamma2,2.8358271335188645e-06,6m,1m,12m
2001-08-01,gamma2,1.696720255463564e-05,6m,1m,12m
2001-08-02,gamma2,2.500447835693442e-05,6m,1m,12m
2001-08-03,gamma2,2.9560491429944988e-05,6m,1m,12m
2001-08-06,gamma2,2.0303441214546834e-05,6m,1m,12m
2001-08-07,gamma2,2.90756027810089e-05,6m,1m,12m
2001-08-08,gamma2,4.8159530929039066e-05,6m,1m,12m
2001-08-09,gamma2,2.0617293378029548e-05,6m,1m,12m
2001-08-10,gamma2,1.923320988008903e-05,6m,1m,12m
2001-08-22,gamma2,1.1736414777582686e-05,6m,1m,12m
2001-08-23,gamma2,7.302977562847262e-06,6m,1m,12m
2001-08-24,gamma2,2.6464187653124535e-06,6m,1m,12m
2001-08-27,gamma2,1.2438890924447721e-05,6m,1m,12m
2001-08-28,gamma2,7.2868327105982066e-06,6m,1m,12m
2001-08-29,gamma2,5.537777576729372e-06,6m,1m,12m
2001-08-30,gamma2,-4.460600893857934e-06,6m,1m,12m
2001-08-31,gamma2,1.8945187392955546e-05,6m,1m,12m
2001-09-04,gamma2,-5.451513875129489e-05,6m,1m,12m
2001-09-05,gamma2,-2.6023244659537843e-05,6m,1m,12m
2001-09-06,gamma2,-6.953143163338985e-05,6m,1m,12m
2001-09-07,gamma2,-9.980946054444013e-05,6m,1m,12m
2001-09-10,gamma2,-1.3907225450536143e-05,6m,1m,12m
2001-09-19,gamma2,-0.00012774520584771218,6m,1m,12m
2001-09-20,gamma2,-0.00015258229451583144,6m,1m,12m
2001-09-21,gamma2,-3.542149266030238e-05,6m,1m,12m
2001-09-24,gamma2,5.9965062172742296e-05,6m,1m,12m
2001-09-25,gamma2,3.3351339697864835e-05,6m,1m,12m
2001-09-26,gamma2,-0.00026979503723155316,6m,1m,12m
2001-09-27,gamma2,-0.00015080363347129468,6m,1m,12m
2001-09-28,gamma2,-0.0001771016012928518,6m,1m,12m
2001-10-01,gamma2,-3.470353636330682e-05,6m,1m,12m
2001-10-02,gamma2,-4.377724349648892e-05,6m,1m,12m
2001-10-03,gamma2,-6.462722801516829e-05,6m,1m,12m
2001-10-04,gamma2,-5.174878570538909e-05,6m,1m,12m
2001-10-05,gamma2,-0.0001039733918548119,6m,1m,12m
2001-10-08,gamma2,-5.172307087527555e-05,6m,1m,12m
2001-10-09,gamma2,-5.001259581715798e-05,6m,1m,12m
2001-10-10,gamma2,-8.859982032882139e-05,6m,1m,12m
2001-10-11,gamma2,-7.706427799627194e-05,6m,1m,12m
2001-10-12,gamma2,-0.00014180430033516756,6m,1m,12m
2001-10-17,gamma2,-2.7313031752181848e-05,6m,1m,12m
2001-10-18,gamma2,-7.525240811026176e-05,6m,1m,12m
2001-10-19,gamma2,-7.619261754449481e-05,6m,1m,12m
2001-10-22,gamma2,-8.114545264535955e-05,6m,1m,12m
2001-10-23,gamma2,-4.551174226443948e-05,6m,1m,12m
2001-10-24,gamma2,-8.325369126628245e-05,6m,1m,12m
2001-10-25,gamma2,-6.113015444973626e-05,6m,1m,12m
2001-10-26,gamma2,-4.4368382311756315e-05,6m,1m,12m
2001-10-29,gamma2,-1.568125875349108e-05,6m,1m,12m
2001-10-30,gamma2,-6.654926210261055e-05,6m,1m,12m
2001-10-31,gamma2,-5.340650711651936e-05,6m,1m,12m
2001-11-01,gamma2,-4.717277715467564e-05,6m,1m,12m
2001-11-02,gamma2,-3.853731594703804e-05,6m,1m,12m
2001-11-05,gamma2,-4.5946051815202204e-05,6m,1m,12m
2001-11-06,gamma2,-3.77426919700067e-05,6m,1m,12m
2001-11-07,gamma2,-5.558899524557762e-07,6m,1m,12m
2001-11-08,gamma2,-5.875968087759857e-06,6m,1m,12m
2001-11-09,gamma2,-6.310844471421666e-07,6m,1m,12m
2001-11-21,gamma2,-7.067263823602515e-06,6m,1m,12m
2001-11-23,gamma2,-1.3007847537846087e-06,6m,1m,12m
2001-11-26,gamma2,-2.1437818523607093e-05,6m,1m,12m
2001-11-27,gamma2,-1.0623270394850143e-05,6m,1m,12m
2001-11-28,gamma2,-2.8796718151868448e-05,6m,1m,12m
2001-11-29,gamma2,-6.023210926047828e-06,6m,1m,12m
2001-11-30,gamma2,-1.5151325126843697e-05,6m,1m,12m
2001-12-03,gamma2,-2.6581866912220665e-05,6m,1m,12m
2001-12-04,gamma2,-1.1839020399013909e-05,6m,1m,12m
2001-12-05,gamma2,-7.066345603926542e-06,6m,1m,12m
2001-12-06,gamma2,-2.597967707582261e-06,6m,1m,12m
2001-12-07,gamma2,-7.862789940575819e-06,6m,1m,12m
2001-12-10,gamma2,-1.1617084998229865e-05,6m,1m,12m
2001-12-11,gamma2,-7.732223050009984e-06,6m,1m,12m
2001-12-12,gamma2,-1.907045172254383e-05,6m,1m,12m
2001-12-13,gamma2,-4.247817107545154e-05,6m,1m,12m
2001-12-14,gamma2,-2.402193134184473e-05,6m,1m,12m
2001-12-19,gamma2,-2.7758107853424736e-05,6m,1m,12m
2001-12-20,gamma2,-4.2130280451596914e-05,6m,1m,12m
2001-12-21,gamma2,-3.241621510645107e-05,6m,1m,12m
2001-12-24,gamma2,-2.8820926292215387e-05,6m,1m,12m
2001-12-26,gamma2,-1.817094365130538e-05,6m,1m,12m
2001-12-27,gamma2,-5.716303554866707e-06,6m,1m,12m
2001-12-28,gamma2,-3.7507826013925384e-06,6m,1m,12m
2001-12-31,gamma2,-8.192674120268523e-06,6m,1m,12m
2002-01-02,gamma2,-1.7137939493819955e-05,6m,1m,12m
2002-01-03,gamma2,3.361272008044232e-06,6m,1m,12m
2002-01-04,gamma2,5.2036208771402795e-06,6m,1m,12m
2002-01-07,gamma2,9.588376741100048e-06,6m,1m,12m
2002-01-08,gamma2,6.6261948356517e-06,6m,1m,12m
2002-01-09,gamma2,-1.4518461921681012e-05,6m,1m,12m
2002-01-10,gamma2,-1.9354168011614398e-05,6m,1m,12m
2002-01-11,gamma2,-1.0373591414752461e-05,6m,1m,12m
2002-01-16,gamma2,-1.3245673529381068e-05,6m,1m,12m
2002-01-17,gamma2,1.4880280276913787e-05,6m,1m,12m
2002-01-18,gamma2,-8.777486655407745e-07,6m,1m,12m
2002-01-22,gamma2,1.6092524053033256e-05,6m,1m,12m
2002-01-23,gamma2,-7.346854088843097e-06,6m,1m,12m
2002-01-24,gamma2,1.3190880400046629e-05,6m,1m,12m
2002-01-25,gamma2,7.758867003143144e-06,6m,1m,12m
2002-01-28,gamma2,-1.5410096318633228e-05,6m,1m,12m
2002-01-29,gamma2,2.0523643370239736e-05,6m,1m,12m
2002-01-30,gamma2,-2.5389867307858836e-05,6m,1m,12m
2002-01-31,gamma2,1.4890143479013353e-05,6m,1m,12m
2002-02-01,gamma2,-2.8471630842211394e-05,6m,1m,12m
2002-02-04,gamma2,-4.795916374589256e-05,6m,1m,12m
2002-02-05,gamma2,-5.256306048818742e-05,6m,1m,12m
2002-02-06,gamma2,-3.3300091016888463e-06,6m,1m,12m
2002-02-07,gamma2,7.3015795225049855e-06,6m,1m,12m
2002-02-08,gamma2,2.621100328143572e-05,6m,1m,12m
2002-02-13,gamma2,-1.2220424000882684e-06,6m,1m,12m
2002-02-14,gamma2,-2.5574962602330273e-06,6m,1m,12m
2002-02-15,gamma2,-1.7251886120461345e-05,6m,1m,12m
2002-02-19,gamma2,-1.2426258708731354e-05,6m,1m,12m
2002-02-20,gamma2,-8.680222475105556e-06,6m,1m,12m
2002-02-21,gamma2,1.52177393215146e-06,6m,1m,12m
2002-02-22,gamma2,-5.326185234461141e-06,6m,1m,12m
2002-02-25,gamma2,2.787257534812831e-05,6m,1m,12m
2002-02-26,gamma2,2.6844698327581554e-05,6m,1m,12m
2002-02-27,gamma2,1.9810386235212495e-05,6m,1m,12m
2002-02-28,gamma2,-6.709570548179253e-06,6m,1m,12m
2002-03-01,gamma2,1.5411564729013771e-06,6m,1m,12m
2002-03-04,gamma2,2.897405773931501e-06,6m,1m,12m
2002-03-05,gamma2,2.0324282480326372e-08,6m,1m,12m
2002-03-06,gamma2,1.6741475787024838e-05,6m,1m,12m
2002-03-07,gamma2,5.995410295245542e-06,6m,1m,12m
2002-03-08,gamma2,2.478848620186964e-05,6m,1m,12m
2002-03-20,gamma2,1.800461782661528e-05,6m,1m,12m
2002-03-21,gamma2,4.2107048069848613e-05,6m,1m,12m
2002-03-22,gamma2,4.394434541927078e-05,6m,1m,12m
2002-03-25,gamma2,2.465839755210552e-05,6m,1m,12m
2002-03-26,gamma2,-4.219586912112786e-06,6m,1m,12m
2002-03-27,gamma2,1.4262897408014328e-07,6m,1m,12m
2002-03-28,gamma2,3.3820680551250213e-06,6m,1m,12m
2002-04-01,gamma2,-3.002537363122462e-06,6m,1m,12m
2002-04-02,gamma2,-6.643706012361006e-06,6m,1m,12m
2002-04-03,gamma2,-7.815852998481708e-06,6m,1m,12m
2002-04-04,gamma2,-9.633817572677096e-06,6m,1m,12m
2002-04-05,gamma2,8.046436916257255e-06,6m,1m,12m
2002-04-08,gamma2,3.985213460284964e-06,6m,1m,12m
2002-04-09,gamma2,-1.3277235712646877e-06,6m,1m,12m
2002-04-10,gamma2,1.5519979322892425e-06,6m,1m,12m
2002-04-11,gamma2,2.1357597035573553e-05,6m,1m,12m
2002-04-12,gamma2,-1.790681801048529e-06,6m,1m,12m
2002-04-17,gamma2,1.535593124555969e-06,6m,1m,12m
2002-04-18,gamma2,-1.1066420382613575e-05,6m,1m,12m
2002-04-19,gamma2,-1.4264681948930584e-06,6m,1m,12m
2002-04-22,gamma2,-1.0859982879565267e-05,6m,1m,12m
2002-04-23,gamma2,1.1523071913266421e-05,6m,1m,12m
2002-04-24,gamma2,3.3840265307409417e-06,6m,1m,12m
2002-04-25,gamma2,-2.124274758606504e-06,6m,1m,12m
2002-04-26,gamma2,9.31356443787556e-06,6m,1m,12m
2002-04-29,gamma2,5.555919761606087e-06,6m,1m,12m
2002-04-30,gamma2,-4.6720672800033886e-06,6m,1m,12m
2002-05-01,gamma2,1.0456566275905905e-05,6m,1m,12m
2002-05-02,gamma2,9.949994147350639e-06,6m,1m,12m
2002-05-03,gamma2,1.3330826141760004e-05,6m,1m,12m
2002-05-06,gamma2,3.144936689448649e-05,6m,1m,12m
2002-05-07,gamma2,3.9286554145129655e-05,6m,1m,12m
2002-05-08,gamma2,1.3914640265026225e-05,6m,1m,12m
2002-05-09,gamma2,2.732785503710764e-05,6m,1m,12m
2002-05-10,gamma2,4.169127305190455e-05,6m,1m,12m
2002-05-22,gamma2,5.408798605079676e-06,6m,1m,12m
2002-05-23,gamma2,1.094999178975696e-05,6m,1m,12m
2002-05-24,gamma2,4.681494762413011e-06,6m,1m,12m
2002-05-28,gamma2,8.783624457985786e-06,6m,1m,12m
2002-05-29,gamma2,9.004470640420855e-06,6m,1m,12m
2002-05-30,gamma2,7.125568270497405e-06,6m,1m,12m
2002-05-31,gamma2,5.417059546106003e-06,6m,1m,12m
2002-06-03,gamma2,1.0407177786113837e-06,6m,1m,12m
2002-06-04,gamma2,-7.86047345498206e-07,6m,1m,12m
2002-06-05,gamma2,4.8559577613212035e-06,6m,1m,12m
2002-06-06,gamma2,-1.099679170234176e-06,6m,1m,12m
2002-06-07,gamma2,1.3079373304208647e-06,6m,1m,12m
2002-06-10,gamma2,-9.867970351639212e-08,6m,1m,12m
2002-06-11,gamma2,-5.1565184949805694e-06,6m,1m,12m
2002-06-12,gamma2,-1.800768751254809e-05,6m,1m,12m
2002-06-13,gamma2,-1.5840706551389547e-06,6m,1m,12m
2002-06-14,gamma2,-2.001681328729021e-06,6m,1m,12m
2002-06-19,gamma2,-1.4303356052607421e-06,6m,1m,12m
2002-06-20,gamma2,1.2661577858261673e-05,6m,1m,12m
2002-06-21,gamma2,-1.067359750561712e-05,6m,1m,12m
2002-06-24,gamma2,-1.8205071521608327e-05,6m,1m,12m
2002-06-25,gamma2,-3.3639646701487494e-05,6m,1m,12m
2002-06-26,gamma2,-6.316898512599006e-05,6m,1m,12m
2002-06-27,gamma2,-5.077630428919445e-05,6m,1m,12m
2002-06-28,gamma2,1.1144167037335814e-06,6m,1m,12m
2002-07-01,gamma2,-3.387149935665259e-05,6m,1m,12m
2002-07-02,gamma2,-6.18621348920252e-05,6m,1m,12m
2002-07-03,gamma2,-6.8677925230936e-05,6m,1m,12m
2002-07-05,gamma2,-5.513960401076718e-05,6m,1m,12m
2002-07-08,gamma2,-7.274262590412435e-05,6m,1m,12m
2002-07-09,gamma2,-6.517360748588151e-05,6m,1m,12m
2002-07-10,gamma2,-8.968664889716308e-05,6m,1m,12m
2002-07-11,gamma2,2.1968942142302203e-05,6m,1m,12m
2002-07-12,gamma2,-4.4284395158278534e-05,6m,1m,12m
2002-07-17,gamma2,5.5816686103456705e-06,6m,1m,12m
2002-07-18,gamma2,1.5713123839575032e-05,6m,1m,12m
2002-07-19,gamma2,6.056246175529557e-06,6m,1m,12m
2002-07-22,gamma2,6.49193563218562e-05,6m,1m,12m
2002-07-23,gamma2,-0.00013095200728580465,6m,1m,12m
2002-07-24,gamma2,8.2407681017844e-05,6m,1m,12m
2002-07-25,gamma2,6.929081904865131e-05,6m,1m,12m
2002-07-26,gamma2,2.0109530103739686e-05,6m,1m,12m
2002-07-29,gamma2,8.385421497807537e-05,6m,1m,12m
2002-07-30,gamma2,9.34600990488671e-05,6m,1m,12m
2002-07-31,gamma2,9.014291153502616e-06,6m,1m,12m
2002-08-01,gamma2,5.8327995380333556e-05,6m,1m,12m
2002-08-02,gamma2,2.652875160048763e-05,6m,1m,12m
2002-08-05,gamma2,-2.4848320340249176e-05,6m,1m,12m
2002-08-06,gamma2,1.3851692927568758e-05,6m,1m,12m
2002-08-07,gamma2,-2.726860057621683e-05,6m,1m,12m
2002-08-08,gamma2,1.2759195841098325e-05,6m,1m,12m
2002-08-09,gamma2,-8.387610690527657e-06,6m,1m,12m
2002-08-21,gamma2,-1.8847503852255793e-06,6m,1m,12m
2002-08-22,gamma2,-2.0335510809797294e-05,6m,1m,12m
2002-08-23,gamma2,-4.41721259685692e-05,6m,1m,12m
2002-08-26,gamma2,-3.666446154716579e-05,6m,1m,12m
2002-08-27,gamma2,-1.7527121051204925e-05,6m,1m,12m
2002-08-28,gamma2,-3.468574843695149e-05,6m,1m,12m
2002-08-29,gamma2,-3.984726533616337e-05,6m,1m,12m
2002-08-30,gamma2,-4.779660371334975e-05,6m,1m,12m
2002-09-03,gamma2,-1.5864620218792566e-05,6m,1m,12m
2002-09-04,gamma2,-6.304775068775261e-05,6m,1m,12m
2002-09-05,gamma2,-5.221117431046002e-05,6m,1m,12m
2002-09-06,gamma2,-5.39028463981801e-05,6m,1m,12m
2002-09-09,gamma2,-4.640795427506349e-05,6m,1m,12m
2002-09-10,gamma2,-3.509066084509608e-05,6m,1m,12m
2002-09-11,gamma2,-6.99579293377827e-05,6m,1m,12m
2002-09-12,gamma2,-6.239753246909893e-05,6m,1m,12m
2002-09-13,gamma2,-2.8510095058228514e-05,6m,1m,12m
2002-09-18,gamma2,-9.954177414602013e-05,6m,1m,12m
2002-09-19,gamma2,-7.880273759963443e-05,6m,1m,12m
2002-09-20,gamma2,-7.716933676501603e-05,6m,1m,12m
2002-09-23,gamma2,-1.5567316982210542e-05,6m,1m,12m
2002-09-24,gamma2,-4.800059224925002e-05,6m,1m,12m
2002-09-25,gamma2,2.531170663190171e-05,6m,1m,12m
2002-09-26,gamma2,2.649531600551267e-05,6m,1m,12m
2002-09-27,gamma2,-2.819381291555052e-05,6m,1m,12m
2002-09-30,gamma2,-3.373985757187094e-05,6m,1m,12m
2002-10-01,gamma2,-1.3195830682836232e-05,6m,1m,12m
2002-10-02,gamma2,-2.4547156751494916e-05,6m,1m,12m
2002-10-03,gamma2,-3.8361835432134605e-05,6m,1m,12m
2002-10-04,gamma2,-3.433135060833627e-06,6m,1m,12m
2002-10-07,gamma2,-2.042892164361058e-05,6m,1m,12m
2002-10-08,gamma2,9.498791225235778e-06,6m,1m,12m
2002-10-09,gamma2,-8.064187084762934e-06,6m,1m,12m
2002-10-10,gamma2,-1.0627757489916656e-05,6m,1m,12m
2002-10-11,gamma2,-1.938837515032934e-08,6m,1m,12m
2002-10-16,gamma2,-1.073179535328761e-05,6m,1m,12m
2002-10-17,gamma2,-1.5414428693378354e-05,6m,1m,12m
2002-10-18,gamma2,-1.1572092412996718e-05,6m,1m,12m
2002-10-21,gamma2,-2.6017477074487833e-05,6m,1m,12m
2002-10-22,gamma2,-1.638419419471073e-05,6m,1m,12m
2002-10-23,gamma2,-1.161771699295411e-05,6m,1m,12m
2002-10-24,gamma2,1.4345830510096017e-05,6m,1m,12m
2002-10-25,gamma2,-3.0805217382223854e-06,6m,1m,12m
2002-10-28,gamma2,7.786063051811044e-06,6m,1m,12m
2002-10-29,gamma2,2.865428700235003e-05,6m,1m,12m
2002-10-30,gamma2,1.4325590706232046e-05,6m,1m,12m
2002-10-31,gamma2,-1.2458172756333146e-05,6m,1m,12m
2002-11-01,gamma2,-1.4500470602362956e-06,6m,1m,12m
2002-11-04,gamma2,-7.051483791653464e-06,6m,1m,12m
2002-11-05,gamma2,-1.3019906147056005e-06,6m,1m,12m
2002-11-06,gamma2,1.1450153575496206e-05,6m,1m,12m
2002-11-07,gamma2,2.669121624587431e-05,6m,1m,12m
2002-11-08,gamma2,1.8247762859693587e-05,6m,1m,12m
2002-11-20,gamma2,2.881788316384245e-05,6m,1m,12m
2002-11-21,gamma2,3.2720059908550206e-06,6m,1m,12m
2002-11-22,gamma2,5.4839246980123215e-06,6m,1m,12m
2002-11-25,gamma2,1.2723270080700483e-05,6m,1m,12m
2002-11-26,gamma2,-1.4300347939710025e-06,6m,1m,12m
2002-11-27,gamma2,2.2500203197776484e-05,6m,1m,12m
2002-11-29,gamma2,-5.968264485793153e-06,6m,1m,12m
2002-12-02,gamma2,1.3033033025743685e-05,6m,1m,12m
2002-12-03,gamma2,3.353178039001158e-05,6m,1m,12m
2002-12-04,gamma2,1.9969209463025912e-05,6m,1m,12m
2002-12-05,gamma2,2.5454624765773916e-05,6m,1m,12m
2002-12-06,gamma2,2.6591047952699242e-05,6m,1m,12m
2002-12-09,gamma2,4.965871492780121e-06,6m,1m,12m
2002-12-10,gamma2,8.949940799216607e-06,6m,1m,12m
2002-12-11,gamma2,6.021823257917387e-06,6m,1m,12m
2002-12-12,gamma2,3.075530663879217e-05,6m,1m,12m
2002-12-13,gamma2,2.249193853101084e-05,6m,1m,12m
2002-12-18,gamma2,1.4985507353261697e-05,6m,1m,12m
2002-12-19,gamma2,1.708342428330925e-05,6m,1m,12m
2002-12-20,gamma2,2.0974264631373624e-05,6m,1m,12m
2002-12-23,gamma2,5.585416105839379e-05,6m,1m,12m
2002-12-24,gamma2,3.707159439337815e-05,6m,1m,12m
2002-12-26,gamma2,1.780683416374217e-05,6m,1m,12m
2002-12-27,gamma2,2.1656232600018426e-05,6m,1m,12m
2002-12-30,gamma2,3.119237878491495e-05,6m,1m,12m
2002-12-31,gamma2,3.6578604168668634e-05,6m,1m,12m
2003-01-02,gamma2,4.7203921363269895e-05,6m,1m,12m
2003-01-03,gamma2,4.524777954086209e-05,6m,1m,12m
2003-01-06,gamma2,4.580803378749848e-05,6m,1m,12m
2003-01-07,gamma2,5.477925657186079e-05,6m,1m,12m
2003-01-08,gamma2,5.705582820717893e-05,6m,1m,12m
2003-01-09,gamma2,3.896152486873248e-05,6m,1m,12m
2003-01-10,gamma2,3.107721443015681e-05,6m,1m,12m
2003-01-22,gamma2,8.787138687863977e-09,6m,1m,12m
2003-01-23,gamma2,1.134651449335734e-05,6m,1m,12m
2003-01-24,gamma2,-7.112932309923548e-06,6m,1m,12m
2003-01-27,gamma2,-1.834427538112813e-05,6m,1m,12m
2003-01-28,gamma2,1.141231319091906e-05,6m,1m,12m
2003-01-29,gamma2,9.029842181878788e-06,6m,1m,12m
2003-01-30,gamma2,1.927460708901082e-05,6m,1m,12m
2003-01-31,gamma2,2.4017602959802547e-05,6m,1m,12m
2003-02-03,gamma2,1.4197483992317788e-05,6m,1m,12m
2003-02-04,gamma2,1.965844471215136e-05,6m,1m,12m
2003-02-05,gamma2,1.2942136103638665e-05,6m,1m,12m
2003-02-06,gamma2,-9.187390243859524e-06,6m,1m,12m
2003-02-07,gamma2,-2.7524327826199513e-06,6m,1m,12m
2003-02-10,gamma2,1.1430798324918393e-05,6m,1m,12m
2003-02-11,gamma2,3.7014586258120185e-06,6m,1m,12m
2003-02-12,gamma2,-3.917450690213417e-06,6m,1m,12m
2003-02-13,gamma2,-6.975155237260959e-06,6m,1m,12m
2003-02-14,gamma2,2.0369152778529283e-05,6m,1m,12m
2003-02-19,gamma2,-1.0829038456509804e-05,6m,1m,12m
2003-02-20,gamma2,-8.650794949519174e-06,6m,1m,12m
2003-02-21,gamma2,-1.7515018794098392e-05,6m,1m,12m
2003-02-24,gamma2,-2.1131891206006106e-05,6m,1m,12m
2003-02-25,gamma2,-2.07066921102707e-05,6m,1m,12m
2003-02-26,gamma2,-5.691949150235443e-06,6m,1m,12m
2003-02-27,gamma2,-7.5679397547485645e-06,6m,1m,12m
2003-02-28,gamma2,8.48591647069187e-06,6m,1m,12m
2003-03-03,gamma2,1.6281052287620743e-06,6m,1m,12m
2003-03-04,gamma2,2.0495544585561623e-05,6m,1m,12m
2003-03-05,gamma2,1.839924546201121e-05,6m,1m,12m
2003-03-06,gamma2,2.129594596308153e-05,6m,1m,12m
2003-03-07,gamma2,3.701093929887956e-05,6m,1m,12m
2003-03-10,gamma2,1.8090879329742102e-05,6m,1m,12m
2003-03-11,gamma2,2.1492209359908726e-05,6m,1m,12m
2003-03-12,gamma2,3.1282597692066483e-05,6m,1m,12m
2003-03-13,gamma2,5.528182415875562e-06,6m,1m,12m
2003-03-14,gamma2,2.2632580170068366e-05,6m,1m,12m
2003-03-19,gamma2,-1.2150004553233784e-05,6m,1m,12m
2003-03-20,gamma2,-9.694015521151253e-06,6m,1m,12m
2003-03-21,gamma2,1.6209955624946895e-05,6m,1m,12m
2003-03-24,gamma2,-8.477342560472749e-06,6m,1m,12m
2003-03-25,gamma2,1.608246928773589e-05,6m,1m,12m
2003-03-26,gamma2,-1.2403868393009519e-05,6m,1m,12m
2003-03-27,gamma2,2.8828390307308625e-06,6m,1m,12m
2003-03-28,gamma2,1.7978259058653425e-05,6m,1m,12m
2003-03-31,gamma2,1.0942955739109578e-05,6m,1m,12m
2003-04-01,gamma2,3.3283444074062624e-05,6m,1m,12m
2003-04-02,gamma2,2.4692467464985527e-05,6m,1m,12m
2003-04-03,gamma2,1.783165705569517e-05,6m,1m,12m
2003-04-04,gamma2,3.0318780431180787e-05,6m,1m,12m
2003-04-07,gamma2,2.1648843968172333e-05,6m,1m,12m
2003-04-08,gamma2,2.850380368716298e-05,6m,1m,12m
2003-04-09,gamma2,3.2608413912306e-05,6m,1m,12m
2003-04-10,gamma2,1.3658396313918512e-05,6m,1m,12m
2003-04-11,gamma2,2.1709514776699778e-05,6m,1m,12m
2003-04-16,gamma2,1.3429458670013228e-05,6m,1m,12m
2003-04-17,gamma2,-3.6244293950422953e-07,6m,1m,12m
2003-04-21,gamma2,2.0622945462415586e-05,6m,1m,12m
2003-04-22,gamma2,3.6391106147611714e-05,6m,1m,12m
2003-04-23,gamma2,1.1522038271037726e-05,6m,1m,12m
2003-04-24,gamma2,2.5428723409038684e-05,6m,1m,12m
2003-04-25,gamma2,2.6494072845430226e-05,6m,1m,12m
2003-04-28,gamma2,1.8837494674984686e-05,6m,1m,12m
2003-04-29,gamma2,2.005211294151488e-05,6m,1m,12m
2003-04-30,gamma2,9.911400429582462e-06,6m,1m,12m
2003-05-01,gamma2,2.6558661595532233e-05,6m,1m,12m
2003-05-02,gamma2,1.7426929910886614e-05,6m,1m,12m
2003-05-05,gamma2,2.4456830544039692e-05,6m,1m,12m
2003-05-06,gamma2,2.2038955776537177e-05,6m,1m,12m
2003-05-07,gamma2,4.1064350211155565e-05,6m,1m,12m
2003-05-08,gamma2,4.9721261023231106e-05,6m,1m,12m
2003-05-09,gamma2,4.3013998822037296e-05,6m,1m,12m
2003-05-21,gamma2,5.697203584559185e-05,6m,1m,12m
2003-05-22,gamma2,2.670653001243231e-05,6m,1m,12m
2003-05-23,gamma2,3.486979541976114e-05,6m,1m,12m
2003-05-27,gamma2,2.497694231961182e-05,6m,1m,12m
2003-05-28,gamma2,2.3421778567695318e-05,6m,1m,12m
2003-05-29,gamma2,2.954087004455474e-05,6m,1m,12m
2003-05-30,gamma2,3.0963249700656346e-05,6m,1m,12m
2003-06-02,gamma2,-2.7903727844557245e-05,6m,1m,12m
2003-06-03,gamma2,3.243767879801279e-05,6m,1m,12m
2003-06-04,gamma2,1.577159685249154e-05,6m,1m,12m
2003-06-05,gamma2,3.043350516079194e-05,6m,1m,12m
2003-06-06,gamma2,1.9541937735927772e-05,6m,1m,12m
2003-06-09,gamma2,2.6819273353545954e-05,6m,1m,12m
2003-06-10,gamma2,1.9870870544467037e-05,6m,1m,12m
2003-06-11,gamma2,1.8596011921214927e-05,6m,1m,12m
2003-06-12,gamma2,3.1999454327880875e-05,6m,1m,12m
2003-06-13,gamma2,3.571799136084154e-05,6m,1m,12m
2003-06-18,gamma2,1.754441844378055e-05,6m,1m,12m
2003-06-19,gamma2,2.141928870819311e-05,6m,1m,12m
2003-06-20,gamma2,3.559163524157458e-05,6m,1m,12m
2003-06-23,gamma2,1.2650131496082251e-05,6m,1m,12m
2003-06-24,gamma2,1.1395405831643371e-05,6m,1m,12m
2003-06-25,gamma2,1.3536385208317442e-05,6m,1m,12m
2003-06-26,gamma2,2.027208539487872e-05,6m,1m,12m
2003-06-27,gamma2,1.2413273378730923e-05,6m,1m,12m
2003-06-30,gamma2,3.2006786731508477e-05,6m,1m,12m
2003-07-01,gamma2,2.9906867974361477e-05,6m,1m,12m
2003-07-02,gamma2,2.726728120358919e-05,6m,1m,12m
2003-07-03,gamma2,4.025166216111203e-05,6m,1m,12m
2003-07-07,gamma2,2.3144252441869987e-05,6m,1m,12m
2003-07-08,gamma2,3.4176626685680115e-05,6m,1m,12m
2003-07-09,gamma2,3.3290633486684836e-05,6m,1m,12m
2003-07-10,gamma2,3.238089206399446e-05,6m,1m,12m
2003-07-11,gamma2,3.6220868779908585e-05,6m,1m,12m
2003-07-16,gamma2,5.322090995676844e-05,6m,1m,12m
2003-07-17,gamma2,5.7308892480026156e-05,6m,1m,12m
2003-07-18,gamma2,4.501347432130091e-05,6m,1m,12m
2003-07-21,gamma2,2.5204579185798746e-05,6m,1m,12m
2003-07-22,gamma2,3.196196923301419e-05,6m,1m,12m
2003-07-23,gamma2,2.1263834075806387e-05,6m,1m,12m
2003-07-24,gamma2,2.6275893027528657e-05,6m,1m,12m
2003-07-25,gamma2,2.9829257994529147e-05,6m,1m,12m
2003-07-28,gamma2,2.4051863057052444e-05,6m,1m,12m
2003-07-29,gamma2,2.9673104703649988e-05,6m,1m,12m
2003-07-30,gamma2,2.7469653183050617e-05,6m,1m,12m
2003-07-31,gamma2,3.298742468976514e-05,6m,1m,12m
2003-08-01,gamma2,2.4760476987869595e-05,6m,1m,12m
2003-08-04,gamma2,2.8833154465737577e-05,6m,1m,12m
2003-08-05,gamma2,4.8995811775908634e-05,6m,1m,12m
2003-08-06,gamma2,3.07462469818261e-05,6m,1m,12m
2003-08-07,gamma2,2.3915517084270012e-05,6m,1m,12m
2003-08-08,gamma2,2.8435273271547397e-05,6m,1m,12m
2003-08-20,gamma2,2.4402466777353146e-05,6m,1m,12m
2003-08-21,gamma2,2.7922985776048428e-05,6m,1m,12m
2003-08-22,gamma2,2.3013406929728834e-05,6m,1m,12m
2003-08-25,gamma2,2.5350095807418507e-05,6m,1m,12m
2003-08-26,gamma2,2.4050167211245347e-05,6m,1m,12m
2003-08-27,gamma2,2.3463835510045087e-05,6m,1m,12m
2003-08-28,gamma2,2.3270497911904272e-05,6m,1m,12m
2003-08-29,gamma2,2.6886580943990708e-05,6m,1m,12m
2003-09-02,gamma2,2.9870907497025616e-05,6m,1m,12m
2003-09-03,gamma2,4.182969348013387e-05,6m,1m,12m
2003-09-04,gamma2,3.6372481114319794e-05,6m,1m,12m
2003-09-05,gamma2,3.5736474273529735e-05,6m,1m,12m
2003-09-08,gamma2,3.2780240076604065e-05,6m,1m,12m
2003-09-09,gamma2,3.826407895156873e-05,6m,1m,12m
2003-09-10,gamma2,4.184820392838801e-05,6m,1m,12m
2003-09-11,gamma2,3.630925598375416e-05,6m,1m,12m
2003-09-12,gamma2,4.354184170858537e-05,6m,1m,12m
2003-09-17,gamma2,3.131087289512003e-05,6m,1m,12m
2003-09-18,gamma2,2.7209950273910504e-05,6m,1m,12m
2003-09-19,gamma2,3.003638415485286e-05,6m,1m,12m
2003-09-22,gamma2,3.903161826997924e-05,6m,1m,12m
2003-09-23,gamma2,4.7615951606559045e-05,6m,1m,12m
2003-09-24,gamma2,4.400297319023186e-05,6m,1m,12m
2003-09-25,gamma2,4.5635494029872024e-05,6m,1m,12m
2003-09-26,gamma2,5.423513685848337e-05,6m,1m,12m
2003-09-29,gamma2,4.541922233389335e-05,6m,1m,12m
2003-09-30,gamma2,5.802866919188366e-05,6m,1m,12m
2003-10-01,gamma2,3.7797137723619704e-05,6m,1m,12m
2003-10-02,gamma2,6.874321635270093e-05,6m,1m,12m
2003-10-03,gamma2,5.60763741980542e-05,6m,1m,12m
2003-10-06,gamma2,6.225413991548315e-05,6m,1m,12m
2003-10-07,gamma2,5.6507311085674486e-05,6m,1m,12m
2003-10-08,gamma2,5.462422516256429e-05,6m,1m,12m
2003-10-09,gamma2,5.487982049462898e-05,6m,1m,12m
2003-10-10,gamma2,6.371507616102259e-05,6m,1m,12m
2003-10-22,gamma2,4.169015692186122e-05,6m,1m,12m
2003-10-23,gamma2,5.1769301872381264e-05,6m,1m,12m
2003-10-24,gamma2,4.603577963631616e-05,6m,1m,12m
2003-10-27,gamma2,4.3798233992099456e-05,6m,1m,12m
2003-10-28,gamma2,3.396624892244157e-05,6m,1m,12m
2003-10-29,gamma2,3.0801417472581554e-05,6m,1m,12m
2003-10-30,gamma2,3.1543563929577805e-05,6m,1m,12m
2003-10-31,gamma2,3.6877229861613324e-05,6m,1m,12m
2003-11-03,gamma2,2.49527497614883e-05,6m,1m,12m
2003-11-04,gamma2,3.4729325266310616e-05,6m,1m,12m
2003-11-05,gamma2,3.855468645128815e-05,6m,1m,12m
2003-11-06,gamma2,2.9277985993336238e-05,6m,1m,12m
2003-11-07,gamma2,3.4819233129296066e-05,6m,1m,12m
2003-11-10,gamma2,3.379374905426278e-05,6m,1m,12m
2003-11-11,gamma2,2.9837251972355652e-05,6m,1m,12m
2003-11-12,gamma2,2.3566727031966444e-05,6m,1m,12m
2003-11-13,gamma2,2.528996540858053e-05,6m,1m,12m
2003-11-14,gamma2,2.46805628237891e-05,6m,1m,12m
2003-11-19,gamma2,1.850782085153117e-05,6m,1m,12m
2003-11-20,gamma2,1.7227413773029277e-05,6m,1m,12m
2003-11-21,gamma2,1.752758922102973e-05,6m,1m,12m
2003-11-24,gamma2,1.704280199339494e-05,6m,1m,12m
2003-11-25,gamma2,2.0258761971287168e-05,6m,1m,12m
2003-11-26,gamma2,1.2812435186939652e-05,6m,1m,12m
2003-11-28,gamma2,2.1854313522153942e-05,6m,1m,12m
2003-12-01,gamma2,7.399774511554346e-06,6m,1m,12m
2003-12-02,gamma2,1.769277647792092e-05,6m,1m,12m
2003-12-03,gamma2,1.805357722667411e-05,6m,1m,12m
2003-12-04,gamma2,2.043193558587082e-05,6m,1m,12m
2003-12-05,gamma2,2.8527331380086813e-05,6m,1m,12m
2003-12-08,gamma2,1.5049903027070983e-05,6m,1m,12m
2003-12-09,gamma2,2.2405808157197643e-05,6m,1m,12m
2003-12-10,gamma2,2.7207175465675947e-05,6m,1m,12m
2003-12-11,gamma2,1.9395073125526928e-05,6m,1m,12m
2003-12-12,gamma2,2.0334860318905904e-05,6m,1m,12m
2003-12-17,gamma2,1.4284861755254193e-05,6m,1m,12m
2003-12-18,gamma2,6.561179892506994e-06,6m,1m,12m
2003-12-19,gamma2,7.446894718999527e-06,6m,1m,12m
2003-12-22,gamma2,3.467463152412202e-05,6m,1m,12m
2003-12-23,gamma2,4.391207362732448e-07,6m,1m,12m
2003-12-24,gamma2,2.5668488257138407e-05,6m,1m,12m
2003-12-26,gamma2,2.1313687518128173e-05,6m,1m,12m
2003-12-29,gamma2,1.7732723615639108e-05,6m,1m,12m
2003-12-30,gamma2,1.0764741838284267e-05,6m,1m,12m
2003-12-31,gamma2,1.3098157043543738e-05,6m,1m,12m
2004-01-02,gamma2,1.1977714225226385e-05,6m,1m,12m
2004-01-05,gamma2,1.849699092636204e-05,6m,1m,12m
2004-01-06,gamma2,2.1703801508945394e-05,6m,1m,12m
2004-01-07,gamma2,2.1577739571661132e-05,6m,1m,12m
2004-01-08,gamma2,1.3382725024347957e-05,6m,1m,12m
2004-01-09,gamma2,2.5445948081000183e-05,6m,1m,12m
2004-01-21,gamma2,1.794068895309671e-05,6m,1m,12m
2004-01-22,gamma2,1.2975008712294734e-05,6m,1m,12m
2004-01-23,gamma2,1.8397311486754962e-05,6m,1m,12m
2004-01-26,gamma2,2.177489447806483e-05,6m,1m,12m
2004-01-27,gamma2,2.22710132146981e-05,6m,1m,12m
2004-01-28,gamma2,2.2966451197740953e-05,6m,1m,12m
2004-01-29,gamma2,2.5545171944144602e-05,6m,1m,12m
2004-01-30,gamma2,2.056643236115167e-05,6m,1m,12m
2004-02-02,gamma2,1.821103170105442e-05,6m,1m,12m
2004-02-03,gamma2,1.2704390224461131e-05,6m,1m,12m
2004-02-04,gamma2,1.5929668770858322e-05,6m,1m,12m
2004-02-05,gamma2,5.880725132443457e-06,6m,1m,12m
2004-02-06,gamma2,1.097128004399009e-05,6m,1m,12m
2004-02-09,gamma2,1.9034225355776772e-05,6m,1m,12m
2004-02-10,gamma2,7.687544707341836e-06,6m,1m,12m
2004-02-11,gamma2,6.6489287851170605e-06,6m,1m,12m
2004-02-12,gamma2,5.546193212792208e-06,6m,1m,12m
2004-02-13,gamma2,2.019745395901498e-05,6m,1m,12m
2004-02-18,gamma2,7.997156103753303e-06,6m,1m,12m
2004-02-19,gamma2,9.913160230750947e-06,6m,1m,12m
2004-02-20,gamma2,1.8311363277439788e-05,6m,1m,12m
2004-02-23,gamma2,3.890681946453851e-06,6m,1m,12m
2004-02-24,gamma2,5.1667574329832816e-06,6m,1m,12m
2004-02-25,gamma2,1.3463732385059349e-05,6m,1m,12m
2004-02-26,gamma2,1.4024695574932313e-05,6m,1m,12m
2004-02-27,gamma2,1.719623433222523e-05,6m,1m,12m
2004-03-01,gamma2,1.2683584262779113e-05,6m,1m,12m
2004-03-02,gamma2,1.2742869597266256e-05,6m,1m,12m
2004-03-03,gamma2,1.448591262134535e-05,6m,1m,12m
2004-03-04,gamma2,1.562070414262872e-05,6m,1m,12m
2004-03-05,gamma2,1.29515730916416e-05,6m,1m,12m
2004-03-08,gamma2,1.5202222271367078e-05,6m,1m,12m
2004-03-09,gamma2,1.6552127303835344e-05,6m,1m,12m
2004-03-10,gamma2,1.1559431228701228e-05,6m,1m,12m
2004-03-11,gamma2,5.3751764282052685e-05,6m,1m,12m
2004-03-12,gamma2,8.112562813851977e-06,6m,1m,12m
2004-03-17,gamma2,-1.2417329689458466e-07,6m,1m,12m
2004-03-18,gamma2,9.818969733718088e-06,6m,1m,12m
2004-03-19,gamma2,1.2311776793538198e-05,6m,1m,12m
2004-03-22,gamma2,5.637454242505941e-06,6m,1m,12m
2004-03-23,gamma2,1.8238778951234963e-05,6m,1m,12m
2004-03-24,gamma2,1.8331217634993307e-05,6m,1m,12m
2004-03-25,gamma2,1.829935592531653e-05,6m,1m,12m
2004-03-26,gamma2,2.3858656062642646e-05,6m,1m,12m
2004-03-29,gamma2,1.4486249630898824e-05,6m,1m,12m
2004-03-30,gamma2,2.0376995978675695e-05,6m,1m,12m
2004-03-31,gamma2,1.4369596683250185e-05,6m,1m,12m
2004-04-01,gamma2,2.150252099218967e-05,6m,1m,12m
2004-04-02,gamma2,1.8141221583628475e-05,6m,1m,12m
2004-04-05,gamma2,1.619158583301811e-05,6m,1m,12m
2004-04-06,gamma2,1.427822671882381e-05,6m,1m,12m
2004-04-07,gamma2,2.3970339788330294e-05,6m,1m,12m
2004-04-08,gamma2,2.4314866735236863e-05,6m,1m,12m
2004-04-21,gamma2,1.5498036782483807e-05,6m,1m,12m
2004-04-22,gamma2,8.137136902801121e-06,6m,1m,12m
2004-04-23,gamma2,2.1630506340816258e-05,6m,1m,12m
2004-04-26,gamma2,1.9624935053544776e-05,6m,1m,12m
2004-04-27,gamma2,1.968659478136669e-05,6m,1m,12m
2004-04-28,gamma2,1.95675574214873e-05,6m,1m,12m
2004-04-29,gamma2,2.100087645581395e-05,6m,1m,12m
2004-04-30,gamma2,1.381343437206595e-05,6m,1m,12m
2004-05-03,gamma2,2.8048147023294424e-05,6m,1m,12m
2004-05-04,gamma2,2.3267299876327755e-05,6m,1m,12m
2004-05-05,gamma2,2.4694291937214892e-05,6m,1m,12m
2004-05-06,gamma2,2.8705609646441244e-05,6m,1m,12m
2004-05-07,gamma2,3.465440699839984e-05,6m,1m,12m
2004-05-10,gamma2,2.92878610211822e-05,6m,1m,12m
2004-05-11,gamma2,2.539676666157487e-05,6m,1m,12m
2004-05-12,gamma2,3.006140065146852e-05,6m,1m,12m
2004-05-13,gamma2,3.599037108029985e-05,6m,1m,12m
2004-05-14,gamma2,3.607911513228991e-05,6m,1m,12m
2004-05-19,gamma2,3.0050781614394906e-05,6m,1m,12m
2004-05-20,gamma2,2.91916944046466e-05,6m,1m,12m
2004-05-21,gamma2,2.5389701245183534e-05,6m,1m,12m
2004-05-24,gamma2,2.3001351015231888e-05,6m,1m,12m
2004-05-25,gamma2,1.440447275297082e-05,6m,1m,12m
2004-05-26,gamma2,1.2880705950065719e-05,6m,1m,12m
2004-05-27,gamma2,1.9654703580399825e-05,6m,1m,12m
2004-05-28,gamma2,1.2909273977551715e-05,6m,1m,12m
2004-06-01,gamma2,1.990965402969477e-05,6m,1m,12m
2004-06-02,gamma2,1.702865360318349e-05,6m,1m,12m
2004-06-03,gamma2,2.6039327312703856e-05,6m,1m,12m
2004-06-04,gamma2,2.7743341936476856e-05,6m,1m,12m
2004-06-07,gamma2,3.109973764418264e-05,6m,1m,12m
2004-06-08,gamma2,2.712776346612186e-05,6m,1m,12m
2004-06-09,gamma2,2.568120551107639e-05,6m,1m,12m
2004-06-10,gamma2,1.8381643503036975e-05,6m,1m,12m
2004-06-16,gamma2,2.7696711329131157e-05,6m,1m,12m
2004-06-17,gamma2,3.474047620615311e-05,6m,1m,12m
2004-06-18,gamma2,2.3093327841093486e-05,6m,1m,12m
2004-06-21,gamma2,5.961297516468453e-06,6m,1m,12m
2004-06-22,gamma2,3.1118957259761275e-05,6m,1m,12m
2004-06-23,gamma2,1.848611368050316e-05,6m,1m,12m
2004-06-24,gamma2,3.6613810429479056e-05,6m,1m,12m
2004-06-25,gamma2,3.6242010353482004e-05,6m,1m,12m
2004-06-28,gamma2,2.828747538880959e-05,6m,1m,12m
2004-06-29,gamma2,3.6504267872236716e-05,6m,1m,12m
2004-06-30,gamma2,2.1090767645025636e-05,6m,1m,12m
2004-07-01,gamma2,2.0704335311547968e-05,6m,1m,12m
2004-07-02,gamma2,2.1836099448571467e-05,6m,1m,12m
2004-07-06,gamma2,3.669693135754219e-05,6m,1m,12m
2004-07-07,gamma2,3.1382461288187056e-05,6m,1m,12m
2004-07-08,gamma2,3.869737553169661e-05,6m,1m,12m
2004-07-09,gamma2,4.322177733644654e-05,6m,1m,12m
2004-07-21,gamma2,1.9168488601924043e-05,6m,1m,12m
2004-07-22,gamma2,3.0316136395634285e-05,6m,1m,12m
2004-07-23,gamma2,2.3499593755157203e-05,6m,1m,12m
2004-07-26,gamma2,2.8499413399428228e-05,6m,1m,12m
2004-07-27,gamma2,1.2978379524017096e-05,6m,1m,12m
2004-07-28,gamma2,2.3498549074166313e-05,6m,1m,12m
2004-07-29,gamma2,2.825904824548342e-05,6m,1m,12m
2004-07-30,gamma2,1.4577875113763089e-05,6m,1m,12m
2004-08-02,gamma2,2.2804411373771558e-05,6m,1m,12m
2004-08-03,gamma2,2.8621732539934293e-05,6m,1m,12m
2004-08-04,gamma2,1.8010476235023465e-05,6m,1m,12m
2004-08-05,gamma2,3.1369320830600216e-05,6m,1m,12m
2004-08-06,gamma2,4.384768378437678e-05,6m,1m,12m
2004-08-09,gamma2,4.1337972044393674e-05,6m,1m,12m
2004-08-10,gamma2,2.900732816295104e-05,6m,1m,12m
2004-08-11,gamma2,2.442753885510227e-05,6m,1m,12m
2004-08-12,gamma2,4.4574315251067646e-05,6m,1m,12m
2004-08-13,gamma2,3.197037380782882e-05,6m,1m,12m
2004-08-18,gamma2,1.2598155775740233e-05,6m,1m,12m
2004-08-19,gamma2,2.5458344699357073e-05,6m,1m,12m
2004-08-20,gamma2,2.9631102955666705e-05,6m,1m,12m
2004-08-23,gamma2,2.5249902062704147e-05,6m,1m,12m
2004-08-24,gamma2,3.88706055459631e-05,6m,1m,12m
2004-08-25,gamma2,3.013321248254617e-05,6m,1m,12m
2004-08-26,gamma2,1.8893449038326755e-05,6m,1m,12m
2004-08-27,gamma2,2.088650358855022e-05,6m,1m,12m
2004-08-30,gamma2,1.745090087302805e-05,6m,1m,12m
2004-08-31,gamma2,1.650649775851259e-05,6m,1m,12m
2004-09-01,gamma2,1.4434240004221142e-05,6m,1m,12m
2004-09-02,gamma2,1.6667693912822095e-05,6m,1m,12m
2004-09-03,gamma2,1.61344899834675e-05,6m,1m,12m
2004-09-07,gamma2,1.9590429278073016e-05,6m,1m,12m
2004-09-08,gamma2,1.4664037743509982e-05,6m,1m,12m
2004-09-09,gamma2,1.2866898161118614e-05,6m,1m,12m
2004-09-10,gamma2,1.7785927818403453e-05,6m,1m,12m
2004-09-15,gamma2,1.5368575781325422e-05,6m,1m,12m
2004-09-16,gamma2,2.600588010912926e-05,6m,1m,12m
2004-09-17,gamma2,1.2872132422789539e-05,6m,1m,12m
2004-09-20,gamma2,6.2843626898301075e-06,6m,1m,12m
2004-09-21,gamma2,1.8263701205888218e-06,6m,1m,12m
2004-09-22,gamma2,1.976779892172084e-06,6m,1m,12m
2004-09-23,gamma2,5.213315536353955e-06,6m,1m,12m
2004-09-24,gamma2,1.2171603599937955e-05,6m,1m,12m
2004-09-27,gamma2,2.3279593944578333e-05,6m,1m,12m
2004-09-28,gamma2,5.6781663197695705e-06,6m,1m,12m
2004-09-29,gamma2,9.582970107403062e-06,6m,1m,12m
2004-09-30,gamma2,3.1204036358892013e-05,6m,1m,12m
2004-10-01,gamma2,2.3847345035829213e-05,6m,1m,12m
2004-10-04,gamma2,6.463290687700077e-06,6m,1m,12m
2004-10-05,gamma2,7.725479093015578e-06,6m,1m,12m
2004-10-06,gamma2,1.3025073903618886e-05,6m,1m,12m
2004-10-07,gamma2,1.7118053233569822e-05,6m,1m,12m
2004-10-08,gamma2,1.3140953948093895e-05,6m,1m,12m
2004-10-20,gamma2,4.9763725884392234e-06,6m,1m,12m
2004-10-21,gamma2,1.1273757873947009e-05,6m,1m,12m
2004-10-22,gamma2,5.994485505122024e-06,6m,1m,12m
2004-10-25,gamma2,1.0036452774989891e-05,6m,1m,12m
2004-10-26,gamma2,1.2105813214942172e-05,6m,1m,12m
2004-10-27,gamma2,1.4340742962564128e-05,6m,1m,12m
2004-10-28,gamma2,1.3691800653675175e-05,6m,1m,12m
2004-10-29,gamma2,1.8735751264620615e-05,6m,1m,12m
2004-11-01,gamma2,1.0197378312558695e-05,6m,1m,12m
2004-11-02,gamma2,1.4646679356784906e-05,6m,1m,12m
2004-11-03,gamma2,1.2267331388574964e-05,6m,1m,12m
2004-11-04,gamma2,1.112170131072058e-05,6m,1m,12m
2004-11-05,gamma2,1.4634178142834711e-05,6m,1m,12m
2004-11-08,gamma2,2.6524978541076194e-05,6m,1m,12m
2004-11-09,gamma2,1.9620078246943096e-05,6m,1m,12m
2004-11-10,gamma2,2.3797850701387598e-05,6m,1m,12m
2004-11-11,gamma2,1.7416722749876732e-05,6m,1m,12m
2004-11-12,gamma2,1.3734034873442375e-05,6m,1m,12m
2004-11-17,gamma2,2.16157776597216e-05,6m,1m,12m
2004-11-18,gamma2,1.963561869894933e-05,6m,1m,12m
2004-11-19,gamma2,1.4634901238600003e-05,6m,1m,12m
2004-11-22,gamma2,2.0416231406166807e-05,6m,1m,12m
2004-11-23,gamma2,2.248064701189474e-05,6m,1m,12m
2004-11-24,gamma2,2.0851032570940947e-05,6m,1m,12m
2004-11-26,gamma2,1.6073190269141636e-05,6m,1m,12m
2004-11-29,gamma2,2.015389813042825e-05,6m,1m,12m
2004-11-30,gamma2,2.514145007250334e-05,6m,1m,12m
2004-12-01,gamma2,1.8514412996333122e-05,6m,1m,12m
2004-12-02,gamma2,2.1236450185651864e-05,6m,1m,12m
2004-12-03,gamma2,2.25405596119831e-05,6m,1m,12m
2004-12-06,gamma2,1.3309948139592945e-05,6m,1m,12m
2004-12-07,gamma2,2.504095494817606e-05,6m,1m,12m
2004-12-08,gamma2,2.453798750815424e-05,6m,1m,12m
2004-12-09,gamma2,1.9830019017760374e-05,6m,1m,12m
2004-12-10,gamma2,2.497316397115516e-05,6m,1m,12m
2004-12-22,gamma2,2.3169588795642892e-05,6m,1m,12m
2004-12-23,gamma2,2.091162986160219e-05,6m,1m,12m
2004-12-27,gamma2,2.3949874616761136e-05,6m,1m,12m
2004-12-28,gamma2,2.1254447660985606e-05,6m,1m,12m
2004-12-29,gamma2,9.182684619520747e-06,6m,1m,12m
2004-12-30,gamma2,9.785494404808026e-06,6m,1m,12m
2004-12-31,gamma2,1.1363829242959775e-05,6m,1m,12m
2005-01-03,gamma2,1.1734469499839325e-05,6m,1m,12m
2005-01-04,gamma2,1.0807444394590662e-05,6m,1m,12m
2005-01-05,gamma2,6.218607927428042e-06,6m,1m,12m
2005-01-06,gamma2,1.3424931791638562e-05,6m,1m,12m
2005-01-07,gamma2,8.158829403377032e-06,6m,1m,12m
2005-01-10,gamma2,1.3197097178465828e-05,6m,1m,12m
2005-01-11,gamma2,1.772066182676205e-05,6m,1m,12m
2005-01-12,gamma2,1.7117433303372087e-05,6m,1m,12m
2005-01-13,gamma2,1.9899885575700015e-05,6m,1m,12m
2005-01-14,gamma2,1.8282443733690256e-06,6m,1m,12m
2005-01-19,gamma2,-2.56548840603721e-06,6m,1m,12m
2005-01-20,gamma2,-2.7612785036341454e-06,6m,1m,12m
2005-01-21,gamma2,9.588218579350946e-06,6m,1m,12m
2005-01-24,gamma2,1.324188704890985e-05,6m,1m,12m
2005-01-25,gamma2,1.710593759485806e-05,6m,1m,12m
2005-01-26,gamma2,1.3626696529299032e-05,6m,1m,12m
2005-01-27,gamma2,1.4023243945821406e-05,6m,1m,12m
2005-01-28,gamma2,1.6777885262799202e-05,6m,1m,12m
2005-01-31,gamma2,1.6745296507348987e-05,6m,1m,12m
2005-02-01,gamma2,1.6390072821814792e-05,6m,1m,12m
2005-02-02,gamma2,1.2858835794429662e-05,6m,1m,12m
2005-02-03,gamma2,1.5368961313596827e-05,6m,1m,12m
2005-02-04,gamma2,1.1191245191523547e-05,6m,1m,12m
2005-02-07,gamma2,1.3605354615440598e-05,6m,1m,12m
2005-02-08,gamma2,9.273472656667885e-06,6m,1m,12m
2005-02-09,gamma2,1.6803254622473213e-05,6m,1m,12m
2005-02-10,gamma2,1.7103510170906784e-05,6m,1m,12m
2005-02-11,gamma2,1.6938503791929604e-05,6m,1m,12m
2005-02-16,gamma2,1.4942910903513958e-05,6m,1m,12m
2005-02-17,gamma2,1.3261141468511346e-05,6m,1m,12m
2005-02-18,gamma2,1.0008509843310922e-05,6m,1m,12m
2005-02-22,gamma2,1.638004746563802e-05,6m,1m,12m
2005-02-23,gamma2,9.574136965922709e-06,6m,1m,12m
2005-02-24,gamma2,8.593073753889576e-06,6m,1m,12m
2005-02-25,gamma2,9.013389337334114e-06,6m,1m,12m
2005-02-28,gamma2,2.008787524122839e-05,6m,1m,12m
2005-03-01,gamma2,8.627867533910097e-06,6m,1m,12m
2005-03-02,gamma2,1.1041744353772506e-05,6m,1m,12m
2005-03-03,gamma2,8.409986607840192e-06,6m,1m,12m
2005-03-04,gamma2,4.9771818862156776e-06,6m,1m,12m
2005-03-07,gamma2,6.123599421495309e-06,6m,1m,12m
2005-03-08,gamma2,1.027286390575144e-05,6m,1m,12m
2005-03-09,gamma2,4.135839309645952e-06,6m,1m,12m
2005-03-10,gamma2,1.5327973918437045e-05,6m,1m,12m
2005-03-11,gamma2,2.0378617283685467e-05,6m,1m,12m
2005-03-16,gamma2,1.6021299311463375e-05,6m,1m,12m
2005-03-17,gamma2,1.62855739493545e-05,6m,1m,12m
2005-03-18,gamma2,4.969702792794491e-06,6m,1m,12m
2005-03-21,gamma2,2.044307839978921e-05,6m,1m,12m
2005-03-22,gamma2,2.2142440959246035e-05,6m,1m,12m
2005-03-23,gamma2,3.398223124511335e-05,6m,1m,12m
2005-03-24,gamma2,2.586400912718945e-05,6m,1m,12m
2005-03-28,gamma2,3.773979074208863e-05,6m,1m,12m
2005-03-29,gamma2,4.3436094791569094e-05,6m,1m,12m
2005-03-30,gamma2,1.6522817083406955e-05,6m,1m,12m
2005-03-31,gamma2,1.0993706369551338e-05,6m,1m,12m
2005-04-01,gamma2,5.776481175215912e-06,6m,1m,12m
2005-04-04,gamma2,5.248882842960173e-06,6m,1m,12m
2005-04-05,gamma2,2.4999833896617972e-05,6m,1m,12m
2005-04-06,gamma2,2.4053392109002167e-05,6m,1m,12m
2005-04-07,gamma2,1.5749884736909227e-05,6m,1m,12m
2005-04-08,gamma2,1.7391446499524887e-05,6m,1m,12m
2005-04-20,gamma2,2.234380459279735e-05,6m,1m,12m
2005-04-21,gamma2,7.846526572054438e-06,6m,1m,12m
2005-04-22,gamma2,1.5621878510914055e-05,6m,1m,12m
2005-04-25,gamma2,5.620051428946504e-06,6m,1m,12m
2005-04-26,gamma2,1.037033380333702e-05,6m,1m,12m
2005-04-27,gamma2,2.3532255494943166e-06,6m,1m,12m
2005-04-28,gamma2,3.159803153575296e-06,6m,1m,12m
2005-04-29,gamma2,-2.1551774387442335e-06,6m,1m,12m
2005-05-02,gamma2,2.981124844579025e-06,6m,1m,12m
2005-05-03,gamma2,9.88292645656896e-06,6m,1m,12m
2005-05-04,gamma2,1.3642479863936973e-06,6m,1m,12m
2005-05-05,gamma2,8.613759323708342e-06,6m,1m,12m
2005-05-06,gamma2,2.365118832436843e-05,6m,1m,12m
2005-05-09,gamma2,6.638331854047453e-06,6m,1m,12m
2005-05-10,gamma2,1.4688511087297963e-05,6m,1m,12m
2005-05-11,gamma2,1.0972706147566564e-05,6m,1m,12m
2005-05-12,gamma2,1.612697440382356e-05,6m,1m,12m
2005-05-13,gamma2,1.7665183990811225e-05,6m,1m,12m
2005-05-18,gamma2,5.80080327807644e-06,6m,1m,12m
2005-05-19,gamma2,7.3011842012304305e-06,6m,1m,12m
2005-05-20,gamma2,1.1539291793226514e-05,6m,1m,12m
2005-05-23,gamma2,1.6235404920667647e-05,6m,1m,12m
2005-05-24,gamma2,9.54242583728097e-06,6m,1m,12m
2005-05-25,gamma2,1.4581981491576742e-05,6m,1m,12m
2005-05-26,gamma2,8.294365819372645e-06,6m,1m,12m
2005-05-27,gamma2,1.2121305185403222e-05,6m,1m,12m
2005-05-31,gamma2,1.1281831540997391e-05,6m,1m,12m
2005-06-01,gamma2,3.5540080003865287e-06,6m,1m,12m
2005-06-02,gamma2,7.803593708584995e-06,6m,1m,12m
2005-06-03,gamma2,1.6082987333440255e-05,6m,1m,12m
2005-06-06,gamma2,4.531267873268334e-06,6m,1m,12m
2005-06-07,gamma2,5.610864446923821e-06,6m,1m,12m
2005-06-08,gamma2,1.0954475896947372e-05,6m,1m,12m
2005-06-09,gamma2,1.399789206073891e-05,6m,1m,12m
2005-06-10,gamma2,1.1027015336842774e-05,6m,1m,12m
2005-06-15,gamma2,1.5683458177237895e-05,6m,1m,12m
2005-06-16,gamma2,1.0126366571489613e-05,6m,1m,12m
2005-06-17,gamma2,8.280483152810475e-06,6m,1m,12m
2005-06-20,gamma2,6.295738829464915e-06,6m,1m,12m
2005-06-21,gamma2,1.303575709501938e-05,6m,1m,12m
2005-06-22,gamma2,1.4985474698901697e-05,6m,1m,12m
2005-06-23,gamma2,1.6211055365377916e-05,6m,1m,12m
2005-06-24,gamma2,1.9713367979518878e-05,6m,1m,12m
2005-06-27,gamma2,1.9638509388701498e-05,6m,1m,12m
2005-06-28,gamma2,1.3079170996898642e-05,6m,1m,12m
2005-06-29,gamma2,1.4815964612102516e-05,6m,1m,12m
2005-06-30,gamma2,1.9157779890645167e-05,6m,1m,12m
2005-07-01,gamma2,1.9915140192535574e-05,6m,1m,12m
2005-07-05,gamma2,1.9159888589726706e-05,6m,1m,12m
2005-07-06,gamma2,1.6646200182184695e-05,6m,1m,12m
2005-07-07,gamma2,1.2549014532051284e-05,6m,1m,12m
2005-07-08,gamma2,1.1348329050393318e-05,6m,1m,12m
2005-07-20,gamma2,1.1507908722124774e-05,6m,1m,12m
2005-07-21,gamma2,2.197858666852398e-05,6m,1m,12m
2005-07-22,gamma2,1.5765602712229205e-05,6m,1m,12m
2005-07-25,gamma2,-1.8287699095106484e-07,6m,1m,12m
2005-07-26,gamma2,1.6444849165883793e-05,6m,1m,12m
2005-07-27,gamma2,1.745619349619012e-05,6m,1m,12m
2005-07-28,gamma2,1.652628185322034e-05,6m,1m,12m
2005-07-29,gamma2,2.164875274650333e-05,6m,1m,12m
2005-08-01,gamma2,1.6950680195813427e-05,6m,1m,12m
2005-08-02,gamma2,1.8425749591772382e-05,6m,1m,12m
2005-08-03,gamma2,1.4200673532747748e-05,6m,1m,12m
2005-08-04,gamma2,2.1468036030329922e-05,6m,1m,12m
2005-08-05,gamma2,1.7629466063964847e-05,6m,1m,12m
2005-08-08,gamma2,2.0603810862539483e-05,6m,1m,12m
2005-08-09,gamma2,1.3124840180211866e-05,6m,1m,12m
2005-08-10,gamma2,2.1774257635084374e-05,6m,1m,12m
2005-08-11,gamma2,1.9393438994826624e-05,6m,1m,12m
2005-08-12,gamma2,8.884475161334956e-06,6m,1m,12m
2005-08-17,gamma2,1.53049183130208e-05,6m,1m,12m
2005-08-18,gamma2,1.1803694865007673e-05,6m,1m,12m
2005-08-19,gamma2,1.0686107078843299e-05,6m,1m,12m
2005-08-22,gamma2,4.225690838927349e-06,6m,1m,12m
2005-08-23,gamma2,8.369645027977973e-06,6m,1m,12m
2005-08-24,gamma2,3.512410234613701e-06,6m,1m,12m
2005-08-25,gamma2,5.674543565379467e-06,6m,1m,12m
2005-08-26,gamma2,1.6065029858584966e-06,6m,1m,12m
2005-08-29,gamma2,8.61105737230108e-06,6m,1m,12m
2005-08-30,gamma2,1.3632150749028562e-05,6m,1m,12m
2005-08-31,gamma2,1.1266039741850158e-05,6m,1m,12m
2005-09-01,gamma2,1.756983205005492e-05,6m,1m,12m
2005-09-02,gamma2,2.6170890465122718e-05,6m,1m,12m
2005-09-06,gamma2,1.163446646268969e-05,6m,1m,12m
2005-09-07,gamma2,1.9540780336717565e-05,6m,1m,12m
2005-09-08,gamma2,1.2705460787778149e-05,6m,1m,12m
2005-09-09,gamma2,1.7692394976312683e-05,6m,1m,12m
2005-09-21,gamma2,2.223550796431481e-05,6m,1m,12m
2005-09-22,gamma2,1.569660320249164e-05,6m,1m,12m
2005-09-23,gamma2,1.2340100005520822e-05,6m,1m,12m
2005-09-26,gamma2,9.057680167023366e-06,6m,1m,12m
2005-09-27,gamma2,8.367846339891066e-06,6m,1m,12m
2005-09-28,gamma2,6.354341086488536e-06,6m,1m,12m
2005-09-29,gamma2,3.066544487496984e-06,6m,1m,12m
2005-09-30,gamma2,6.1013830597236645e-06,6m,1m,12m
2005-10-03,gamma2,6.564210047644868e-06,6m,1m,12m
2005-10-04,gamma2,3.789099004300774e-07,6m,1m,12m
2005-10-05,gamma2,7.327745128684873e-06,6m,1m,12m
2005-10-06,gamma2,1.2628132865092623e-05,6m,1m,12m
2005-10-07,gamma2,9.126459201030203e-06,6m,1m,12m
2005-10-10,gamma2,2.7099098960927027e-05,6m,1m,12m
2005-10-11,gamma2,6.268484269134584e-06,6m,1m,12m
2005-10-12,gamma2,6.875741950867262e-06,6m,1m,12m
2005-10-13,gamma2,1.1408002550091316e-05,6m,1m,12m
2005-10-14,gamma2,1.2161200063084024e-05,6m,1m,12m
2005-10-19,gamma2,6.686241037510524e-06,6m,1m,12m
2005-10-20,gamma2,1.4943133439513324e-06,6m,1m,12m
2005-10-21,gamma2,8.908762484946198e-06,6m,1m,12m
2005-10-24,gamma2,6.4014041201790635e-06,6m,1m,12m
2005-10-25,gamma2,2.002127535187497e-06,6m,1m,12m
2005-10-26,gamma2,7.572885828888322e-06,6m,1m,12m
2005-10-27,gamma2,-8.244806824305328e-08,6m,1m,12m
2005-10-28,gamma2,1.6928196903096128e-06,6m,1m,12m
2005-10-31,gamma2,1.038732526411974e-05,6m,1m,12m
2005-11-01,gamma2,4.098491973708631e-06,6m,1m,12m
2005-11-02,gamma2,4.884885524781491e-06,6m,1m,12m
2005-11-03,gamma2,1.434741714200367e-05,6m,1m,12m
2005-11-04,gamma2,5.603762029679608e-06,6m,1m,12m
2005-11-07,gamma2,4.552874792245363e-06,6m,1m,12m
2005-11-08,gamma2,8.844209832511906e-06,6m,1m,12m
2005-11-09,gamma2,7.743561819364006e-06,6m,1m,12m
2005-11-10,gamma2,6.974310086105711e-06,6m,1m,12m
2005-11-11,gamma2,1.652793348538876e-05,6m,1m,12m
2005-11-16,gamma2,5.445115894849635e-06,6m,1m,12m
2005-11-17,gamma2,1.067435870012216e-05,6m,1m,12m
2005-11-18,gamma2,4.554799059968912e-06,6m,1m,12m
2005-11-21,gamma2,4.9611834664939015e-06,6m,1m,12m
2005-11-22,gamma2,2.9966649999489423e-06,6m,1m,12m
2005-11-23,gamma2,3.3256198188581567e-06,6m,1m,12m
2005-11-25,gamma2,5.140839450789718e-06,6m,1m,12m
2005-11-28,gamma2,8.836654668140728e-06,6m,1m,12m
2005-11-29,gamma2,9.95610066048665e-06,6m,1m,12m
2005-11-30,gamma2,1.765546134570796e-05,6m,1m,12m
2005-12-01,gamma2,7.821480940200769e-06,6m,1m,12m
2005-12-02,gamma2,5.701066764987869e-06,6m,1m,12m
2005-12-05,gamma2,3.992786062604034e-06,6m,1m,12m
2005-12-06,gamma2,9.698153162072527e-06,6m,1m,12m
2005-12-07,gamma2,2.5155141184865057e-06,6m,1m,12m
2005-12-08,gamma2,6.485254114877483e-06,6m,1m,12m
2005-12-09,gamma2,5.8104898424688386e-06,6m,1m,12m
2005-12-16,gamma2,1.4615618580718596e-05,6m,1m,12m
2005-12-21,gamma2,2.073589001081432e-05,6m,1m,12m
2005-12-22,gamma2,1.8077248732080302e-05,6m,1m,12m
2005-12-23,gamma2,2.0776589230646397e-05,6m,1m,12m
2005-12-27,gamma2,1.5498274557855925e-05,6m,1m,12m
2005-12-28,gamma2,2.52731934042885e-05,6m,1m,12m
2005-12-29,gamma2,2.068023782398305e-05,6m,1m,12m
2005-12-30,gamma2,2.501091654190135e-05,6m,1m,12m
2006-01-03,gamma2,1.8477165286864795e-05,6m,1m,12m
2006-01-04,gamma2,1.802385734294451e-05,6m,1m,12m
2006-01-05,gamma2,6.4508579652118745e-06,6m,1m,12m
2006-01-06,gamma2,1.3990989217339064e-05,6m,1m,12m
2006-01-09,gamma2,1.1868121496612273e-05,6m,1m,12m
2006-01-10,gamma2,1.1253691704219607e-05,6m,1m,12m
2006-01-11,gamma2,5.380504587202233e-06,6m,1m,12m
2006-01-12,gamma2,1.4288843382860907e-05,6m,1m,12m
2006-01-13,gamma2,5.827903483090745e-06,6m,1m,12m
2006-01-18,gamma2,1.6448791416953133e-05,6m,1m,12m
2006-01-19,gamma2,1.3006866542205447e-05,6m,1m,12m
2006-01-20,gamma2,2.0477373131508524e-05,6m,1m,12m
2006-01-23,gamma2,2.470231011002332e-05,6m,1m,12m
2006-01-24,gamma2,1.3583733821826748e-05,6m,1m,12m
2006-01-25,gamma2,1.660922708280865e-05,6m,1m,12m
2006-01-26,gamma2,1.3171781477697835e-05,6m,1m,12m
2006-01-27,gamma2,1.4027912427134732e-05,6m,1m,12m
2006-01-30,gamma2,1.2962807833681438e-05,6m,1m,12m
2006-01-31,gamma2,1.1828642574092578e-05,6m,1m,12m
2006-02-01,gamma2,1.6659002078104223e-05,6m,1m,12m
2006-02-02,gamma2,1.2022723355542461e-05,6m,1m,12m
2006-02-03,gamma2,1.2077843280860486e-05,6m,1m,12m
2006-02-06,gamma2,1.5869266215637337e-05,6m,1m,12m
2006-02-07,gamma2,1.3572346258583468e-05,6m,1m,12m
2006-02-08,gamma2,9.21303724058392e-06,6m,1m,12m
2006-02-09,gamma2,1.5200100081950458e-05,6m,1m,12m
2006-02-10,gamma2,9.661750473204954e-06,6m,1m,12m
2006-02-15,gamma2,5.464367100198899e-06,6m,1m,12m
2006-02-16,gamma2,2.674140827303943e-06,6m,1m,12m
2006-02-17,gamma2,7.151229150826477e-06,6m,1m,12m
2006-02-21,gamma2,3.2920669069597495e-06,6m,1m,12m
2006-02-22,gamma2,3.4456592692636384e-06,6m,1m,12m
2006-02-23,gamma2,9.141543106752956e-06,6m,1m,12m
2006-02-24,gamma2,1.765716488085691e-05,6m,1m,12m
2006-02-27,gamma2,2.1575782590825615e-05,6m,1m,12m
2006-02-28,gamma2,2.107187925922167e-05,6m,1m,12m
2006-03-01,gamma2,1.399364035784109e-05,6m,1m,12m
2006-03-02,gamma2,1.682919886459178e-05,6m,1m,12m
2006-03-03,gamma2,1.768133105052281e-05,6m,1m,12m
2006-03-06,gamma2,2.080625724631447e-05,6m,1m,12m
2006-03-07,gamma2,1.8287141458616782e-05,6m,1m,12m
2006-03-08,gamma2,2.05482829384348e-05,6m,1m,12m
2006-03-09,gamma2,2.558976555656019e-05,6m,1m,12m
2006-03-10,gamma2,1.964084230596834e-05,6m,1m,12m
2006-03-22,gamma2,2.1028835392387342e-05,6m,1m,12m
2006-03-23,gamma2,1.7342050647588968e-05,6m,1m,12m
2006-03-24,gamma2,1.876392981566255e-05,6m,1m,12m
2006-03-27,gamma2,1.8614400055805352e-05,6m,1m,12m
2006-03-28,gamma2,1.8423951719353543e-05,6m,1m,12m
2006-03-29,gamma2,1.6356746868643578e-05,6m,1m,12m
2006-03-30,gamma2,2.2248020891143132e-05,6m,1m,12m
2006-03-31,gamma2,2.7332182860855834e-05,6m,1m,12m
2006-04-03,gamma2,2.094759615323509e-05,6m,1m,12m
2006-04-04,gamma2,1.1991676886081656e-05,6m,1m,12m
2006-04-05,gamma2,1.763952108438982e-05,6m,1m,12m
2006-04-06,gamma2,2.221613164444636e-05,6m,1m,12m
2006-04-07,gamma2,2.2400164362080274e-05,6m,1m,12m
2006-04-10,gamma2,1.2786227884696904e-05,6m,1m,12m
2006-04-11,gamma2,2.0725610111625062e-05,6m,1m,12m
2006-04-12,gamma2,2.678754902394009e-05,6m,1m,12m
2006-04-13,gamma2,1.5357294998819435e-05,6m,1m,12m
2006-04-19,gamma2,9.70557140958503e-06,6m,1m,12m
2006-04-20,gamma2,6.142792436252538e-06,6m,1m,12m
2006-04-21,gamma2,1.4747334995092358e-05,6m,1m,12m
2006-04-24,gamma2,1.7921032255987442e-06,6m,1m,12m
2006-04-25,gamma2,4.284773464428915e-06,6m,1m,12m
2006-04-26,gamma2,4.776991788887002e-06,6m,1m,12m
2006-04-27,gamma2,-2.639565214844632e-06,6m,1m,12m
2006-04-28,gamma2,8.832109032599023e-06,6m,1m,12m
2006-05-01,gamma2,2.3437144415425588e-06,6m,1m,12m
2006-05-02,gamma2,4.105849233279434e-06,6m,1m,12m
2006-05-03,gamma2,1.991313770227765e-06,6m,1m,12m
2006-05-04,gamma2,-6.942806117707097e-07,6m,1m,12m
2006-05-05,gamma2,-2.3537955258629284e-06,6m,1m,12m
2006-05-08,gamma2,1.7331664960613601e-06,6m,1m,12m
2006-05-09,gamma2,3.0122101900645105e-06,6m,1m,12m
2006-05-10,gamma2,1.4828550538087514e-06,6m,1m,12m
2006-05-11,gamma2,9.238151504820071e-06,6m,1m,12m
2006-05-12,gamma2,1.4037276244423486e-06,6m,1m,12m
2006-05-17,gamma2,6.533157629674033e-06,6m,1m,12m
2006-05-18,gamma2,1.0074492796538596e-05,6m,1m,12m
2006-05-19,gamma2,-9.080613140989892e-07,6m,1m,12m
2006-05-22,gamma2,1.0913966216797268e-06,6m,1m,12m
2006-05-23,gamma2,-8.972352320493633e-06,6m,1m,12m
2006-05-24,gamma2,-4.7949537855649305e-06,6m,1m,12m
2006-05-25,gamma2,-2.438873658634189e-07,6m,1m,12m
2006-05-26,gamma2,-1.0550347199425235e-06,6m,1m,12m
2006-05-30,gamma2,2.286251483676643e-06,6m,1m,12m
2006-05-31,gamma2,9.261910139580328e-06,6m,1m,12m
2006-06-01,gamma2,6.1712913899924665e-06,6m,1m,12m
2006-06-02,gamma2,5.131688655471677e-07,6m,1m,12m
2006-06-05,gamma2,3.6076389622609985e-06,6m,1m,12m
2006-06-06,gamma2,3.4490456333549002e-06,6m,1m,12m
2006-06-07,gamma2,1.394064867044723e-06,6m,1m,12m
2006-06-08,gamma2,2.6055057496002805e-05,6m,1m,12m
2006-06-09,gamma2,1.416481886357408e-05,6m,1m,12m
2006-06-16,gamma2,2.0141454930914584e-05,6m,1m,12m
2006-06-21,gamma2,6.860178501619297e-06,6m,1m,12m
2006-06-22,gamma2,2.1265663646542743e-05,6m,1m,12m
2006-06-23,gamma2,1.0806389346165447e-05,6m,1m,12m
2006-06-26,gamma2,-6.410010556214031e-06,6m,1m,12m
2006-06-27,gamma2,2.3991641907302233e-05,6m,1m,12m
2006-06-28,gamma2,1.864713816123123e-05,6m,1m,12m
2006-06-29,gamma2,1.621155303630973e-05,6m,1m,12m
2006-06-30,gamma2,8.121786075810624e-06,6m,1m,12m
2006-07-03,gamma2,8.234412100364348e-06,6m,1m,12m
2006-07-05,gamma2,2.0025865155889677e-05,6m,1m,12m
2006-07-06,gamma2,9.161052061564294e-06,6m,1m,12m
2006-07-07,gamma2,2.2722778847456144e-05,6m,1m,12m
2006-07-10,gamma2,1.3334994380244563e-05,6m,1m,12m
2006-07-11,gamma2,1.2928799829869112e-05,6m,1m,12m
2006-07-12,gamma2,1.0949460799032969e-05,6m,1m,12m
2006-07-13,gamma2,-2.63371285933083e-06,6m,1m,12m
2006-07-14,gamma2,4.570608338229785e-06,6m,1m,12m
2006-07-19,gamma2,-6.854813959127844e-06,6m,1m,12m
2006-07-20,gamma2,3.97613654527888e-06,6m,1m,12m
2006-07-21,gamma2,2.476765345846345e-05,6m,1m,12m
2006-07-24,gamma2,1.0818568246360852e-05,6m,1m,12m
2006-07-25,gamma2,2.811277796279518e-05,6m,1m,12m
2006-07-26,gamma2,2.559946809325861e-05,6m,1m,12m
2006-07-27,gamma2,2.8667367771387158e-05,6m,1m,12m
2006-07-28,gamma2,2.2203275946429607e-05,6m,1m,12m
2006-07-31,gamma2,1.5391372937925434e-05,6m,1m,12m
2006-08-01,gamma2,1.4208322006941655e-05,6m,1m,12m
2006-08-02,gamma2,1.3294116370668908e-05,6m,1m,12m
2006-08-03,gamma2,1.675229551101338e-05,6m,1m,12m
2006-08-04,gamma2,1.585556834758353e-05,6m,1m,12m
2006-08-07,gamma2,1.457414327687445e-05,6m,1m,12m
2006-08-08,gamma2,2.2446367984182197e-05,6m,1m,12m
2006-08-09,gamma2,2.2034931613051974e-05,6m,1m,12m
2006-08-10,gamma2,2.2261791714647674e-05,6m,1m,12m
2006-08-11,gamma2,2.3046625299727927e-05,6m,1m,12m
2006-08-16,gamma2,1.741244883143422e-05,6m,1m,12m
2006-08-17,gamma2,2.2374791936379314e-05,6m,1m,12m
2006-08-18,gamma2,1.7740603737410183e-05,6m,1m,12m
2006-08-21,gamma2,1.3797024949756411e-05,6m,1m,12m
2006-08-22,gamma2,1.5780300643622466e-05,6m,1m,12m
2006-08-23,gamma2,1.5050569382245318e-05,6m,1m,12m
2006-08-24,gamma2,1.487197327738958e-05,6m,1m,12m
2006-08-25,gamma2,2.413425084337405e-05,6m,1m,12m
2006-08-28,gamma2,1.8938385840467816e-05,6m,1m,12m
2006-08-29,gamma2,1.795925513219936e-05,6m,1m,12m
2006-08-30,gamma2,1.8139923140120607e-05,6m,1m,12m
2006-08-31,gamma2,1.8327629947356776e-05,6m,1m,12m
2006-09-01,gamma2,2.449373645359148e-05,6m,1m,12m
2006-09-05,gamma2,2.0159135343068375e-05,6m,1m,12m
2006-09-06,gamma2,2.354698203026845e-05,6m,1m,12m
2006-09-07,gamma2,2.4764914365429545e-05,6m,1m,12m
2006-09-08,gamma2,2.4743415807382954e-05,6m,1m,12m
2006-09-15,gamma2,2.530495649649717e-05,6m,1m,12m
2006-09-20,gamma2,1.7401008901530644e-05,6m,1m,12m
2006-09-21,gamma2,1.331492994929348e-05,6m,1m,12m
2006-09-22,gamma2,2.7763498051614563e-05,6m,1m,12m
2006-09-25,gamma2,2.339348240186006e-05,6m,1m,12m
2006-09-26,gamma2,2.548133856436316e-05,6m,1m,12m
2006-09-27,gamma2,2.747819373022052e-05,6m,1m,12m
2006-09-28,gamma2,1.7776044284162756e-05,6m,1m,12m
2006-09-29,gamma2,2.083881867411539e-05,6m,1m,12m
2006-10-02,gamma2,2.2391682160393707e-05,6m,1m,12m
2006-10-03,gamma2,2.062041839005053e-05,6m,1m,12m
2006-10-04,gamma2,2.5227442392131795e-05,6m,1m,12m
2006-10-05,gamma2,1.3607293439476675e-05,6m,1m,12m
2006-10-06,gamma2,1.8773269186560816e-05,6m,1m,12m
2006-10-09,gamma2,9.063031515951626e-05,6m,1m,12m
2006-10-10,gamma2,1.7639875620143207e-05,6m,1m,12m
2006-10-11,gamma2,1.9864976519256938e-05,6m,1m,12m
2006-10-12,gamma2,1.7617145747408233e-05,6m,1m,12m
2006-10-13,gamma2,1.5515734436652522e-05,6m,1m,12m
2006-10-18,gamma2,1.2896391199316435e-05,6m,1m,12m
2006-10-19,gamma2,1.6584485538675837e-05,6m,1m,12m
2006-10-20,gamma2,1.2782573860003618e-05,6m,1m,12m
2006-10-23,gamma2,1.8118210400800516e-05,6m,1m,12m
2006-10-24,gamma2,1.6249951975959962e-05,6m,1m,12m
2006-10-25,gamma2,1.4728580964680222e-05,6m,1m,12m
2006-10-26,gamma2,2.010424432677601e-05,6m,1m,12m
2006-10-27,gamma2,2.314984918531901e-05,6m,1m,12m
2006-10-30,gamma2,1.3797540092840333e-05,6m,1m,12m
2006-10-31,gamma2,1.9623042153076363e-05,6m,1m,12m
2006-11-01,gamma2,2.024572430286962e-05,6m,1m,12m
2006-11-02,gamma2,1.166371585872209e-05,6m,1m,12m
2006-11-03,gamma2,1.414992566418265e-05,6m,1m,12m
2006-11-06,gamma2,2.0507328180756068e-05,6m,1m,12m
2006-11-07,gamma2,1.8130096723022476e-05,6m,1m,12m
2006-11-08,gamma2,2.2267310637891724e-05,6m,1m,12m
2006-11-09,gamma2,1.6700814162603515e-05,6m,1m,12m
2006-11-10,gamma2,2.095531713767298e-05,6m,1m,12m
2006-11-15,gamma2,2.5230124205215192e-05,6m,1m,12m
2006-11-16,gamma2,2.06150482630676e-05,6m,1m,12m
2006-11-17,gamma2,1.198724472447716e-05,6m,1m,12m
2006-11-20,gamma2,1.5231148336147328e-05,6m,1m,12m
2006-11-21,gamma2,1.7465388952041483e-05,6m,1m,12m
2006-11-22,gamma2,1.4896380129764359e-05,6m,1m,12m
2006-11-24,gamma2,1.0857244031577333e-05,6m,1m,12m
2006-11-27,gamma2,1.804510890410006e-05,6m,1m,12m
2006-11-28,gamma2,1.4831590608729357e-05,6m,1m,12m
2006-11-29,gamma2,1.2916342806951965e-05,6m,1m,12m
2006-11-30,gamma2,1.014218398025872e-05,6m,1m,12m
2006-12-01,gamma2,1.8985162616998116e-05,6m,1m,12m
2006-12-04,gamma2,1.1560795304947915e-05,6m,1m,12m
2006-12-05,gamma2,1.1952445946109684e-05,6m,1m,12m
2006-12-06,gamma2,1.167690271624804e-05,6m,1m,12m
2006-12-07,gamma2,1.615519305537213e-05,6m,1m,12m
2006-12-08,gamma2,1.6856043314274858e-05,6m,1m,12m
2006-12-20,gamma2,1.2189129873008808e-05,6m,1m,12m
2006-12-21,gamma2,1.3467164149242308e-05,6m,1m,12m
2006-12-22,gamma2,1.4323342271455771e-05,6m,1m,12m
2006-12-26,gamma2,1.2033446212990878e-05,6m,1m,12m
2006-12-27,gamma2,1.0594804402252294e-05,6m,1m,12m
2006-12-28,gamma2,1.632860194718277e-05,6m,1m,12m
2006-12-29,gamma2,1.2333531434620862e-05,6m,1m,12m
2007-01-03,gamma2,1.779702021370951e-05,6m,1m,12m
2007-01-04,gamma2,1.4583223640905881e-05,6m,1m,12m
2007-01-05,gamma2,1.1936282923833721e-05,6m,1m,12m
2007-01-08,gamma2,9.7028933104584e-06,6m,1m,12m
2007-01-09,gamma2,8.992553074146051e-06,6m,1m,12m
2007-01-10,gamma2,9.134708566689098e-06,6m,1m,12m
2007-01-11,gamma2,7.453758340391637e-06,6m,1m,12m
2007-01-12,gamma2,1.2924182400724362e-05,6m,1m,12m
2007-01-17,gamma2,1.2671955436716832e-05,6m,1m,12m
2007-01-18,gamma2,1.3542148457572673e-05,6m,1m,12m
2007-01-19,gamma2,8.832048232475854e-06,6m,1m,12m
2007-01-22,gamma2,6.198439327133943e-06,6m,1m,12m
2007-01-23,gamma2,5.749176167870958e-06,6m,1m,12m
2007-01-24,gamma2,5.171520564131045e-06,6m,1m,12m
2007-01-25,gamma2,2.606955039060904e-06,6m,1m,12m
2007-01-26,gamma2,3.086166185010025e-06,6m,1m,12m
2007-01-29,gamma2,4.888894149655624e-06,6m,1m,12m
2007-01-30,gamma2,5.163680953538062e-06,6m,1m,12m
2007-01-31,gamma2,3.7896661727419297e-06,6m,1m,12m
2007-02-01,gamma2,8.251531343108646e-06,6m,1m,12m
2007-02-02,gamma2,1.0910191075757181e-05,6m,1m,12m
2007-02-05,gamma2,7.93300195515303e-06,6m,1m,12m
2007-02-06,gamma2,1.4291579570761577e-05,6m,1m,12m
2007-02-07,gamma2,1.3453236424481294e-05,6m,1m,12m
2007-02-08,gamma2,1.3053956006655416e-05,6m,1m,12m
2007-02-09,gamma2,1.157010139107724e-05,6m,1m,12m
2007-02-14,gamma2,1.0698701146308901e-05,6m,1m,12m
2007-02-15,gamma2,1.4262263521988705e-05,6m,1m,12m
2007-02-16,gamma2,1.619599523109214e-05,6m,1m,12m
2007-02-20,gamma2,1.3989367114434912e-05,6m,1m,12m
2007-02-21,gamma2,1.172892372025401e-05,6m,1m,12m
2007-02-22,gamma2,1.270512343760962e-05,6m,1m,12m
2007-02-23,gamma2,1.7447806117288655e-05,6m,1m,12m
2007-02-26,gamma2,1.5124838753696507e-05,6m,1m,12m
2007-02-27,gamma2,2.7885993310137286e-05,6m,1m,12m
2007-02-28,gamma2,1.0359113595425603e-05,6m,1m,12m
2007-03-01,gamma2,0.00011852484588322821,6m,1m,12m
2007-03-02,gamma2,0.00021582349556571373,6m,1m,12m
2007-03-05,gamma2,0.00017732220922265742,6m,1m,12m
2007-03-06,gamma2,8.550492304503288e-05,6m,1m,12m
2007-03-07,gamma2,8.384208317786306e-05,6m,1m,12m
2007-03-08,gamma2,5.9584739950884254e-05,6m,1m,12m
2007-03-09,gamma2,3.851512828641733e-05,6m,1m,12m
2007-03-12,gamma2,7.214721001491608e-06,6m,1m,12m
2007-03-13,gamma2,2.9221638787653565e-05,6m,1m,12m
2007-03-14,gamma2,5.157169850223016e-07,6m,1m,12m
2007-03-15,gamma2,8.813846248225075e-06,6m,1m,12m
2007-03-16,gamma2,3.0980278292811374e-05,6m,1m,12m
2007-03-19,gamma2,8.464883741108219e-06,6m,1m,12m
2007-03-20,gamma2,4.364981420321709e-06,6m,1m,12m
2007-03-21,gamma2,2.5044269007611403e-06,6m,1m,12m
2007-03-22,gamma2,8.217933882294609e-06,6m,1m,12m
2007-03-23,gamma2,8.203487143433328e-08,6m,1m,12m
2007-03-26,gamma2,-7.968871609760089e-06,6m,1m,12m
2007-03-27,gamma2,9.18374896158901e-06,6m,1m,12m
2007-03-28,gamma2,5.9589804482345725e-06,6m,1m,12m
2007-03-29,gamma2,-1.4144772861213279e-06,6m,1m,12m
2007-03-30,gamma2,-1.5228673698265957e-06,6m,1m,12m
2007-04-02,gamma2,-4.124161537266697e-07,6m,1m,12m
2007-04-03,gamma2,1.966120044427867e-06,6m,1m,12m
2007-04-04,gamma2,-6.841162176435585e-07,6m,1m,12m
2007-04-05,gamma2,-3.269725375360874e-07,6m,1m,12m
2007-04-09,gamma2,-1.4581189989371913e-06,6m,1m,12m
2007-04-10,gamma2,-4.297464001143207e-06,6m,1m,12m
2007-04-11,gamma2,3.0695009503772908e-06,6m,1m,12m
2007-04-12,gamma2,-1.2308749326128085e-06,6m,1m,12m
2007-04-13,gamma2,-2.028411256629333e-06,6m,1m,12m
2007-04-18,gamma2,-4.156384441163476e-07,6m,1m,12m
2007-04-19,gamma2,1.3933512486643468e-06,6m,1m,12m
2007-04-20,gamma2,8.24921202653181e-07,6m,1m,12m
2007-04-23,gamma2,-4.288298795540353e-06,6m,1m,12m
2007-04-24,gamma2,-9.680620266447574e-07,6m,1m,12m
2007-04-25,gamma2,2.844760046218036e-06,6m,1m,12m
2007-04-26,gamma2,-3.0845187298214927e-06,6m,1m,12m
2007-04-27,gamma2,-4.179073717419326e-06,6m,1m,12m
2007-04-30,gamma2,-1.7077523777399209e-06,6m,1m,12m
2007-05-01,gamma2,-5.991134660510105e-06,6m,1m,12m
2007-05-02,gamma2,-4.1196038887122844e-06,6m,1m,12m
2007-05-03,gamma2,4.569856118956494e-06,6m,1m,12m
2007-05-04,gamma2,3.4957035524522737e-06,6m,1m,12m
2007-05-07,gamma2,2.7518525728925857e-06,6m,1m,12m
2007-05-08,gamma2,3.269710270327902e-06,6m,1m,12m
2007-05-09,gamma2,8.614378285746661e-06,6m,1m,12m
2007-05-10,gamma2,1.2212275025100073e-05,6m,1m,12m
2007-05-11,gamma2,7.81573629861642e-06,6m,1m,12m
2007-05-16,gamma2,4.3968828219945245e-05,6m,1m,12m
2007-05-17,gamma2,6.110302960175958e-06,6m,1m,12m
2007-05-18,gamma2,-4.987306523821633e-06,6m,1m,12m
2007-05-21,gamma2,8.092562016822027e-06,6m,1m,12m
2007-05-22,gamma2,1.534549326596568e-05,6m,1m,12m
2007-05-23,gamma2,1.0795915540358997e-05,6m,1m,12m
2007-05-24,gamma2,5.774213546488587e-06,6m,1m,12m
2007-05-25,gamma2,1.088366421056445e-05,6m,1m,12m
2007-05-29,gamma2,2.3058312663094395e-06,6m,1m,12m
2007-05-30,gamma2,2.0225016353482913e-06,6m,1m,12m
2007-05-31,gamma2,8.810290347375381e-06,6m,1m,12m
2007-06-01,gamma2,-4.516716362046291e-06,6m,1m,12m
2007-06-04,gamma2,-5.933247490958459e-06,6m,1m,12m
2007-06-05,gamma2,-1.6645644256891461e-06,6m,1m,12m
2007-06-06,gamma2,1.4651917532902824e-06,6m,1m,12m
2007-06-07,gamma2,-3.3596981345571745e-06,6m,1m,12m
2007-06-08,gamma2,-1.1525665639086062e-05,6m,1m,12m
2007-06-11,gamma2,-1.0071908003380484e-05,6m,1m,12m
2007-06-12,gamma2,-1.1589991014393937e-05,6m,1m,12m
2007-06-13,gamma2,-1.0306788476581172e-05,6m,1m,12m
2007-06-14,gamma2,-5.432064824959846e-06,6m,1m,12m
2007-06-15,gamma2,5.912462612579719e-06,6m,1m,12m
2007-06-18,gamma2,-3.0882600778733626e-06,6m,1m,12m
2007-06-19,gamma2,-1.697691485253153e-05,6m,1m,12m
2007-06-20,gamma2,-2.7077184106837945e-06,6m,1m,12m
2007-06-21,gamma2,-9.016507152618708e-06,6m,1m,12m
2007-06-22,gamma2,-6.707314397351679e-06,6m,1m,12m
2007-06-25,gamma2,-1.2729890942070561e-05,6m,1m,12m
2007-06-26,gamma2,9.088033545968465e-06,6m,1m,12m
2007-06-27,gamma2,-5.65521607055758e-06,6m,1m,12m
2007-06-28,gamma2,3.918217474854025e-06,6m,1m,12m
2007-06-29,gamma2,-2.6523466494000707e-06,6m,1m,12m
2007-07-02,gamma2,1.616843531905357e-05,6m,1m,12m
2007-07-03,gamma2,2.6565532479175577e-05,6m,1m,12m
2007-07-05,gamma2,6.018174140212246e-05,6m,1m,12m
2007-07-06,gamma2,1.92289404440238e-05,6m,1m,12m
2007-07-09,gamma2,2.903535334094944e-05,6m,1m,12m
2007-07-10,gamma2,2.282200501185336e-05,6m,1m,12m
2007-07-11,gamma2,-8.756048086280563e-06,6m,1m,12m
2007-07-12,gamma2,4.8256796125810506e-05,6m,1m,12m
2007-07-13,gamma2,3.465491243575722e-05,6m,1m,12m
2007-07-18,gamma2,2.3597580981769873e-05,6m,1m,12m
2007-07-19,gamma2,3.0322158452661242e-05,6m,1m,12m
2007-07-20,gamma2,-1.0667182237026726e-05,6m,1m,12m
2007-07-23,gamma2,3.039488435133972e-05,6m,1m,12m
2007-07-24,gamma2,-1.9998670659216317e-05,6m,1m,12m
2007-07-25,gamma2,4.595358234443281e-05,6m,1m,12m
2007-07-26,gamma2,0.000133898195143533,6m,1m,12m
2007-07-27,gamma2,3.152987384338516e-05,6m,1m,12m
2007-07-30,gamma2,1.1759813159545079e-05,6m,1m,12m
2007-07-31,gamma2,-1.07535860539763e-05,6m,1m,12m
2007-08-01,gamma2,5.2810065467047986e-05,6m,1m,12m
2007-08-02,gamma2,-7.421367635474405e-06,6m,1m,12m
2007-08-03,gamma2,-4.614178943826598e-05,6m,1m,12m
2007-08-06,gamma2,9.296672467388632e-05,6m,1m,12m
2007-08-07,gamma2,3.3991122905453176e-05,6m,1m,12m
2007-08-08,gamma2,2.652920488363623e-05,6m,1m,12m
2007-08-09,gamma2,-3.0511230417528204e-08,6m,1m,12m
2007-08-10,gamma2,4.2110771395000124e-05,6m,1m,12m
2007-08-22,gamma2,1.4786351140186115e-05,6m,1m,12m
2007-08-23,gamma2,1.7565196410030518e-05,6m,1m,12m
2007-08-24,gamma2,4.2771863194045526e-05,6m,1m,12m
2007-08-27,gamma2,2.123322258103974e-05,6m,1m,12m
2007-08-28,gamma2,2.096651602569846e-05,6m,1m,12m
2007-08-29,gamma2,2.262380124333971e-05,6m,1m,12m
2007-08-30,gamma2,1.956086405412138e-05,6m,1m,12m
2007-08-31,gamma2,1.9108979197903216e-05,6m,1m,12m
2007-09-04,gamma2,4.1203216658237315e-05,6m,1m,12m
2007-09-05,gamma2,1.9903918274350767e-05,6m,1m,12m
2007-09-06,gamma2,3.535472057554425e-05,6m,1m,12m
2007-09-07,gamma2,1.8772954708821184e-05,6m,1m,12m
2007-09-10,gamma2,2.9200705377314675e-05,6m,1m,12m
2007-09-11,gamma2,3.932911264200795e-05,6m,1m,12m
2007-09-12,gamma2,2.5710836725389105e-05,6m,1m,12m
2007-09-13,gamma2,3.159096690719973e-05,6m,1m,12m
2007-09-14,gamma2,4.4813924194433445e-05,6m,1m,12m
2007-09-17,gamma2,4.157943266902741e-05,6m,1m,12m
2007-09-18,gamma2,5.214013378802926e-05,6m,1m,12m
2007-09-19,gamma2,2.7804603514208562e-05,6m,1m,12m
2007-09-20,gamma2,3.494493170066917e-05,6m,1m,12m
2007-09-21,gamma2,3.5091612747048894e-05,6m,1m,12m
2007-09-24,gamma2,3.319503679679118e-05,6m,1m,12m
2007-09-25,gamma2,3.2718617418805102e-06,6m,1m,12m
2007-09-26,gamma2,2.6015158529353938e-05,6m,1m,12m
2007-09-27,gamma2,2.5535818821727234e-05,6m,1m,12m
2007-09-28,gamma2,2.6101186528701132e-05,6m,1m,12m
2007-10-01,gamma2,2.3890819226302365e-05,6m,1m,12m
2007-10-02,gamma2,2.135325294150512e-05,6m,1m,12m
2007-10-03,gamma2,2.6339505049458814e-05,6m,1m,12m
2007-10-04,gamma2,1.676014332583281e-05,6m,1m,12m
2007-10-05,gamma2,2.046824365968148e-05,6m,1m,12m
2007-10-08,gamma2,0.00010469786561788334,6m,1m,12m
2007-10-09,gamma2,1.6863412921094504e-05,6m,1m,12m
2007-10-10,gamma2,2.0647171752539597e-05,6m,1m,12m
2007-10-11,gamma2,2.9673073148999375e-05,6m,1m,12m
2007-10-12,gamma2,3.049308360050251e-05,6m,1m,12m
2007-10-17,gamma2,2.3051757527297347e-05,6m,1m,12m
2007-10-18,gamma2,9.418507234721832e-06,6m,1m,12m
2007-10-19,gamma2,5.853868802999275e-06,6m,1m,12m
2007-10-22,gamma2,2.2991724960468285e-05,6m,1m,12m
2007-10-23,gamma2,1.7988227713120175e-05,6m,1m,12m
2007-10-24,gamma2,2.0434119768233486e-05,6m,1m,12m
2007-10-25,gamma2,1.968562558274549e-05,6m,1m,12m
2007-10-26,gamma2,4.5059664226388454e-05,6m,1m,12m
2007-10-29,gamma2,5.070000440333876e-05,6m,1m,12m
2007-10-30,gamma2,4.1678709350542216e-05,6m,1m,12m
2007-10-31,gamma2,2.643878017295173e-05,6m,1m,12m
2007-11-01,gamma2,3.116355700500274e-05,6m,1m,12m
2007-11-02,gamma2,2.3125492315790965e-05,6m,1m,12m
2007-11-05,gamma2,5.733866995995241e-05,6m,1m,12m
2007-11-06,gamma2,3.439678067235352e-05,6m,1m,12m
2007-11-07,gamma2,2.2785808506478418e-05,6m,1m,12m
2007-11-08,gamma2,0.00010569380451149301,6m,1m,12m
2007-11-09,gamma2,0.00012213631332482424,6m,1m,12m
2007-11-16,gamma2,5.8544861621580365e-05,6m,1m,12m
2007-11-21,gamma2,4.135685041783848e-05,6m,1m,12m
2007-11-23,gamma2,2.8963319892285946e-05,6m,1m,12m
2007-11-26,gamma2,1.3506860847775658e-05,6m,1m,12m
2007-11-27,gamma2,2.117143312004599e-05,6m,1m,12m
2007-11-28,gamma2,2.713706757340129e-05,6m,1m,12m
2007-11-29,gamma2,1.2142144453808073e-05,6m,1m,12m
2007-11-30,gamma2,1.2613845148616327e-06,6m,1m,12m
2007-12-03,gamma2,6.362916507280036e-06,6m,1m,12m
2007-12-04,gamma2,1.6145146314565717e-05,6m,1m,12m
2007-12-05,gamma2,1.6487997255865997e-05,6m,1m,12m
2007-12-06,gamma2,1.2410817856947435e-05,6m,1m,12m
2007-12-07,gamma2,1.828196247875381e-05,6m,1m,12m
2007-12-10,gamma2,1.414142057986624e-05,6m,1m,12m
2007-12-11,gamma2,2.898256325084215e-05,6m,1m,12m
2007-12-12,gamma2,1.0673979801263064e-05,6m,1m,12m
2007-12-13,gamma2,1.2282481870090513e-05,6m,1m,12m
2007-12-14,gamma2,1.3982532300980655e-05,6m,1m,12m
2007-12-17,gamma2,1.328180273776463e-05,6m,1m,12m
2007-12-18,gamma2,2.0701196708396124e-05,6m,1m,12m
2007-12-19,gamma2,1.8787723218092152e-05,6m,1m,12m
2007-12-20,gamma2,2.0737278218218647e-05,6m,1m,12m
2007-12-21,gamma2,2.2810571461713518e-05,6m,1m,12m
2007-12-24,gamma2,3.0151944705104024e-05,6m,1m,12m
2007-12-26,gamma2,2.4094067768163863e-05,6m,1m,12m
2007-12-27,gamma2,3.180544408948309e-05,6m,1m,12m
2007-12-28,gamma2,6.281829959025092e-05,6m,1m,12m
2007-12-31,gamma2,1.6391885436710926e-05,6m,1m,12m
2008-01-02,gamma2,2.7931440666199488e-05,6m,1m,12m
2008-01-03,gamma2,3.048886916343452e-05,6m,1m,12m
2008-01-04,gamma2,4.528179460236204e-05,6m,1m,12m
2008-01-07,gamma2,2.0803752306999544e-05,6m,1m,12m
2008-01-08,gamma2,2.8224126373185075e-07,6m,1m,12m
2008-01-09,gamma2,2.7310654894661613e-05,6m,1m,12m
2008-01-10,gamma2,8.964661853952042e-06,6m,1m,12m
2008-01-11,gamma2,5.3293443469409875e-05,6m,1m,12m
2008-01-16,gamma2,-4.105786823283311e-05,6m,1m,12m
2008-01-17,gamma2,1.1038476897205853e-06,6m,1m,12m
2008-01-18,gamma2,-0.00014709311798145444,6m,1m,12m
2008-01-22,gamma2,-0.0002050846443978895,6m,1m,12m
2008-01-23,gamma2,-8.027704118775852e-05,6m,1m,12m
2008-01-24,gamma2,-9.384143444350946e-05,6m,1m,12m
2008-01-25,gamma2,-0.00013012485199156737,6m,1m,12m
2008-01-28,gamma2,-6.465233092574674e-05,6m,1m,12m
2008-01-29,gamma2,-8.642565550290808e-05,6m,1m,12m
2008-01-30,gamma2,-0.00013963453206765127,6m,1m,12m
2008-01-31,gamma2,-0.00013438357102683556,6m,1m,12m
2008-02-01,gamma2,4.491173369569726e-08,6m,1m,12m
2008-02-04,gamma2,-8.088043865520195e-05,6m,1m,12m
2008-02-05,gamma2,-4.608051071330465e-05,6m,1m,12m
2008-02-06,gamma2,-8.09983921564441e-05,6m,1m,12m
2008-02-07,gamma2,-8.725988623313013e-05,6m,1m,12m
2008-02-08,gamma2,-0.000107200053611194,6m,1m,12m
2008-02-15,gamma2,0.0002288258332293533,6m,1m,12m
2008-02-20,gamma2,0.0002288258332293533,6m,1m,12m
2008-02-21,gamma2,0.0002288258332293533,6m,1m,12m
2008-02-22,gamma2,0.0002288258332293533,6m,1m,12m
2008-02-25,gamma2,0.0002288258332293533,6m,1m,12m
2008-02-26,gamma2,0.0002288258332293533,6m,1m,12m
2008-02-27,gamma2,0.0002288258332293533,6m,1m,12m
2008-02-28,gamma2,0.0002288258332293533,6m,1m,12m
2008-02-29,gamma2,0.0002288258332293533,6m,1m,12m
2008-03-03,gamma2,0.0002288258332293533,6m,1m,12m
2008-03-04,gamma2,0.0002288258332293533,6m,1m,12m
2008-03-05,gamma2,0.0002288258332293533,6m,1m,12m
2008-03-06,gamma2,0.0002288258332293533,6m,1m,12m
2008-03-07,gamma2,1.8566661885392413e-05,6m,1m,12m
2008-03-10,gamma2,4.311018811817502e-05,6m,1m,12m
2008-03-11,gamma2,0.0002288258332293533,6m,1m,12m
2008-03-12,gamma2,0.0002288258332293533,6m,1m,12m
2008-03-13,gamma2,0.0002288258332293533,6m,1m,12m
2008-03-14,gamma2,0.00011072478395315414,6m,1m,12m
2008-03-17,gamma2,3.126392441788656e-05,6m,1m,12m
2008-03-18,gamma2,0.0002288258332293533,6m,1m,12m
2008-03-19,gamma2,5.29616368387769e-05,6m,1m,12m
2008-03-20,gamma2,0.0002288258332293533,6m,1m,12m
2008-03-24,gamma2,0.00013816982223247552,6m,1m,12m
2008-03-25,gamma2,9.438567557018256e-05,6m,1m,12m
2008-03-26,gamma2,-0.00027875692297814987,6m,1m,12m
2008-03-27,gamma2,-0.00020095978852287434,6m,1m,12m
2008-03-28,gamma2,-0.00018076557538197814,6m,1m,12m
2008-03-31,gamma2,-0.0002718644273758731,6m,1m,12m
2008-04-01,gamma2,-0.00015253881872426798,6m,1m,12m
2008-04-02,gamma2,-0.00017014210294915509,6m,1m,12m
2008-04-03,gamma2,-0.0001619515684318995,6m,1m,12m
2008-04-04,gamma2,-8.365095417114813e-05,6m,1m,12m
2008-04-07,gamma2,-9.815356763752796e-05,6m,1m,12m
2008-04-08,gamma2,-4.630739592435254e-05,6m,1m,12m
2008-04-09,gamma2,-5.1602423918934297e-05,6m,1m,12m
2008-04-10,gamma2,-8.932599179881101e-05,6m,1m,12m
2008-04-11,gamma2,-6.478509493785479e-05,6m,1m,12m
2008-04-16,gamma2,-6.725807793032591e-05,6m,1m,12m
2008-04-17,gamma2,-5.564095484089533e-05,6m,1m,12m
2008-04-18,gamma2,-2.70109824209749e-05,6m,1m,12m
2008-04-21,gamma2,-3.0409426555288114e-05,6m,1m,12m
2008-04-22,gamma2,-2.990096624734318e-05,6m,1m,12m
2008-04-23,gamma2,-3.4747531580735394e-05,6m,1m,12m
2008-04-24,gamma2,-4.215872583050628e-05,6m,1m,12m
2008-04-25,gamma2,-2.204315951248027e-05,6m,1m,12m
2008-04-28,gamma2,-3.4782934204451515e-05,6m,1m,12m
2008-04-29,gamma2,-4.230823531193759e-05,6m,1m,12m
2008-04-30,gamma2,-6.796575218794633e-05,6m,1m,12m
2008-05-01,gamma2,-2.370548528724029e-06,6m,1m,12m
2008-05-02,gamma2,-3.4860471802764214e-06,6m,1m,12m
2008-05-05,gamma2,-1.1293983785218737e-05,6m,1m,12m
2008-05-06,gamma2,-5.271109755818762e-06,6m,1m,12m
2008-05-07,gamma2,-1.9004323304190463e-05,6m,1m,12m
2008-05-08,gamma2,-1.8247119216837807e-05,6m,1m,12m
2008-05-09,gamma2,-2.8641732231916403e-05,6m,1m,12m
2008-05-21,gamma2,-8.581361871231371e-06,6m,1m,12m
2008-05-22,gamma2,-2.2618246296682203e-05,6m,1m,12m
2008-05-23,gamma2,-1.02485151488614e-05,6m,1m,12m
2008-05-27,gamma2,-1.3437210838305292e-05,6m,1m,12m
2008-05-28,gamma2,-2.4715673755595365e-06,6m,1m,12m
2008-05-29,gamma2,2.873635872148221e-07,6m,1m,12m
2008-05-30,gamma2,3.947464479144601e-06,6m,1m,12m
2008-06-02,gamma2,3.437373359128622e-06,6m,1m,12m
2008-06-03,gamma2,-5.8723689574169924e-06,6m,1m,12m
2008-06-04,gamma2,-1.89713416549861e-05,6m,1m,12m
2008-06-05,gamma2,-1.4832660632146548e-05,6m,1m,12m
2008-06-06,gamma2,-2.5508626103088703e-05,6m,1m,12m
2008-06-09,gamma2,5.778567233067177e-06,6m,1m,12m
2008-06-10,gamma2,-2.0766473000456074e-06,6m,1m,12m
2008-06-11,gamma2,2.64143580671215e-06,6m,1m,12m
2008-06-12,gamma2,5.392838798406193e-06,6m,1m,12m
2008-06-13,gamma2,9.002961999135577e-06,6m,1m,12m
2008-06-16,gamma2,1.6873000138328147e-05,6m,1m,12m
2008-06-17,gamma2,1.3479628346835559e-05,6m,1m,12m
2008-06-18,gamma2,2.1624963055710515e-05,6m,1m,12m
2008-06-19,gamma2,2.1296501867021073e-05,6m,1m,12m
2008-06-20,gamma2,2.532685383988893e-05,6m,1m,12m
2008-06-23,gamma2,2.3306033553299967e-05,6m,1m,12m
2008-06-24,gamma2,1.2875522212056344e-05,6m,1m,12m
2008-06-25,gamma2,-2.9561180512599243e-05,6m,1m,12m
2008-06-26,gamma2,-6.0018320564652575e-06,6m,1m,12m
2008-06-27,gamma2,-8.668128721958696e-06,6m,1m,12m
2008-06-30,gamma2,-7.677132208270275e-05,6m,1m,12m
2008-07-01,gamma2,-7.644534630313663e-05,6m,1m,12m
2008-07-02,gamma2,-0.00015006707539085354,6m,1m,12m
2008-07-03,gamma2,-6.740822375738895e-05,6m,1m,12m
2008-07-07,gamma2,-0.0001464004903779383,6m,1m,12m
2008-07-08,gamma2,-6.0807522832187994e-05,6m,1m,12m
2008-07-09,gamma2,-6.138484579290457e-05,6m,1m,12m
2008-07-10,gamma2,-8.005366334586687e-05,6m,1m,12m
2008-07-11,gamma2,-1.6704719990523298e-05,6m,1m,12m
2008-07-16,gamma2,-9.836531752501035e-05,6m,1m,12m
2008-07-17,gamma2,-0.00011791074858096028,6m,1m,12m
2008-07-18,gamma2,-0.00012106404038798093,6m,1m,12m
2008-07-21,gamma2,-0.00012597939759423585,6m,1m,12m
2008-07-22,gamma2,-9.04232288953032e-05,6m,1m,12m
2008-07-23,gamma2,-9.031384187315691e-05,6m,1m,12m
2008-07-24,gamma2,-0.00012185071094095385,6m,1m,12m
2008-07-25,gamma2,-0.00012548062394506285,6m,1m,12m
2008-07-28,gamma2,-0.00013646715150252166,6m,1m,12m
2008-07-29,gamma2,-0.00010117859140162179,6m,1m,12m
2008-07-30,gamma2,-7.316673413857487e-05,6m,1m,12m
2008-07-31,gamma2,-8.896716032333389e-05,6m,1m,12m
2008-08-01,gamma2,-9.460285511209073e-05,6m,1m,12m
2008-08-04,gamma2,-0.00010749793613907887,6m,1m,12m
2008-08-05,gamma2,-8.236775849028727e-05,6m,1m,12m
2008-08-06,gamma2,-3.224528811487852e-05,6m,1m,12m
2008-08-07,gamma2,-4.947968331141229e-05,6m,1m,12m
2008-08-08,gamma2,-5.769254022002716e-05,6m,1m,12m
2008-08-15,gamma2,-1.6617883363276685e-05,6m,1m,12m
2008-08-20,gamma2,-3.0535114526393406e-05,6m,1m,12m
2008-08-21,gamma2,-3.369458111695797e-05,6m,1m,12m
2008-08-22,gamma2,-1.612975900730568e-05,6m,1m,12m
2008-08-25,gamma2,-2.691110129720964e-05,6m,1m,12m
2008-08-26,gamma2,-3.210524023816398e-05,6m,1m,12m
2008-08-27,gamma2,-2.7211742245992568e-05,6m,1m,12m
2008-08-28,gamma2,-1.3406293134786904e-05,6m,1m,12m
2008-08-29,gamma2,-1.230856533490938e-05,6m,1m,12m
2008-09-02,gamma2,-1.8891118965711596e-05,6m,1m,12m
2008-09-03,gamma2,-6.955098719625421e-06,6m,1m,12m
2008-09-04,gamma2,-2.2775099148042134e-05,6m,1m,12m
2008-09-05,gamma2,-6.690447980361469e-06,6m,1m,12m
2008-09-08,gamma2,-2.4302449241219896e-06,6m,1m,12m
2008-09-09,gamma2,-2.028218582869387e-05,6m,1m,12m
2008-09-10,gamma2,-1.3259586594661702e-05,6m,1m,12m
2008-09-11,gamma2,1.3557012139780178e-06,6m,1m,12m
2008-09-12,gamma2,-2.8630987901091137e-06,6m,1m,12m
2008-09-15,gamma2,2.2404951177102994e-05,6m,1m,12m
2008-09-16,gamma2,7.523939573878788e-06,6m,1m,12m
2008-09-17,gamma2,1.7461084578109484e-05,6m,1m,12m
2008-09-18,gamma2,5.207375597737164e-05,6m,1m,12m
2008-09-19,gamma2,5.713967277238517e-05,6m,1m,12m
2008-09-22,gamma2,4.133021526101463e-05,6m,1m,12m
2008-09-23,gamma2,1.1364594266363144e-05,6m,1m,12m
2008-09-24,gamma2,1.3159574194553064e-05,6m,1m,12m
2008-09-25,gamma2,3.157760869681327e-05,6m,1m,12m
2008-09-26,gamma2,1.4706791227811115e-05,6m,1m,12m
2008-09-29,gamma2,0.0002288258332293533,6m,1m,12m
2008-09-30,gamma2,8.316483407572037e-05,6m,1m,12m
2008-10-01,gamma2,4.197660096431876e-05,6m,1m,12m
2008-10-02,gamma2,-2.0826938497370885e-05,6m,1m,12m
2008-10-03,gamma2,0.00015989339490329977,6m,1m,12m
2008-10-06,gamma2,0.0002288258332293533,6m,1m,12m
2008-10-07,gamma2,-0.0001942196068448951,6m,1m,12m
2008-10-08,gamma2,-0.00027875692297814987,6m,1m,12m
2008-10-09,gamma2,-0.00023433275393469424,6m,1m,12m
2008-10-10,gamma2,-0.00022613734484463978,6m,1m,12m
2008-10-17,gamma2,-0.00027875692297814987,6m,1m,12m
2008-10-22,gamma2,-0.00027875692297814987,6m,1m,12m
2008-10-23,gamma2,-0.00027875692297814987,6m,1m,12m
2008-10-24,gamma2,4.9609730134431206e-05,6m,1m,12m
2008-10-27,gamma2,-0.00027875692297814987,6m,1m,12m
2008-10-28,gamma2,-0.00027875692297814987,6m,1m,12m
2008-10-29,gamma2,-0.00027875692297814987,6m,1m,12m
2008-10-30,gamma2,-0.00023031561178783166,6m,1m,12m
2008-10-31,gamma2,-0.00027875692297814987,6m,1m,12m
2008-11-03,gamma2,-0.00024220359438821196,6m,1m,12m
2008-11-04,gamma2,-0.00027875692297814987,6m,1m,12m
2008-11-05,gamma2,-0.0002706213370621146,6m,1m,12m
2008-11-06,gamma2,-0.00027875692297814987,6m,1m,12m
2008-11-07,gamma2,-0.0002613014070178295,6m,1m,12m
2008-11-10,gamma2,-0.00023483871730674467,6m,1m,12m
2008-11-11,gamma2,-8.774512047106348e-05,6m,1m,12m
2008-11-12,gamma2,-0.00027875692297814987,6m,1m,12m
2008-11-13,gamma2,-0.00027875692297814987,6m,1m,12m
2008-11-14,gamma2,-0.00027875692297814987,6m,1m,12m
2008-11-19,gamma2,-0.00027875692297814987,6m,1m,12m
2008-11-20,gamma2,-0.00027875692297814987,6m,1m,12m
2008-11-21,gamma2,-0.00027875692297814987,6m,1m,12m
2008-11-24,gamma2,-0.00027875692297814987,6m,1m,12m
2008-11-25,gamma2,-0.00027875692297814987,6m,1m,12m
2008-11-26,gamma2,-0.00027875692297814987,6m,1m,12m
2008-11-28,gamma2,-0.00020419424540121735,6m,1m,12m
2008-12-01,gamma2,-0.00027875692297814987,6m,1m,12m
2008-12-02,gamma2,-0.00027875692297814987,6m,1m,12m
2008-12-03,gamma2,-0.00022294142330412246,6m,1m,12m
2008-12-04,gamma2,-0.00019635778932270044,6m,1m,12m
2008-12-05,gamma2,-0.0001739645053636329,6m,1m,12m
2008-12-08,gamma2,-0.00018748181632802452,6m,1m,12m
2008-12-09,gamma2,-0.00017218943970116594,6m,1m,12m
2008-12-10,gamma2,-0.00016353208318286035,6m,1m,12m
2008-12-11,gamma2,-0.00021441852464457558,6m,1m,12m
2008-12-12,gamma2,-0.00013632508066348663,6m,1m,12m
2008-12-15,gamma2,-9.301801786855833e-05,6m,1m,12m
2008-12-16,gamma2,-6.531811674091511e-05,6m,1m,12m
2008-12-17,gamma2,-0.00010272892409069766,6m,1m,12m
2008-12-18,gamma2,-7.532243093598439e-05,6m,1m,12m
2008-12-19,gamma2,-7.240150373358783e-05,6m,1m,12m
2008-12-22,gamma2,-0.00012695747893119732,6m,1m,12m
2008-12-23,gamma2,-1.946643447265036e-05,6m,1m,12m
2008-12-24,gamma2,-0.00013663896667131603,6m,1m,12m
2008-12-26,gamma2,6.338240792938959e-05,6m,1m,12m
2008-12-29,gamma2,-0.00011582741844638257,6m,1m,12m
2008-12-30,gamma2,-5.506283621709001e-05,6m,1m,12m
2008-12-31,gamma2,2.9578249262099754e-05,6m,1m,12m
2009-01-02,gamma2,5.326802296771274e-05,6m,1m,12m
2009-01-05,gamma2,5.044367199782099e-05,6m,1m,12m
2009-01-06,gamma2,3.143425952928104e-05,6m,1m,12m
2009-01-07,gamma2,-6.111141594377066e-05,6m,1m,12m
2009-01-08,gamma2,-6.827139960161881e-05,6m,1m,12m
2009-01-09,gamma2,-8.814841292800632e-05,6m,1m,12m
2009-01-16,gamma2,-0.00022698102437258914,6m,1m,12m
2009-01-21,gamma2,-0.0002434068114584252,6m,1m,12m
2009-01-22,gamma2,5.61235547545972e-05,6m,1m,12m
2009-01-23,gamma2,5.0786855150477893e-05,6m,1m,12m
2009-01-26,gamma2,-0.00013995240167849,6m,1m,12m
2009-01-27,gamma2,-0.00023186522472856192,6m,1m,12m
2009-01-28,gamma2,-0.00010393984850262204,6m,1m,12m
2009-01-29,gamma2,-0.0001719964171952233,6m,1m,12m
2009-01-30,gamma2,6.486137277232653e-05,6m,1m,12m
2009-02-02,gamma2,2.838470514767987e-05,6m,1m,12m
2009-02-03,gamma2,7.389351467922978e-05,6m,1m,12m
2009-02-04,gamma2,-1.895613730171512e-05,6m,1m,12m
2009-02-05,gamma2,1.816305451767249e-06,6m,1m,12m
2009-02-06,gamma2,3.9982098563948586e-05,6m,1m,12m
2009-02-09,gamma2,1.196260864229015e-05,6m,1m,12m
2009-02-10,gamma2,5.484718054948109e-06,6m,1m,12m
2009-02-11,gamma2,2.9795498172665858e-05,6m,1m,12m
2009-02-12,gamma2,4.5018553502945776e-05,6m,1m,12m
2009-02-13,gamma2,7.68696290944502e-05,6m,1m,12m
2009-02-18,gamma2,4.528956757072911e-05,6m,1m,12m
2009-02-19,gamma2,6.835603034436364e-05,6m,1m,12m
2009-02-20,gamma2,4.007369677365219e-05,6m,1m,12m
2009-02-23,gamma2,0.00010551621121858308,6m,1m,12m
2009-02-24,gamma2,0.00010322349564748242,6m,1m,12m
2009-02-25,gamma2,0.00011173123271046939,6m,1m,12m
2009-02-26,gamma2,0.00012702695585813385,6m,1m,12m
2009-02-27,gamma2,0.0001528920395793305,6m,1m,12m
2009-03-02,gamma2,0.00012141503574717092,6m,1m,12m
2009-03-03,gamma2,9.889218961751455e-05,6m,1m,12m
2009-03-04,gamma2,0.00011079997755392723,6m,1m,12m
2009-03-05,gamma2,0.00014812984456666833,6m,1m,12m
2009-03-06,gamma2,0.00017133389718586916,6m,1m,12m
2009-03-09,gamma2,0.00015853229944824094,6m,1m,12m
2009-03-10,gamma2,0.00012810970074853402,6m,1m,12m
2009-03-11,gamma2,0.00010167260624106077,6m,1m,12m
2009-03-12,gamma2,5.849299482718067e-05,6m,1m,12m
2009-03-13,gamma2,5.520250259236118e-05,6m,1m,12m
2009-03-16,gamma2,6.307863187712728e-05,6m,1m,12m
2009-03-17,gamma2,6.15555437967805e-05,6m,1m,12m
2009-03-18,gamma2,3.912229075146367e-05,6m,1m,12m
2009-03-19,gamma2,5.724063860393578e-05,6m,1m,12m
2009-03-20,gamma2,5.333863416855172e-05,6m,1m,12m
2009-03-23,gamma2,-2.7639065641715775e-05,6m,1m,12m
2009-03-24,gamma2,6.370437960699395e-05,6m,1m,12m
2009-03-25,gamma2,0.00015601921053422284,6m,1m,12m
2009-03-26,gamma2,0.0001266500826797029,6m,1m,12m
2009-03-27,gamma2,-7.45057405726157e-06,6m,1m,12m
2009-03-30,gamma2,-2.8097277809162616e-05,6m,1m,12m
2009-03-31,gamma2,-1.101055355039538e-05,6m,1m,12m
2009-04-01,gamma2,-1.2605158411815206e-05,6m,1m,12m
2009-04-02,gamma2,-6.2038107629718836e-06,6m,1m,12m
2009-04-03,gamma2,-1.8109489110474116e-05,6m,1m,12m
2009-04-06,gamma2,-2.0251313851230828e-05,6m,1m,12m
2009-04-07,gamma2,-3.864922158919026e-05,6m,1m,12m
2009-04-08,gamma2,-1.4346496130876224e-05,6m,1m,12m
2009-04-09,gamma2,2.4750470811497138e-05,6m,1m,12m
2009-04-15,gamma2,-1.0628757012053917e-05,6m,1m,12m
2009-04-16,gamma2,-6.844720223063959e-07,6m,1m,12m
2009-04-17,gamma2,4.3133532550122214e-08,6m,1m,12m
2009-04-20,gamma2,-2.9529005003035686e-05,6m,1m,12m
2009-04-21,gamma2,-4.256602440203153e-05,6m,1m,12m
2009-04-22,gamma2,-2.1971854715191384e-05,6m,1m,12m
2009-04-23,gamma2,-1.4644176047281849e-05,6m,1m,12m
2009-04-24,gamma2,-8.089480481689026e-06,6m,1m,12m
2009-04-27,gamma2,-5.752564244844707e-06,6m,1m,12m
2009-04-28,gamma2,-2.9521899296113943e-05,6m,1m,12m
2009-04-29,gamma2,-6.894063939216423e-06,6m,1m,12m
2009-04-30,gamma2,-1.8739953957321673e-05,6m,1m,12m
2009-05-01,gamma2,-4.2430963659784394e-06,6m,1m,12m
2009-05-04,gamma2,-9.111809570865237e-06,6m,1m,12m
2009-05-05,gamma2,-5.535027221299413e-06,6m,1m,12m
2009-05-06,gamma2,5.362844562790946e-07,6m,1m,12m
2009-05-07,gamma2,-4.581788601612633e-06,6m,1m,12m
2009-05-08,gamma2,-1.4455262770546204e-06,6m,1m,12m
2009-05-15,gamma2,2.588497852540924e-06,6m,1m,12m
2009-05-20,gamma2,1.479415558456206e-05,6m,1m,12m
2009-05-21,gamma2,2.186654624281063e-05,6m,1m,12m
2009-05-22,gamma2,6.13524867328827e-06,6m,1m,12m
2009-05-26,gamma2,1.239381733611036e-05,6m,1m,12m
2009-05-27,gamma2,1.5447500524588057e-05,6m,1m,12m
2009-05-28,gamma2,1.4855646320518375e-05,6m,1m,12m
2009-05-29,gamma2,-9.936529474388732e-06,6m,1m,12m
2009-06-01,gamma2,-2.825690861092761e-07,6m,1m,12m
2009-06-02,gamma2,2.0229604292968864e-05,6m,1m,12m
2009-06-03,gamma2,2.6602407987033836e-05,6m,1m,12m
2009-06-04,gamma2,2.7699086517757927e-05,6m,1m,12m
2009-06-05,gamma2,1.779724505570879e-05,6m,1m,12m
2009-06-08,gamma2,-2.2332813309457415e-05,6m,1m,12m
2009-06-09,gamma2,2.299029461108475e-05,6m,1m,12m
2009-06-10,gamma2,1.1933258248010298e-05,6m,1m,12m
2009-06-11,gamma2,1.498816436092427e-05,6m,1m,12m
2009-06-12,gamma2,1.1956603453717113e-05,6m,1m,12m
2009-06-15,gamma2,-2.4394182160329803e-05,6m,1m,12m
2009-06-16,gamma2,-1.827703844635667e-05,6m,1m,12m
2009-06-17,gamma2,-2.1269658099692707e-05,6m,1m,12m
2009-06-18,gamma2,2.3213471854014408e-06,6m,1m,12m
2009-06-19,gamma2,-1.1099704750226633e-05,6m,1m,12m
2009-06-22,gamma2,2.5483759695283914e-05,6m,1m,12m
2009-06-23,gamma2,3.0625735216230682e-06,6m,1m,12m
2009-06-24,gamma2,-4.979421724084476e-06,6m,1m,12m
2009-06-25,gamma2,-1.8804386392910823e-05,6m,1m,12m
2009-06-26,gamma2,-2.509676565868278e-05,6m,1m,12m
2009-06-29,gamma2,-6.161242005936528e-05,6m,1m,12m
2009-06-30,gamma2,2.031375890321641e-05,6m,1m,12m
2009-07-01,gamma2,2.1475672956991995e-05,6m,1m,12m
2009-07-02,gamma2,2.6000383025539554e-05,6m,1m,12m
2009-07-06,gamma2,2.347441005498758e-05,6m,1m,12m
2009-07-07,gamma2,2.462183461414422e-05,6m,1m,12m
2009-07-08,gamma2,1.964666463321287e-05,6m,1m,12m
2009-07-09,gamma2,2.3449092806512094e-05,6m,1m,12m
2009-07-10,gamma2,1.0128320941994545e-05,6m,1m,12m
2009-07-17,gamma2,3.7093327192777e-05,6m,1m,12m
2009-07-22,gamma2,3.9810360568355236e-05,6m,1m,12m
2009-07-23,gamma2,4.332596754582864e-05,6m,1m,12m
2009-07-24,gamma2,4.350298442358588e-05,6m,1m,12m
2009-07-27,gamma2,3.644048887616403e-05,6m,1m,12m
2009-07-28,gamma2,3.353028003896867e-05,6m,1m,12m
2009-07-29,gamma2,3.3824990891852735e-05,6m,1m,12m
2009-07-30,gamma2,4.03833051757974e-05,6m,1m,12m
2009-07-31,gamma2,4.128364254744511e-05,6m,1m,12m
2009-08-03,gamma2,3.5018131737896304e-05,6m,1m,12m
2009-08-04,gamma2,2.7526544763477208e-05,6m,1m,12m
2009-08-05,gamma2,2.831240667043855e-05,6m,1m,12m
2009-08-06,gamma2,3.754318289040756e-05,6m,1m,12m
2009-08-07,gamma2,3.5260545610605156e-05,6m,1m,12m
2009-08-10,gamma2,3.394592588571942e-05,6m,1m,12m
2009-08-11,gamma2,3.621877145255348e-05,6m,1m,12m
2009-08-12,gamma2,3.33471318172378e-05,6m,1m,12m
2009-08-13,gamma2,2.3061689653707634e-05,6m,1m,12m
2009-08-14,gamma2,2.84842789669888e-05,6m,1m,12m
2009-08-19,gamma2,3.295900073939891e-05,6m,1m,12m
2009-08-20,gamma2,1.0952775612943608e-05,6m,1m,12m
2009-08-21,gamma2,2.5312001549793857e-05,6m,1m,12m
2009-08-24,gamma2,6.436041353315528e-07,6m,1m,12m
2009-08-25,gamma2,1.951626082928438e-05,6m,1m,12m
2009-08-26,gamma2,1.7671453101707315e-05,6m,1m,12m
2009-08-27,gamma2,3.2901017324524453e-05,6m,1m,12m
2009-08-28,gamma2,3.6161995914733346e-05,6m,1m,12m
2009-08-31,gamma2,1.9760820345734604e-05,6m,1m,12m
2009-09-01,gamma2,1.950925563152393e-05,6m,1m,12m
2009-09-02,gamma2,5.309467059285901e-06,6m,1m,12m
2009-09-03,gamma2,2.5479345716538613e-05,6m,1m,12m
2009-09-04,gamma2,-1.3625580093242568e-06,6m,1m,12m
2009-09-08,gamma2,9.107638328132246e-06,6m,1m,12m
2009-09-09,gamma2,7.349064885347599e-06,6m,1m,12m
2009-09-10,gamma2,1.4373504155168743e-05,6m,1m,12m
2009-09-11,gamma2,1.6923982425132873e-05,6m,1m,12m
2009-09-14,gamma2,2.324327867619221e-05,6m,1m,12m
2009-09-15,gamma2,1.727027756576611e-05,6m,1m,12m
2009-09-16,gamma2,8.230813280574802e-06,6m,1m,12m
2009-09-17,gamma2,3.076901712467068e-05,6m,1m,12m
2009-09-18,gamma2,2.5435907469146224e-05,6m,1m,12m
2009-09-21,gamma2,2.883030331944245e-05,6m,1m,12m
2009-09-22,gamma2,2.41018043426362e-05,6m,1m,12m
2009-09-23,gamma2,2.4699014555855946e-05,6m,1m,12m
2009-09-24,gamma2,2.727741635838344e-05,6m,1m,12m
2009-09-25,gamma2,3.3166794617006005e-05,6m,1m,12m
2009-09-28,gamma2,1.8514695634867278e-05,6m,1m,12m
2009-09-29,gamma2,1.7867866559225635e-05,6m,1m,12m
2009-09-30,gamma2,1.915236994219871e-05,6m,1m,12m
2009-10-01,gamma2,2.6355981296048536e-05,6m,1m,12m
2009-10-02,gamma2,2.268848121832888e-05,6m,1m,12m
2009-10-05,gamma2,2.228550965295429e-05,6m,1m,12m
2009-10-06,gamma2,2.5690283650503025e-05,6m,1m,12m
2009-10-07,gamma2,2.6412203061029055e-05,6m,1m,12m
2009-10-08,gamma2,2.9448257451764273e-05,6m,1m,12m
2009-10-09,gamma2,2.6193061697427655e-05,6m,1m,12m
2009-10-16,gamma2,2.045008480842353e-05,6m,1m,12m
2009-10-21,gamma2,2.1603042432411083e-05,6m,1m,12m
2009-10-22,gamma2,1.2339047785521176e-05,6m,1m,12m
2009-10-23,gamma2,1.6954205696539602e-05,6m,1m,12m
2009-10-26,gamma2,2.1249493214482696e-05,6m,1m,12m
2009-10-27,gamma2,1.3796182817617449e-05,6m,1m,12m
2009-10-28,gamma2,1.6400672190232616e-05,6m,1m,12m
2009-10-29,gamma2,9.79365582692835e-06,6m,1m,12m
2009-10-30,gamma2,1.5811308551788525e-05,6m,1m,12m
2009-11-02,gamma2,4.324862500465203e-06,6m,1m,12m
2009-11-03,gamma2,7.706460968870133e-06,6m,1m,12m
2009-11-04,gamma2,9.855741760747558e-06,6m,1m,12m
2009-11-05,gamma2,1.794763905531968e-05,6m,1m,12m
2009-11-06,gamma2,1.7535626373241314e-05,6m,1m,12m
2009-11-09,gamma2,2.55383963921142e-05,6m,1m,12m
2009-11-10,gamma2,1.6993910462764146e-05,6m,1m,12m
2009-11-11,gamma2,2.612569155590448e-05,6m,1m,12m
2009-11-12,gamma2,2.1129460378981154e-05,6m,1m,12m
2009-11-13,gamma2,2.4053555231450584e-05,6m,1m,12m
2009-11-18,gamma2,2.073371928707213e-05,6m,1m,12m
2009-11-19,gamma2,2.196672237313551e-05,6m,1m,12m
2009-11-20,gamma2,1.7746641527200326e-05,6m,1m,12m
2009-11-23,gamma2,3.040852864640489e-05,6m,1m,12m
2009-11-24,gamma2,2.6526989117589747e-05,6m,1m,12m
2009-11-25,gamma2,1.9626812839420397e-05,6m,1m,12m
2009-11-27,gamma2,2.5724672785142843e-05,6m,1m,12m
2009-11-30,gamma2,1.9025316658330757e-05,6m,1m,12m
2009-12-01,gamma2,2.2178373398252585e-05,6m,1m,12m
2009-12-02,gamma2,1.3057530541658566e-05,6m,1m,12m
2009-12-03,gamma2,3.0155425100477668e-05,6m,1m,12m
2009-12-04,gamma2,2.8978254834626917e-05,6m,1m,12m
2009-12-07,gamma2,2.387837203574509e-05,6m,1m,12m
2009-12-08,gamma2,2.2336895896459914e-05,6m,1m,12m
2009-12-09,gamma2,1.631792495315772e-05,6m,1m,12m
2009-12-10,gamma2,1.6465900999731596e-05,6m,1m,12m
2009-12-11,gamma2,-3.2008805389540205e-06,6m,1m,12m
2009-12-14,gamma2,1.8471634165914656e-05,6m,1m,12m
2009-12-15,gamma2,2.5187435044536445e-05,6m,1m,12m
2009-12-16,gamma2,1.9294033163480746e-05,6m,1m,12m
2009-12-17,gamma2,1.0620513021695112e-05,6m,1m,12m
2009-12-18,gamma2,2.021214535932539e-05,6m,1m,12m
2009-12-21,gamma2,1.5676323282954823e-05,6m,1m,12m
2009-12-22,gamma2,1.0059056067842341e-05,6m,1m,12m
2009-12-23,gamma2,1.4509795367987608e-05,6m,1m,12m
2009-12-24,gamma2,2.1038244993497045e-05,6m,1m,12m
2009-12-28,gamma2,2.5060558668199952e-05,6m,1m,12m
2009-12-29,gamma2,3.2144611510153525e-05,6m,1m,12m
2009-12-30,gamma2,3.53319102801267e-05,6m,1m,12m
2009-12-31,gamma2,3.9619664199273924e-05,6m,1m,12m
2010-01-04,gamma2,2.869417602000171e-05,6m,1m,12m
2010-01-05,gamma2,3.831967235802001e-05,6m,1m,12m
2010-01-06,gamma2,4.186061131303514e-05,6m,1m,12m
2010-01-07,gamma2,4.7604268930386424e-05,6m,1m,12m
2010-01-08,gamma2,4.254855452446717e-05,6m,1m,12m
2010-01-15,gamma2,1.791021876476282e-05,6m,1m,12m
2010-01-20,gamma2,1.8731835655965572e-05,6m,1m,12m
2010-01-21,gamma2,2.189421316838721e-06,6m,1m,12m
2010-01-22,gamma2,9.711884623692101e-06,6m,1m,12m
2010-01-25,gamma2,2.207932991707728e-05,6m,1m,12m
2010-01-26,gamma2,1.836729060841849e-05,6m,1m,12m
2010-01-27,gamma2,1.3976762592374724e-05,6m,1m,12m
2010-01-28,gamma2,2.8001157300406423e-05,6m,1m,12m
2010-01-29,gamma2,3.7352686255847346e-05,6m,1m,12m
2010-02-01,gamma2,2.2103042522444562e-05,6m,1m,12m
2010-02-02,gamma2,2.2494596927276172e-05,6m,1m,12m
2010-02-03,gamma2,2.569200502877205e-05,6m,1m,12m
2010-02-04,gamma2,3.5763522489728535e-05,6m,1m,12m
2010-02-05,gamma2,3.687971129324862e-05,6m,1m,12m
2010-02-08,gamma2,5.112113568008036e-05,6m,1m,12m
2010-02-09,gamma2,5.321027842871348e-05,6m,1m,12m
2010-02-10,gamma2,3.878684889006008e-05,6m,1m,12m
2010-02-11,gamma2,5.4770078236417926e-05,6m,1m,12m
2010-02-12,gamma2,2.311794942723319e-05,6m,1m,12m
2010-02-17,gamma2,1.6548305556654026e-05,6m,1m,12m
2010-02-18,gamma2,4.67430671121056e-06,6m,1m,12m
2010-02-19,gamma2,1.0396121589366e-05,6m,1m,12m
2010-02-22,gamma2,1.4743676654311029e-05,6m,1m,12m
2010-02-23,gamma2,8.62911290321973e-06,6m,1m,12m
2010-02-24,gamma2,1.4380883567655928e-05,6m,1m,12m
2010-02-25,gamma2,1.0594423536273948e-05,6m,1m,12m
2010-02-26,gamma2,1.44187888863812e-05,6m,1m,12m
2010-03-01,gamma2,1.6243505128853032e-05,6m,1m,12m
2010-03-02,gamma2,1.3428119748582035e-05,6m,1m,12m
2010-03-03,gamma2,1.6092633420777304e-05,6m,1m,12m
2010-03-04,gamma2,1.136394101597337e-05,6m,1m,12m
2010-03-05,gamma2,1.2552609032078605e-05,6m,1m,12m
2010-03-08,gamma2,1.518903491839057e-05,6m,1m,12m
2010-03-09,gamma2,1.8773920031075147e-05,6m,1m,12m
2010-03-10,gamma2,2.4731447103819958e-05,6m,1m,12m
2010-03-11,gamma2,1.712574107475887e-05,6m,1m,12m
2010-03-12,gamma2,1.413376508203808e-05,6m,1m,12m
2010-03-15,gamma2,1.155654058918853e-05,6m,1m,12m
2010-03-16,gamma2,1.4851363375543855e-05,6m,1m,12m
2010-03-17,gamma2,1.5271424317055565e-05,6m,1m,12m
2010-03-18,gamma2,1.3536079722599797e-05,6m,1m,12m
2010-03-19,gamma2,7.65234397947668e-06,6m,1m,12m
2010-03-22,gamma2,1.2003330128023957e-05,6m,1m,12m
2010-03-23,gamma2,1.819750949207898e-05,6m,1m,12m
2010-03-24,gamma2,2.198598835445767e-05,6m,1m,12m
2010-03-25,gamma2,2.144865146806883e-05,6m,1m,12m
2010-03-26,gamma2,1.647000314778791e-05,6m,1m,12m
2010-03-29,gamma2,1.8302288354904152e-05,6m,1m,12m
2010-03-30,gamma2,1.427187444434252e-05,6m,1m,12m
2010-03-31,gamma2,1.4379436548042599e-05,6m,1m,12m
2010-04-01,gamma2,2.0188042908623032e-05,6m,1m,12m
2010-04-05,gamma2,1.725849473506193e-05,6m,1m,12m
2010-04-06,gamma2,1.3393977364808437e-05,6m,1m,12m
2010-04-07,gamma2,1.4991103934655767e-05,6m,1m,12m
2010-04-08,gamma2,1.681753120668661e-05,6m,1m,12m
2010-04-09,gamma2,1.2990697002277623e-05,6m,1m,12m
2010-04-16,gamma2,9.925816685991941e-06,6m,1m,12m
2010-04-21,gamma2,1.0410850805529128e-05,6m,1m,12m
2010-04-22,gamma2,1.5883897460816254e-05,6m,1m,12m
2010-04-23,gamma2,1.59430711056779e-05,6m,1m,12m
2010-04-26,gamma2,1.8494600343007795e-05,6m,1m,12m
2010-04-27,gamma2,6.094638859015487e-06,6m,1m,12m
2010-04-28,gamma2,2.374063764771042e-06,6m,1m,12m
2010-04-29,gamma2,8.991230698139766e-06,6m,1m,12m
2010-04-30,gamma2,1.3155399377706191e-05,6m,1m,12m
2010-05-03,gamma2,1.058436938187726e-05,6m,1m,12m
2010-05-04,gamma2,5.851968247561459e-06,6m,1m,12m
2010-05-05,gamma2,1.1869427266830695e-05,6m,1m,12m
2010-05-06,gamma2,1.4500380036888915e-06,6m,1m,12m
2010-05-07,gamma2,-4.399176276951792e-06,6m,1m,12m
2010-05-10,gamma2,3.029607615077059e-05,6m,1m,12m
2010-05-11,gamma2,3.8525577703471474e-05,6m,1m,12m
2010-05-12,gamma2,3.7325553169450654e-05,6m,1m,12m
2010-05-13,gamma2,4.617279369829309e-05,6m,1m,12m
2010-05-14,gamma2,4.604541702119272e-05,6m,1m,12m
2010-05-19,gamma2,4.4245935164338065e-05,6m,1m,12m
2010-05-20,gamma2,7.704970679800958e-05,6m,1m,12m
2010-05-21,gamma2,8.537443251684088e-05,6m,1m,12m
2010-05-24,gamma2,3.8959682237734484e-05,6m,1m,12m
2010-05-25,gamma2,3.176291787468447e-05,6m,1m,12m
2010-05-26,gamma2,5.2962639440876455e-05,6m,1m,12m
2010-05-27,gamma2,3.753337478739637e-05,6m,1m,12m
2010-05-28,gamma2,4.1086263204767666e-05,6m,1m,12m
2010-06-01,gamma2,6.474601098043215e-05,6m,1m,12m
2010-06-02,gamma2,3.7401657676004046e-05,6m,1m,12m
2010-06-03,gamma2,4.824435601783532e-05,6m,1m,12m
2010-06-04,gamma2,4.054907766517977e-05,6m,1m,12m
2010-06-07,gamma2,5.701951402753179e-05,6m,1m,12m
2010-06-08,gamma2,2.7910965361217026e-05,6m,1m,12m
2010-06-09,gamma2,4.102411625178266e-05,6m,1m,12m
2010-06-10,gamma2,4.534451350646378e-05,6m,1m,12m
2010-06-11,gamma2,4.338072896067357e-05,6m,1m,12m
2010-06-14,gamma2,4.394501970659027e-05,6m,1m,12m
2010-06-15,gamma2,3.9725858969823746e-05,6m,1m,12m
2010-06-16,gamma2,2.152792481563172e-05,6m,1m,12m
2010-06-17,gamma2,1.84759623720468e-05,6m,1m,12m
2010-06-18,gamma2,1.6731353035888937e-05,6m,1m,12m
2010-06-21,gamma2,2.462343948353022e-05,6m,1m,12m
2010-06-22,gamma2,3.2279144490149345e-05,6m,1m,12m
2010-06-23,gamma2,2.4581791687577387e-05,6m,1m,12m
2010-06-24,gamma2,3.138437997028151e-05,6m,1m,12m
2010-06-25,gamma2,3.8578630136683944e-05,6m,1m,12m
2010-06-28,gamma2,2.029997558288577e-05,6m,1m,12m
2010-06-29,gamma2,1.1761083513440956e-05,6m,1m,12m
2010-06-30,gamma2,2.9845933840511365e-05,6m,1m,12m
2010-07-01,gamma2,3.984363480338925e-05,6m,1m,12m
2010-07-02,gamma2,4.3022894872018e-05,6m,1m,12m
2010-07-06,gamma2,1.8137664249162492e-05,6m,1m,12m
2010-07-07,gamma2,2.59848098078939e-05,6m,1m,12m
2010-07-08,gamma2,3.581603597457807e-05,6m,1m,12m
2010-07-09,gamma2,2.0297184935543596e-05,6m,1m,12m
2010-07-16,gamma2,1.3858194711339976e-06,6m,1m,12m
2010-07-21,gamma2,3.5267346725966653e-06,6m,1m,12m
2010-07-22,gamma2,-6.119058789231904e-06,6m,1m,12m
2010-07-23,gamma2,-3.861751716948704e-06,6m,1m,12m
2010-07-26,gamma2,5.503751678027279e-06,6m,1m,12m
2010-07-27,gamma2,1.1184781347130891e-06,6m,1m,12m
2010-07-28,gamma2,4.758698228701713e-06,6m,1m,12m
2010-07-29,gamma2,7.701646083783896e-06,6m,1m,12m
2010-07-30,gamma2,5.5269380905336565e-06,6m,1m,12m
2010-08-02,gamma2,2.4745485197868497e-05,6m,1m,12m
2010-08-03,gamma2,2.4357187381179462e-05,6m,1m,12m
2010-08-04,gamma2,1.3586732746318142e-05,6m,1m,12m
2010-08-05,gamma2,1.4598565229664373e-05,6m,1m,12m
2010-08-06,gamma2,1.917577700324777e-05,6m,1m,12m
2010-08-09,gamma2,1.7574989563972063e-05,6m,1m,12m
2010-08-10,gamma2,1.569519810515651e-05,6m,1m,12m
2010-08-11,gamma2,2.100749000336223e-05,6m,1m,12m
2010-08-12,gamma2,2.0563398004333896e-05,6m,1m,12m
2010-08-13,gamma2,1.8649225492442373e-05,6m,1m,12m
2010-08-18,gamma2,2.9575005766926447e-05,6m,1m,12m
2010-08-19,gamma2,4.218156469747991e-05,6m,1m,12m
2010-08-20,gamma2,3.392704527977283e-05,6m,1m,12m
2010-08-23,gamma2,2.2117384386037938e-05,6m,1m,12m
2010-08-24,gamma2,2.895795310270604e-05,6m,1m,12m
2010-08-25,gamma2,3.099073809624067e-05,6m,1m,12m
2010-08-26,gamma2,3.2076743433286065e-05,6m,1m,12m
2010-08-27,gamma2,3.1125106579258444e-05,6m,1m,12m
2010-08-30,gamma2,3.4127586287681476e-05,6m,1m,12m
2010-08-31,gamma2,3.330917063338218e-05,6m,1m,12m
2010-09-01,gamma2,2.9752557565421156e-05,6m,1m,12m
2010-09-02,gamma2,3.87820528808395e-05,6m,1m,12m
2010-09-03,gamma2,3.965962951274739e-05,6m,1m,12m
2010-09-07,gamma2,3.6173589144765444e-05,6m,1m,12m
2010-09-08,gamma2,4.385477323231156e-05,6m,1m,12m
2010-09-09,gamma2,2.960153240321317e-05,6m,1m,12m
2010-09-10,gamma2,4.261237957591221e-05,6m,1m,12m
2010-09-13,gamma2,3.6660046752858303e-05,6m,1m,12m
2010-09-14,gamma2,3.957494393120186e-05,6m,1m,12m
2010-09-15,gamma2,3.462863816945235e-05,6m,1m,12m
2010-09-16,gamma2,3.853598555252581e-05,6m,1m,12m
2010-09-17,gamma2,3.0416738125627102e-05,6m,1m,12m
2010-09-20,gamma2,2.2900367914044046e-05,6m,1m,12m
2010-09-21,gamma2,1.822480661537054e-05,6m,1m,12m
2010-09-22,gamma2,1.8919675818216408e-05,6m,1m,12m
2010-09-23,gamma2,1.9017244363397865e-05,6m,1m,12m
2010-09-24,gamma2,1.1351151562828087e-05,6m,1m,12m
2010-09-27,gamma2,2.2865268597933458e-05,6m,1m,12m
2010-09-28,gamma2,2.469016577706896e-05,6m,1m,12m
2010-09-29,gamma2,2.7159489524960442e-05,6m,1m,12m
2010-09-30,gamma2,3.0240883501308485e-05,6m,1m,12m
2010-10-01,gamma2,3.476899691069137e-05,6m,1m,12m
2010-10-04,gamma2,3.979507195043075e-05,6m,1m,12m
2010-10-05,gamma2,4.462295273636351e-05,6m,1m,12m
2010-10-06,gamma2,4.746536054458288e-05,6m,1m,12m
2010-10-07,gamma2,3.849496292546044e-05,6m,1m,12m
2010-10-08,gamma2,3.8718024697423554e-05,6m,1m,12m
2010-10-14,gamma2,2.904836099991432e-05,6m,1m,12m
2010-10-15,gamma2,2.1958919205067252e-05,6m,1m,12m
2010-10-20,gamma2,1.6780755327904554e-05,6m,1m,12m
2010-10-21,gamma2,1.4408052743941666e-05,6m,1m,12m
2010-10-22,gamma2,9.29384191548844e-06,6m,1m,12m
2010-10-25,gamma2,6.528422410666464e-06,6m,1m,12m
2010-10-26,gamma2,-6.449990175847194e-07,6m,1m,12m
2010-10-27,gamma2,1.1877017770731472e-05,6m,1m,12m
2010-10-28,gamma2,6.325897397064229e-06,6m,1m,12m
2010-10-29,gamma2,8.550999278141843e-06,6m,1m,12m
2010-11-01,gamma2,6.623665125587613e-06,6m,1m,12m
2010-11-02,gamma2,8.014803036254536e-06,6m,1m,12m
2010-11-03,gamma2,1.030559772570947e-05,6m,1m,12m
2010-11-04,gamma2,1.3438655334096714e-05,6m,1m,12m
2010-11-05,gamma2,2.778018208018199e-05,6m,1m,12m
2010-11-08,gamma2,2.7915546125993765e-05,6m,1m,12m
2010-11-09,gamma2,1.947695796540625e-05,6m,1m,12m
2010-11-10,gamma2,1.5707676631808407e-05,6m,1m,12m
2010-11-11,gamma2,1.5168122605820988e-05,6m,1m,12m
2010-11-12,gamma2,1.6089066086728125e-05,6m,1m,12m
2010-11-17,gamma2,-3.9517200264008814e-06,6m,1m,12m
2010-11-18,gamma2,8.927988030821969e-06,6m,1m,12m
2010-11-19,gamma2,9.564040460609215e-06,6m,1m,12m
2010-11-22,gamma2,1.863491308138252e-05,6m,1m,12m
2010-11-23,gamma2,2.166428882075704e-05,6m,1m,12m
2010-11-24,gamma2,1.701492407412535e-05,6m,1m,12m
2010-11-26,gamma2,1.168880419571203e-05,6m,1m,12m
2010-11-29,gamma2,1.0760490460412196e-05,6m,1m,12m
2010-11-30,gamma2,2.9159656264731727e-06,6m,1m,12m
2010-12-01,gamma2,1.5614075423489275e-05,6m,1m,12m
2010-12-02,gamma2,2.6638481644322612e-05,6m,1m,12m
2010-12-03,gamma2,1.776096950284982e-05,6m,1m,12m
2010-12-06,gamma2,2.056972249693275e-05,6m,1m,12m
2010-12-07,gamma2,2.3287176013822525e-05,6m,1m,12m
2010-12-08,gamma2,1.7974754316587936e-05,6m,1m,12m
2010-12-09,gamma2,1.69905420869647e-05,6m,1m,12m
2010-12-10,gamma2,1.983532096407385e-05,6m,1m,12m
2010-12-13,gamma2,2.2505367591657063e-05,6m,1m,12m
2010-12-14,gamma2,1.8324383698959246e-05,6m,1m,12m
2010-12-15,gamma2,2.0041754767407875e-05,6m,1m,12m
2010-12-16,gamma2,1.9173346370719078e-05,6m,1m,12m
2010-12-17,gamma2,2.0130875217180266e-05,6m,1m,12m
2010-12-20,gamma2,2.1963285725905026e-05,6m,1m,12m
2010-12-21,gamma2,2.1264306149637107e-05,6m,1m,12m
2010-12-22,gamma2,1.7992180840908457e-05,6m,1m,12m
2010-12-23,gamma2,2.2236717765033937e-05,6m,1m,12m
2010-12-27,gamma2,3.1380118158758156e-05,6m,1m,12m
2010-12-28,gamma2,3.55452085578239e-05,6m,1m,12m
2010-12-29,gamma2,3.0181328726167836e-05,6m,1m,12m
2010-12-30,gamma2,3.2005430345984775e-05,6m,1m,12m
2010-12-31,gamma2,2.7454311205110796e-05,6m,1m,12m
2011-01-03,gamma2,3.154355617584598e-05,6m,1m,12m
2011-01-04,gamma2,2.757680441380935e-05,6m,1m,12m
2011-01-05,gamma2,3.135700291111655e-05,6m,1m,12m
2011-01-06,gamma2,3.073412673571549e-05,6m,1m,12m
2011-01-07,gamma2,2.832706771344451e-05,6m,1m,12m
2011-01-10,gamma2,3.4510300483049724e-05,6m,1m,12m
2011-01-11,gamma2,3.1802446107186454e-05,6m,1m,12m
2011-01-12,gamma2,3.151603358877524e-05,6m,1m,12m
2011-01-13,gamma2,3.242391022307106e-05,6m,1m,12m
2011-01-14,gamma2,2.2433809127810892e-05,6m,1m,12m
2011-01-19,gamma2,2.853866768530649e-05,6m,1m,12m
2011-01-20,gamma2,2.9873575690255402e-05,6m,1m,12m
2011-01-21,gamma2,2.328170901600621e-05,6m,1m,12m
2011-01-24,gamma2,1.4771100645439094e-05,6m,1m,12m
2011-01-25,gamma2,1.5165828054792769e-05,6m,1m,12m
2011-01-26,gamma2,1.851148626990075e-05,6m,1m,12m
2011-01-27,gamma2,1.6247533663855e-05,6m,1m,12m
2011-01-28,gamma2,1.879947303905966e-05,6m,1m,12m
2011-01-31,gamma2,1.6138713162053853e-05,6m,1m,12m
2011-02-01,gamma2,2.7088459936230922e-05,6m,1m,12m
2011-02-02,gamma2,1.4917580971575723e-05,6m,1m,12m
2011-02-03,gamma2,1.9062388872163394e-05,6m,1m,12m
2011-02-04,gamma2,1.4082128790737896e-05,6m,1m,12m
2011-02-07,gamma2,1.6489442936348546e-05,6m,1m,12m
2011-02-08,gamma2,1.4351174172296647e-05,6m,1m,12m
2011-02-09,gamma2,1.3425997774594959e-05,6m,1m,12m
2011-02-10,gamma2,1.3499715133822844e-05,6m,1m,12m
2011-02-11,gamma2,1.0794027842160569e-05,6m,1m,12m
2011-02-16,gamma2,9.536816000534273e-06,6m,1m,12m
2011-02-17,gamma2,1.3924019457717897e-05,6m,1m,12m
2011-02-18,gamma2,4.740082093956949e-06,6m,1m,12m
2011-02-22,gamma2,5.904482968728871e-06,6m,1m,12m
2011-02-23,gamma2,-7.204234325217712e-07,6m,1m,12m
2011-02-24,gamma2,-3.024887685504103e-06,6m,1m,12m
2011-02-25,gamma2,1.5519274778825803e-06,6m,1m,12m
2011-02-28,gamma2,3.753400332192786e-06,6m,1m,12m
2011-03-01,gamma2,4.4936449257066185e-06,6m,1m,12m
2011-03-02,gamma2,-7.5670968069241235e-06,6m,1m,12m
2011-03-03,gamma2,-6.155544013228427e-06,6m,1m,12m
2011-03-04,gamma2,-4.052821772876159e-06,6m,1m,12m
2011-03-07,gamma2,-2.3226345432211765e-06,6m,1m,12m
2011-03-08,gamma2,-7.362275516085644e-06,6m,1m,12m
2011-03-09,gamma2,-7.4075585516274635e-06,6m,1m,12m
2011-03-10,gamma2,1.0929449898908789e-05,6m,1m,12m
2011-03-11,gamma2,-4.936943696176572e-06,6m,1m,12m
2011-03-14,gamma2,9.025256154724926e-06,6m,1m,12m
2011-03-15,gamma2,4.345573787428254e-06,6m,1m,12m
2011-03-16,gamma2,-2.1172659429538345e-05,6m,1m,12m
2011-03-17,gamma2,-3.7204341118439774e-06,6m,1m,12m
2011-03-18,gamma2,-1.7493492236880207e-05,6m,1m,12m
2011-03-21,gamma2,1.615815789899726e-05,6m,1m,12m
2011-03-22,gamma2,6.494860887767773e-06,6m,1m,12m
2011-03-23,gamma2,2.3196379376407255e-05,6m,1m,12m
2011-03-24,gamma2,1.5966465261741496e-05,6m,1m,12m
2011-03-25,gamma2,-3.454194203930807e-07,6m,1m,12m
2011-03-28,gamma2,6.720836804414544e-06,6m,1m,12m
2011-03-29,gamma2,2.2860651308220933e-06,6m,1m,12m
2011-03-30,gamma2,7.061307112146723e-06,6m,1m,12m
2011-03-31,gamma2,8.772666030824773e-06,6m,1m,12m
2011-04-01,gamma2,1.9325083777047855e-06,6m,1m,12m
2011-04-04,gamma2,1.7585333334875935e-06,6m,1m,12m
2011-04-05,gamma2,2.7527448164404333e-06,6m,1m,12m
2011-04-06,gamma2,8.086735832894342e-06,6m,1m,12m
2011-04-07,gamma2,9.299725851019657e-06,6m,1m,12m
2011-04-08,gamma2,7.5314903885096225e-06,6m,1m,12m
2011-04-14,gamma2,7.198001582501165e-06,6m,1m,12m
2011-04-20,gamma2,7.273635378003024e-06,6m,1m,12m
2011-04-21,gamma2,6.260886671807848e-06,6m,1m,12m
2011-04-25,gamma2,8.358823556981485e-06,6m,1m,12m
2011-04-26,gamma2,9.377210485630566e-06,6m,1m,12m
2011-04-27,gamma2,7.041452847623753e-06,6m,1m,12m
2011-04-28,gamma2,1.0012999768097094e-05,6m,1m,12m
2011-04-29,gamma2,1.0280079541565313e-05,6m,1m,12m
2011-05-02,gamma2,7.5954370003048545e-06,6m,1m,12m
2011-05-03,gamma2,3.2343579247248223e-06,6m,1m,12m
2011-05-04,gamma2,4.266010514108984e-06,6m,1m,12m
2011-05-05,gamma2,2.262264358150615e-06,6m,1m,12m
2011-05-06,gamma2,-1.8678526163974825e-06,6m,1m,12m
2011-05-09,gamma2,7.494187814826388e-07,6m,1m,12m
2011-05-10,gamma2,1.8392550377094932e-06,6m,1m,12m
2011-05-11,gamma2,1.2087109537720258e-06,6m,1m,12m
2011-05-12,gamma2,2.6241676706164096e-06,6m,1m,12m
2011-05-13,gamma2,3.418056268228131e-06,6m,1m,12m
2011-05-18,gamma2,2.265030998215716e-06,6m,1m,12m
2011-05-19,gamma2,2.0436684103955584e-06,6m,1m,12m
2011-05-20,gamma2,1.178675435700277e-06,6m,1m,12m
2011-05-23,gamma2,9.782136345583907e-06,6m,1m,12m
2011-05-24,gamma2,1.0830364805110233e-05,6m,1m,12m
2011-05-25,gamma2,1.0690777103953772e-05,6m,1m,12m
2011-05-26,gamma2,5.527720615924319e-06,6m,1m,12m
2011-05-27,gamma2,8.15814526027447e-06,6m,1m,12m
2011-05-31,gamma2,7.570109002638002e-06,6m,1m,12m
2011-06-01,gamma2,7.792793549555469e-07,6m,1m,12m
2011-06-02,gamma2,-2.279381559057573e-06,6m,1m,12m
2011-06-03,gamma2,1.09052143639005e-05,6m,1m,12m
2011-06-06,gamma2,4.1670869505884285e-05,6m,1m,12m
2011-06-07,gamma2,2.377656741495761e-05,6m,1m,12m
2011-06-08,gamma2,3.7490856228819835e-05,6m,1m,12m
2011-06-09,gamma2,9.345281680633728e-06,6m,1m,12m
2011-06-10,gamma2,1.805213983600833e-05,6m,1m,12m
2011-06-13,gamma2,2.263963278972736e-05,6m,1m,12m
2011-06-14,gamma2,5.455383120021821e-06,6m,1m,12m
2011-06-15,gamma2,-1.4349379627639197e-05,6m,1m,12m
2011-06-16,gamma2,1.4572274966682146e-05,6m,1m,12m
2011-06-17,gamma2,2.7977898878871577e-05,6m,1m,12m
2011-06-20,gamma2,1.9589740403096816e-05,6m,1m,12m
2011-06-21,gamma2,1.475278547752746e-05,6m,1m,12m
2011-06-22,gamma2,1.1812522968753258e-05,6m,1m,12m
2011-06-23,gamma2,1.3903880432191812e-05,6m,1m,12m
2011-06-24,gamma2,2.5656078581567807e-05,6m,1m,12m
2011-06-27,gamma2,1.980901749256383e-05,6m,1m,12m
2011-06-28,gamma2,1.4359262822695838e-05,6m,1m,12m
2011-06-29,gamma2,2.2221753431666597e-05,6m,1m,12m
2011-06-30,gamma2,3.0181975783414486e-05,6m,1m,12m
2011-07-01,gamma2,2.593185967465241e-05,6m,1m,12m
2011-07-05,gamma2,2.112957501291728e-05,6m,1m,12m
2011-07-06,gamma2,1.9649662440685075e-05,6m,1m,12m
2011-07-07,gamma2,3.19576247527531e-05,6m,1m,12m
2011-07-08,gamma2,2.429095089629485e-05,6m,1m,12m
2011-07-14,gamma2,1.6426573161026847e-05,6m,1m,12m
2011-07-15,gamma2,-1.788000936838576e-05,6m,1m,12m
2011-07-20,gamma2,1.0132587327031713e-05,6m,1m,12m
2011-07-21,gamma2,8.337097514804406e-06,6m,1m,12m
2011-07-22,gamma2,1.0731318578691313e-05,6m,1m,12m
2011-07-25,gamma2,4.288656203587585e-06,6m,1m,12m
2011-07-26,gamma2,8.136174135935456e-06,6m,1m,12m
2011-07-27,gamma2,4.7972590515638745e-06,6m,1m,12m
2011-07-28,gamma2,1.5491168518964484e-06,6m,1m,12m
2011-07-29,gamma2,3.4200578707943597e-06,6m,1m,12m
2011-08-01,gamma2,1.7798577107691504e-05,6m,1m,12m
2011-08-02,gamma2,2.480395557976584e-05,6m,1m,12m
2011-08-03,gamma2,2.4567772273687417e-05,6m,1m,12m
2011-08-04,gamma2,1.4485172343584968e-05,6m,1m,12m
2011-08-05,gamma2,3.35463195229151e-05,6m,1m,12m
2011-08-08,gamma2,4.012108903984564e-05,6m,1m,12m
2011-08-09,gamma2,3.3402583896548086e-05,6m,1m,12m
2011-08-10,gamma2,6.439774807961846e-05,6m,1m,12m
2011-08-11,gamma2,3.005570337520574e-05,6m,1m,12m
2011-08-12,gamma2,2.841611890651088e-05,6m,1m,12m
2011-08-17,gamma2,2.1137212028020857e-05,6m,1m,12m
2011-08-18,gamma2,4.5801081101758844e-05,6m,1m,12m
2011-08-19,gamma2,3.763543218307643e-05,6m,1m,12m
2011-08-22,gamma2,3.4028673036078116e-05,6m,1m,12m
2011-08-23,gamma2,2.5304199100396387e-05,6m,1m,12m
2011-08-24,gamma2,1.3333723026850669e-05,6m,1m,12m
2011-08-25,gamma2,3.632487563426495e-05,6m,1m,12m
2011-08-26,gamma2,2.3021056746490026e-05,6m,1m,12m
2011-08-29,gamma2,2.2361083450848897e-05,6m,1m,12m
2011-08-30,gamma2,2.6039478455649238e-05,6m,1m,12m
2011-08-31,gamma2,1.6079985056934174e-05,6m,1m,12m
2011-09-01,gamma2,1.328427573145695e-05,6m,1m,12m
2011-09-02,gamma2,3.8135271383501256e-05,6m,1m,12m
2011-09-06,gamma2,4.1493654890763205e-05,6m,1m,12m
2011-09-07,gamma2,2.255014791415281e-05,6m,1m,12m
2011-09-08,gamma2,3.5835812869475566e-05,6m,1m,12m
2011-09-09,gamma2,3.3734975426358675e-05,6m,1m,12m
2011-09-12,gamma2,5.125461564712498e-05,6m,1m,12m
2011-09-13,gamma2,3.916443524713708e-05,6m,1m,12m
2011-09-14,gamma2,3.4359454112631695e-05,6m,1m,12m
2011-09-15,gamma2,1.856655394920433e-05,6m,1m,12m
2011-09-16,gamma2,1.6483347138391313e-05,6m,1m,12m
2011-09-19,gamma2,1.372592137712454e-05,6m,1m,12m
2011-09-20,gamma2,5.1076670392665534e-06,6m,1m,12m
2011-09-21,gamma2,6.89254137050909e-06,6m,1m,12m
2011-09-22,gamma2,-5.892729505607122e-05,6m,1m,12m
2011-09-23,gamma2,-8.271280236967074e-06,6m,1m,12m
2011-09-26,gamma2,-5.132173168696262e-06,6m,1m,12m
2011-09-27,gamma2,-6.9677301034533725e-06,6m,1m,12m
2011-09-28,gamma2,-1.6324941403365816e-05,6m,1m,12m
2011-09-29,gamma2,-1.954624173144195e-05,6m,1m,12m
2011-09-30,gamma2,-3.993945757724641e-05,6m,1m,12m
2011-10-03,gamma2,-9.99197411042752e-05,6m,1m,12m
2011-10-04,gamma2,-3.255916650318004e-05,6m,1m,12m
2011-10-05,gamma2,-2.637388348308631e-05,6m,1m,12m
2011-10-06,gamma2,-2.841764499358946e-05,6m,1m,12m
2011-10-07,gamma2,-5.262152159519585e-05,6m,1m,12m
2011-10-10,gamma2,-2.3085849482806926e-06,6m,1m,12m
2011-10-11,gamma2,-2.1792431082956496e-06,6m,1m,12m
2011-10-12,gamma2,4.0511233557595355e-06,6m,1m,12m
2011-10-13,gamma2,-1.5983428772866204e-05,6m,1m,12m
2011-10-14,gamma2,-1.9676940190941776e-05,6m,1m,12m
2011-10-19,gamma2,-1.3812867027963737e-05,6m,1m,12m
2011-10-20,gamma2,-0.0002278684057297025,6m,1m,12m
2011-10-21,gamma2,4.341207639440629e-06,6m,1m,12m
2011-10-24,gamma2,-2.04720281591687e-06,6m,1m,12m
2011-10-25,gamma2,-2.1213195581648995e-05,6m,1m,12m
2011-10-26,gamma2,-1.1415219855842753e-05,6m,1m,12m
2011-10-27,gamma2,2.138687612651745e-06,6m,1m,12m
2011-10-28,gamma2,1.1638839879813127e-05,6m,1m,12m
2011-10-31,gamma2,-8.194710793660799e-06,6m,1m,12m
2011-11-01,gamma2,-1.9661950091878733e-05,6m,1m,12m
2011-11-02,gamma2,4.891452285762993e-06,6m,1m,12m
2011-11-03,gamma2,1.111128968520335e-05,6m,1m,12m
2011-11-04,gamma2,5.698999603443402e-06,6m,1m,12m
2011-11-07,gamma2,4.113452695401704e-06,6m,1m,12m
2011-11-08,gamma2,1.6338402246040284e-05,6m,1m,12m
2011-11-09,gamma2,5.7336047953415535e-06,6m,1m,12m
2011-11-10,gamma2,1.9113832323248868e-05,6m,1m,12m
2011-11-11,gamma2,2.334644182321011e-05,6m,1m,12m
2011-11-16,gamma2,8.737411833558207e-06,6m,1m,12m
2011-11-17,gamma2,-1.330995791559866e-06,6m,1m,12m
2011-11-18,gamma2,1.3076510052421768e-05,6m,1m,12m
2011-11-21,gamma2,8.107201282556446e-06,6m,1m,12m
2011-11-22,gamma2,-3.850319169132237e-06,6m,1m,12m
2011-11-23,gamma2,-2.2551293648176367e-06,6m,1m,12m
2011-11-25,gamma2,-2.3471462356901683e-05,6m,1m,12m
2011-11-28,gamma2,-1.8518880706594348e-05,6m,1m,12m
2011-11-29,gamma2,-6.618498741853504e-06,6m,1m,12m
2011-11-30,gamma2,1.6302831461077574e-05,6m,1m,12m
2011-12-01,gamma2,-3.597001984654549e-06,6m,1m,12m
2011-12-02,gamma2,-7.2131471694253e-06,6m,1m,12m
2011-12-05,gamma2,1.454168130010519e-06,6m,1m,12m
2011-12-06,gamma2,1.3888762280559495e-05,6m,1m,12m
2011-12-07,gamma2,5.312959221333156e-06,6m,1m,12m
2011-12-08,gamma2,-1.2797093065354252e-05,6m,1m,12m
2011-12-09,gamma2,-6.477866410934083e-06,6m,1m,12m
2011-12-12,gamma2,-5.655110252045106e-07,6m,1m,12m
2011-12-13,gamma2,1.8531666689853168e-05,6m,1m,12m
2011-12-14,gamma2,1.9289421298418025e-05,6m,1m,12m
2011-12-15,gamma2,3.536515691096822e-05,6m,1m,12m
2011-12-16,gamma2,1.5618368131630836e-05,6m,1m,12m
2011-12-19,gamma2,-5.513700006734003e-06,6m,1m,12m
2011-12-20,gamma2,9.308413759540591e-06,6m,1m,12m
2011-12-21,gamma2,1.8208229074687458e-05,6m,1m,12m
2011-12-22,gamma2,1.2668058550251468e-05,6m,1m,12m
2011-12-23,gamma2,2.9038719905864345e-06,6m,1m,12m
2011-12-27,gamma2,8.630244660151985e-06,6m,1m,12m
2011-12-28,gamma2,1.0606959821467497e-05,6m,1m,12m
2011-12-29,gamma2,1.4353692338882933e-05,6m,1m,12m
2011-12-30,gamma2,1.0554740146518548e-05,6m,1m,12m
2012-01-03,gamma2,1.3334450314808246e-05,6m,1m,12m
2012-01-04,gamma2,1.4864553406847626e-05,6m,1m,12m
2012-01-05,gamma2,1.418078319574317e-05,6m,1m,12m
2012-01-06,gamma2,2.9550916828756008e-05,6m,1m,12m
2012-01-09,gamma2,2.3303923049933407e-05,6m,1m,12m
2012-01-10,gamma2,2.0413187186389743e-05,6m,1m,12m
2012-01-11,gamma2,2.1303628470125505e-05,6m,1m,12m
2012-01-12,gamma2,1.9414688721665067e-05,6m,1m,12m
2012-01-13,gamma2,1.8892362443733685e-05,6m,1m,12m
2012-01-18,gamma2,7.56369947953026e-06,6m,1m,12m
2012-01-19,gamma2,9.633031837062125e-06,6m,1m,12m
2012-01-20,gamma2,1.3071066227528358e-05,6m,1m,12m
2012-01-23,gamma2,1.8745026188131444e-05,6m,1m,12m
2012-01-24,gamma2,1.19847755151196e-05,6m,1m,12m
2012-01-25,gamma2,1.8189137056448837e-05,6m,1m,12m
2012-01-26,gamma2,1.594490814348123e-05,6m,1m,12m
2012-01-27,gamma2,2.048052845516054e-05,6m,1m,12m
2012-01-30,gamma2,1.1965389143301162e-05,6m,1m,12m
2012-01-31,gamma2,1.7630325485617034e-05,6m,1m,12m
2012-02-01,gamma2,1.529582778836369e-05,6m,1m,12m
2012-02-02,gamma2,1.872162393880351e-05,6m,1m,12m
2012-02-03,gamma2,2.109782647467829e-05,6m,1m,12m
2012-02-06,gamma2,1.7635057002759354e-05,6m,1m,12m
2012-02-07,gamma2,1.7787061815947358e-05,6m,1m,12m
2012-02-08,gamma2,1.66475218299166e-05,6m,1m,12m
2012-02-09,gamma2,1.2879206151937531e-05,6m,1m,12m
2012-02-10,gamma2,1.3241695325135518e-05,6m,1m,12m
2012-02-15,gamma2,1.4198258010983545e-05,6m,1m,12m
2012-02-16,gamma2,1.6301090710675867e-05,6m,1m,12m
2012-02-17,gamma2,1.610475022840923e-05,6m,1m,12m
2012-02-21,gamma2,1.6839638101889882e-05,6m,1m,12m
2012-02-22,gamma2,2.3472265712333943e-05,6m,1m,12m
2012-02-23,gamma2,2.4977913983982338e-05,6m,1m,12m
2012-02-24,gamma2,2.210609467057701e-05,6m,1m,12m
2012-02-27,gamma2,2.8015342270467917e-05,6m,1m,12m
2012-02-28,gamma2,2.609772161454097e-05,6m,1m,12m
2012-02-29,gamma2,1.5329252919377365e-05,6m,1m,12m
2012-03-01,gamma2,2.092752451032894e-05,6m,1m,12m
2012-03-02,gamma2,2.7691328848609513e-05,6m,1m,12m
2012-03-05,gamma2,2.8297171473267734e-05,6m,1m,12m
2012-03-06,gamma2,3.3620951314401745e-05,6m,1m,12m
2012-03-07,gamma2,1.618941094813293e-05,6m,1m,12m
2012-03-08,gamma2,2.09321484496561e-05,6m,1m,12m
2012-03-09,gamma2,2.1540901622814515e-05,6m,1m,12m
2012-03-12,gamma2,1.8984928997480366e-05,6m,1m,12m
2012-03-13,gamma2,1.2823480333012198e-05,6m,1m,12m
2012-03-14,gamma2,2.1321745869974566e-05,6m,1m,12m
2012-03-15,gamma2,1.5584026195123102e-05,6m,1m,12m
2012-03-16,gamma2,2.028751198495283e-05,6m,1m,12m
2012-03-19,gamma2,1.909325478951729e-05,6m,1m,12m
2012-03-20,gamma2,1.6703309283236584e-05,6m,1m,12m
2012-03-21,gamma2,3.655147757921867e-05,6m,1m,12m
2012-03-22,gamma2,3.2463817828887515e-05,6m,1m,12m
2012-03-23,gamma2,3.5088279641900456e-05,6m,1m,12m
2012-03-26,gamma2,2.5579434132210717e-05,6m,1m,12m
2012-03-27,gamma2,4.1447463750039236e-05,6m,1m,12m
2012-03-28,gamma2,4.111868775002545e-05,6m,1m,12m
2012-03-29,gamma2,4.907152520663769e-05,6m,1m,12m
2012-03-30,gamma2,4.766293504581091e-05,6m,1m,12m
2012-04-02,gamma2,2.465465083474499e-05,6m,1m,12m
2012-04-03,gamma2,2.5089402594612453e-05,6m,1m,12m
2012-04-04,gamma2,2.2919817020911055e-05,6m,1m,12m
2012-04-05,gamma2,2.231084806468363e-05,6m,1m,12m
2012-04-09,gamma2,2.297293860998652e-05,6m,1m,12m
2012-04-10,gamma2,1.3362002002050701e-05,6m,1m,12m
2012-04-11,gamma2,1.5113345586419478e-05,6m,1m,12m
2012-04-12,gamma2,1.4562232240186521e-05,6m,1m,12m
2012-04-13,gamma2,1.2626989989392534e-05,6m,1m,12m
2012-04-18,gamma2,1.5293128805844812e-05,6m,1m,12m
2012-04-19,gamma2,1.5464369496949787e-05,6m,1m,12m
2012-04-20,gamma2,1.5470433580005825e-05,6m,1m,12m
2012-04-23,gamma2,2.5426297400401215e-05,6m,1m,12m
2012-04-24,gamma2,3.560676829099354e-05,6m,1m,12m
2012-04-25,gamma2,3.368355032681674e-05,6m,1m,12m
2012-04-26,gamma2,3.733832448494471e-05,6m,1m,12m
2012-04-27,gamma2,3.201771410108983e-05,6m,1m,12m
2012-04-30,gamma2,3.428924350168892e-05,6m,1m,12m
2012-05-01,gamma2,2.9117785641015527e-05,6m,1m,12m
2012-05-02,gamma2,2.9554965210300756e-05,6m,1m,12m
2012-05-03,gamma2,2.2209738798442268e-05,6m,1m,12m
2012-05-04,gamma2,2.852589063092092e-05,6m,1m,12m
2012-05-07,gamma2,3.0295736263508657e-05,6m,1m,12m
2012-05-08,gamma2,3.109249789444196e-05,6m,1m,12m
2012-05-09,gamma2,3.510109616679399e-05,6m,1m,12m
2012-05-10,gamma2,2.3472770639746958e-05,6m,1m,12m
2012-05-11,gamma2,2.8471234446327182e-05,6m,1m,12m
2012-05-16,gamma2,1.980811550280722e-05,6m,1m,12m
2012-05-17,gamma2,2.7375955052638548e-05,6m,1m,12m
2012-05-18,gamma2,2.2046580751737416e-05,6m,1m,12m
2012-05-21,gamma2,2.593209323451965e-05,6m,1m,12m
2012-05-22,gamma2,3.3108628979650145e-05,6m,1m,12m
2012-05-23,gamma2,3.428631032559306e-05,6m,1m,12m
2012-05-24,gamma2,3.061375470337365e-05,6m,1m,12m
2012-05-25,gamma2,2.648794048347593e-05,6m,1m,12m
2012-05-29,gamma2,1.903697008976533e-05,6m,1m,12m
2012-05-30,gamma2,2.5744240151802185e-05,6m,1m,12m
2012-05-31,gamma2,2.604604926931387e-05,6m,1m,12m
2012-06-01,gamma2,4.558608557779235e-05,6m,1m,12m
2012-06-04,gamma2,6.0789003837574874e-05,6m,1m,12m
2012-06-05,gamma2,7.326965261216938e-05,6m,1m,12m
2012-06-06,gamma2,3.9252429254660215e-05,6m,1m,12m
2012-06-07,gamma2,4.0354578120248024e-05,6m,1m,12m
2012-06-08,gamma2,2.01908569036129e-05,6m,1m,12m
2012-06-11,gamma2,3.572116019468588e-05,6m,1m,12m
2012-06-12,gamma2,3.9963180405462274e-05,6m,1m,12m
2012-06-13,gamma2,1.0208460494937361e-05,6m,1m,12m
2012-06-14,gamma2,1.9834135913433164e-05,6m,1m,12m
2012-06-15,gamma2,4.0113432393480925e-05,6m,1m,12m
2012-06-18,gamma2,1.4564127910433579e-05,6m,1m,12m
2012-06-19,gamma2,1.5403665152920608e-05,6m,1m,12m
2012-06-20,gamma2,1.304512307656583e-05,6m,1m,12m
2012-06-21,gamma2,1.0974312215140338e-05,6m,1m,12m
2012-06-22,gamma2,1.7679857905677025e-05,6m,1m,12m
2012-06-25,gamma2,3.873243086886628e-05,6m,1m,12m
2012-06-26,gamma2,1.2588042375579964e-05,6m,1m,12m
2012-06-27,gamma2,1.489206785923232e-05,6m,1m,12m
2012-06-28,gamma2,1.1984961142051333e-05,6m,1m,12m
2012-06-29,gamma2,1.066477464753114e-05,6m,1m,12m
2012-07-02,gamma2,6.660119001631285e-06,6m,1m,12m
2012-07-03,gamma2,1.2572562696604819e-05,6m,1m,12m
2012-07-05,gamma2,1.3395781371105171e-05,6m,1m,12m
2012-07-06,gamma2,1.4438665606738418e-05,6m,1m,12m
2012-07-09,gamma2,1.0566467902468365e-05,6m,1m,12m
2012-07-10,gamma2,1.121330688278954e-05,6m,1m,12m
2012-07-11,gamma2,8.992333401781514e-06,6m,1m,12m
2012-07-12,gamma2,1.372405719710698e-05,6m,1m,12m
2012-07-13,gamma2,9.22965505606418e-06,6m,1m,12m
2012-07-16,gamma2,1.3872398466104286e-05,6m,1m,12m
2012-07-17,gamma2,1.7761661780560393e-05,6m,1m,12m
2012-07-18,gamma2,2.0656113513531752e-05,6m,1m,12m
2012-07-19,gamma2,1.8166619474008838e-05,6m,1m,12m
2012-07-20,gamma2,1.4929885208569701e-05,6m,1m,12m
2012-07-23,gamma2,1.36146203861705e-05,6m,1m,12m
2012-07-24,gamma2,6.618710116994921e-06,6m,1m,12m
2012-07-25,gamma2,2.097259070441412e-05,6m,1m,12m
2012-07-26,gamma2,1.2106335689246298e-05,6m,1m,12m
2012-07-27,gamma2,1.2272605507069295e-05,6m,1m,12m
2012-07-30,gamma2,3.989185904225551e-05,6m,1m,12m
2012-07-31,gamma2,3.365784292620913e-05,6m,1m,12m
2012-08-01,gamma2,3.389455906542877e-05,6m,1m,12m
2012-08-02,gamma2,1.576438575710724e-05,6m,1m,12m
2012-08-03,gamma2,2.7543870147091154e-05,6m,1m,12m
2012-08-06,gamma2,3.273731806798878e-05,6m,1m,12m
2012-08-07,gamma2,2.9110783954692657e-05,6m,1m,12m
2012-08-08,gamma2,3.0084410933814316e-05,6m,1m,12m
2012-08-09,gamma2,2.7970415293935215e-05,6m,1m,12m
2012-08-10,gamma2,2.228755741292606e-05,6m,1m,12m
2012-08-13,gamma2,1.9761625438492124e-05,6m,1m,12m
2012-08-14,gamma2,1.6668915284743478e-05,6m,1m,12m
2012-08-15,gamma2,1.9441889391447343e-05,6m,1m,12m
2012-08-16,gamma2,1.8291120502758164e-05,6m,1m,12m
2012-08-17,gamma2,2.1774287295152978e-05,6m,1m,12m
2012-08-20,gamma2,2.1620706947802835e-05,6m,1m,12m
2012-08-21,gamma2,1.4085001282582935e-05,6m,1m,12m
2012-08-22,gamma2,1.3761443178340125e-05,6m,1m,12m
2012-08-23,gamma2,2.2200190531700535e-05,6m,1m,12m
2012-08-24,gamma2,3.0149213896013944e-05,6m,1m,12m
2012-08-27,gamma2,2.802411017770658e-05,6m,1m,12m
2012-08-28,gamma2,3.082341781029821e-05,6m,1m,12m
2012-08-29,gamma2,2.5052692487462307e-05,6m,1m,12m
2012-08-30,gamma2,3.568997165214019e-05,6m,1m,12m
2012-08-31,gamma2,3.2143940036732436e-05,6m,1m,12m
2012-09-04,gamma2,2.393448619376767e-05,6m,1m,12m
2012-09-05,gamma2,1.929427554780715e-05,6m,1m,12m
2012-09-06,gamma2,1.2884842353443949e-05,6m,1m,12m
2012-09-07,gamma2,1.7071337867215752e-05,6m,1m,12m
2012-09-10,gamma2,3.1614079133334176e-05,6m,1m,12m
2012-09-11,gamma2,3.102311932088367e-05,6m,1m,12m
2012-09-12,gamma2,2.0311431714673544e-05,6m,1m,12m
2012-09-13,gamma2,1.338934940528806e-05,6m,1m,12m
2012-09-14,gamma2,3.297293179694922e-05,6m,1m,12m
2012-09-17,gamma2,2.3573909641097004e-05,6m,1m,12m
2012-09-18,gamma2,1.9360600808269083e-05,6m,1m,12m
2012-09-19,gamma2,1.957835983475685e-05,6m,1m,12m
2012-09-20,gamma2,2.1856900352715182e-05,6m,1m,12m
2012-09-21,gamma2,2.3947376363868442e-05,6m,1m,12m
2012-09-24,gamma2,2.2594080052206045e-05,6m,1m,12m
2012-09-25,gamma2,2.824489642521618e-05,6m,1m,12m
2012-09-26,gamma2,2.9106241056142673e-05,6m,1m,12m
2012-09-27,gamma2,1.877727520409414e-05,6m,1m,12m
2012-09-28,gamma2,2.2371914924749735e-05,6m,1m,12m
2012-10-01,gamma2,2.769530317755922e-05,6m,1m,12m
2012-10-02,gamma2,2.2266377063148994e-05,6m,1m,12m
2012-10-03,gamma2,2.221200502402395e-05,6m,1m,12m
2012-10-04,gamma2,1.991657434166333e-05,6m,1m,12m
2012-10-05,gamma2,2.3725412625934123e-05,6m,1m,12m
2012-10-08,gamma2,3.258404815865243e-05,6m,1m,12m
2012-10-09,gamma2,1.517235895460181e-05,6m,1m,12m
2012-10-10,gamma2,1.903355580171837e-05,6m,1m,12m
2012-10-11,gamma2,1.6870961638680655e-05,6m,1m,12m
2012-10-12,gamma2,1.571170357109664e-05,6m,1m,12m
2012-10-15,gamma2,1.4483520820300668e-05,6m,1m,12m
2012-10-16,gamma2,1.607353459627085e-05,6m,1m,12m
2012-10-17,gamma2,1.507221425326773e-05,6m,1m,12m
2012-10-18,gamma2,1.8052897682179343e-05,6m,1m,12m
2012-10-19,gamma2,1.2405091768408577e-05,6m,1m,12m
2012-10-22,gamma2,2.097366803799047e-05,6m,1m,12m
2012-10-23,gamma2,2.9747893631004842e-05,6m,1m,12m
2012-10-24,gamma2,2.6952512514649385e-05,6m,1m,12m
2012-10-25,gamma2,2.2505935446459452e-05,6m,1m,12m
2012-10-26,gamma2,3.4194509133476526e-05,6m,1m,12m
2012-10-31,gamma2,1.962527535934029e-05,6m,1m,12m
2012-11-01,gamma2,2.193759745529371e-05,6m,1m,12m
2012-11-02,gamma2,2.3322842503278234e-05,6m,1m,12m
2012-11-05,gamma2,2.925914783431376e-05,6m,1m,12m
2012-11-06,gamma2,1.703141611721376e-05,6m,1m,12m
2012-11-07,gamma2,2.3567540186589714e-05,6m,1m,12m
2012-11-08,gamma2,2.1312708801641768e-05,6m,1m,12m
2012-11-09,gamma2,2.445952419997893e-05,6m,1m,12m
2012-11-12,gamma2,1.866013747192845e-05,6m,1m,12m
2012-11-13,gamma2,1.9193863547232386e-05,6m,1m,12m
2012-11-14,gamma2,2.5329166969453804e-05,6m,1m,12m
2012-11-15,gamma2,3.023533802786334e-05,6m,1m,12m
2012-11-16,gamma2,2.9103513433918644e-05,6m,1m,12m
2012-11-19,gamma2,2.2224249706473736e-05,6m,1m,12m
2012-11-20,gamma2,1.9476235264528627e-05,6m,1m,12m
2012-11-21,gamma2,1.6621457746864036e-05,6m,1m,12m
2012-11-23,gamma2,2.3768489685007617e-05,6m,1m,12m
2012-11-26,gamma2,2.830563181966502e-05,6m,1m,12m
2012-11-27,gamma2,2.5676092294835802e-05,6m,1m,12m
2012-11-28,gamma2,2.372397435441321e-05,6m,1m,12m
2012-11-29,gamma2,2.6080881840996067e-05,6m,1m,12m
2012-11-30,gamma2,2.032649317183403e-05,6m,1m,12m
2012-12-03,gamma2,1.838838337176691e-05,6m,1m,12m
2012-12-04,gamma2,2.033395273916798e-05,6m,1m,12m
2012-12-05,gamma2,2.7572358640095113e-05,6m,1m,12m
2012-12-06,gamma2,2.4356773620935073e-05,6m,1m,12m
2012-12-07,gamma2,3.301195236807558e-05,6m,1m,12m
2012-12-10,gamma2,2.948094393594084e-05,6m,1m,12m
2012-12-11,gamma2,2.7097592410304868e-05,6m,1m,12m
2012-12-12,gamma2,2.4964569539960604e-05,6m,1m,12m
2012-12-13,gamma2,2.546367375518777e-05,6m,1m,12m
2012-12-14,gamma2,4.046026426109045e-05,6m,1m,12m
2012-12-17,gamma2,3.018944326898273e-05,6m,1m,12m
2012-12-18,gamma2,2.930873273379815e-05,6m,1m,12m
2012-12-19,gamma2,3.24533893306892e-05,6m,1m,12m
2012-12-20,gamma2,2.117860372878193e-05,6m,1m,12m
2012-12-21,gamma2,2.410557490337261e-05,6m,1m,12m
2012-12-24,gamma2,1.615275964228389e-05,6m,1m,12m
2012-12-26,gamma2,3.031715772288853e-05,6m,1m,12m
2012-12-27,gamma2,2.294396044832233e-05,6m,1m,12m
2012-12-28,gamma2,5.235688463289955e-05,6m,1m,12m
2012-12-31,gamma2,1.616833222146385e-05,6m,1m,12m
2013-01-02,gamma2,1.5246558446358475e-05,6m,1m,12m
2013-01-03,gamma2,1.994834697867186e-05,6m,1m,12m
2013-01-04,gamma2,2.3084211707053097e-05,6m,1m,12m
2013-01-07,gamma2,1.9096482455467407e-05,6m,1m,12m
2013-01-08,gamma2,1.81304404249594e-05,6m,1m,12m
2013-01-09,gamma2,1.580585701744799e-05,6m,1m,12m
2013-01-10,gamma2,1.1897650206924336e-05,6m,1m,12m
2013-01-11,gamma2,1.5046836048300964e-05,6m,1m,12m
2013-01-14,gamma2,1.146766598726719e-05,6m,1m,12m
2013-01-15,gamma2,1.4800597974200564e-05,6m,1m,12m
2013-01-16,gamma2,1.1107438548970637e-05,6m,1m,12m
2013-01-17,gamma2,2.0360044235021894e-05,6m,1m,12m
2013-01-18,gamma2,1.2988951594679104e-05,6m,1m,12m
2013-01-22,gamma2,1.8587611884161486e-05,6m,1m,12m
2013-01-23,gamma2,1.7921658586415282e-05,6m,1m,12m
2013-01-24,gamma2,2.0757261010422763e-05,6m,1m,12m
2013-01-25,gamma2,1.6323842074276434e-05,6m,1m,12m
2013-01-28,gamma2,1.623424355445342e-05,6m,1m,12m
2013-01-29,gamma2,1.3146022414077375e-05,6m,1m,12m
2013-01-30,gamma2,1.4050103864945491e-05,6m,1m,12m
2013-01-31,gamma2,1.9159969454966798e-05,6m,1m,12m
2013-02-01,gamma2,1.331080663953152e-05,6m,1m,12m
2013-02-04,gamma2,1.577328874327683e-05,6m,1m,12m
2013-02-05,gamma2,1.0084380113586647e-05,6m,1m,12m
2013-02-06,gamma2,1.097827045841119e-05,6m,1m,12m
2013-02-07,gamma2,8.239465853061603e-06,6m,1m,12m
2013-02-08,gamma2,8.970595525858523e-06,6m,1m,12m
2013-02-11,gamma2,1.092207698304719e-05,6m,1m,12m
2013-02-12,gamma2,8.814039461916877e-06,6m,1m,12m
2013-02-13,gamma2,8.810037246102314e-06,6m,1m,12m
2013-02-14,gamma2,9.88079103250258e-06,6m,1m,12m
2013-02-15,gamma2,8.137041365375894e-06,6m,1m,12m
2013-02-19,gamma2,8.998183340837665e-06,6m,1m,12m
2013-02-20,gamma2,1.7631789691756754e-05,6m,1m,12m
2013-02-21,gamma2,9.993476040519062e-06,6m,1m,12m
2013-02-22,gamma2,7.692601378681516e-06,6m,1m,12m
2013-02-25,gamma2,1.0780229690749376e-05,6m,1m,12m
2013-02-26,gamma2,5.424596860880541e-06,6m,1m,12m
2013-02-27,gamma2,4.9596577867952234e-06,6m,1m,12m
2013-02-28,gamma2,1.6445154217449933e-05,6m,1m,12m
2013-03-01,gamma2,1.2618025333589642e-05,6m,1m,12m
2013-03-04,gamma2,4.3558506972816845e-06,6m,1m,12m
2013-03-05,gamma2,5.59493093475097e-06,6m,1m,12m
2013-03-06,gamma2,1.3727914347949936e-05,6m,1m,12m
2013-03-07,gamma2,1.2911773031131224e-05,6m,1m,12m
2013-03-08,gamma2,1.7853830432294998e-05,6m,1m,12m
2013-03-11,gamma2,1.3464007348049644e-05,6m,1m,12m
2013-03-12,gamma2,1.0043919444516615e-05,6m,1m,12m
2013-03-13,gamma2,8.06188069752093e-06,6m,1m,12m
2013-03-14,gamma2,1.131051154509162e-05,6m,1m,12m
2013-03-15,gamma2,1.325431694803303e-05,6m,1m,12m
2013-03-18,gamma2,1.0477426656126353e-05,6m,1m,12m
2013-03-19,gamma2,7.168418322973158e-06,6m,1m,12m
2013-03-20,gamma2,7.2362802375862364e-06,6m,1m,12m
2013-03-21,gamma2,4.581072297733646e-06,6m,1m,12m
2013-03-22,gamma2,5.734796406811485e-06,6m,1m,12m
2013-03-25,gamma2,1.693413907294278e-05,6m,1m,12m
2013-03-26,gamma2,2.1268623217219673e-05,6m,1m,12m
2013-03-27,gamma2,2.565149119670244e-05,6m,1m,12m
2013-03-28,gamma2,1.9483502945070996e-05,6m,1m,12m
2013-04-01,gamma2,1.1065616998499633e-05,6m,1m,12m
2013-04-02,gamma2,1.224841729693322e-05,6m,1m,12m
2013-04-03,gamma2,1.5938120346099645e-05,6m,1m,12m
2013-04-04,gamma2,1.2915319398101907e-05,6m,1m,12m
2013-04-05,gamma2,1.43229869852335e-05,6m,1m,12m
2013-04-08,gamma2,7.831939699303495e-06,6m,1m,12m
2013-04-09,gamma2,1.3223325064260643e-05,6m,1m,12m
2013-04-10,gamma2,1.919534614611413e-05,6m,1m,12m
2013-04-11,gamma2,2.2958635482178692e-05,6m,1m,12m
2013-04-12,gamma2,1.5555891563492348e-05,6m,1m,12m
2013-04-15,gamma2,1.9738761204823823e-05,6m,1m,12m
2013-04-16,gamma2,1.0942207891260685e-05,6m,1m,12m
2013-04-17,gamma2,1.4352309341280148e-05,6m,1m,12m
2013-04-18,gamma2,1.2418082926871352e-05,6m,1m,12m
2013-04-19,gamma2,1.3923351305368243e-05,6m,1m,12m
2013-04-22,gamma2,7.4631517016182925e-06,6m,1m,12m
2013-04-23,gamma2,9.40634370169837e-06,6m,1m,12m
2013-04-24,gamma2,8.131040127893395e-06,6m,1m,12m
2013-04-25,gamma2,1.2482918361523147e-05,6m,1m,12m
2013-04-26,gamma2,1.313938240375266e-05,6m,1m,12m
2013-04-29,gamma2,1.2405394861238024e-05,6m,1m,12m
2013-04-30,gamma2,9.671753379156607e-06,6m,1m,12m
2013-05-01,gamma2,1.6073949026836863e-05,6m,1m,12m
2013-05-02,gamma2,7.361102523697077e-06,6m,1m,12m
2013-05-03,gamma2,1.727472692214466e-05,6m,1m,12m
2013-05-06,gamma2,1.701880589590555e-05,6m,1m,12m
2013-05-07,gamma2,6.785837327054051e-06,6m,1m,12m
2013-05-08,gamma2,1.7642604075964134e-05,6m,1m,12m
2013-05-09,gamma2,1.4173775012882234e-05,6m,1m,12m
2013-05-10,gamma2,1.2419876700293566e-05,6m,1m,12m
2013-05-13,gamma2,9.511275021242004e-06,6m,1m,12m
2013-05-14,gamma2,1.2220543341288599e-05,6m,1m,12m
2013-05-15,gamma2,5.1391979462950544e-06,6m,1m,12m
2013-05-16,gamma2,1.541264018316149e-05,6m,1m,12m
2013-05-17,gamma2,1.1011541737305541e-05,6m,1m,12m
2013-05-20,gamma2,1.0342313140116434e-05,6m,1m,12m
2013-05-21,gamma2,7.990024305766055e-06,6m,1m,12m
2013-05-22,gamma2,1.1699329578819594e-05,6m,1m,12m
2013-05-23,gamma2,1.3787061993294133e-05,6m,1m,12m
2013-05-24,gamma2,5.476832800967761e-06,6m,1m,12m
2013-05-28,gamma2,1.4752298689339233e-05,6m,1m,12m
2013-05-29,gamma2,9.8151262223648e-06,6m,1m,12m
2013-05-30,gamma2,8.883219223509786e-06,6m,1m,12m
2013-05-31,gamma2,4.303585064879674e-06,6m,1m,12m
2013-06-03,gamma2,7.124940608925026e-06,6m,1m,12m
2013-06-04,gamma2,2.0473338517740864e-06,6m,1m,12m
2013-06-05,gamma2,3.257281525803797e-06,6m,1m,12m
2013-06-06,gamma2,8.752501038730143e-07,6m,1m,12m
2013-06-07,gamma2,2.4545601521272612e-06,6m,1m,12m
2013-06-10,gamma2,9.732458658052374e-06,6m,1m,12m
2013-06-11,gamma2,-1.8331940483827952e-06,6m,1m,12m
2013-06-12,gamma2,3.3074504642499755e-06,6m,1m,12m
2013-06-13,gamma2,-4.0529469232787355e-06,6m,1m,12m
2013-06-14,gamma2,-3.036890690031377e-06,6m,1m,12m
2013-06-17,gamma2,-5.87233075638581e-06,6m,1m,12m
2013-06-18,gamma2,6.527984252436066e-06,6m,1m,12m
2013-06-19,gamma2,6.945312036109809e-06,6m,1m,12m
2013-06-20,gamma2,7.595931361766885e-06,6m,1m,12m
2013-06-21,gamma2,9.904511256705993e-06,6m,1m,12m
2013-06-24,gamma2,2.2651979997262376e-06,6m,1m,12m
2013-06-25,gamma2,6.195583158276791e-07,6m,1m,12m
2013-06-26,gamma2,1.9031398019864591e-06,6m,1m,12m
2013-06-27,gamma2,-6.5333314295608495e-06,6m,1m,12m
2013-06-28,gamma2,1.4865620117451508e-06,6m,1m,12m
2013-07-01,gamma2,5.232510930796734e-06,6m,1m,12m
2013-07-02,gamma2,6.053829674309271e-06,6m,1m,12m
2013-07-03,gamma2,1.969160899902209e-06,6m,1m,12m
2013-07-05,gamma2,7.193743865756144e-06,6m,1m,12m
2013-07-08,gamma2,1.5472622209827996e-05,6m,1m,12m
2013-07-09,gamma2,1.8731049127599494e-05,6m,1m,12m
2013-07-10,gamma2,1.5350668718696124e-05,6m,1m,12m
2013-07-11,gamma2,1.2724547187712417e-05,6m,1m,12m
2013-07-12,gamma2,1.4538519936804022e-05,6m,1m,12m
2013-07-15,gamma2,1.4227115809711953e-05,6m,1m,12m
2013-07-16,gamma2,1.0139820765749792e-05,6m,1m,12m
2013-07-17,gamma2,1.2488338198697776e-05,6m,1m,12m
2013-07-18,gamma2,1.874343286293092e-05,6m,1m,12m
2013-07-19,gamma2,1.6433157388787326e-05,6m,1m,12m
2013-07-22,gamma2,2.21236614292657e-05,6m,1m,12m
2013-07-23,gamma2,1.0703072253514745e-05,6m,1m,12m
2013-07-24,gamma2,5.7130985910826146e-06,6m,1m,12m
2013-07-25,gamma2,1.1603491230402977e-05,6m,1m,12m
2013-07-26,gamma2,1.3591695869634568e-05,6m,1m,12m
2013-07-29,gamma2,7.896920962486723e-07,6m,1m,12m
2013-07-30,gamma2,1.9552164329293157e-06,6m,1m,12m
2013-07-31,gamma2,1.5041742514307367e-05,6m,1m,12m
2013-08-01,gamma2,1.1527720532730733e-05,6m,1m,12m
2013-08-02,gamma2,9.828488880747394e-06,6m,1m,12m
2013-08-05,gamma2,1.7168007868510475e-05,6m,1m,12m
2013-08-06,gamma2,9.605463228190844e-06,6m,1m,12m
2013-08-07,gamma2,9.577694659083768e-06,6m,1m,12m
2013-08-08,gamma2,8.90597859787397e-06,6m,1m,12m
2013-08-09,gamma2,5.599392275405261e-06,6m,1m,12m
2013-08-12,gamma2,4.917228490912297e-06,6m,1m,12m
2013-08-13,gamma2,8.791827057232957e-06,6m,1m,12m
2013-08-14,gamma2,4.049893767065609e-06,6m,1m,12m
2013-08-15,gamma2,2.524913430689075e-06,6m,1m,12m
2013-08-16,gamma2,4.747486005942878e-06,6m,1m,12m
2013-08-19,gamma2,2.4265257372363765e-06,6m,1m,12m
2013-08-20,gamma2,3.831097960808901e-06,6m,1m,12m
2013-08-21,gamma2,-3.7184226614231986e-06,6m,1m,12m
2013-08-22,gamma2,2.2730160336552364e-06,6m,1m,12m
2013-08-23,gamma2,3.362768691750095e-06,6m,1m,12m
2013-08-26,gamma2,8.936172205564435e-06,6m,1m,12m
2013-08-27,gamma2,4.179322100623768e-06,6m,1m,12m
2013-08-28,gamma2,7.105618426400273e-06,6m,1m,12m
2013-08-29,gamma2,1.6613476959457486e-05,6m,1m,12m
2013-08-30,gamma2,8.878209225081052e-06,6m,1m,12m
2013-09-03,gamma2,3.8879383959969156e-06,6m,1m,12m
2013-09-04,gamma2,1.2673020900115416e-05,6m,1m,12m
2013-09-05,gamma2,1.2902418423759683e-05,6m,1m,12m
2013-09-06,gamma2,1.5400940490181707e-05,6m,1m,12m
2013-09-09,gamma2,6.097166435349948e-06,6m,1m,12m
2013-09-10,gamma2,8.980432936078587e-06,6m,1m,12m
2013-09-11,gamma2,1.1050494862796378e-05,6m,1m,12m
2013-09-12,gamma2,1.2703446521922703e-05,6m,1m,12m
2013-09-13,gamma2,1.5551209554320952e-05,6m,1m,12m
2013-09-16,gamma2,1.895031414354452e-05,6m,1m,12m
2013-09-17,gamma2,2.0053756821747266e-05,6m,1m,12m
2013-09-18,gamma2,2.2082026826909105e-05,6m,1m,12m
2013-09-19,gamma2,2.2828272436376358e-05,6m,1m,12m
2013-09-20,gamma2,1.6193946638617916e-05,6m,1m,12m
2013-09-23,gamma2,1.797612981409238e-05,6m,1m,12m
2013-09-24,gamma2,2.141924427210018e-05,6m,1m,12m
2013-09-25,gamma2,4.267577927298828e-05,6m,1m,12m
2013-09-26,gamma2,3.4477670451919245e-05,6m,1m,12m
2013-09-27,gamma2,3.102812487749723e-05,6m,1m,12m
2013-09-30,gamma2,2.879022992272799e-05,6m,1m,12m
2013-10-01,gamma2,2.5497167664892532e-05,6m,1m,12m
2013-10-02,gamma2,2.037054297616331e-05,6m,1m,12m
2013-10-03,gamma2,2.2769125573592077e-05,6m,1m,12m
2013-10-04,gamma2,1.68463817642959e-05,6m,1m,12m
2013-10-07,gamma2,1.6712124109372487e-05,6m,1m,12m
2013-10-08,gamma2,1.562290495597227e-05,6m,1m,12m
2013-10-09,gamma2,1.1959894818862755e-05,6m,1m,12m
2013-10-10,gamma2,1.7637112146381344e-05,6m,1m,12m
2013-10-11,gamma2,1.3015834398551134e-05,6m,1m,12m
2013-10-14,gamma2,1.0466394233965754e-05,6m,1m,12m
2013-10-15,gamma2,1.0160543145747761e-05,6m,1m,12m
2013-10-16,gamma2,8.960990510847963e-06,6m,1m,12m
2013-10-17,gamma2,9.141046058924701e-06,6m,1m,12m
2013-10-18,gamma2,1.0325253407938497e-05,6m,1m,12m
2013-10-21,gamma2,9.476702456057671e-06,6m,1m,12m
2013-10-22,gamma2,1.3058745150096126e-05,6m,1m,12m
2013-10-23,gamma2,1.284449974681943e-05,6m,1m,12m
2013-10-24,gamma2,1.4696755493166509e-05,6m,1m,12m
2013-10-25,gamma2,1.1742941728410509e-05,6m,1m,12m
2013-10-28,gamma2,1.3304542326897859e-05,6m,1m,12m
2013-10-29,gamma2,1.5560348742853934e-05,6m,1m,12m
2013-10-30,gamma2,1.65189462456185e-05,6m,1m,12m
2013-10-31,gamma2,1.49592936887727e-05,6m,1m,12m
2013-11-01,gamma2,1.4092819480805102e-05,6m,1m,12m
2013-11-04,gamma2,1.011415683565519e-05,6m,1m,12m
2013-11-05,gamma2,1.5966338479549316e-05,6m,1m,12m
2013-11-06,gamma2,9.034829111312452e-06,6m,1m,12m
2013-11-07,gamma2,1.3879353445111919e-05,6m,1m,12m
2013-11-08,gamma2,1.1434518130481935e-05,6m,1m,12m
2013-11-11,gamma2,9.61680689997744e-06,6m,1m,12m
2013-11-12,gamma2,7.498500695138645e-06,6m,1m,12m
2013-11-13,gamma2,6.115384536010289e-06,6m,1m,12m
2013-11-14,gamma2,6.602070551193864e-06,6m,1m,12m
2013-11-15,gamma2,7.617719225567893e-06,6m,1m,12m
2013-11-18,gamma2,9.02055496034554e-06,6m,1m,12m
2013-11-19,gamma2,8.996946656636506e-06,6m,1m,12m
2013-11-20,gamma2,7.575201059327654e-06,6m,1m,12m
2013-11-21,gamma2,7.329288151892917e-06,6m,1m,12m
2013-11-22,gamma2,6.467584740709357e-06,6m,1m,12m
2013-11-25,gamma2,9.53447026096537e-06,6m,1m,12m
2013-11-26,gamma2,9.609539897009717e-06,6m,1m,12m
2013-11-27,gamma2,1.0315137187286423e-05,6m,1m,12m
2013-11-29,gamma2,7.34698319507355e-06,6m,1m,12m
2013-12-02,gamma2,4.685732952280882e-06,6m,1m,12m
2013-12-03,gamma2,7.41925324858365e-06,6m,1m,12m
2013-12-04,gamma2,7.12648173446238e-06,6m,1m,12m
2013-12-05,gamma2,6.75240771364859e-06,6m,1m,12m
2013-12-06,gamma2,8.140990140850457e-06,6m,1m,12m
2013-12-09,gamma2,8.378399594077957e-06,6m,1m,12m
2013-12-10,gamma2,1.921770663311432e-05,6m,1m,12m
2013-12-11,gamma2,2.2243495299758862e-05,6m,1m,12m
2013-12-12,gamma2,1.9146162745168547e-05,6m,1m,12m
2013-12-13,gamma2,9.654325327898334e-06,6m,1m,12m
2013-12-16,gamma2,2.081346982997236e-06,6m,1m,12m
2013-12-17,gamma2,7.343309563510952e-06,6m,1m,12m
2013-12-18,gamma2,6.560901083903024e-06,6m,1m,12m
2013-12-19,gamma2,5.592414377526689e-06,6m,1m,12m
2013-12-20,gamma2,9.60083237268327e-06,6m,1m,12m
2013-12-23,gamma2,5.402772493186425e-06,6m,1m,12m
2013-12-24,gamma2,6.3701353076813055e-06,6m,1m,12m
2013-12-26,gamma2,1.0724636658728738e-05,6m,1m,12m
2013-12-27,gamma2,9.321048355621895e-06,6m,1m,12m
2013-12-30,gamma2,1.4132480767779065e-05,6m,1m,12m
2013-12-31,gamma2,1.8362533526495144e-05,6m,1m,12m
2014-01-02,gamma2,1.2819396935103873e-05,6m,1m,12m
2014-01-03,gamma2,1.255701414985561e-05,6m,1m,12m
2014-01-06,gamma2,1.0770835511488666e-05,6m,1m,12m
2014-01-07,gamma2,1.0892437298003628e-05,6m,1m,12m
2014-01-08,gamma2,1.01763622240292e-05,6m,1m,12m
2014-01-09,gamma2,9.89918635786836e-06,6m,1m,12m
2014-01-10,gamma2,7.962567266390028e-06,6m,1m,12m
2014-01-13,gamma2,3.2318553915104623e-06,6m,1m,12m
2014-01-14,gamma2,4.0255696259412775e-06,6m,1m,12m
2014-01-15,gamma2,4.40732932091767e-06,6m,1m,12m
2014-01-16,gamma2,3.9506771482082785e-06,6m,1m,12m
2014-01-17,gamma2,1.953057016283596e-06,6m,1m,12m
2014-01-21,gamma2,3.257079718857802e-06,6m,1m,12m
2014-01-22,gamma2,1.6698998858549027e-06,6m,1m,12m
2014-01-23,gamma2,1.8852380785493763e-06,6m,1m,12m
2014-01-24,gamma2,1.008769810885341e-06,6m,1m,12m
2014-01-27,gamma2,1.2486073869500417e-05,6m,1m,12m
2014-01-28,gamma2,5.912408622418494e-06,6m,1m,12m
2014-01-29,gamma2,5.191412607394086e-06,6m,1m,12m
2014-01-30,gamma2,4.856985720861865e-06,6m,1m,12m
2014-01-31,gamma2,2.1299149896974564e-05,6m,1m,12m
2014-02-03,gamma2,7.039431773761003e-06,6m,1m,12m
2014-02-04,gamma2,1.6118407539501675e-05,6m,1m,12m
2014-02-05,gamma2,4.561623362808045e-06,6m,1m,12m
2014-02-06,gamma2,8.834434772791872e-06,6m,1m,12m
2014-02-07,gamma2,6.363024669686203e-06,6m,1m,12m
2014-02-10,gamma2,8.71643263220844e-06,6m,1m,12m
2014-02-11,gamma2,7.78510149815667e-06,6m,1m,12m
2014-02-12,gamma2,2.440045221327795e-06,6m,1m,12m
2014-02-13,gamma2,6.435367880228996e-06,6m,1m,12m
2014-02-14,gamma2,6.386455896859717e-06,6m,1m,12m
2014-02-18,gamma2,8.351457886155693e-06,6m,1m,12m
2014-02-19,gamma2,1.0064627610137104e-05,6m,1m,12m
2014-02-20,gamma2,7.719479585459494e-06,6m,1m,12m
2014-02-21,gamma2,9.013047758566033e-06,6m,1m,12m
2014-02-24,gamma2,1.0510230147014677e-05,6m,1m,12m
2014-02-25,gamma2,1.099634871035378e-05,6m,1m,12m
2014-02-26,gamma2,1.407815227422506e-05,6m,1m,12m
2014-02-27,gamma2,1.450874727054971e-05,6m,1m,12m
2014-02-28,gamma2,1.1860585148108929e-05,6m,1m,12m
2014-03-03,gamma2,1.0244826806926074e-05,6m,1m,12m
2014-03-04,gamma2,7.855056524460932e-06,6m,1m,12m
2014-03-05,gamma2,1.1265466531781263e-05,6m,1m,12m
2014-03-06,gamma2,4.169389794782212e-06,6m,1m,12m
2014-03-07,gamma2,7.403406408075497e-06,6m,1m,12m
2014-03-10,gamma2,6.127518304638206e-06,6m,1m,12m
2014-03-11,gamma2,7.288796963761451e-06,6m,1m,12m
2014-03-12,gamma2,1.2894118422211936e-05,6m,1m,12m
2014-03-13,gamma2,5.244253201836777e-06,6m,1m,12m
2014-03-14,gamma2,2.465024659013549e-06,6m,1m,12m
2014-03-17,gamma2,7.987209695275953e-06,6m,1m,12m
2014-03-18,gamma2,1.0332022395460009e-05,6m,1m,12m
2014-03-19,gamma2,1.5917208723202327e-05,6m,1m,12m
2014-03-20,gamma2,1.3528648487173318e-05,6m,1m,12m
2014-03-21,gamma2,1.2298049470275066e-05,6m,1m,12m
2014-03-24,gamma2,1.2807172770627895e-05,6m,1m,12m
2014-03-25,gamma2,1.1635731321427276e-05,6m,1m,12m
2014-03-26,gamma2,1.5384644212133268e-05,6m,1m,12m
2014-03-27,gamma2,1.5199407894599842e-05,6m,1m,12m
2014-03-28,gamma2,1.5345514109224684e-05,6m,1m,12m
2014-03-31,gamma2,1.3080236170926003e-05,6m,1m,12m
2014-04-01,gamma2,1.3342623917521751e-05,6m,1m,12m
2014-04-02,gamma2,1.4078083117414572e-05,6m,1m,12m
2014-04-03,gamma2,1.443394627685629e-05,6m,1m,12m
2014-04-04,gamma2,1.6499110321708436e-05,6m,1m,12m
2014-04-07,gamma2,1.4940127829151421e-05,6m,1m,12m
2014-04-08,gamma2,1.520673341141109e-05,6m,1m,12m
2014-04-09,gamma2,1.5270168547551646e-05,6m,1m,12m
2014-04-10,gamma2,2.0555816552288637e-05,6m,1m,12m
2014-04-11,gamma2,2.895263347935708e-05,6m,1m,12m
2014-04-14,gamma2,2.2323160985483126e-05,6m,1m,12m
2014-04-15,gamma2,2.006077711225054e-05,6m,1m,12m
2014-04-16,gamma2,1.625295801040483e-05,6m,1m,12m
2014-04-17,gamma2,1.5496449706455335e-05,6m,1m,12m
2014-04-21,gamma2,1.1978460145263755e-05,6m,1m,12m
2014-04-22,gamma2,1.3195978785999609e-05,6m,1m,12m
2014-04-23,gamma2,1.2389310062752044e-05,6m,1m,12m
2014-04-24,gamma2,1.1907943062351785e-05,6m,1m,12m
2014-04-25,gamma2,1.2988527724435042e-05,6m,1m,12m
2014-04-28,gamma2,1.0601264993781586e-05,6m,1m,12m
2014-04-29,gamma2,1.1149739513695934e-05,6m,1m,12m
2014-04-30,gamma2,8.709403394781941e-06,6m,1m,12m
2014-05-01,gamma2,7.2604311073660515e-06,6m,1m,12m
2014-05-02,gamma2,7.142855284145864e-06,6m,1m,12m
2014-05-05,gamma2,6.670996064758292e-06,6m,1m,12m
2014-05-06,gamma2,4.416892822500701e-06,6m,1m,12m
2014-05-07,gamma2,6.284877011406803e-06,6m,1m,12m
2014-05-08,gamma2,6.034829878447123e-06,6m,1m,12m
2014-05-09,gamma2,5.949613331360279e-06,6m,1m,12m
2014-05-12,gamma2,1.2607985483261945e-05,6m,1m,12m
2014-05-13,gamma2,1.4407379597181758e-05,6m,1m,12m
2014-05-14,gamma2,1.0504944179240764e-05,6m,1m,12m
2014-05-15,gamma2,8.122204285740694e-06,6m,1m,12m
2014-05-16,gamma2,8.289348632605474e-06,6m,1m,12m
2014-05-19,gamma2,8.315316429622902e-06,6m,1m,12m
2014-05-20,gamma2,7.786761790438148e-06,6m,1m,12m
2014-05-21,gamma2,7.2799109431811684e-06,6m,1m,12m
2014-05-22,gamma2,1.7545497021012375e-05,6m,1m,12m
2014-05-23,gamma2,1.1915102352556555e-05,6m,1m,12m
2014-05-27,gamma2,5.837649515157842e-06,6m,1m,12m
2014-05-28,gamma2,6.759507129802273e-06,6m,1m,12m
2014-05-29,gamma2,9.268961603373995e-06,6m,1m,12m
2014-05-30,gamma2,1.4295120886216735e-05,6m,1m,12m
2014-06-02,gamma2,9.593833935511617e-06,6m,1m,12m
2014-06-03,gamma2,6.6460070490866845e-06,6m,1m,12m
2014-06-04,gamma2,9.612616649855553e-06,6m,1m,12m
2014-06-05,gamma2,4.487619433772243e-06,6m,1m,12m
2014-06-06,gamma2,7.301851041143153e-06,6m,1m,12m
2014-06-09,gamma2,3.4082197878162015e-06,6m,1m,12m
2014-06-10,gamma2,2.9433530144135207e-06,6m,1m,12m
2014-06-11,gamma2,5.996654818303783e-06,6m,1m,12m
2014-06-12,gamma2,8.770340804507764e-06,6m,1m,12m
2014-06-13,gamma2,2.852066755037204e-06,6m,1m,12m
2014-06-16,gamma2,6.172961875980483e-06,6m,1m,12m
2014-06-17,gamma2,6.539591090745571e-06,6m,1m,12m
2014-06-18,gamma2,4.72042826234869e-06,6m,1m,12m
2014-06-19,gamma2,7.266174983426744e-06,6m,1m,12m
2014-06-20,gamma2,4.727568999914431e-06,6m,1m,12m
2014-06-23,gamma2,4.455643821014495e-06,6m,1m,12m
2014-06-24,gamma2,5.819167799947182e-06,6m,1m,12m
2014-06-25,gamma2,5.560317062731783e-06,6m,1m,12m
2014-06-26,gamma2,4.741989045448778e-06,6m,1m,12m
2014-06-27,gamma2,2.5984623433268434e-06,6m,1m,12m
2014-06-30,gamma2,2.8959509826009374e-06,6m,1m,12m
2014-07-01,gamma2,6.370726618029507e-06,6m,1m,12m
2014-07-02,gamma2,4.237824382314614e-06,6m,1m,12m
2014-07-03,gamma2,8.176839871639052e-06,6m,1m,12m
2014-07-07,gamma2,4.829440494742023e-06,6m,1m,12m
2014-07-08,gamma2,2.208267087639388e-06,6m,1m,12m
2014-07-09,gamma2,5.307288183351528e-06,6m,1m,12m
2014-07-10,gamma2,5.359238988244448e-06,6m,1m,12m
2014-07-11,gamma2,4.1105602200440425e-07,6m,1m,12m
2014-07-14,gamma2,-5.306788739692155e-07,6m,1m,12m
2014-07-15,gamma2,1.9833299084603508e-06,6m,1m,12m
2014-07-16,gamma2,3.990219804380367e-06,6m,1m,12m
2014-07-17,gamma2,1.014686861291267e-05,6m,1m,12m
2014-07-18,gamma2,1.2368072986469449e-05,6m,1m,12m
2014-07-21,gamma2,-7.891108015438524e-06,6m,1m,12m
2014-07-22,gamma2,-4.533145918862646e-07,6m,1m,12m
2014-07-23,gamma2,5.453574934684787e-06,6m,1m,12m
2014-07-24,gamma2,9.288461127894163e-06,6m,1m,12m
2014-07-25,gamma2,5.836403401963517e-06,6m,1m,12m
2014-07-28,gamma2,-1.7903883995862047e-05,6m,1m,12m
2014-07-29,gamma2,-2.0286541273870125e-05,6m,1m,12m
2014-07-30,gamma2,-2.5541240881845e-05,6m,1m,12m
2014-07-31,gamma2,-5.570175900216934e-05,6m,1m,12m
2014-08-01,gamma2,-6.085181759910965e-05,6m,1m,12m
2014-08-04,gamma2,-4.280779700027117e-05,6m,1m,12m
2014-08-05,gamma2,-6.057959554492052e-05,6m,1m,12m
2014-08-06,gamma2,-3.7387853352308074e-05,6m,1m,12m
2014-08-07,gamma2,-2.8088981383967993e-05,6m,1m,12m
2014-08-08,gamma2,-1.6654938565752316e-05,6m,1m,12m
2014-08-11,gamma2,-1.0624869045626386e-05,6m,1m,12m
2014-08-12,gamma2,-1.0711674803976524e-05,6m,1m,12m
2014-08-13,gamma2,-9.307718924893454e-06,6m,1m,12m
2014-08-14,gamma2,-8.745803729499958e-06,6m,1m,12m
2014-08-15,gamma2,-9.525586883061622e-06,6m,1m,12m
2014-08-18,gamma2,-3.3060651859588724e-06,6m,1m,12m
2014-08-19,gamma2,-1.1943230729324897e-06,6m,1m,12m
2014-08-20,gamma2,2.3738817633466655e-06,6m,1m,12m
2014-08-21,gamma2,4.501764112199473e-06,6m,1m,12m
2014-08-22,gamma2,-2.930107296383912e-07,6m,1m,12m
2014-08-25,gamma2,1.7677322325735091e-06,6m,1m,12m
2014-08-26,gamma2,4.2640616747980254e-08,6m,1m,12m
2014-08-27,gamma2,8.883412025769029e-07,6m,1m,12m
2014-08-28,gamma2,2.2532870123019516e-06,6m,1m,12m
2014-08-29,gamma2,3.7996361351652183e-06,6m,1m,12m
2014-09-02,gamma2,3.5117679259769902e-06,6m,1m,12m
2014-09-03,gamma2,-2.155678407615968e-06,6m,1m,12m
2014-09-04,gamma2,-2.009609909665945e-06,6m,1m,12m
2014-09-05,gamma2,-3.438246561984157e-06,6m,1m,12m
2014-09-08,gamma2,-3.5447535357795922e-06,6m,1m,12m
2014-09-09,gamma2,-1.3983828844539766e-06,6m,1m,12m
2014-09-10,gamma2,-2.0778087469065387e-06,6m,1m,12m
2014-09-11,gamma2,9.920196136307989e-08,6m,1m,12m
2014-09-12,gamma2,2.908176644901165e-07,6m,1m,12m
2014-09-15,gamma2,-2.2184430256721574e-07,6m,1m,12m
2014-09-16,gamma2,6.1377241621506235e-06,6m,1m,12m
2014-09-17,gamma2,3.7992341792326854e-06,6m,1m,12m
2014-09-18,gamma2,3.542253698525992e-06,6m,1m,12m
2014-09-19,gamma2,3.1713920041344708e-06,6m,1m,12m
2014-09-22,gamma2,-1.3900188476820586e-07,6m,1m,12m
2014-09-23,gamma2,4.180699567291261e-06,6m,1m,12m
2014-09-24,gamma2,-2.512873766449051e-06,6m,1m,12m
2014-09-25,gamma2,-1.41215463396737e-07,6m,1m,12m
2014-09-26,gamma2,-3.284690429089816e-06,6m,1m,12m
2014-09-29,gamma2,1.4254536738948744e-06,6m,1m,12m
2014-09-30,gamma2,-6.96108563171358e-07,6m,1m,12m
2014-10-01,gamma2,5.410125274579414e-07,6m,1m,12m
2014-10-02,gamma2,8.10953543529264e-06,6m,1m,12m
2014-10-03,gamma2,4.167581204113242e-06,6m,1m,12m
2014-10-06,gamma2,3.571726070545197e-06,6m,1m,12m
2014-10-07,gamma2,1.250738454343641e-06,6m,1m,12m
2014-10-08,gamma2,1.0412987662015621e-06,6m,1m,12m
2014-10-09,gamma2,-1.772958947493368e-06,6m,1m,12m
2014-10-10,gamma2,-1.1387200566176705e-05,6m,1m,12m
2014-10-13,gamma2,-1.3868294596288793e-05,6m,1m,12m
2014-10-14,gamma2,-1.3581389752237728e-05,6m,1m,12m
2014-10-15,gamma2,-1.571061678680916e-05,6m,1m,12m
2014-10-16,gamma2,-1.3450104035188587e-05,6m,1m,12m
2014-10-17,gamma2,-9.653781576327479e-06,6m,1m,12m
2014-10-20,gamma2,-8.058182789102901e-06,6m,1m,12m
2014-10-21,gamma2,4.655167265084626e-06,6m,1m,12m
2014-10-22,gamma2,1.3472178828840109e-06,6m,1m,12m
2014-10-23,gamma2,3.952024630344375e-06,6m,1m,12m
2014-10-24,gamma2,5.2161126233886506e-06,6m,1m,12m
2014-10-27,gamma2,7.718521414914937e-06,6m,1m,12m
2014-10-28,gamma2,6.114516356858383e-06,6m,1m,12m
2014-10-29,gamma2,1.1343105435420997e-05,6m,1m,12m
2014-10-30,gamma2,6.827545841091204e-06,6m,1m,12m
2014-10-31,gamma2,1.0534906793941259e-05,6m,1m,12m
2014-11-03,gamma2,1.0809502502365196e-05,6m,1m,12m
2014-11-04,gamma2,1.1162818461788018e-05,6m,1m,12m
2014-11-05,gamma2,8.461414530964348e-06,6m,1m,12m
2014-11-06,gamma2,1.0565997412026956e-05,6m,1m,12m
2014-11-07,gamma2,9.904641415169008e-06,6m,1m,12m
2014-11-10,gamma2,7.224707382566086e-06,6m,1m,12m
2014-11-11,gamma2,6.943297118337151e-06,6m,1m,12m
2014-11-12,gamma2,4.6145436055962774e-06,6m,1m,12m
2014-11-13,gamma2,4.557475161867078e-06,6m,1m,12m
2014-11-14,gamma2,3.352859949530019e-06,6m,1m,12m
2014-11-17,gamma2,5.718582414205751e-06,6m,1m,12m
2014-11-18,gamma2,9.811113884920965e-06,6m,1m,12m
2014-11-19,gamma2,5.07723202372822e-06,6m,1m,12m
2014-11-20,gamma2,4.392071143715759e-06,6m,1m,12m
2014-11-21,gamma2,7.86663889641978e-06,6m,1m,12m
2014-11-24,gamma2,5.636269767729361e-06,6m,1m,12m
2014-11-25,gamma2,5.843789655296495e-06,6m,1m,12m
2014-11-26,gamma2,7.276470658938909e-06,6m,1m,12m
2014-11-28,gamma2,7.062782141134647e-06,6m,1m,12m
2014-12-01,gamma2,1.0687753726676976e-05,6m,1m,12m
2014-12-02,gamma2,6.81463526917467e-06,6m,1m,12m
2014-12-03,gamma2,8.475249313971672e-06,6m,1m,12m
2014-12-04,gamma2,8.501354247765552e-06,6m,1m,12m
2014-12-05,gamma2,6.730205602711763e-06,6m,1m,12m
2014-12-08,gamma2,1.1461825324343907e-05,6m,1m,12m
2014-12-09,gamma2,6.607134102709776e-06,6m,1m,12m
2014-12-10,gamma2,3.984011748743482e-06,6m,1m,12m
2014-12-11,gamma2,1.0470682823522908e-05,6m,1m,12m
2014-12-12,gamma2,7.536768818294333e-06,6m,1m,12m
2014-12-15,gamma2,-2.354831176886852e-05,6m,1m,12m
2014-12-16,gamma2,-4.5412716359878174e-05,6m,1m,12m
2014-12-17,gamma2,1.3314828581989977e-05,6m,1m,12m
2014-12-18,gamma2,7.45765668698094e-06,6m,1m,12m
2014-12-19,gamma2,1.4849693966227702e-05,6m,1m,12m
2014-12-22,gamma2,9.56721039873136e-06,6m,1m,12m
2014-12-23,gamma2,7.375878792197328e-06,6m,1m,12m
2014-12-24,gamma2,5.980393816474331e-06,6m,1m,12m
2014-12-26,gamma2,9.662681803066248e-06,6m,1m,12m
2014-12-29,gamma2,2.017554349750887e-05,6m,1m,12m
2014-12-30,gamma2,1.484545617762527e-05,6m,1m,12m
2014-12-31,gamma2,1.6171224973719055e-05,6m,1m,12m
2015-01-02,gamma2,8.417550577119565e-06,6m,1m,12m
2015-01-05,gamma2,1.0175331589726739e-05,6m,1m,12m
2015-01-06,gamma2,9.574249025527067e-06,6m,1m,12m
2015-01-07,gamma2,7.683747350384504e-06,6m,1m,12m
2015-01-08,gamma2,6.033915580853474e-06,6m,1m,12m
2015-01-09,gamma2,9.93015738810255e-06,6m,1m,12m
2015-01-12,gamma2,1.0784801762112781e-05,6m,1m,12m
2015-01-13,gamma2,1.213398599020453e-05,6m,1m,12m
2015-01-14,gamma2,1.8319284482611915e-05,6m,1m,12m
2015-01-15,gamma2,1.1478120259148613e-05,6m,1m,12m
2015-01-16,gamma2,1.3435481693715444e-05,6m,1m,12m
2015-01-20,gamma2,9.92040728813392e-06,6m,1m,12m
2015-01-21,gamma2,1.4540415047850382e-05,6m,1m,12m
2015-01-22,gamma2,1.2577136143660829e-05,6m,1m,12m
2015-01-23,gamma2,1.297842585025854e-05,6m,1m,12m
2015-01-26,gamma2,1.2143714628058153e-05,6m,1m,12m
2015-01-27,gamma2,1.5501255090709023e-05,6m,1m,12m
2015-01-28,gamma2,1.715662958346605e-05,6m,1m,12m
2015-01-29,gamma2,1.5841976200646994e-05,6m,1m,12m
2015-01-30,gamma2,1.6705545303461308e-05,6m,1m,12m
2015-02-02,gamma2,1.5165607817799758e-05,6m,1m,12m
2015-02-03,gamma2,6.258652590503471e-06,6m,1m,12m
2015-02-04,gamma2,1.7331917439004e-05,6m,1m,12m
2015-02-05,gamma2,1.2982048870446873e-05,6m,1m,12m
2015-02-06,gamma2,1.3869101639192706e-05,6m,1m,12m
2015-02-09,gamma2,1.5601388360897957e-05,6m,1m,12m
2015-02-10,gamma2,1.7031301379596775e-05,6m,1m,12m
2015-02-11,gamma2,1.979032006623623e-05,6m,1m,12m
2015-02-12,gamma2,8.418665199316353e-06,6m,1m,12m
2015-02-13,gamma2,1.0543213588842897e-05,6m,1m,12m
2015-02-17,gamma2,1.309408288870851e-05,6m,1m,12m
2015-02-18,gamma2,1.1976171703473515e-05,6m,1m,12m
2015-02-19,gamma2,1.2965649785147555e-05,6m,1m,12m
2015-02-20,gamma2,9.567817627707614e-06,6m,1m,12m
2015-02-23,gamma2,9.845777051633325e-06,6m,1m,12m
2015-02-24,gamma2,8.885957203510836e-06,6m,1m,12m
2015-02-25,gamma2,9.810585619193962e-06,6m,1m,12m
2015-02-26,gamma2,1.0299844482743087e-05,6m,1m,12m
2015-02-27,gamma2,1.0807665957234674e-05,6m,1m,12m
2015-03-02,gamma2,1.3991911641308703e-05,6m,1m,12m
2015-03-03,gamma2,1.2863145194096292e-05,6m,1m,12m
2015-03-04,gamma2,1.1523401559071237e-05,6m,1m,12m
2015-03-05,gamma2,1.1770450944784398e-05,6m,1m,12m
2015-03-06,gamma2,1.4454479341956289e-05,6m,1m,12m
2015-03-09,gamma2,1.6513541335093687e-05,6m,1m,12m
2015-03-10,gamma2,2.3217723884129185e-05,6m,1m,12m
2015-03-11,gamma2,2.2593469611655442e-05,6m,1m,12m
2015-03-12,gamma2,1.9305565189528384e-05,6m,1m,12m
2015-03-13,gamma2,2.1764007033658297e-05,6m,1m,12m
2015-03-16,gamma2,1.820682129999831e-05,6m,1m,12m
2015-03-17,gamma2,2.0865746014960054e-05,6m,1m,12m
2015-03-18,gamma2,1.0083707167413767e-05,6m,1m,12m
2015-03-19,gamma2,1.5653510681763564e-05,6m,1m,12m
2015-03-20,gamma2,6.254938622824114e-06,6m,1m,12m
2015-03-23,gamma2,1.6644387725556016e-05,6m,1m,12m
2015-03-24,gamma2,1.618499930899319e-05,6m,1m,12m
2015-03-25,gamma2,4.5764851245875655e-06,6m,1m,12m
2015-03-26,gamma2,7.5669344282088905e-06,6m,1m,12m
2015-03-27,gamma2,6.2281379961863565e-06,6m,1m,12m
2015-03-30,gamma2,9.676768902189044e-06,6m,1m,12m
2015-03-31,gamma2,1.0024992978844784e-05,6m,1m,12m
2015-04-01,gamma2,9.494093338697862e-06,6m,1m,12m
2015-04-02,gamma2,1.3802647407167387e-05,6m,1m,12m
2015-04-06,gamma2,1.2172263403224259e-05,6m,1m,12m
2015-04-07,gamma2,1.1527292488418098e-05,6m,1m,12m
2015-04-08,gamma2,8.68393540355479e-06,6m,1m,12m
2015-04-09,gamma2,1.0445528499257028e-05,6m,1m,12m
2015-04-10,gamma2,1.3185338272226492e-05,6m,1m,12m
2015-04-13,gamma2,1.1820313616030642e-05,6m,1m,12m
2015-04-14,gamma2,1.1811182317339732e-05,6m,1m,12m
2015-04-15,gamma2,9.01481447922012e-06,6m,1m,12m
2015-04-16,gamma2,1.0980070913057713e-05,6m,1m,12m
2015-04-17,gamma2,8.523144479742087e-06,6m,1m,12m
2015-04-20,gamma2,8.671545171789054e-06,6m,1m,12m
2015-04-21,gamma2,7.316887362918433e-06,6m,1m,12m
2015-04-22,gamma2,4.568358461908046e-06,6m,1m,12m
2015-04-23,gamma2,5.159498316285228e-06,6m,1m,12m
2015-04-24,gamma2,5.730654916736361e-06,6m,1m,12m
2015-04-27,gamma2,5.771677008352658e-06,6m,1m,12m
2015-04-28,gamma2,4.014578091351159e-06,6m,1m,12m
2015-04-29,gamma2,3.150521497878006e-06,6m,1m,12m
2015-04-30,gamma2,4.3076345163047086e-06,6m,1m,12m
2015-05-01,gamma2,4.451339957791862e-06,6m,1m,12m
2015-05-04,gamma2,5.718276495961549e-06,6m,1m,12m
2015-05-05,gamma2,4.905079692585035e-06,6m,1m,12m
2015-05-06,gamma2,6.759024213133002e-06,6m,1m,12m
2015-05-07,gamma2,5.913459113354711e-06,6m,1m,12m
2015-05-08,gamma2,4.816766558791345e-06,6m,1m,12m
2015-05-11,gamma2,8.054394201132068e-06,6m,1m,12m
2015-05-12,gamma2,5.1718428430269685e-06,6m,1m,12m
2015-05-13,gamma2,4.4665677590780695e-06,6m,1m,12m
2015-05-14,gamma2,5.2196283002767084e-06,6m,1m,12m
2015-05-15,gamma2,2.2663950155488268e-06,6m,1m,12m
2015-05-18,gamma2,3.946867801894966e-06,6m,1m,12m
2015-05-19,gamma2,9.540321410086238e-07,6m,1m,12m
2015-05-20,gamma2,4.460764342265543e-06,6m,1m,12m
2015-05-21,gamma2,3.0900716250129255e-06,6m,1m,12m
2015-05-22,gamma2,5.481285560641655e-06,6m,1m,12m
2015-05-26,gamma2,2.437276786703905e-06,6m,1m,12m
2015-05-27,gamma2,5.835867481546679e-06,6m,1m,12m
2015-05-28,gamma2,1.2055873058685103e-06,6m,1m,12m
2015-05-29,gamma2,1.4573272193121572e-06,6m,1m,12m
2015-06-01,gamma2,2.3773091235535397e-06,6m,1m,12m
2015-06-02,gamma2,1.8515792319959108e-06,6m,1m,12m
2015-06-03,gamma2,7.453883929572289e-07,6m,1m,12m
2015-06-04,gamma2,1.7027541019070671e-06,6m,1m,12m
2015-06-05,gamma2,-2.6216958627583277e-06,6m,1m,12m
2015-06-08,gamma2,-4.043210176839797e-06,6m,1m,12m
2015-06-09,gamma2,-1.93489495122156e-06,6m,1m,12m
2015-06-10,gamma2,1.504202317957236e-07,6m,1m,12m
2015-06-11,gamma2,-1.3815365196392636e-06,6m,1m,12m
2015-06-12,gamma2,8.660879437099356e-06,6m,1m,12m
2015-06-15,gamma2,-4.502181458288321e-06,6m,1m,12m
2015-06-16,gamma2,3.4686127867764905e-06,6m,1m,12m
2015-06-17,gamma2,-1.502621265644173e-06,6m,1m,12m
2015-06-18,gamma2,9.45472647006592e-06,6m,1m,12m
2015-06-19,gamma2,3.895798906537732e-06,6m,1m,12m
2015-06-22,gamma2,9.65178517270541e-07,6m,1m,12m
2015-06-23,gamma2,6.525675726913385e-06,6m,1m,12m
2015-06-24,gamma2,7.4227595332461376e-06,6m,1m,12m
2015-06-25,gamma2,6.102915575700716e-06,6m,1m,12m
2015-06-26,gamma2,1.0176567103522202e-05,6m,1m,12m
2015-06-29,gamma2,1.4322818639021165e-05,6m,1m,12m
2015-06-30,gamma2,6.851010524244402e-06,6m,1m,12m
2015-07-01,gamma2,1.8096353390550642e-05,6m,1m,12m
2015-07-02,gamma2,8.49751973190577e-06,6m,1m,12m
2015-07-06,gamma2,9.027298089709133e-06,6m,1m,12m
2015-07-07,gamma2,1.4208083003025824e-05,6m,1m,12m
2015-07-08,gamma2,3.1587733991597774e-05,6m,1m,12m
2015-07-09,gamma2,1.6749048789716907e-05,6m,1m,12m
2015-07-10,gamma2,1.1518251782228998e-05,6m,1m,12m
2015-07-13,gamma2,5.677704342574638e-06,6m,1m,12m
2015-07-14,gamma2,9.01033650186007e-06,6m,1m,12m
2015-07-15,gamma2,4.958767454743472e-06,6m,1m,12m
2015-07-16,gamma2,1.166986517210558e-05,6m,1m,12m
2015-07-17,gamma2,-1.9028606248703546e-06,6m,1m,12m
2015-07-20,gamma2,3.1437040747252066e-06,6m,1m,12m
2015-07-21,gamma2,1.349361651317522e-05,6m,1m,12m
2015-07-22,gamma2,8.656406990238492e-06,6m,1m,12m
2015-07-23,gamma2,7.813666875532668e-06,6m,1m,12m
2015-07-24,gamma2,1.6088429931809923e-05,6m,1m,12m
2015-07-27,gamma2,2.0497055739616638e-05,6m,1m,12m
2015-07-28,gamma2,7.933358967263473e-06,6m,1m,12m
2015-07-29,gamma2,4.699110002272369e-06,6m,1m,12m
2015-07-30,gamma2,5.479202420034477e-06,6m,1m,12m
2015-07-31,gamma2,8.09238512029589e-06,6m,1m,12m
2015-08-03,gamma2,1.0429520000304942e-05,6m,1m,12m
2015-08-04,gamma2,7.737907102486111e-06,6m,1m,12m
2015-08-05,gamma2,1.0179166335605778e-05,6m,1m,12m
2015-08-06,gamma2,7.6048326458204515e-06,6m,1m,12m
2015-08-07,gamma2,7.1305519335956674e-06,6m,1m,12m
2015-08-10,gamma2,9.483930085103295e-06,6m,1m,12m
2015-08-11,gamma2,7.898199758718569e-06,6m,1m,12m
2015-08-12,gamma2,1.534774233774542e-05,6m,1m,12m
2015-08-13,gamma2,1.5698364865214e-05,6m,1m,12m
2015-08-14,gamma2,2.001797362671058e-05,6m,1m,12m
2015-08-17,gamma2,2.3749003818089554e-05,6m,1m,12m
2015-08-18,gamma2,2.9521863199758932e-05,6m,1m,12m
2015-08-19,gamma2,2.4904490374234434e-05,6m,1m,12m
2015-08-20,gamma2,3.2558430041389566e-05,6m,1m,12m
2015-08-21,gamma2,2.3163270200829235e-05,6m,1m,12m
2015-08-24,gamma2,4.9310077022196123e-05,6m,1m,12m
2015-08-25,gamma2,1.9996975459262636e-05,6m,1m,12m
2015-08-26,gamma2,3.592518757186663e-05,6m,1m,12m
2015-08-27,gamma2,2.33540421914102e-05,6m,1m,12m
2015-08-28,gamma2,2.420681724116233e-05,6m,1m,12m
2015-08-31,gamma2,2.9587322718107733e-05,6m,1m,12m
2015-09-01,gamma2,2.856653878114415e-05,6m,1m,12m
2015-09-02,gamma2,4.4119491018526276e-05,6m,1m,12m
2015-09-03,gamma2,3.845659840309117e-05,6m,1m,12m
2015-09-04,gamma2,3.178011771485056e-05,6m,1m,12m
2015-09-08,gamma2,1.6188992188726647e-05,6m,1m,12m
2015-09-09,gamma2,1.58909643405334e-05,6m,1m,12m
2015-09-10,gamma2,1.4554975538915174e-05,6m,1m,12m
2015-09-11,gamma2,-1.1421877174088075e-05,6m,1m,12m
2015-09-14,gamma2,4.7311945121372516e-05,6m,1m,12m
2015-09-15,gamma2,2.715579665483772e-05,6m,1m,12m
2015-09-16,gamma2,2.7214121612861516e-05,6m,1m,12m
2015-09-17,gamma2,3.109095894584484e-05,6m,1m,12m
2015-09-18,gamma2,-1.5118441562260221e-05,6m,1m,12m
2015-09-21,gamma2,2.701287252074806e-05,6m,1m,12m
2015-09-22,gamma2,-1.9913873036293002e-05,6m,1m,12m
2015-09-23,gamma2,-1.7360149988698304e-05,6m,1m,12m
2015-09-24,gamma2,2.2835273318592057e-05,6m,1m,12m
2015-09-25,gamma2,1.857079505581866e-05,6m,1m,12m
2015-09-28,gamma2,1.925407346912411e-05,6m,1m,12m
2015-09-29,gamma2,1.3884627159467987e-05,6m,1m,12m
2015-09-30,gamma2,1.2184381227371224e-05,6m,1m,12m
2015-10-01,gamma2,1.64238896708101e-05,6m,1m,12m
2015-10-02,gamma2,1.122149216590301e-05,6m,1m,12m
2015-10-05,gamma2,7.4025607057090624e-06,6m,1m,12m
2015-10-06,gamma2,8.244594291851063e-06,6m,1m,12m
2015-10-07,gamma2,4.881147688458225e-06,6m,1m,12m
2015-10-08,gamma2,1.2620605546610801e-05,6m,1m,12m
2015-10-09,gamma2,7.371889512578001e-06,6m,1m,12m
2015-10-12,gamma2,-6.833102578726872e-07,6m,1m,12m
2015-10-13,gamma2,3.1920578792472554e-06,6m,1m,12m
2015-10-14,gamma2,3.415364962172756e-06,6m,1m,12m
2015-10-15,gamma2,-8.730502454120417e-07,6m,1m,12m
2015-10-16,gamma2,-2.1244030716322933e-06,6m,1m,12m
2015-10-19,gamma2,-2.883818898528324e-06,6m,1m,12m
2015-10-20,gamma2,1.415418529147985e-06,6m,1m,12m
2015-10-21,gamma2,3.777965735852935e-06,6m,1m,12m
2015-10-22,gamma2,7.441389402002627e-07,6m,1m,12m
2015-10-23,gamma2,4.167208132812592e-06,6m,1m,12m
2015-10-26,gamma2,1.5636410494271832e-06,6m,1m,12m
2015-10-27,gamma2,3.3028402459614783e-06,6m,1m,12m
2015-10-28,gamma2,7.554091923642144e-06,6m,1m,12m
2015-10-29,gamma2,4.981607376477203e-06,6m,1m,12m
2015-10-30,gamma2,4.7909809318523954e-06,6m,1m,12m
2015-11-02,gamma2,6.698488056131788e-07,6m,1m,12m
2015-11-03,gamma2,2.6249076474783563e-09,6m,1m,12m
2015-11-04,gamma2,-1.0824584450242058e-06,6m,1m,12m
2015-11-05,gamma2,-1.3997073491902324e-06,6m,1m,12m
2015-11-06,gamma2,9.352779300758617e-06,6m,1m,12m
2015-11-09,gamma2,1.1554194020349998e-05,6m,1m,12m
2015-11-10,gamma2,1.0045413203753666e-05,6m,1m,12m
2015-11-11,gamma2,1.2113750282691956e-05,6m,1m,12m
2015-11-12,gamma2,1.2425090762528858e-05,6m,1m,12m
2015-11-13,gamma2,-8.312879447494982e-07,6m,1m,12m
2015-11-16,gamma2,-2.134359272333985e-06,6m,1m,12m
2015-11-17,gamma2,1.1908238629997225e-05,6m,1m,12m
2015-11-18,gamma2,7.923900800526921e-07,6m,1m,12m
2015-11-19,gamma2,-7.003664187813702e-07,6m,1m,12m
2015-11-20,gamma2,1.35142951715954e-07,6m,1m,12m
2015-11-23,gamma2,4.771704530485824e-06,6m,1m,12m
2015-11-24,gamma2,4.7276471337549054e-06,6m,1m,12m
2015-11-25,gamma2,8.189010155731967e-06,6m,1m,12m
2015-11-27,gamma2,7.917231330238215e-06,6m,1m,12m
2015-11-30,gamma2,8.306045026580552e-06,6m,1m,12m
2015-12-01,gamma2,4.82326570951983e-06,6m,1m,12m
2015-12-02,gamma2,2.9162564294910874e-06,6m,1m,12m
2015-12-03,gamma2,1.0232915063165997e-05,6m,1m,12m
2015-12-04,gamma2,6.583277443471232e-06,6m,1m,12m
2015-12-07,gamma2,3.244999997579269e-06,6m,1m,12m
2015-12-08,gamma2,1.1400040328936086e-05,6m,1m,12m
2015-12-09,gamma2,9.459199472484715e-06,6m,1m,12m
2015-12-10,gamma2,3.3186242626385832e-06,6m,1m,12m
2015-12-11,gamma2,-1.3619768353541717e-05,6m,1m,12m
2015-12-14,gamma2,-2.760526157707071e-06,6m,1m,12m
2015-12-15,gamma2,-3.622044578182656e-06,6m,1m,12m
2015-12-16,gamma2,1.2948656471463983e-06,6m,1m,12m
2015-12-17,gamma2,9.271195796968192e-06,6m,1m,12m
2015-12-18,gamma2,7.459696972439688e-06,6m,1m,12m
2015-12-21,gamma2,7.736591956014072e-06,6m,1m,12m
2015-12-22,gamma2,7.128522121127773e-06,6m,1m,12m
2015-12-23,gamma2,8.27226252086438e-06,6m,1m,12m
2015-12-24,gamma2,7.705921244732543e-06,6m,1m,12m
2015-12-28,gamma2,7.260180548727685e-06,6m,1m,12m
2015-12-29,gamma2,5.659577816083504e-06,6m,1m,12m
2015-12-30,gamma2,7.4461426199307675e-06,6m,1m,12m
2015-12-31,gamma2,1.3532316668449486e-05,6m,1m,12m
2016-01-04,gamma2,-5.115931446850718e-06,6m,1m,12m
2016-01-05,gamma2,-4.032426272366729e-06,6m,1m,12m
2016-01-06,gamma2,-4.3698030184837107e-07,6m,1m,12m
2016-01-07,gamma2,-1.459416738085559e-05,6m,1m,12m
2016-01-08,gamma2,-1.7462720450836714e-06,6m,1m,12m
2016-01-11,gamma2,6.953379955121698e-06,6m,1m,12m
2016-01-12,gamma2,2.3098770152221868e-06,6m,1m,12m
2016-01-13,gamma2,8.732941853796466e-06,6m,1m,12m
2016-01-14,gamma2,2.943241248197223e-06,6m,1m,12m
2016-01-15,gamma2,6.2647819525158e-06,6m,1m,12m
2016-01-19,gamma2,8.568133287582277e-06,6m,1m,12m
2016-01-20,gamma2,2.118129029260074e-05,6m,1m,12m
2016-01-21,gamma2,9.094748490874005e-06,6m,1m,12m
2016-01-22,gamma2,2.1708735102816525e-05,6m,1m,12m
2016-01-25,gamma2,1.616916594355058e-05,6m,1m,12m
2016-01-26,gamma2,2.0422110044940644e-05,6m,1m,12m
2016-01-27,gamma2,2.857948703461944e-05,6m,1m,12m
2016-01-28,gamma2,1.869791894789245e-05,6m,1m,12m
2016-01-29,gamma2,2.6890885771080603e-05,6m,1m,12m
2016-02-01,gamma2,1.0152422322079216e-05,6m,1m,12m
2016-02-02,gamma2,8.662609436891036e-06,6m,1m,12m
2016-02-03,gamma2,2.164592470751835e-05,6m,1m,12m
2016-02-04,gamma2,2.370722555642888e-05,6m,1m,12m
2016-02-05,gamma2,9.254986867357466e-06,6m,1m,12m
2016-02-08,gamma2,3.5716308714327446e-05,6m,1m,12m
2016-02-09,gamma2,4.212298315355551e-05,6m,1m,12m
2016-02-10,gamma2,2.2378423389396254e-05,6m,1m,12m
2016-02-11,gamma2,8.055457605568367e-06,6m,1m,12m
2016-02-12,gamma2,4.504452174488475e-05,6m,1m,12m
2016-02-16,gamma2,1.336677356036382e-05,6m,1m,12m
2016-02-17,gamma2,2.9812512978587375e-05,6m,1m,12m
2016-02-18,gamma2,3.151061723387784e-05,6m,1m,12m
2016-02-19,gamma2,3.1659386529001294e-05,6m,1m,12m
2016-02-22,gamma2,2.0935826812319096e-05,6m,1m,12m
2016-02-23,gamma2,1.4979275496827615e-05,6m,1m,12m
2016-02-24,gamma2,1.9395545592383412e-05,6m,1m,12m
2016-02-25,gamma2,1.9285966748056776e-05,6m,1m,12m
2016-02-26,gamma2,1.4193879910044537e-05,6m,1m,12m
2016-02-29,gamma2,8.675718672716767e-06,6m,1m,12m
2016-03-01,gamma2,1.4584710617268369e-05,6m,1m,12m
2016-03-02,gamma2,1.912244435140128e-05,6m,1m,12m
2016-03-03,gamma2,1.035618918307571e-05,6m,1m,12m
2016-03-04,gamma2,4.443668157758319e-05,6m,1m,12m
2016-03-07,gamma2,3.3088570284500306e-05,6m,1m,12m
2016-03-08,gamma2,3.284407176687496e-05,6m,1m,12m
2016-03-09,gamma2,2.916605124754362e-05,6m,1m,12m
2016-03-10,gamma2,9.037126372155064e-06,6m,1m,12m
2016-03-11,gamma2,1.7455515462916964e-05,6m,1m,12m
2016-03-14,gamma2,1.632858141815117e-05,6m,1m,12m
2016-03-15,gamma2,1.2510608571740143e-05,6m,1m,12m
2016-03-16,gamma2,1.2026715199677655e-05,6m,1m,12m
2016-03-17,gamma2,1.1772683584699407e-05,6m,1m,12m
2016-03-18,gamma2,4.074171327982231e-06,6m,1m,12m
2016-03-21,gamma2,3.690071924225742e-06,6m,1m,12m
2016-03-22,gamma2,6.302900879163369e-06,6m,1m,12m
2016-03-23,gamma2,2.9757022669386706e-08,6m,1m,12m
2016-03-24,gamma2,6.6968436781548065e-06,6m,1m,12m
2016-03-28,gamma2,5.273836821258296e-06,6m,1m,12m
2016-03-29,gamma2,5.386395320975667e-06,6m,1m,12m
2016-03-30,gamma2,4.921235123845472e-06,6m,1m,12m
2016-03-31,gamma2,5.391040533513435e-06,6m,1m,12m
2016-04-01,gamma2,5.595665065106831e-06,6m,1m,12m
2016-04-04,gamma2,5.1136930194983485e-06,6m,1m,12m
2016-04-05,gamma2,6.420152952737715e-06,6m,1m,12m
2016-04-06,gamma2,5.124504424343848e-06,6m,1m,12m
2016-04-07,gamma2,7.727287995437793e-06,6m,1m,12m
2016-04-08,gamma2,5.2755425246946875e-06,6m,1m,12m
2016-04-11,gamma2,6.977641634524757e-06,6m,1m,12m
2016-04-12,gamma2,4.099316951710345e-06,6m,1m,12m
2016-04-13,gamma2,4.432888162883513e-06,6m,1m,12m
2016-04-14,gamma2,3.672209154045396e-06,6m,1m,12m
2016-04-15,gamma2,3.1407857066220577e-06,6m,1m,12m
2016-04-18,gamma2,4.348845291953705e-06,6m,1m,12m
2016-04-19,gamma2,5.524642100330388e-06,6m,1m,12m
2016-04-20,gamma2,7.599935142085129e-06,6m,1m,12m
2016-04-21,gamma2,7.174398909220401e-06,6m,1m,12m
2016-04-22,gamma2,6.054639252084486e-06,6m,1m,12m
2016-04-25,gamma2,3.5751397145590034e-06,6m,1m,12m
2016-04-26,gamma2,4.463938835175339e-06,6m,1m,12m
2016-04-27,gamma2,4.355533753846589e-06,6m,1m,12m
2016-04-28,gamma2,7.652131437704263e-07,6m,1m,12m
2016-04-29,gamma2,-9.32603694838728e-08,6m,1m,12m
2016-05-02,gamma2,-7.245525304185759e-07,6m,1m,12m
2016-05-03,gamma2,2.210518501709405e-06,6m,1m,12m
2016-05-04,gamma2,4.093976312610219e-06,6m,1m,12m
2016-05-05,gamma2,3.3473291802378203e-06,6m,1m,12m
2016-05-06,gamma2,4.39448544068009e-06,6m,1m,12m
2016-05-09,gamma2,4.8226736328450565e-06,6m,1m,12m
2016-05-10,gamma2,1.0279453096849966e-05,6m,1m,12m
2016-05-11,gamma2,8.681456004887293e-06,6m,1m,12m
2016-05-12,gamma2,5.207421390221136e-06,6m,1m,12m
2016-05-13,gamma2,6.021457134783769e-06,6m,1m,12m
2016-05-16,gamma2,5.311161484083475e-06,6m,1m,12m
2016-05-17,gamma2,1.7596018052993081e-06,6m,1m,12m
2016-05-18,gamma2,3.7943804828469344e-06,6m,1m,12m
2016-05-19,gamma2,4.434584083703327e-06,6m,1m,12m
2016-05-20,gamma2,6.680181508860476e-06,6m,1m,12m
2016-05-23,gamma2,5.641981102985265e-06,6m,1m,12m
2016-05-24,gamma2,9.735231572542925e-06,6m,1m,12m
2016-05-25,gamma2,8.447335095260224e-06,6m,1m,12m
2016-05-26,gamma2,8.93576559932256e-06,6m,1m,12m
2016-05-27,gamma2,9.090753447042396e-06,6m,1m,12m
2016-05-31,gamma2,6.9086059196902135e-06,6m,1m,12m
2016-06-01,gamma2,6.9257517453558474e-06,6m,1m,12m
2016-06-02,gamma2,5.193280292265315e-06,6m,1m,12m
2016-06-03,gamma2,9.92375510459804e-06,6m,1m,12m
2016-06-06,gamma2,9.696747646644186e-06,6m,1m,12m
2016-06-07,gamma2,6.062299061154424e-06,6m,1m,12m
2016-06-08,gamma2,7.268401853239971e-06,6m,1m,12m
2016-06-09,gamma2,3.742934933768405e-06,6m,1m,12m
2016-06-10,gamma2,1.7042856315856564e-06,6m,1m,12m
2016-06-13,gamma2,-2.7544979065013286e-06,6m,1m,12m
2016-06-14,gamma2,-3.697324330438692e-06,6m,1m,12m
2016-06-15,gamma2,-2.2926048254807894e-06,6m,1m,12m
2016-06-16,gamma2,-2.7827534335801987e-06,6m,1m,12m
2016-06-17,gamma2,-6.109001939876823e-06,6m,1m,12m
2016-06-20,gamma2,-2.8951485254315694e-06,6m,1m,12m
2016-06-21,gamma2,-5.044741055770298e-06,6m,1m,12m
2016-06-22,gamma2,-4.711203559775726e-06,6m,1m,12m
2016-06-23,gamma2,-2.7908156821257983e-06,6m,1m,12m
2016-06-24,gamma2,-3.871020252626323e-06,6m,1m,12m
2016-06-27,gamma2,6.885374730755157e-06,6m,1m,12m
2016-06-28,gamma2,2.984977223159473e-06,6m,1m,12m
2016-06-29,gamma2,5.134480033476407e-06,6m,1m,12m
2016-06-30,gamma2,2.0963160752327762e-06,6m,1m,12m
2016-07-01,gamma2,-6.765170548880747e-07,6m,1m,12m
2016-07-05,gamma2,1.5428622120733986e-06,6m,1m,12m
2016-07-06,gamma2,2.611174760975833e-06,6m,1m,12m
2016-07-07,gamma2,2.7234044227680007e-06,6m,1m,12m
2016-07-08,gamma2,6.248308093014056e-06,6m,1m,12m
2016-07-11,gamma2,9.699942918329838e-06,6m,1m,12m
2016-07-12,gamma2,3.523271864498037e-05,6m,1m,12m
2016-07-13,gamma2,7.270444792442365e-06,6m,1m,12m
2016-07-14,gamma2,1.1181042783063481e-05,6m,1m,12m
2016-07-15,gamma2,7.145140403612178e-06,6m,1m,12m
2016-07-18,gamma2,5.907176962710378e-06,6m,1m,12m
2016-07-19,gamma2,5.3508713631020745e-06,6m,1m,12m
2016-07-20,gamma2,8.011079106919649e-06,6m,1m,12m
2016-07-21,gamma2,4.324251235151831e-06,6m,1m,12m
2016-07-22,gamma2,5.555176763133364e-06,6m,1m,12m
2016-07-25,gamma2,2.7000242242471576e-06,6m,1m,12m
2016-07-26,gamma2,8.192324857015724e-06,6m,1m,12m
2016-07-27,gamma2,4.5032538731148666e-06,6m,1m,12m
2016-07-28,gamma2,3.5025840711788803e-06,6m,1m,12m
2016-07-29,gamma2,5.7486794513199944e-06,6m,1m,12m
2016-08-01,gamma2,2.9852238619475485e-06,6m,1m,12m
2016-08-02,gamma2,1.361865350885714e-06,6m,1m,12m
2016-08-03,gamma2,1.7151910650605495e-06,6m,1m,12m
2016-08-04,gamma2,2.0478463936251677e-06,6m,1m,12m
2016-08-05,gamma2,6.164754989442731e-06,6m,1m,12m
2016-08-08,gamma2,3.5772588918789e-06,6m,1m,12m
2016-08-09,gamma2,1.1928225024173816e-05,6m,1m,12m
2016-08-10,gamma2,6.664207387104463e-06,6m,1m,12m
2016-08-11,gamma2,9.087299606265654e-06,6m,1m,12m
2016-08-12,gamma2,7.068769487739826e-06,6m,1m,12m
2016-08-15,gamma2,6.65199475668057e-06,6m,1m,12m
2016-08-16,gamma2,8.062398946235561e-06,6m,1m,12m
2016-08-17,gamma2,6.480661882181925e-06,6m,1m,12m
2016-08-18,gamma2,4.33506367126487e-06,6m,1m,12m
2016-08-19,gamma2,5.124917513530397e-06,6m,1m,12m
2016-08-22,gamma2,4.876582549097037e-06,6m,1m,12m
2016-08-23,gamma2,6.925944167647915e-06,6m,1m,12m
2016-08-24,gamma2,4.7603434441241535e-06,6m,1m,12m
2016-08-25,gamma2,4.870734266229545e-06,6m,1m,12m
2016-08-26,gamma2,4.6377292004434375e-06,6m,1m,12m
2016-08-29,gamma2,5.305404465496297e-06,6m,1m,12m
2016-08-30,gamma2,4.065759064670681e-06,6m,1m,12m
2016-08-31,gamma2,3.7584222563123613e-06,6m,1m,12m
2016-09-01,gamma2,3.7521647477317555e-06,6m,1m,12m
2016-09-02,gamma2,2.7958814814786967e-06,6m,1m,12m
2016-09-06,gamma2,-2.198033302711371e-06,6m,1m,12m
2016-09-07,gamma2,6.561697392128548e-06,6m,1m,12m
2016-09-08,gamma2,5.49282013209002e-06,6m,1m,12m
2016-09-09,gamma2,4.6114664988609065e-06,6m,1m,12m
2016-09-12,gamma2,5.585078342627224e-06,6m,1m,12m
2016-09-13,gamma2,1.5073234677459341e-06,6m,1m,12m
2016-09-14,gamma2,9.207352032106235e-07,6m,1m,12m
2016-09-15,gamma2,8.283361343509895e-08,6m,1m,12m
2016-09-16,gamma2,2.866987898242502e-06,6m,1m,12m
2016-09-19,gamma2,2.968514496062261e-06,6m,1m,12m
2016-09-20,gamma2,7.354370002822094e-06,6m,1m,12m
2016-09-21,gamma2,4.779999114390042e-06,6m,1m,12m
2016-09-22,gamma2,2.739737200865082e-06,6m,1m,12m
2016-09-23,gamma2,5.575238286056268e-06,6m,1m,12m
2016-09-26,gamma2,3.0644101791586853e-06,6m,1m,12m
2016-09-27,gamma2,3.553427350272368e-06,6m,1m,12m
2016-09-28,gamma2,4.970289014189721e-06,6m,1m,12m
2016-09-29,gamma2,1.2647672589890331e-06,6m,1m,12m
2016-09-30,gamma2,5.711641829199373e-06,6m,1m,12m
2016-10-03,gamma2,3.719037271160421e-06,6m,1m,12m
2016-10-04,gamma2,2.4424087709391875e-06,6m,1m,12m
2016-10-05,gamma2,3.872050545493516e-06,6m,1m,12m
2016-10-06,gamma2,3.3856437533936154e-06,6m,1m,12m
2016-10-07,gamma2,5.357036140870689e-06,6m,1m,12m
2016-10-10,gamma2,3.3271179614747087e-06,6m,1m,12m
2016-10-11,gamma2,4.572626409332889e-06,6m,1m,12m
2016-10-12,gamma2,9.907791369955439e-06,6m,1m,12m
2016-10-13,gamma2,1.1787226460711458e-05,6m,1m,12m
2016-10-14,gamma2,5.211780025037487e-08,6m,1m,12m
2016-10-17,gamma2,8.31461218930276e-06,6m,1m,12m
2016-10-18,gamma2,6.863614250960455e-06,6m,1m,12m
2016-10-19,gamma2,1.1555457598207575e-05,6m,1m,12m
2016-10-20,gamma2,1.2145012704737759e-05,6m,1m,12m
2016-10-21,gamma2,1.103325846129549e-05,6m,1m,12m
2016-10-24,gamma2,7.428097336286065e-06,6m,1m,12m
2016-10-25,gamma2,2.8864858056124034e-06,6m,1m,12m
2016-10-26,gamma2,8.23751184583837e-06,6m,1m,12m
2016-10-27,gamma2,5.7930663114472935e-06,6m,1m,12m
2016-10-28,gamma2,4.360351683997024e-06,6m,1m,12m
2016-10-31,gamma2,9.31828874732836e-06,6m,1m,12m
2016-11-01,gamma2,6.606722225837874e-05,6m,1m,12m
2016-11-02,gamma2,4.1310834930328254e-05,6m,1m,12m
2016-11-03,gamma2,3.03831890918905e-05,6m,1m,12m
2016-11-04,gamma2,2.4462819453833817e-05,6m,1m,12m
2016-11-07,gamma2,5.868737488170679e-06,6m,1m,12m
2016-11-08,gamma2,7.774519216934044e-06,6m,1m,12m
2016-11-09,gamma2,9.112028221854451e-06,6m,1m,12m
2016-11-10,gamma2,1.0950158058949626e-05,6m,1m,12m
2016-11-11,gamma2,5.898782973291714e-06,6m,1m,12m
2016-11-14,gamma2,1.4053042069738544e-05,6m,1m,12m
2016-11-15,gamma2,1.7027218225779713e-05,6m,1m,12m
2016-11-16,gamma2,1.3973874474123825e-05,6m,1m,12m
2016-11-17,gamma2,1.265696410924735e-05,6m,1m,12m
2016-11-18,gamma2,1.3334811925558014e-05,6m,1m,12m
2016-11-21,gamma2,1.238587377096932e-05,6m,1m,12m
2016-11-22,gamma2,9.783584538204657e-06,6m,1m,12m
2016-11-23,gamma2,1.2024878223865899e-05,6m,1m,12m
2016-11-25,gamma2,1.0160793128881091e-05,6m,1m,12m
2016-11-28,gamma2,1.1887666424840418e-05,6m,1m,12m
2016-11-29,gamma2,1.3436142650333198e-05,6m,1m,12m
2016-11-30,gamma2,1.1428724512528202e-05,6m,1m,12m
2016-12-01,gamma2,1.0867721544221416e-05,6m,1m,12m
2016-12-02,gamma2,2.5119164457470402e-05,6m,1m,12m
2016-12-05,gamma2,2.4073181822919366e-05,6m,1m,12m
2016-12-06,gamma2,1.6271514519935975e-05,6m,1m,12m
2016-12-07,gamma2,1.6736041312933045e-05,6m,1m,12m
2016-12-08,gamma2,1.4413309401998077e-05,6m,1m,12m
2016-12-09,gamma2,1.550672462301693e-05,6m,1m,12m
2016-12-12,gamma2,1.249854433868514e-05,6m,1m,12m
2016-12-13,gamma2,1.3491723023648116e-05,6m,1m,12m
2016-12-14,gamma2,9.720777549367527e-06,6m,1m,12m
2016-12-15,gamma2,5.887023968653015e-06,6m,1m,12m
2016-12-16,gamma2,5.90422749316297e-06,6m,1m,12m
2016-12-19,gamma2,1.0847112542221293e-05,6m,1m,12m
2016-12-20,gamma2,6.082863159893083e-06,6m,1m,12m
2016-12-21,gamma2,8.958681862127858e-06,6m,1m,12m
2016-12-22,gamma2,8.306159299310659e-06,6m,1m,12m
2016-12-23,gamma2,2.6458039057443596e-05,6m,1m,12m
2016-12-27,gamma2,2.3499761213973036e-05,6m,1m,12m
2016-12-28,gamma2,1.0241101824762383e-05,6m,1m,12m
2016-12-29,gamma2,1.0582795551431716e-05,6m,1m,12m
2016-12-30,gamma2,1.9160659829936277e-05,6m,1m,12m
2017-01-03,gamma2,2.346986032690628e-05,6m,1m,12m
2017-01-04,gamma2,1.2245883390418804e-05,6m,1m,12m
2017-01-05,gamma2,1.245526555114139e-05,6m,1m,12m
2017-01-06,gamma2,2.7336663892261458e-05,6m,1m,12m
2017-01-09,gamma2,2.101326193489783e-05,6m,1m,12m
2017-01-10,gamma2,2.7289387164226967e-05,6m,1m,12m
2017-01-11,gamma2,1.2915528621663067e-05,6m,1m,12m
2017-01-12,gamma2,1.220466666455761e-05,6m,1m,12m
2017-01-13,gamma2,3.1290349005866186e-05,6m,1m,12m
2017-01-17,gamma2,9.541708162992052e-06,6m,1m,12m
2017-01-18,gamma2,9.275596281397271e-06,6m,1m,12m
2017-01-19,gamma2,1.0693436896082203e-05,6m,1m,12m
2017-01-20,gamma2,7.140969390515155e-06,6m,1m,12m
2017-01-23,gamma2,8.870674738874699e-06,6m,1m,12m
2017-01-24,gamma2,1.4447840034551675e-05,6m,1m,12m
2017-01-25,gamma2,1.350817538212437e-05,6m,1m,12m
2017-01-26,gamma2,1.3430553118442128e-05,6m,1m,12m
2017-01-27,gamma2,1.3800969597879387e-05,6m,1m,12m
2017-01-30,gamma2,1.262673613664036e-05,6m,1m,12m
2017-01-31,gamma2,1.0299003399891108e-05,6m,1m,12m
2017-02-01,gamma2,1.2771280871028753e-05,6m,1m,12m
2017-02-02,gamma2,1.2949087835971321e-05,6m,1m,12m
2017-02-03,gamma2,2.579153847459263e-05,6m,1m,12m
2017-02-06,gamma2,1.3276805127725941e-05,6m,1m,12m
2017-02-07,gamma2,1.1121238948410955e-05,6m,1m,12m
2017-02-08,gamma2,8.818256091566218e-06,6m,1m,12m
2017-02-09,gamma2,1.098023459680243e-05,6m,1m,12m
2017-02-10,gamma2,1.4586375743147214e-05,6m,1m,12m
2017-02-13,gamma2,1.1912896832057936e-05,6m,1m,12m
2017-02-14,gamma2,1.0457285981876328e-05,6m,1m,12m
2017-02-15,gamma2,1.003519858966759e-05,6m,1m,12m
2017-02-16,gamma2,7.903612811146851e-06,6m,1m,12m
2017-02-17,gamma2,1.0264029135943856e-05,6m,1m,12m
2017-02-21,gamma2,1.0916318222320873e-05,6m,1m,12m
2017-02-22,gamma2,9.860292495750184e-06,6m,1m,12m
2017-02-23,gamma2,8.425582772798218e-06,6m,1m,12m
2017-02-24,gamma2,4.622978562050259e-06,6m,1m,12m
2017-02-27,gamma2,1.8072569312576187e-05,6m,1m,12m
2017-02-28,gamma2,8.142978678947248e-06,6m,1m,12m
2017-03-01,gamma2,1.2823631712461262e-05,6m,1m,12m
2017-03-02,gamma2,1.1336658090764792e-05,6m,1m,12m
2017-03-03,gamma2,1.154225725567194e-05,6m,1m,12m
2017-03-06,gamma2,9.58227659237188e-06,6m,1m,12m
2017-03-07,gamma2,8.340964322216024e-06,6m,1m,12m
2017-03-08,gamma2,8.437998868225285e-06,6m,1m,12m
2017-03-09,gamma2,6.186428778164182e-06,6m,1m,12m
2017-03-10,gamma2,3.803849935375103e-06,6m,1m,12m
2017-03-13,gamma2,5.0664566580439125e-06,6m,1m,12m
2017-03-14,gamma2,5.251052105795086e-06,6m,1m,12m
2017-03-15,gamma2,8.175489946627335e-06,6m,1m,12m
2017-03-16,gamma2,4.218390331530043e-06,6m,1m,12m
2017-03-17,gamma2,5.734786744031244e-06,6m,1m,12m
2017-03-20,gamma2,-1.589336342607645e-06,6m,1m,12m
2017-03-21,gamma2,-2.341337982589833e-06,6m,1m,12m
2017-03-22,gamma2,1.8463420383303147e-06,6m,1m,12m
2017-03-23,gamma2,-9.960379507603917e-08,6m,1m,12m
2017-03-24,gamma2,-1.8977345276113918e-06,6m,1m,12m
2017-03-27,gamma2,2.9937311985077875e-06,6m,1m,12m
2017-03-28,gamma2,8.120746700116127e-06,6m,1m,12m
2017-03-29,gamma2,7.95325648932092e-06,6m,1m,12m
2017-03-30,gamma2,6.913860809969911e-06,6m,1m,12m
2017-03-31,gamma2,9.552154277333004e-06,6m,1m,12m
2017-04-03,gamma2,6.089683271001944e-06,6m,1m,12m
2017-04-04,gamma2,4.444735553824655e-06,6m,1m,12m
2017-04-05,gamma2,6.075126623347211e-06,6m,1m,12m
2017-04-06,gamma2,4.016267273426702e-06,6m,1m,12m
2017-04-07,gamma2,-9.98699313539335e-07,6m,1m,12m
2017-04-10,gamma2,6.049749139717442e-07,6m,1m,12m
2017-04-11,gamma2,-2.8931094758261816e-06,6m,1m,12m
2017-04-12,gamma2,6.261207194053791e-07,6m,1m,12m
2017-04-13,gamma2,6.692468143146372e-07,6m,1m,12m
2017-04-17,gamma2,2.827771151041681e-06,6m,1m,12m
2017-04-18,gamma2,4.118484582898425e-06,6m,1m,12m
2017-04-19,gamma2,2.392431179603731e-06,6m,1m,12m
2017-04-20,gamma2,4.775280200346105e-06,6m,1m,12m
2017-04-21,gamma2,6.55223925975288e-06,6m,1m,12m
2017-04-24,gamma2,4.690278242773896e-06,6m,1m,12m
2017-04-25,gamma2,7.345478500136424e-06,6m,1m,12m
2017-04-26,gamma2,7.619710651547007e-06,6m,1m,12m
2017-04-27,gamma2,6.294126192157833e-06,6m,1m,12m
2017-04-28,gamma2,2.747433005014744e-06,6m,1m,12m
2017-05-01,gamma2,6.728985600354442e-06,6m,1m,12m
2017-05-02,gamma2,4.217193273797715e-06,6m,1m,12m
2017-05-03,gamma2,-2.8829818731673076e-07,6m,1m,12m
2017-05-04,gamma2,1.6877105273567473e-06,6m,1m,12m
2017-05-05,gamma2,6.9959505384340785e-06,6m,1m,12m
2017-05-08,gamma2,4.106946963977191e-06,6m,1m,12m
2017-05-09,gamma2,5.635159206140039e-06,6m,1m,12m
2017-05-10,gamma2,4.8909152890357074e-06,6m,1m,12m
2017-05-11,gamma2,5.646564448974313e-06,6m,1m,12m
2017-05-12,gamma2,2.434372966948856e-06,6m,1m,12m
2017-05-15,gamma2,1.926233422225316e-06,6m,1m,12m
2017-05-16,gamma2,1.9444937414956373e-06,6m,1m,12m
2017-05-17,gamma2,-5.6616186915810674e-06,6m,1m,12m
2017-05-18,gamma2,-3.6488247266611285e-06,6m,1m,12m
2017-05-19,gamma2,-1.00099596952638e-06,6m,1m,12m
2017-05-22,gamma2,2.3004231494301894e-06,6m,1m,12m
2017-05-23,gamma2,3.261182568210778e-06,6m,1m,12m
2017-05-24,gamma2,2.830298107808807e-06,6m,1m,12m
2017-05-25,gamma2,4.43017009334726e-06,6m,1m,12m
2017-05-26,gamma2,2.1370422982287645e-06,6m,1m,12m
2017-05-30,gamma2,3.914504749615782e-06,6m,1m,12m
2017-05-31,gamma2,5.694306852471558e-06,6m,1m,12m
2017-06-01,gamma2,7.041215587465022e-06,6m,1m,12m
2017-06-02,gamma2,6.920613531335269e-06,6m,1m,12m
2017-06-05,gamma2,5.00548584809769e-06,6m,1m,12m
2017-06-06,gamma2,5.998611302993023e-06,6m,1m,12m
2017-06-07,gamma2,2.180414286406754e-06,6m,1m,12m
2017-06-08,gamma2,6.763737782546836e-06,6m,1m,12m
2017-06-09,gamma2,8.83535511408836e-06,6m,1m,12m
2017-06-12,gamma2,1.5428233250688169e-06,6m,1m,12m
2017-06-13,gamma2,5.306931808167389e-06,6m,1m,12m
2017-06-14,gamma2,4.111583377511029e-06,6m,1m,12m
2017-06-15,gamma2,2.964416819807231e-06,6m,1m,12m
2017-06-16,gamma2,-3.936640376568241e-08,6m,1m,12m
2017-06-19,gamma2,5.447891045062504e-06,6m,1m,12m
2017-06-20,gamma2,1.600497666163033e-06,6m,1m,12m
2017-06-21,gamma2,1.8191899686872617e-06,6m,1m,12m
2017-06-22,gamma2,4.550621308996855e-07,6m,1m,12m
2017-06-23,gamma2,2.4468662116747945e-06,6m,1m,12m
2017-06-26,gamma2,1.6557207667813242e-06,6m,1m,12m
2017-06-27,gamma2,4.480888791150606e-06,6m,1m,12m
2017-06-28,gamma2,2.1461232876711685e-06,6m,1m,12m
2017-06-29,gamma2,-1.128992345480184e-06,6m,1m,12m
2017-06-30,gamma2,-1.8810951673896758e-06,6m,1m,12m
2017-07-03,gamma2,1.9963144578806408e-06,6m,1m,12m
2017-07-05,gamma2,-2.7010809988277936e-06,6m,1m,12m
2017-07-06,gamma2,-4.819226481776764e-06,6m,1m,12m
2017-07-07,gamma2,-1.9935561295820673e-06,6m,1m,12m
2017-07-10,gamma2,-1.5290112433374426e-06,6m,1m,12m
2017-07-11,gamma2,-1.7714840900479725e-06,6m,1m,12m
2017-07-12,gamma2,-1.7758716108486495e-06,6m,1m,12m
2017-07-13,gamma2,-3.6270876141329974e-06,6m,1m,12m
2017-07-14,gamma2,-2.010512110701116e-06,6m,1m,12m
2017-07-17,gamma2,-4.2051234531412995e-06,6m,1m,12m
2017-07-18,gamma2,-2.386746278564096e-06,6m,1m,12m
2017-07-19,gamma2,2.625956034944928e-07,6m,1m,12m
2017-07-20,gamma2,1.3819879107266493e-06,6m,1m,12m
2017-07-21,gamma2,-2.981871183113469e-06,6m,1m,12m
2017-07-24,gamma2,-2.2293037509965362e-07,6m,1m,12m
2017-07-25,gamma2,-5.905479613779227e-07,6m,1m,12m
2017-07-26,gamma2,1.3855979636748932e-06,6m,1m,12m
2017-07-27,gamma2,-1.5211496608532545e-06,6m,1m,12m
2017-07-28,gamma2,-2.2336607064109942e-06,6m,1m,12m
2017-07-31,gamma2,-2.2904692113705144e-06,6m,1m,12m
2017-08-01,gamma2,-1.832103422405419e-06,6m,1m,12m
2017-08-02,gamma2,2.8570477130197567e-06,6m,1m,12m
2017-08-03,gamma2,2.299402606174547e-06,6m,1m,12m
2017-08-04,gamma2,2.501502365320407e-06,6m,1m,12m
2017-08-07,gamma2,1.5810378479438615e-06,6m,1m,12m
2017-08-08,gamma2,2.586770756941741e-07,6m,1m,12m
2017-08-09,gamma2,-2.9641016308968697e-07,6m,1m,12m
2017-08-10,gamma2,-1.3331758570263537e-06,6m,1m,12m
2017-08-11,gamma2,-2.9691721206222604e-06,6m,1m,12m
2017-08-14,gamma2,-1.0953721449782128e-06,6m,1m,12m
2017-08-15,gamma2,8.653780479612019e-08,6m,1m,12m
2017-08-16,gamma2,5.494978946008074e-07,6m,1m,12m
2017-08-17,gamma2,1.9796108531873115e-06,6m,1m,12m
2017-08-18,gamma2,1.4096533489896851e-06,6m,1m,12m
2017-08-21,gamma2,1.9691610311243172e-06,6m,1m,12m
2017-08-22,gamma2,1.1240126736874374e-06,6m,1m,12m
2017-08-23,gamma2,2.5715246956792994e-06,6m,1m,12m
2017-08-24,gamma2,1.1551719912265132e-06,6m,1m,12m
2017-08-25,gamma2,1.3479289188474494e-06,6m,1m,12m
2017-08-28,gamma2,1.5677206904526073e-06,6m,1m,12m
2017-08-29,gamma2,2.202615207457866e-06,6m,1m,12m
2017-08-30,gamma2,5.176283450160832e-06,6m,1m,12m
2017-08-31,gamma2,5.714795961882041e-06,6m,1m,12m
2017-09-01,gamma2,6.648800648717574e-06,6m,1m,12m
2017-09-05,gamma2,2.0625749628718307e-06,6m,1m,12m
2017-09-06,gamma2,6.103072858306697e-06,6m,1m,12m
2017-09-07,gamma2,4.56982290477744e-06,6m,1m,12m
2017-09-08,gamma2,3.288093909363853e-06,6m,1m,12m
2017-09-11,gamma2,4.550630124737827e-06,6m,1m,12m
2017-09-12,gamma2,2.761120851316976e-06,6m,1m,12m
2017-09-13,gamma2,5.338802270318382e-06,6m,1m,12m
2017-09-14,gamma2,4.484996993670459e-06,6m,1m,12m
2017-09-15,gamma2,9.234563115198147e-07,6m,1m,12m
2017-09-18,gamma2,-1.1428923402930493e-06,6m,1m,12m
2017-09-19,gamma2,1.2472474448949494e-06,6m,1m,12m
2017-09-20,gamma2,1.575232386717323e-06,6m,1m,12m
2017-09-21,gamma2,4.142520985642316e-07,6m,1m,12m
2017-09-22,gamma2,4.5965476942543326e-07,6m,1m,12m
2017-09-25,gamma2,1.118581502608394e-06,6m,1m,12m
2017-09-26,gamma2,3.4534656992406715e-06,6m,1m,12m
2017-09-27,gamma2,8.314731744950063e-06,6m,1m,12m
2017-09-28,gamma2,7.0863864168003185e-06,6m,1m,12m
2017-09-29,gamma2,5.34791863835169e-06,6m,1m,12m
2017-10-02,gamma2,5.196473897918516e-06,6m,1m,12m
2017-10-03,gamma2,4.360826837374121e-06,6m,1m,12m
2017-10-04,gamma2,9.490114976253215e-07,6m,1m,12m
2017-10-05,gamma2,2.2051006458904705e-06,6m,1m,12m
2017-10-06,gamma2,1.2094757265596517e-06,6m,1m,12m
2017-10-09,gamma2,-6.265081748343402e-07,6m,1m,12m
2017-10-10,gamma2,7.34389319740162e-07,6m,1m,12m
2017-10-11,gamma2,2.4831706841894933e-06,6m,1m,12m
2017-10-12,gamma2,2.406522652219397e-06,6m,1m,12m
2017-10-13,gamma2,2.058975853304099e-06,6m,1m,12m
2017-10-16,gamma2,1.3256714177578855e-06,6m,1m,12m
2017-10-17,gamma2,2.2980347718351744e-07,6m,1m,12m
2017-10-18,gamma2,1.909412446535124e-06,6m,1m,12m
2017-10-19,gamma2,7.677491345297564e-07,6m,1m,12m
2017-10-20,gamma2,1.2811491675149406e-06,6m,1m,12m
2017-10-23,gamma2,4.5371066309563026e-07,6m,1m,12m
2017-10-24,gamma2,1.1743341828486106e-06,6m,1m,12m
2017-10-25,gamma2,2.3729912527997588e-06,6m,1m,12m
2017-10-26,gamma2,3.947995330078372e-06,6m,1m,12m
2017-10-27,gamma2,3.310533759261552e-08,6m,1m,12m
2017-10-30,gamma2,-1.2530454275827096e-06,6m,1m,12m
2017-10-31,gamma2,1.2895556672860033e-06,6m,1m,12m
2017-11-01,gamma2,5.898341880401052e-06,6m,1m,12m
2017-11-02,gamma2,9.470257251352195e-07,6m,1m,12m
2017-11-03,gamma2,3.2155906885828127e-06,6m,1m,12m
2017-11-06,gamma2,4.113020886604918e-06,6m,1m,12m
2017-11-07,gamma2,3.2927164631947887e-06,6m,1m,12m
2017-11-08,gamma2,2.741161477322386e-06,6m,1m,12m
2017-11-09,gamma2,2.7673602932293073e-06,6m,1m,12m
2017-11-10,gamma2,-1.2826862856848995e-06,6m,1m,12m
2017-11-13,gamma2,-1.4110523137785432e-06,6m,1m,12m
2017-11-14,gamma2,5.142828209022576e-07,6m,1m,12m
2017-11-15,gamma2,1.020041234769847e-06,6m,1m,12m
2017-11-16,gamma2,4.909057672514864e-06,6m,1m,12m
2017-11-17,gamma2,8.511591346535031e-07,6m,1m,12m
2017-11-20,gamma2,4.378370120615975e-06,6m,1m,12m
2017-11-21,gamma2,4.65150911497761e-06,6m,1m,12m
2017-11-22,gamma2,8.028850385140045e-06,6m,1m,12m
2017-11-24,gamma2,9.664810914001984e-06,6m,1m,12m
2017-11-27,gamma2,6.66032138142586e-06,6m,1m,12m
2017-11-28,gamma2,6.011880239758515e-06,6m,1m,12m
2017-11-29,gamma2,3.0682877029116527e-06,6m,1m,12m
2017-11-30,gamma2,4.153284263737491e-06,6m,1m,12m
2017-12-01,gamma2,4.9646195386668074e-06,6m,1m,12m
2017-12-04,gamma2,5.991270612466296e-06,6m,1m,12m
2017-12-05,gamma2,5.399560206035601e-06,6m,1m,12m
2017-12-06,gamma2,5.831169838320434e-06,6m,1m,12m
2017-12-07,gamma2,6.179837849497426e-06,6m,1m,12m
2017-12-08,gamma2,5.536852090109492e-06,6m,1m,12m
2017-12-11,gamma2,9.431572363143978e-06,6m,1m,12m
2017-12-12,gamma2,5.984508166320173e-06,6m,1m,12m
2017-12-13,gamma2,7.821319430088082e-06,6m,1m,12m
2017-12-14,gamma2,7.664917805384708e-06,6m,1m,12m
2017-12-15,gamma2,6.091352903499321e-06,6m,1m,12m
2017-12-18,gamma2,4.890234482560695e-06,6m,1m,12m
2017-12-19,gamma2,3.553174430040007e-06,6m,1m,12m
2017-12-20,gamma2,3.820445345372727e-06,6m,1m,12m
2017-12-21,gamma2,4.741953052587152e-06,6m,1m,12m
2017-12-22,gamma2,7.453798753796305e-06,6m,1m,12m
2017-12-26,gamma2,7.695865106741652e-06,6m,1m,12m
2017-12-27,gamma2,4.637570623205747e-06,6m,1m,12m
2017-12-28,gamma2,3.667736433603897e-06,6m,1m,12m
2017-12-29,gamma2,4.271902534560565e-06,6m,1m,12m
2018-01-02,gamma2,2.001924126715368e-06,6m,1m,12m
2018-01-03,gamma2,5.895702303664166e-06,6m,1m,12m
2018-01-04,gamma2,6.010013448408357e-06,6m,1m,12m
2018-01-05,gamma2,7.121858220403635e-06,6m,1m,12m
2018-01-08,gamma2,8.133652340253226e-06,6m,1m,12m
2018-01-09,gamma2,8.84401605231833e-06,6m,1m,12m
2018-01-10,gamma2,4.91919180493787e-06,6m,1m,12m
2018-01-11,gamma2,9.434217168397487e-06,6m,1m,12m
2018-01-12,gamma2,1.2038330472308009e-05,6m,1m,12m
2018-01-16,gamma2,7.671232454194648e-06,6m,1m,12m
2018-01-17,gamma2,8.182744026321135e-06,6m,1m,12m
2018-01-18,gamma2,1.142969656128636e-05,6m,1m,12m
2018-01-19,gamma2,1.1849296147889833e-05,6m,1m,12m
2018-01-22,gamma2,9.219911517114224e-06,6m,1m,12m
2018-01-23,gamma2,1.2535882909627302e-05,6m,1m,12m
2018-01-24,gamma2,1.5372017404892985e-05,6m,1m,12m
2018-01-25,gamma2,1.5814509599887355e-05,6m,1m,12m
2018-01-26,gamma2,1.5568088451789324e-05,6m,1m,12m
2018-01-29,gamma2,1.377581488384469e-05,6m,1m,12m
2018-01-30,gamma2,1.0930338787104235e-05,6m,1m,12m
2018-01-31,gamma2,1.0806527370210084e-05,6m,1m,12m
2018-02-01,gamma2,2.399433985362637e-05,6m,1m,12m
2018-02-02,gamma2,3.4791075266904376e-05,6m,1m,12m
2018-02-05,gamma2,0.00010351023827472489,6m,1m,12m
2018-02-06,gamma2,0.00010835875149147753,6m,1m,12m
2018-02-07,gamma2,4.8753419284690604e-05,6m,1m,12m
2018-02-08,gamma2,4.922814693015271e-05,6m,1m,12m
2018-02-09,gamma2,5.374844885532791e-05,6m,1m,12m
2018-02-12,gamma2,5.035711126841001e-05,6m,1m,12m
2018-02-13,gamma2,2.7006007688450552e-05,6m,1m,12m
2018-02-14,gamma2,1.266473522840466e-05,6m,1m,12m
2018-02-15,gamma2,1.4893946066031645e-05,6m,1m,12m
2018-02-16,gamma2,1.9978064927303196e-05,6m,1m,12m
2018-02-20,gamma2,1.05871477717305e-05,6m,1m,12m
2018-02-21,gamma2,1.3426038626614306e-05,6m,1m,12m
2018-02-22,gamma2,9.899937224823091e-06,6m,1m,12m
2018-02-23,gamma2,3.416311190872638e-06,6m,1m,12m
2018-02-26,gamma2,8.780644877989774e-06,6m,1m,12m
2018-02-27,gamma2,6.552202407777567e-06,6m,1m,12m
2018-02-28,gamma2,1.805531083999245e-05,6m,1m,12m
2018-03-01,gamma2,1.8835054264146174e-06,6m,1m,12m
2018-03-02,gamma2,3.778819055207198e-06,6m,1m,12m
2018-03-05,gamma2,1.4442379405423045e-05,6m,1m,12m
2018-03-06,gamma2,3.9729135798845454e-05,6m,1m,12m
2018-03-07,gamma2,3.959557580652291e-05,6m,1m,12m
2018-03-08,gamma2,3.139587328428495e-05,6m,1m,12m
2018-03-09,gamma2,1.9422456744730404e-05,6m,1m,12m
2018-03-12,gamma2,2.3146841616970903e-05,6m,1m,12m
2018-03-13,gamma2,1.6450929235007473e-05,6m,1m,12m
2018-03-14,gamma2,1.7726237178256042e-05,6m,1m,12m
2018-03-15,gamma2,1.811112154374682e-05,6m,1m,12m
2018-03-16,gamma2,1.201875303408722e-05,6m,1m,12m
2018-03-19,gamma2,1.7258604990291496e-05,6m,1m,12m
2018-03-20,gamma2,5.634548047918074e-06,6m,1m,12m
2018-03-21,gamma2,6.632703938764798e-06,6m,1m,12m
2018-03-22,gamma2,5.516223120068065e-06,6m,1m,12m
2018-03-23,gamma2,3.778289040999404e-07,6m,1m,12m
2018-03-26,gamma2,1.5034648424052394e-05,6m,1m,12m
2018-03-27,gamma2,1.7964970614903656e-05,6m,1m,12m
2018-03-28,gamma2,9.608111084233781e-06,6m,1m,12m
2018-03-29,gamma2,1.4547007537001766e-05,6m,1m,12m
2018-04-02,gamma2,2.1708781057817567e-06,6m,1m,12m
2018-04-03,gamma2,8.770717014834942e-07,6m,1m,12m
2018-04-04,gamma2,9.009179940919446e-07,6m,1m,12m
2018-04-05,gamma2,-8.539613890819258e-06,6m,1m,12m
2018-04-06,gamma2,-8.113943332034633e-09,6m,1m,12m
2018-04-09,gamma2,7.578848134805162e-06,6m,1m,12m
2018-04-10,gamma2,2.6342758559415327e-07,6m,1m,12m
2018-04-11,gamma2,-1.189323582314618e-05,6m,1m,12m
2018-04-12,gamma2,-1.718108784038597e-06,6m,1m,12m
2018-04-13,gamma2,1.6478616654132488e-06,6m,1m,12m
2018-04-16,gamma2,-5.664098287439365e-06,6m,1m,12m
2018-04-17,gamma2,-5.244136909742081e-07,6m,1m,12m
2018-04-18,gamma2,8.195146347416484e-08,6m,1m,12m
2018-04-19,gamma2,3.82737995434907e-06,6m,1m,12m
2018-04-20,gamma2,3.5704368329291786e-07,6m,1m,12m
2018-04-23,gamma2,-1.125894212611336e-05,6m,1m,12m
2018-04-24,gamma2,-1.0386767536428752e-05,6m,1m,12m
2018-04-25,gamma2,-4.847887074406699e-06,6m,1m,12m
2018-04-26,gamma2,-7.072544985620465e-06,6m,1m,12m
2018-04-27,gamma2,-1.6317758348649786e-06,6m,1m,12m
2018-04-30,gamma2,2.2071933996160065e-06,6m,1m,12m
2018-05-01,gamma2,-3.2700505205220445e-06,6m,1m,12m
2018-05-02,gamma2,1.1682019597969744e-05,6m,1m,12m
2018-05-03,gamma2,9.655645254166079e-06,6m,1m,12m
2018-05-04,gamma2,7.761507466259104e-06,6m,1m,12m
2018-05-07,gamma2,9.552052465949267e-06,6m,1m,12m
2018-05-08,gamma2,1.1778752646098431e-05,6m,1m,12m
2018-05-09,gamma2,6.571341908846806e-06,6m,1m,12m
2018-05-10,gamma2,8.548585705479629e-06,6m,1m,12m
2018-05-11,gamma2,6.1969159738391235e-06,6m,1m,12m
2018-05-14,gamma2,1.1315366431874004e-05,6m,1m,12m
2018-05-15,gamma2,8.793657556667828e-06,6m,1m,12m
2018-05-16,gamma2,8.05976189323347e-06,6m,1m,12m
2018-05-17,gamma2,7.263705075164928e-06,6m,1m,12m
2018-05-18,gamma2,6.537566162668587e-06,6m,1m,12m
2018-05-21,gamma2,7.167450119584885e-06,6m,1m,12m
2018-05-22,gamma2,5.22862797809587e-06,6m,1m,12m
2018-05-23,gamma2,6.433581581589436e-06,6m,1m,12m
2018-05-24,gamma2,5.5911231803075775e-06,6m,1m,12m
2018-05-25,gamma2,4.4793052738469275e-06,6m,1m,12m
2018-05-29,gamma2,4.057787670842862e-06,6m,1m,12m
2018-05-30,gamma2,7.236319784009327e-06,6m,1m,12m
2018-05-31,gamma2,1.5522581446174812e-06,6m,1m,12m
2018-06-01,gamma2,6.099764653296541e-06,6m,1m,12m
2018-06-04,gamma2,3.386231779855575e-06,6m,1m,12m
2018-06-05,gamma2,3.4518791105083466e-08,6m,1m,12m
2018-06-06,gamma2,2.239324911507696e-06,6m,1m,12m
2018-06-07,gamma2,2.4347028763884193e-06,6m,1m,12m
2018-06-08,gamma2,4.871641949790856e-06,6m,1m,12m
2018-06-11,gamma2,3.938238047911662e-06,6m,1m,12m
2018-06-12,gamma2,6.367482211246341e-06,6m,1m,12m
2018-06-13,gamma2,4.401995755446549e-06,6m,1m,12m
2018-06-14,gamma2,8.137113685997289e-06,6m,1m,12m
2018-06-15,gamma2,5.01543874744045e-06,6m,1m,12m
2018-06-18,gamma2,5.24845852896693e-06,6m,1m,12m
2018-06-19,gamma2,4.415153108415849e-06,6m,1m,12m
2018-06-20,gamma2,4.248878674824647e-06,6m,1m,12m
2018-06-21,gamma2,4.1127895289633585e-06,6m,1m,12m
2018-06-22,gamma2,-1.8094281422082064e-06,6m,1m,12m
2018-06-25,gamma2,-1.4187499806807224e-06,6m,1m,12m
2018-06-26,gamma2,1.0885673260449363e-06,6m,1m,12m
2018-06-27,gamma2,4.941897564439118e-06,6m,1m,12m
2018-06-28,gamma2,-2.152917837867235e-06,6m,1m,12m
2018-06-29,gamma2,1.1408798202199173e-06,6m,1m,12m
2018-07-02,gamma2,-2.2772323000401763e-06,6m,1m,12m
2018-07-03,gamma2,-7.700745025919202e-06,6m,1m,12m
2018-07-05,gamma2,2.205295414252667e-06,6m,1m,12m
2018-07-06,gamma2,5.7888618806889355e-06,6m,1m,12m
2018-07-09,gamma2,-1.7989743624985026e-06,6m,1m,12m
2018-07-10,gamma2,-8.819408991756181e-07,6m,1m,12m
2018-07-11,gamma2,-5.608498920509111e-06,6m,1m,12m
2018-07-12,gamma2,-6.962902736340375e-06,6m,1m,12m
2018-07-13,gamma2,-6.912550606022719e-06,6m,1m,12m
2018-07-16,gamma2,-1.156010256138286e-05,6m,1m,12m
2018-07-17,gamma2,-7.790391749860417e-06,6m,1m,12m
2018-07-18,gamma2,-7.8018834852394e-06,6m,1m,12m
2018-07-19,gamma2,-1.3205283426798791e-05,6m,1m,12m
2018-07-20,gamma2,-1.3959906336191081e-05,6m,1m,12m
2018-07-23,gamma2,-9.764512690748063e-06,6m,1m,12m
2018-07-24,gamma2,-8.784256517065414e-06,6m,1m,12m
2018-07-25,gamma2,-7.088733660772136e-06,6m,1m,12m
2018-07-26,gamma2,-7.344027161958414e-06,6m,1m,12m
2018-07-27,gamma2,-1.1693920548365842e-05,6m,1m,12m
2018-07-30,gamma2,-1.317104165682226e-05,6m,1m,12m
2018-07-31,gamma2,-1.0032153050435606e-05,6m,1m,12m
2018-08-01,gamma2,-1.0784648077003389e-05,6m,1m,12m
2018-08-02,gamma2,-8.713820512049827e-06,6m,1m,12m
2018-08-03,gamma2,-8.819764355832886e-06,6m,1m,12m
2018-08-06,gamma2,-7.3143320316602675e-06,6m,1m,12m
2018-08-07,gamma2,-4.990317647647648e-06,6m,1m,12m
2018-08-08,gamma2,-4.730631370169772e-06,6m,1m,12m
2018-08-09,gamma2,-7.118965824159585e-06,6m,1m,12m
2018-08-10,gamma2,-1.4961673792175801e-05,6m,1m,12m
2018-08-13,gamma2,-3.2504127410885715e-07,6m,1m,12m
2018-08-14,gamma2,-2.5363354276361917e-09,6m,1m,12m
2018-08-15,gamma2,-5.52816097133444e-07,6m,1m,12m
2018-08-16,gamma2,1.7358443755293783e-06,6m,1m,12m
2018-08-17,gamma2,1.601332420879562e-06,6m,1m,12m
2018-08-20,gamma2,5.400117738010809e-06,6m,1m,12m
2018-08-21,gamma2,5.024868818642386e-06,6m,1m,12m
2018-08-22,gamma2,3.354999209719824e-06,6m,1m,12m
2018-08-23,gamma2,3.3719079874248503e-06,6m,1m,12m
2018-08-24,gamma2,3.3673488421584768e-06,6m,1m,12m
2018-08-27,gamma2,4.514532759376381e-06,6m,1m,12m
2018-08-28,gamma2,1.1422150971597194e-06,6m,1m,12m
2018-08-29,gamma2,-1.7315507013921742e-06,6m,1m,12m
2018-08-30,gamma2,-2.7582517108777716e-06,6m,1m,12m
2018-08-31,gamma2,-7.52326798572198e-07,6m,1m,12m
2018-09-04,gamma2,-1.3213569311830967e-06,6m,1m,12m
2018-09-05,gamma2,-2.877021369492903e-07,6m,1m,12m
2018-09-06,gamma2,-2.4304061262833956e-07,6m,1m,12m
2018-09-07,gamma2,-7.63773914691572e-06,6m,1m,12m
2018-09-10,gamma2,-2.7640480712598114e-06,6m,1m,12m
2018-09-11,gamma2,-3.1287742676113303e-06,6m,1m,12m
2018-09-12,gamma2,-3.7295798525307195e-06,6m,1m,12m
2018-09-13,gamma2,-1.2285393763178551e-06,6m,1m,12m
2018-09-14,gamma2,1.4367565022510406e-06,6m,1m,12m
2018-09-17,gamma2,5.838472826905087e-06,6m,1m,12m
2018-09-18,gamma2,-3.6084383821351057e-06,6m,1m,12m
2018-09-19,gamma2,-2.4131819486150075e-06,6m,1m,12m
2018-09-20,gamma2,-3.5070916504014274e-06,6m,1m,12m
2018-09-21,gamma2,-1.6571614110675717e-06,6m,1m,12m
2018-09-24,gamma2,-3.656676452143245e-06,6m,1m,12m
2018-09-25,gamma2,4.957412182280055e-06,6m,1m,12m
2018-09-26,gamma2,-4.2747442466034224e-07,6m,1m,12m
2018-09-27,gamma2,4.303194982237663e-06,6m,1m,12m
2018-09-28,gamma2,-2.687463993230073e-06,6m,1m,12m
2018-10-01,gamma2,-6.630062017433573e-06,6m,1m,12m
2018-10-02,gamma2,-5.192744698117348e-07,6m,1m,12m
2018-10-03,gamma2,-1.0059823263711112e-06,6m,1m,12m
2018-10-04,gamma2,-1.120103239502548e-05,6m,1m,12m
2018-10-05,gamma2,-1.6154663615247042e-05,6m,1m,12m
2018-10-08,gamma2,-8.08316922355211e-06,6m,1m,12m
2018-10-09,gamma2,-6.813008087740951e-06,6m,1m,12m
2018-10-10,gamma2,-1.6390337242968666e-05,6m,1m,12m
2018-10-11,gamma2,3.824084680224638e-06,6m,1m,12m
2018-10-12,gamma2,6.1580816633811475e-06,6m,1m,12m
2018-10-15,gamma2,5.400272051280983e-06,6m,1m,12m
2018-10-16,gamma2,1.0814673053379903e-06,6m,1m,12m
2018-10-17,gamma2,-2.6050092698216483e-07,6m,1m,12m
2018-10-18,gamma2,-4.071151532124678e-06,6m,1m,12m
2018-10-19,gamma2,-3.1377114710144705e-06,6m,1m,12m
2018-10-22,gamma2,-3.1751993636778093e-06,6m,1m,12m
2018-10-23,gamma2,-1.7339161245514037e-06,6m,1m,12m
2018-10-24,gamma2,-2.8406539528137816e-05,6m,1m,12m
2018-10-25,gamma2,-5.080803747601863e-06,6m,1m,12m
2018-10-26,gamma2,-2.2620466061892398e-05,6m,1m,12m
2018-10-29,gamma2,-1.6113395236793326e-05,6m,1m,12m
2018-10-30,gamma2,1.0243532747199264e-05,6m,1m,12m
2018-10-31,gamma2,-3.5674070844253967e-06,6m,1m,12m
2018-11-01,gamma2,3.778448590353292e-05,6m,1m,12m
2018-11-02,gamma2,3.246529087663483e-05,6m,1m,12m
2018-11-05,gamma2,3.0261162700943715e-05,6m,1m,12m
2018-11-06,gamma2,3.248282769888526e-05,6m,1m,12m
2018-11-07,gamma2,2.1645404431341515e-05,6m,1m,12m
2018-11-08,gamma2,2.3003683931256325e-05,6m,1m,12m
2018-11-09,gamma2,2.318323769648455e-05,6m,1m,12m
2018-11-12,gamma2,3.052219541553623e-05,6m,1m,12m
2018-11-13,gamma2,2.772574134826353e-05,6m,1m,12m
2018-11-14,gamma2,2.4978345238823705e-05,6m,1m,12m
2018-11-15,gamma2,2.4075658528528348e-05,6m,1m,12m
2018-11-16,gamma2,1.9463483812904903e-05,6m,1m,12m
2018-11-19,gamma2,2.517930956470237e-05,6m,1m,12m
2018-11-20,gamma2,2.289868299063492e-05,6m,1m,12m
2018-11-21,gamma2,1.697936612986295e-05,6m,1m,12m
2018-11-23,gamma2,2.1179301129284446e-05,6m,1m,12m
2018-11-26,gamma2,1.2789796214397334e-05,6m,1m,12m
2018-11-27,gamma2,1.4424518446715374e-05,6m,1m,12m
2018-11-28,gamma2,1.516043203074168e-05,6m,1m,12m
2018-11-29,gamma2,1.8192050397751447e-05,6m,1m,12m
2018-11-30,gamma2,1.5891966207475886e-05,6m,1m,12m
2018-12-03,gamma2,1.057782158744688e-05,6m,1m,12m
2018-12-04,gamma2,6.844776403697331e-06,6m,1m,12m
2018-12-06,gamma2,1.1021889506791232e-05,6m,1m,12m
2018-12-07,gamma2,2.8240550128958427e-05,6m,1m,12m
2018-12-10,gamma2,3.136891866701501e-05,6m,1m,12m
2018-12-11,gamma2,2.8875018008571146e-05,6m,1m,12m
2018-12-12,gamma2,2.324395098372036e-05,6m,1m,12m
2018-12-13,gamma2,2.3999881712503432e-05,6m,1m,12m
2018-12-14,gamma2,2.4761481069561027e-05,6m,1m,12m
2018-12-17,gamma2,2.3532015048755127e-05,6m,1m,12m
2018-12-18,gamma2,2.3450047175188276e-06,6m,1m,12m
2018-12-19,gamma2,-3.9259373576373684e-06,6m,1m,12m
2018-12-20,gamma2,-2.0048945099353187e-06,6m,1m,12m
2018-12-21,gamma2,6.9506808541429195e-06,6m,1m,12m
2018-12-24,gamma2,-1.271013861786461e-05,6m,1m,12m
2018-12-26,gamma2,-3.6761013024644706e-06,6m,1m,12m
2018-12-27,gamma2,-2.3413046183111373e-05,6m,1m,12m
2018-12-28,gamma2,-2.2866502908728504e-05,6m,1m,12m
2018-12-31,gamma2,-2.5248771523634852e-05,6m,1m,12m
2019-01-02,gamma2,-2.1586968774315326e-05,6m,1m,12m
2019-01-03,gamma2,-2.5340768945631125e-05,6m,1m,12m
2019-01-04,gamma2,-1.186648143348685e-05,6m,1m,12m
2019-01-07,gamma2,-1.1871194267824216e-05,6m,1m,12m
2019-01-08,gamma2,-8.982899806770982e-06,6m,1m,12m
2019-01-09,gamma2,-9.498582384696567e-06,6m,1m,12m
2019-01-10,gamma2,-8.488204896381152e-06,6m,1m,12m
2019-01-11,gamma2,1.2134280014523405e-06,6m,1m,12m
2019-01-14,gamma2,-6.607134353649984e-06,6m,1m,12m
2019-01-15,gamma2,-2.8512185876693666e-06,6m,1m,12m
2019-01-16,gamma2,-4.300703030368168e-06,6m,1m,12m
2019-01-17,gamma2,2.542644337395094e-06,6m,1m,12m
2019-01-18,gamma2,5.516679775515652e-06,6m,1m,12m
2019-01-22,gamma2,-1.0783968401768868e-06,6m,1m,12m
2019-01-23,gamma2,1.6418255266943253e-06,6m,1m,12m
2019-01-24,gamma2,-1.8727988357788635e-06,6m,1m,12m
2019-01-25,gamma2,-5.778979548027135e-06,6m,1m,12m
2019-01-28,gamma2,-4.381050036566122e-06,6m,1m,12m
2019-01-29,gamma2,2.1177031901354656e-06,6m,1m,12m
2019-01-30,gamma2,9.674523827781725e-07,6m,1m,12m
2019-01-31,gamma2,3.896577244309335e-06,6m,1m,12m
2019-02-01,gamma2,2.5019266293467344e-05,6m,1m,12m
2019-02-04,gamma2,3.2847540846086625e-05,6m,1m,12m
2019-02-05,gamma2,9.525674539726666e-06,6m,1m,12m
2019-02-06,gamma2,8.73500622706688e-06,6m,1m,12m
2019-02-07,gamma2,1.9243674191806968e-05,6m,1m,12m
2019-02-08,gamma2,1.6958326176063057e-05,6m,1m,12m
2019-02-11,gamma2,1.122249602107694e-05,6m,1m,12m
2019-02-12,gamma2,1.2359636986418293e-05,6m,1m,12m
2019-02-13,gamma2,1.2086944427482002e-05,6m,1m,12m
2019-02-14,gamma2,6.7967051464486e-06,6m,1m,12m
2019-02-15,gamma2,6.562095149226625e-06,6m,1m,12m
2019-02-19,gamma2,6.519298634355671e-06,6m,1m,12m
2019-02-20,gamma2,1.7586337945884812e-05,6m,1m,12m
2019-02-21,gamma2,-5.385777813587413e-07,6m,1m,12m
2019-02-22,gamma2,4.153449704231703e-06,6m,1m,12m
2019-02-25,gamma2,-2.6801751371476075e-06,6m,1m,12m
2019-02-26,gamma2,-1.5825057240252474e-06,6m,1m,12m
2019-02-27,gamma2,-1.1949290777213435e-06,6m,1m,12m
2019-02-28,gamma2,3.6868657042355513e-06,6m,1m,12m
2019-03-01,gamma2,3.864917625140003e-06,6m,1m,12m
2019-03-04,gamma2,-8.727455647950786e-06,6m,1m,12m
2019-03-05,gamma2,-7.702715197406427e-06,6m,1m,12m
2019-03-06,gamma2,-3.6092753430243034e-06,6m,1m,12m
2019-03-07,gamma2,-8.790586404799605e-06,6m,1m,12m
2019-03-08,gamma2,-8.285336052418797e-06,6m,1m,12m
2019-03-11,gamma2,-4.472511515452551e-06,6m,1m,12m
2019-03-12,gamma2,5.667047322842245e-06,6m,1m,12m
2019-03-13,gamma2,1.7599987857864354e-06,6m,1m,12m
2019-03-14,gamma2,3.83867979697451e-06,6m,1m,12m
2019-03-15,gamma2,3.6081324396625406e-06,6m,1m,12m
2019-03-18,gamma2,2.9204223378555923e-06,6m,1m,12m
2019-03-19,gamma2,1.4089338978020553e-06,6m,1m,12m
2019-03-20,gamma2,2.5465156743697794e-06,6m,1m,12m
2019-03-21,gamma2,1.55651183859507e-06,6m,1m,12m
2019-03-22,gamma2,3.081946854260764e-06,6m,1m,12m
2019-03-25,gamma2,2.784654833718621e-06,6m,1m,12m
2019-03-26,gamma2,3.2790140262714704e-06,6m,1m,12m
2019-03-27,gamma2,4.445270397204921e-06,6m,1m,12m
2019-03-28,gamma2,6.05109163049484e-06,6m,1m,12m
2019-03-29,gamma2,-1.9384358030595408e-07,6m,1m,12m
2019-04-01,gamma2,6.5558312268826765e-06,6m,1m,12m
2019-04-02,gamma2,7.053316421278831e-06,6m,1m,12m
2019-04-03,gamma2,5.8130065736423806e-06,6m,1m,12m
2019-04-04,gamma2,5.635218715101915e-06,6m,1m,12m
2019-04-05,gamma2,5.7963802882855515e-06,6m,1m,12m
2019-04-08,gamma2,5.286133689091155e-06,6m,1m,12m
2019-04-09,gamma2,3.497408434980726e-06,6m,1m,12m
2019-04-10,gamma2,3.80549751455175e-06,6m,1m,12m
2019-04-11,gamma2,3.6812754011006888e-06,6m,1m,12m
2019-04-12,gamma2,5.360750239701883e-06,6m,1m,12m
2019-04-15,gamma2,3.7198491853237482e-06,6m,1m,12m
2019-04-16,gamma2,6.091793214475962e-07,6m,1m,12m
2019-04-17,gamma2,4.711548976307253e-07,6m,1m,12m
2019-04-18,gamma2,3.2411018492442115e-06,6m,1m,12m
2019-04-22,gamma2,3.5614022265896164e-06,6m,1m,12m
2019-04-23,gamma2,7.914784159910724e-06,6m,1m,12m
2019-04-24,gamma2,1.0640975867136876e-05,6m,1m,12m
2019-04-25,gamma2,1.1092725932152414e-05,6m,1m,12m
2019-04-26,gamma2,8.890950608651079e-06,6m,1m,12m
2019-04-29,gamma2,5.751600814452997e-06,6m,1m,12m
2019-04-30,gamma2,1.901978322990202e-06,6m,1m,12m
2019-05-01,gamma2,2.9264402396507614e-06,6m,1m,12m
2019-05-02,gamma2,3.4634570532781693e-06,6m,1m,12m
2019-05-03,gamma2,4.909170579544209e-06,6m,1m,12m
2019-05-06,gamma2,3.7667785141865847e-07,6m,1m,12m
2019-05-07,gamma2,-2.8081402046814236e-06,6m,1m,12m
2019-05-08,gamma2,1.961639665737342e-06,6m,1m,12m
2019-05-09,gamma2,9.986983296884795e-06,6m,1m,12m
2019-05-10,gamma2,2.8429238079004748e-06,6m,1m,12m
2019-05-13,gamma2,5.7142561710256185e-06,6m,1m,12m
2019-05-14,gamma2,1.125648274837116e-06,6m,1m,12m
2019-05-15,gamma2,8.743847057620486e-06,6m,1m,12m
2019-05-16,gamma2,9.950265883322284e-06,6m,1m,12m
2019-05-17,gamma2,9.272479862999612e-06,6m,1m,12m
2019-05-20,gamma2,2.978386765055469e-05,6m,1m,12m
2019-05-21,gamma2,1.3493732393707204e-05,6m,1m,12m
2019-05-22,gamma2,1.093463767498316e-05,6m,1m,12m
2019-05-23,gamma2,1.4495053138141495e-05,6m,1m,12m
2019-05-24,gamma2,6.439836136744075e-06,6m,1m,12m
2019-05-28,gamma2,1.3110920060098639e-05,6m,1m,12m
2019-05-29,gamma2,1.6589286529816244e-05,6m,1m,12m
2019-05-30,gamma2,1.4857135557991065e-05,6m,1m,12m
2019-05-31,gamma2,1.4374198538019048e-05,6m,1m,12m
2019-06-03,gamma2,1.379648395728946e-05,6m,1m,12m
2019-06-04,gamma2,1.3997154916788624e-05,6m,1m,12m
2019-06-05,gamma2,1.8973662683643328e-05,6m,1m,12m
2019-06-06,gamma2,2.2567786078141286e-05,6m,1m,12m
2019-06-07,gamma2,2.2515830356288452e-05,6m,1m,12m
2019-06-10,gamma2,1.776806007538155e-05,6m,1m,12m
2019-06-11,gamma2,1.7120163923269875e-05,6m,1m,12m
2019-06-12,gamma2,1.4724616685178671e-05,6m,1m,12m
2019-06-13,gamma2,1.0391403505394739e-05,6m,1m,12m
2019-06-14,gamma2,7.173684352140713e-06,6m,1m,12m
2019-06-17,gamma2,3.761306540493447e-06,6m,1m,12m
2019-06-18,gamma2,1.0893917147564555e-05,6m,1m,12m
2019-06-19,gamma2,1.239690773344431e-05,6m,1m,12m
2019-06-20,gamma2,1.1945685998803578e-05,6m,1m,12m
2019-06-21,gamma2,8.33948597237522e-06,6m,1m,12m
2019-06-24,gamma2,8.482778872727384e-06,6m,1m,12m
2019-06-25,gamma2,6.415622126213192e-06,6m,1m,12m
2019-06-26,gamma2,9.168216868761494e-06,6m,1m,12m
2019-06-27,gamma2,2.0997998820674643e-05,6m,1m,12m
2019-06-28,gamma2,4.030826257676819e-06,6m,1m,12m
2019-07-01,gamma2,2.1719036995975666e-05,6m,1m,12m
2019-07-02,gamma2,6.423044941531986e-06,6m,1m,12m
2019-07-03,gamma2,8.767190174472596e-06,6m,1m,12m
2019-07-05,gamma2,1.1216205986784283e-05,6m,1m,12m
2019-07-08,gamma2,1.086098371710776e-05,6m,1m,12m
2019-07-09,gamma2,8.842333276323584e-06,6m,1m,12m
2019-07-10,gamma2,8.184101000045548e-06,6m,1m,12m
2019-07-11,gamma2,7.399348563326607e-06,6m,1m,12m
2019-07-12,gamma2,7.475152089701488e-06,6m,1m,12m
2019-07-15,gamma2,7.244529715195575e-07,6m,1m,12m
2019-07-16,gamma2,3.283750272276677e-06,6m,1m,12m
2019-07-17,gamma2,1.6766876003750138e-06,6m,1m,12m
2019-07-18,gamma2,1.8653068514538336e-06,6m,1m,12m
2019-07-19,gamma2,-8.443883664691307e-08,6m,1m,12m
2019-07-22,gamma2,-1.5319207863530746e-07,6m,1m,12m
2019-07-23,gamma2,-1.8350209235906382e-07,6m,1m,12m
2019-07-24,gamma2,1.268286881169411e-06,6m,1m,12m
2019-07-25,gamma2,-1.3303491963231009e-06,6m,1m,12m
2019-07-26,gamma2,-6.573847832118125e-07,6m,1m,12m
2019-07-29,gamma2,-1.1596281984201947e-06,6m,1m,12m
2019-07-30,gamma2,-4.939343794907467e-07,6m,1m,12m
2019-07-31,gamma2,-7.227865179976113e-07,6m,1m,12m
2019-08-01,gamma2,2.5620201434782817e-05,6m,1m,12m
2019-08-02,gamma2,-1.940367375266176e-06,6m,1m,12m
2019-08-05,gamma2,2.5293388244476285e-05,6m,1m,12m
2019-08-06,gamma2,1.547794600817076e-05,6m,1m,12m
2019-08-07,gamma2,1.4447261509632777e-05,6m,1m,12m
2019-08-08,gamma2,8.887032492967726e-06,6m,1m,12m
2019-08-09,gamma2,1.0696738745041293e-05,6m,1m,12m
2019-08-12,gamma2,-4.857888735586951e-07,6m,1m,12m
2019-08-13,gamma2,1.4113894389240292e-05,6m,1m,12m
2019-08-14,gamma2,1.763761135695876e-05,6m,1m,12m
2019-08-15,gamma2,1.910629107289161e-05,6m,1m,12m
2019-08-16,gamma2,1.5639270859125118e-05,6m,1m,12m
2019-08-19,gamma2,7.169276731798223e-06,6m,1m,12m
2019-08-20,gamma2,1.6287604586983526e-05,6m,1m,12m
2019-08-21,gamma2,1.4305969839708067e-05,6m,1m,12m
2019-08-22,gamma2,1.6488021916632956e-05,6m,1m,12m
2019-08-23,gamma2,2.0356755648646174e-05,6m,1m,12m
2019-08-26,gamma2,1.2301821382165722e-05,6m,1m,12m
2019-08-27,gamma2,1.23208837685409e-05,6m,1m,12m
2019-08-28,gamma2,1.610564735488815e-05,6m,1m,12m
2019-08-29,gamma2,1.3303560444606274e-05,6m,1m,12m
2019-08-30,gamma2,4.667875829509831e-06,6m,1m,12m
2019-09-03,gamma2,-5.1886280803793e-06,6m,1m,12m
2019-09-04,gamma2,-2.799324984674952e-07,6m,1m,12m
2019-09-05,gamma2,6.4283288656257e-07,6m,1m,12m
2019-09-06,gamma2,1.340971894902418e-06,6m,1m,12m
2019-09-09,gamma2,-2.817438602613473e-06,6m,1m,12m
2019-09-10,gamma2,5.3753919581261555e-06,6m,1m,12m
2019-09-11,gamma2,3.5285545031998475e-06,6m,1m,12m
2019-09-12,gamma2,3.2345790081488627e-06,6m,1m,12m
2019-09-13,gamma2,2.155493538599319e-06,6m,1m,12m
2019-09-16,gamma2,-9.663734953016732e-07,6m,1m,12m
2019-09-17,gamma2,5.689081831904794e-07,6m,1m,12m
2019-09-18,gamma2,-3.485377287153318e-07,6m,1m,12m
2019-09-19,gamma2,-2.4859389128847406e-06,6m,1m,12m
2019-09-20,gamma2,-7.020669663198042e-06,6m,1m,12m
2019-09-23,gamma2,-1.0705906392065048e-05,6m,1m,12m
2019-09-24,gamma2,-1.5215768996761884e-05,6m,1m,12m
2019-09-25,gamma2,-7.940907478759244e-06,6m,1m,12m
2019-09-26,gamma2,-1.0460557527827829e-05,6m,1m,12m
2019-09-27,gamma2,-1.4002441465912025e-05,6m,1m,12m
2019-09-30,gamma2,-1.3654574252341742e-05,6m,1m,12m
2019-10-01,gamma2,-9.730897519149006e-06,6m,1m,12m
2019-10-02,gamma2,-9.021758256131395e-06,6m,1m,12m
2019-10-03,gamma2,-1.1583731694264179e-05,6m,1m,12m
2019-10-04,gamma2,-4.740386717539852e-06,6m,1m,12m
2019-10-07,gamma2,-3.468809565239182e-07,6m,1m,12m
2019-10-08,gamma2,-3.86872360973351e-05,6m,1m,12m
2019-10-09,gamma2,-3.7379157018663905e-06,6m,1m,12m
2019-10-10,gamma2,-1.9678381080876745e-06,6m,1m,12m
2019-10-11,gamma2,-4.926290246500319e-06,6m,1m,12m
2019-10-14,gamma2,-1.844829005759074e-05,6m,1m,12m
2019-10-15,gamma2,-1.1345253471631482e-05,6m,1m,12m
2019-10-16,gamma2,-1.568157869461896e-05,6m,1m,12m
2019-10-17,gamma2,-1.8699084716672627e-05,6m,1m,12m
2019-10-18,gamma2,-1.777314876278277e-05,6m,1m,12m
2019-10-21,gamma2,-3.0784411842832605e-05,6m,1m,12m
2019-10-22,gamma2,-2.7973046074258752e-05,6m,1m,12m
2019-10-23,gamma2,-2.5141592894912174e-05,6m,1m,12m
2019-10-24,gamma2,-1.1576533942821191e-05,6m,1m,12m
2019-10-25,gamma2,-6.492611568101797e-06,6m,1m,12m
2019-10-28,gamma2,-1.3240873386590977e-06,6m,1m,12m
2019-10-29,gamma2,4.534758332525836e-06,6m,1m,12m
2019-10-30,gamma2,-2.682002159151805e-06,6m,1m,12m
2019-10-31,gamma2,-5.855980743114394e-06,6m,1m,12m
2019-11-01,gamma2,5.397913929797533e-07,6m,1m,12m
2019-11-04,gamma2,1.0282086464345152e-06,6m,1m,12m
2019-11-05,gamma2,-1.843499442917571e-06,6m,1m,12m
2019-11-06,gamma2,-5.806044136210424e-06,6m,1m,12m
2019-11-07,gamma2,-4.232583328810421e-06,6m,1m,12m
2019-11-08,gamma2,-4.155585921492287e-06,6m,1m,12m
2019-11-11,gamma2,-4.812772249245806e-06,6m,1m,12m
2019-11-12,gamma2,-5.694477760304472e-06,6m,1m,12m
2019-11-13,gamma2,-7.5890982295013556e-06,6m,1m,12m
2019-11-14,gamma2,-8.58176074715558e-06,6m,1m,12m
2019-11-15,gamma2,-7.763933612848795e-06,6m,1m,12m
2019-11-18,gamma2,-1.3267193590132396e-05,6m,1m,12m
2019-11-19,gamma2,-8.941868393452051e-06,6m,1m,12m
2019-11-20,gamma2,-1.0401253435176793e-05,6m,1m,12m
2019-11-21,gamma2,9.34712275114581e-07,6m,1m,12m
2019-11-22,gamma2,-8.39957107117148e-07,6m,1m,12m
2019-11-25,gamma2,-5.064519638923897e-06,6m,1m,12m
2019-11-26,gamma2,-6.210158052524786e-06,6m,1m,12m
2019-11-27,gamma2,-4.513146469209558e-06,6m,1m,12m
2019-11-29,gamma2,-1.0451478055638866e-05,6m,1m,12m
2019-12-02,gamma2,-1.6587098385482838e-05,6m,1m,12m
2019-12-03,gamma2,-1.8690542967785143e-05,6m,1m,12m
2019-12-04,gamma2,-2.5575850726490525e-06,6m,1m,12m
2019-12-05,gamma2,-1.2463010984715329e-06,6m,1m,12m
2019-12-06,gamma2,-1.0615507357537975e-05,6m,1m,12m
2019-12-09,gamma2,-7.109265977666805e-06,6m,1m,12m
2019-12-10,gamma2,-6.061666503825389e-06,6m,1m,12m
2019-12-11,gamma2,-4.434038232880581e-06,6m,1m,12m
2019-12-12,gamma2,-5.13794181546925e-07,6m,1m,12m
2019-12-13,gamma2,7.043841157497572e-07,6m,1m,12m
2019-12-16,gamma2,7.789434672693299e-06,6m,1m,12m
2019-12-17,gamma2,2.5493115645121063e-06,6m,1m,12m
2019-12-18,gamma2,2.0681524153543704e-06,6m,1m,12m
2019-12-19,gamma2,1.4993850854051261e-06,6m,1m,12m
2019-12-20,gamma2,1.9818070464569054e-06,6m,1m,12m
2019-12-23,gamma2,-2.4679123039514187e-06,6m,1m,12m
2019-12-24,gamma2,-2.5519398157968375e-06,6m,1m,12m
2019-12-26,gamma2,7.018971091896539e-07,6m,1m,12m
2019-12-27,gamma2,2.2078093485237165e-06,6m,1m,12m
2019-12-30,gamma2,4.651846949623856e-06,6m,1m,12m
2019-12-31,gamma2,7.460644551843968e-06,6m,1m,12m
2020-01-02,gamma2,3.5512814232183713e-06,6m,1m,12m
2020-01-03,gamma2,-7.11179098304375e-06,6m,1m,12m
2020-01-06,gamma2,1.2333982996428222e-06,6m,1m,12m
2020-01-07,gamma2,-6.76667867149826e-06,6m,1m,12m
2020-01-08,gamma2,-2.7419827390075444e-06,6m,1m,12m
2020-01-09,gamma2,1.3412081624731845e-06,6m,1m,12m
2020-01-10,gamma2,2.732181256057197e-07,6m,1m,12m
2020-01-13,gamma2,1.4866926021193454e-06,6m,1m,12m
2020-01-14,gamma2,2.7742577846257634e-06,6m,1m,12m
2020-01-15,gamma2,2.0317031651259105e-06,6m,1m,12m
2020-01-16,gamma2,3.1927904742799047e-07,6m,1m,12m
2020-01-17,gamma2,2.721123628586515e-06,6m,1m,12m
2020-01-21,gamma2,2.263877517083105e-06,6m,1m,12m
2020-01-22,gamma2,1.989144831603617e-06,6m,1m,12m
2020-01-23,gamma2,1.1004265853376028e-05,6m,1m,12m
2020-01-24,gamma2,8.178648631984777e-07,6m,1m,12m
2020-01-27,gamma2,1.1852656553591304e-05,6m,1m,12m
2020-01-28,gamma2,9.111861483217089e-06,6m,1m,12m
2020-01-29,gamma2,6.9365597098455244e-06,6m,1m,12m
2020-01-30,gamma2,6.813034338965269e-06,6m,1m,12m
2020-01-31,gamma2,6.700856639194984e-06,6m,1m,12m
2020-02-03,gamma2,3.084899806853557e-06,6m,1m,12m
2020-02-04,gamma2,7.02343101091002e-06,6m,1m,12m
2020-02-05,gamma2,1.3232257281755804e-05,6m,1m,12m
2020-02-06,gamma2,1.1192167281518745e-05,6m,1m,12m
2020-02-07,gamma2,1.0880718692071727e-05,6m,1m,12m
2020-02-10,gamma2,7.034767117805443e-06,6m,1m,12m
2020-02-11,gamma2,7.065508083392303e-06,6m,1m,12m
2020-02-12,gamma2,8.03443498046449e-06,6m,1m,12m
2020-02-13,gamma2,8.230602992477687e-06,6m,1m,12m
2020-02-14,gamma2,7.1087358181808275e-06,6m,1m,12m
2020-02-18,gamma2,7.989753832041707e-06,6m,1m,12m
2020-02-19,gamma2,7.585561446056337e-06,6m,1m,12m
2020-02-20,gamma2,5.943091547686411e-06,6m,1m,12m
2020-02-21,gamma2,6.339013620894617e-06,6m,1m,12m
2020-02-24,gamma2,7.586512913142697e-05,6m,1m,12m
2020-02-25,gamma2,1.5625059020021807e-05,6m,1m,12m
2020-02-26,gamma2,2.600375824779096e-05,6m,1m,12m
2020-02-27,gamma2,1.2055818533389313e-05,6m,1m,12m
2020-02-28,gamma2,4.2894904367938176e-05,6m,1m,12m
2020-03-02,gamma2,3.990738533260559e-06,6m,1m,12m
2020-03-03,gamma2,4.9548423977606855e-05,6m,1m,12m
2020-03-04,gamma2,5.150522257809499e-05,6m,1m,12m
2020-03-05,gamma2,0.0002288258332293533,6m,1m,12m
2020-03-06,gamma2,0.0002288258332293533,6m,1m,12m
2020-03-09,gamma2,0.00019802874226402818,6m,1m,12m
2020-03-10,gamma2,0.0002288258332293533,6m,1m,12m
2020-03-11,gamma2,0.0002288258332293533,6m,1m,12m
2020-03-12,gamma2,0.0002288258332293533,6m,1m,12m
2020-03-13,gamma2,0.0002288258332293533,6m,1m,12m
2020-03-16,gamma2,-0.00027875692297814987,6m,1m,12m
2020-03-17,gamma2,0.0002288258332293533,6m,1m,12m
2020-03-18,gamma2,-3.6567123488494784e-05,6m,1m,12m
2020-03-19,gamma2,0.00019727002761864694,6m,1m,12m
2020-03-20,gamma2,0.0002288258332293533,6m,1m,12m
2020-03-23,gamma2,0.0002288258332293533,6m,1m,12m
2020-03-24,gamma2,0.00010901038231087954,6m,1m,12m
2020-03-25,gamma2,0.00013737636150857214,6m,1m,12m
2020-03-26,gamma2,-0.00027875692297814987,6m,1m,12m
2020-03-27,gamma2,-0.00027875692297814987,6m,1m,12m
2020-03-30,gamma2,-0.00027875692297814987,6m,1m,12m
2020-03-31,gamma2,-0.0001599669010905523,6m,1m,12m
2020-04-01,gamma2,-0.00027875692297814987,6m,1m,12m
2020-04-02,gamma2,-0.00027875692297814987,6m,1m,12m
2020-04-03,gamma2,-0.00027875692297814987,6m,1m,12m
2020-04-06,gamma2,-0.00025213993874760484,6m,1m,12m
2020-04-07,gamma2,-0.0002309219756061173,6m,1m,12m
2020-04-08,gamma2,-0.00027875692297814987,6m,1m,12m
2020-04-09,gamma2,-0.00011298006273490931,6m,1m,12m
2020-04-13,gamma2,-7.729674069336091e-05,6m,1m,12m
2020-04-14,gamma2,-6.414109802754674e-05,6m,1m,12m
2020-04-15,gamma2,-7.253664820569485e-05,6m,1m,12m
2020-04-16,gamma2,-7.765073817839974e-05,6m,1m,12m
2020-04-17,gamma2,-6.949807642792473e-05,6m,1m,12m
2020-04-20,gamma2,-0.00011713710058815059,6m,1m,12m
2020-04-21,gamma2,-0.0001150211130288913,6m,1m,12m
2020-04-22,gamma2,-6.30264483187585e-05,6m,1m,12m
2020-04-23,gamma2,-5.7943321518795804e-05,6m,1m,12m
2020-04-24,gamma2,-4.202194303975124e-05,6m,1m,12m
2020-04-27,gamma2,-3.6398113859204074e-05,6m,1m,12m
2020-04-28,gamma2,-6.0033930901005057e-05,6m,1m,12m
2020-04-29,gamma2,-2.501435268712807e-05,6m,1m,12m
2020-04-30,gamma2,-3.2032201444280494e-05,6m,1m,12m
2020-05-01,gamma2,-6.759339782998325e-05,6m,1m,12m
2020-05-04,gamma2,-5.5848902609309626e-05,6m,1m,12m
2020-05-05,gamma2,2.1438541248575154e-05,6m,1m,12m
2020-05-06,gamma2,2.848708840857923e-05,6m,1m,12m
2020-05-07,gamma2,6.106646704913615e-06,6m,1m,12m
2020-05-08,gamma2,-1.5645399123696878e-05,6m,1m,12m
2020-05-11,gamma2,5.795015633255427e-07,6m,1m,12m
2020-05-12,gamma2,1.9359897958634996e-05,6m,1m,12m
2020-05-13,gamma2,-2.8475316558730873e-05,6m,1m,12m
2020-05-14,gamma2,9.369562516358278e-06,6m,1m,12m
2020-05-15,gamma2,-1.8193478529381227e-05,6m,1m,12m
2020-05-18,gamma2,2.0237147746942308e-05,6m,1m,12m
2020-05-19,gamma2,1.5751279955248354e-05,6m,1m,12m
2020-05-20,gamma2,1.4788879009860018e-05,6m,1m,12m
2020-05-21,gamma2,1.4985256478402826e-05,6m,1m,12m
2020-05-22,gamma2,9.04639528530199e-06,6m,1m,12m
2020-05-26,gamma2,9.760972532684831e-07,6m,1m,12m
2020-05-27,gamma2,-5.446199296280422e-06,6m,1m,12m
2020-05-28,gamma2,-1.1092282081158345e-06,6m,1m,12m
2020-05-29,gamma2,8.640068444781445e-07,6m,1m,12m
2020-06-01,gamma2,4.079362955740172e-06,6m,1m,12m
2020-06-02,gamma2,-2.4479318225649544e-06,6m,1m,12m
2020-06-03,gamma2,-4.2506777907568544e-07,6m,1m,12m
2020-06-04,gamma2,8.122849243841082e-05,6m,1m,12m
2020-06-05,gamma2,0.00010045632562652675,6m,1m,12m
2020-06-08,gamma2,4.9458382826899636e-05,6m,1m,12m
2020-06-09,gamma2,-2.4681635097694964e-05,6m,1m,12m
2020-06-10,gamma2,-3.240700061698532e-05,6m,1m,12m
2020-06-11,gamma2,-4.1828043841931326e-05,6m,1m,12m
2020-06-12,gamma2,-2.059181651293123e-05,6m,1m,12m
2020-06-15,gamma2,-1.5018964177786987e-05,6m,1m,12m
2020-06-16,gamma2,-5.32986687654171e-06,6m,1m,12m
2020-06-17,gamma2,-1.7795782687204204e-06,6m,1m,12m
2020-06-18,gamma2,2.401915180481663e-06,6m,1m,12m
2020-06-19,gamma2,-5.66580812171553e-06,6m,1m,12m
2020-06-22,gamma2,8.105172216051786e-07,6m,1m,12m
2020-06-23,gamma2,2.9223558732796857e-06,6m,1m,12m
2020-06-24,gamma2,-4.938386311311945e-06,6m,1m,12m
2020-06-25,gamma2,-2.5530955204929647e-06,6m,1m,12m
2020-06-26,gamma2,-8.696562100705368e-06,6m,1m,12m
2020-06-29,gamma2,-1.770602503681951e-05,6m,1m,12m
2020-06-30,gamma2,-4.0002130337511e-06,6m,1m,12m
2020-07-01,gamma2,-5.053272952138986e-06,6m,1m,12m
2020-07-02,gamma2,5.2127790352153885e-05,6m,1m,12m
2020-07-06,gamma2,-1.3739362175907542e-05,6m,1m,12m
2020-07-07,gamma2,-1.4192475315170436e-05,6m,1m,12m
2020-07-08,gamma2,-2.02234180468921e-05,6m,1m,12m
2020-07-09,gamma2,-1.662963916203808e-05,6m,1m,12m
2020-07-10,gamma2,-1.851199505588806e-05,6m,1m,12m
2020-07-13,gamma2,-2.9451658787713515e-05,6m,1m,12m
2020-07-14,gamma2,-2.5875415904206933e-05,6m,1m,12m
2020-07-15,gamma2,-2.2017467979731064e-05,6m,1m,12m
2020-07-16,gamma2,-1.834621800465986e-05,6m,1m,12m
2020-07-17,gamma2,-5.5865367440486266e-06,6m,1m,12m
2020-07-20,gamma2,-6.888136529442529e-06,6m,1m,12m
2020-07-21,gamma2,-1.623036772886547e-05,6m,1m,12m
2020-07-22,gamma2,-1.297827368027563e-05,6m,1m,12m
2020-07-23,gamma2,-1.4308089656704491e-05,6m,1m,12m
2020-07-24,gamma2,5.426967682653949e-07,6m,1m,12m
2020-07-27,gamma2,-5.551506095434763e-06,6m,1m,12m
2020-07-28,gamma2,-7.296992214816078e-06,6m,1m,12m
2020-07-29,gamma2,1.3555502784522697e-06,6m,1m,12m
2020-07-30,gamma2,-1.3358082963678279e-06,6m,1m,12m
2020-07-31,gamma2,7.252481262409066e-07,6m,1m,12m
2020-08-03,gamma2,4.19918961815203e-07,6m,1m,12m
2020-08-04,gamma2,-7.112926576745971e-07,6m,1m,12m
2020-08-05,gamma2,2.8283546562943217e-07,6m,1m,12m
2020-08-06,gamma2,1.1681988022711388e-06,6m,1m,12m
2020-08-07,gamma2,9.649376681805309e-06,6m,1m,12m
2020-08-10,gamma2,-8.635256096614242e-07,6m,1m,12m
2020-08-11,gamma2,-7.677483510154789e-06,6m,1m,12m
2020-08-12,gamma2,-4.309462836018986e-06,6m,1m,12m
2020-08-13,gamma2,-2.2036173542590388e-06,6m,1m,12m
2020-08-14,gamma2,-3.842644707282571e-06,6m,1m,12m
2020-08-17,gamma2,-5.713249996022311e-06,6m,1m,12m
2020-08-18,gamma2,-8.463020279973944e-06,6m,1m,12m
2020-08-19,gamma2,-7.985798244578163e-06,6m,1m,12m
2020-08-20,gamma2,-9.417052361718658e-06,6m,1m,12m
2020-08-21,gamma2,2.011687654709107e-05,6m,1m,12m
2020-08-24,gamma2,1.1810761242656876e-05,6m,1m,12m
2020-08-25,gamma2,9.317928107885405e-06,6m,1m,12m
2020-08-26,gamma2,4.766022732620467e-06,6m,1m,12m
2020-08-27,gamma2,-3.845757613362827e-06,6m,1m,12m
2020-08-28,gamma2,-8.170862931758999e-07,6m,1m,12m
2020-08-31,gamma2,-8.281386443286851e-06,6m,1m,12m
2020-09-01,gamma2,-5.6921912541618995e-06,6m,1m,12m
2020-09-02,gamma2,1.146208248500988e-05,6m,1m,12m
2020-09-03,gamma2,-5.380910107480563e-05,6m,1m,12m
2020-09-04,gamma2,-3.3299400114894776e-05,6m,1m,12m
2020-09-08,gamma2,-2.3937898843190766e-05,6m,1m,12m
2020-09-09,gamma2,-1.225535509516518e-05,6m,1m,12m
2020-09-10,gamma2,-8.79035453281659e-06,6m,1m,12m
2020-09-11,gamma2,-7.39784764337858e-06,6m,1m,12m
2020-09-14,gamma2,8.586579309103906e-06,6m,1m,12m
2020-09-15,gamma2,2.9499375788050227e-06,6m,1m,12m
2020-09-16,gamma2,4.376682968832304e-06,6m,1m,12m
2020-09-17,gamma2,4.715407672924829e-06,6m,1m,12m
2020-09-18,gamma2,2.179306318516246e-06,6m,1m,12m
2020-09-21,gamma2,4.474681112891776e-06,6m,1m,12m
2020-09-22,gamma2,6.882331038668017e-06,6m,1m,12m
2020-09-23,gamma2,6.849750717565932e-06,6m,1m,12m
2020-09-24,gamma2,4.563841833254871e-06,6m,1m,12m
2020-09-25,gamma2,5.020256830090367e-07,6m,1m,12m
2020-09-28,gamma2,-6.873612488769743e-07,6m,1m,12m
2020-09-29,gamma2,-1.6959665956158129e-06,6m,1m,12m
2020-09-30,gamma2,4.2460017521155584e-05,6m,1m,12m
2020-10-01,gamma2,4.769599022521259e-05,6m,1m,12m
2020-10-02,gamma2,5.325043733906815e-05,6m,1m,12m
2020-10-05,gamma2,6.826531188585205e-05,6m,1m,12m
2020-10-06,gamma2,6.969479231504424e-05,6m,1m,12m
2020-10-07,gamma2,5.231363523479507e-05,6m,1m,12m
2020-10-08,gamma2,1.431340085386572e-05,6m,1m,12m
2020-10-09,gamma2,4.2261697684070755e-06,6m,1m,12m
2020-10-12,gamma2,4.954573758459589e-06,6m,1m,12m
2020-10-13,gamma2,1.7499660151655783e-06,6m,1m,12m
2020-10-14,gamma2,5.965224755857635e-07,6m,1m,12m
2020-10-15,gamma2,3.2750347704378217e-06,6m,1m,12m
2020-10-16,gamma2,5.34477731596629e-06,6m,1m,12m
2020-10-19,gamma2,-2.1755471350367e-05,6m,1m,12m
2020-10-20,gamma2,9.119222939940885e-06,6m,1m,12m
2020-10-21,gamma2,-2.905144148875762e-07,6m,1m,12m
2020-10-22,gamma2,-2.347032681655716e-06,6m,1m,12m
2020-10-23,gamma2,-3.242916423907208e-07,6m,1m,12m
2020-10-26,gamma2,-2.0063795550853653e-06,6m,1m,12m
2020-10-27,gamma2,-1.9754312986818043e-06,6m,1m,12m
2020-10-28,gamma2,-7.214845951875192e-05,6m,1m,12m
2020-10-29,gamma2,1.36945802470751e-06,6m,1m,12m
2020-10-30,gamma2,1.5774491728127135e-05,6m,1m,12m
2020-11-02,gamma2,1.1954448249776653e-05,6m,1m,12m
2020-11-03,gamma2,1.234125778849292e-05,6m,1m,12m
2020-11-04,gamma2,-7.139027029887613e-05,6m,1m,12m
2020-11-05,gamma2,-2.885724311325795e-05,6m,1m,12m
2020-11-06,gamma2,8.792924195763162e-06,6m,1m,12m
2020-11-09,gamma2,1.7043826349226855e-05,6m,1m,12m
2020-11-10,gamma2,1.0860658828098055e-05,6m,1m,12m
2020-11-11,gamma2,8.944431219202311e-06,6m,1m,12m
2020-11-12,gamma2,5.896496782912203e-06,6m,1m,12m
2020-11-13,gamma2,1.340458203862672e-05,6m,1m,12m
2020-11-16,gamma2,9.252330521949161e-06,6m,1m,12m
2020-11-17,gamma2,4.517195279567293e-06,6m,1m,12m
2020-11-18,gamma2,4.83804923892862e-06,6m,1m,12m
2020-11-19,gamma2,4.005548965179801e-06,6m,1m,12m
2020-11-20,gamma2,-3.602512563017257e-06,6m,1m,12m
2020-11-23,gamma2,-2.321799464371115e-06,6m,1m,12m
2020-11-24,gamma2,2.3072061434773446e-06,6m,1m,12m
2020-11-25,gamma2,3.849478291925392e-06,6m,1m,12m
2020-11-27,gamma2,3.2567179258141124e-06,6m,1m,12m
2020-11-30,gamma2,2.405083065675799e-06,6m,1m,12m
2020-12-01,gamma2,1.918056806810491e-06,6m,1m,12m
2020-12-02,gamma2,2.009303175416435e-06,6m,1m,12m
2020-12-03,gamma2,1.7918531684508516e-06,6m,1m,12m
2020-12-04,gamma2,9.888509734566826e-06,6m,1m,12m
2020-12-07,gamma2,-1.2161917737645076e-05,6m,1m,12m
2020-12-08,gamma2,-8.911305062736206e-06,6m,1m,12m
2020-12-09,gamma2,-2.37969746054348e-05,6m,1m,12m
2020-12-10,gamma2,-2.3011647174023783e-05,6m,1m,12m
2020-12-11,gamma2,-3.813223790763216e-05,6m,1m,12m
2020-12-14,gamma2,-2.5287745506042943e-05,6m,1m,12m
2020-12-15,gamma2,-1.2521676515038512e-05,6m,1m,12m
2020-12-16,gamma2,-9.948799412754682e-06,6m,1m,12m
2020-12-17,gamma2,-1.3763296616359538e-06,6m,1m,12m
2020-12-18,gamma2,1.8743208965854003e-06,6m,1m,12m
2020-12-21,gamma2,-2.1107364786577937e-07,6m,1m,12m
2020-12-22,gamma2,-3.7082418650266054e-06,6m,1m,12m
2020-12-23,gamma2,-5.477456920167032e-06,6m,1m,12m
2020-12-24,gamma2,-5.596305703932792e-06,6m,1m,12m
2020-12-28,gamma2,-9.765418312856605e-06,6m,1m,12m
2020-12-29,gamma2,-1.243919463848991e-05,6m,1m,12m
2020-12-30,gamma2,-2.487582021021856e-05,6m,1m,12m
2020-12-31,gamma2,-3.027351101605535e-05,6m,1m,12m
2021-01-04,gamma2,-2.4172420900659007e-05,6m,1m,12m
2021-01-05,gamma2,-2.4172485305748182e-05,6m,1m,12m
2021-01-06,gamma2,-6.641894183941665e-05,6m,1m,12m
2021-01-07,gamma2,-7.5725993968002615e-06,6m,1m,12m
2021-01-08,gamma2,-6.4179105276720145e-06,6m,1m,12m
2021-01-11,gamma2,-2.6430107424462117e-05,6m,1m,12m
2021-01-12,gamma2,-3.518455044812432e-05,6m,1m,12m
2021-01-13,gamma2,5.1949889493441536e-06,6m,1m,12m
2021-01-14,gamma2,5.258083426846655e-06,6m,1m,12m
2021-01-15,gamma2,4.913871792479456e-05,6m,1m,12m
2021-01-19,gamma2,4.063368723444811e-05,6m,1m,12m
2021-01-20,gamma2,3.250953007247418e-05,6m,1m,12m
2021-01-21,gamma2,7.996686506795926e-06,6m,1m,12m
2021-01-22,gamma2,4.784663767851268e-06,6m,1m,12m
2021-01-25,gamma2,9.501342194461116e-06,6m,1m,12m
2021-01-26,gamma2,1.1687361600262586e-05,6m,1m,12m
2021-01-27,gamma2,7.22363055870308e-05,6m,1m,12m
2021-01-28,gamma2,3.6453832294926986e-06,6m,1m,12m
2021-01-29,gamma2,4.717345381243915e-05,6m,1m,12m
2021-02-01,gamma2,1.670903196495484e-05,6m,1m,12m
2021-02-02,gamma2,1.2769893493005715e-05,6m,1m,12m
2021-02-03,gamma2,1.1462773158358204e-05,6m,1m,12m
2021-02-04,gamma2,2.1623728439859325e-05,6m,1m,12m
2021-02-05,gamma2,2.1699302405123122e-05,6m,1m,12m
2021-02-08,gamma2,1.5525111571877904e-05,6m,1m,12m
2021-02-09,gamma2,1.888992996753494e-05,6m,1m,12m
2021-02-10,gamma2,1.8198677463293777e-05,6m,1m,12m
2021-02-11,gamma2,1.6465016026844835e-05,6m,1m,12m
2021-02-12,gamma2,1.4480572502608587e-05,6m,1m,12m
2021-02-16,gamma2,1.570006638559853e-05,6m,1m,12m
2021-02-17,gamma2,8.661692502200681e-06,6m,1m,12m
2021-02-18,gamma2,1.160249880038143e-05,6m,1m,12m
2021-02-19,gamma2,1.1063310867478285e-05,6m,1m,12m
2021-02-22,gamma2,-4.0313531400169634e-06,6m,1m,12m
2021-02-23,gamma2,4.3664283441425384e-06,6m,1m,12m
2021-02-24,gamma2,1.5840475057372676e-05,6m,1m,12m
2021-02-25,gamma2,7.932031461130906e-06,6m,1m,12m
2021-02-26,gamma2,2.750071448179883e-05,6m,1m,12m
2021-03-01,gamma2,2.1433118888218402e-05,6m,1m,12m
2021-03-02,gamma2,2.183003781608813e-05,6m,1m,12m
2021-03-03,gamma2,3.2089370225530094e-05,6m,1m,12m
2021-03-04,gamma2,-1.720685984567602e-05,6m,1m,12m
2021-03-05,gamma2,-1.603866798803458e-05,6m,1m,12m
2021-03-08,gamma2,3.407139782226878e-05,6m,1m,12m
2021-03-09,gamma2,3.090600589556221e-05,6m,1m,12m
2021-03-10,gamma2,2.7903150174787516e-05,6m,1m,12m
2021-03-11,gamma2,2.544600198568587e-05,6m,1m,12m
2021-03-12,gamma2,2.2310883404962315e-05,6m,1m,12m
2021-03-15,gamma2,2.1559226170461477e-05,6m,1m,12m
2021-03-16,gamma2,1.974790857641705e-05,6m,1m,12m
2021-03-17,gamma2,2.0462043986988773e-05,6m,1m,12m
2021-03-18,gamma2,2.0153346187762852e-05,6m,1m,12m
2021-03-19,gamma2,2.0525918881790214e-05,6m,1m,12m
2021-03-22,gamma2,1.2281079119632686e-05,6m,1m,12m
2021-03-23,gamma2,1.4566141450363366e-05,6m,1m,12m
2021-03-24,gamma2,1.71812990369971e-05,6m,1m,12m
2021-03-25,gamma2,1.7316750934936488e-05,6m,1m,12m
2021-03-26,gamma2,7.749837286476805e-06,6m,1m,12m
2021-03-29,gamma2,1.1203082417707419e-05,6m,1m,12m
2021-03-30,gamma2,-7.243317041288525e-06,6m,1m,12m
2021-03-31,gamma2,-6.720631671755026e-06,6m,1m,12m
2021-04-01,gamma2,1.0853510482075674e-05,6m,1m,12m
2021-04-05,gamma2,-6.678594347589043e-07,6m,1m,12m
2021-04-06,gamma2,-1.3461833718858631e-06,6m,1m,12m
2021-04-07,gamma2,5.570259479423481e-06,6m,1m,12m
2021-04-08,gamma2,8.51205579805782e-06,6m,1m,12m
2021-04-09,gamma2,1.0063012349586511e-05,6m,1m,12m
2021-04-12,gamma2,5.9864302473011e-06,6m,1m,12m
2021-04-13,gamma2,1.849256612522834e-06,6m,1m,12m
2021-04-14,gamma2,-3.34676633253159e-06,6m,1m,12m
2021-04-15,gamma2,-5.79268379471183e-06,6m,1m,12m
2021-04-16,gamma2,-9.434305894776018e-07,6m,1m,12m
2021-04-19,gamma2,-7.548171532531355e-06,6m,1m,12m
2021-04-20,gamma2,-4.527597086543299e-06,6m,1m,12m
2021-04-21,gamma2,-5.756330585600929e-06,6m,1m,12m
2021-04-22,gamma2,-7.544720359459765e-06,6m,1m,12m
2021-04-23,gamma2,-1.5994898413542527e-06,6m,1m,12m
2021-04-26,gamma2,2.4148966555264316e-06,6m,1m,12m
2021-04-27,gamma2,1.6053917580335566e-06,6m,1m,12m
2021-04-28,gamma2,2.1773303279036545e-06,6m,1m,12m
2021-04-29,gamma2,1.2281590764751606e-06,6m,1m,12m
2021-04-30,gamma2,-4.199802813417017e-06,6m,1m,12m
2021-05-03,gamma2,-2.657831548675602e-07,6m,1m,12m
2021-05-04,gamma2,-1.4712112592618785e-06,6m,1m,12m
2021-05-05,gamma2,9.560143773983133e-06,6m,1m,12m
2021-05-06,gamma2,9.120080340450495e-06,6m,1m,12m
2021-05-07,gamma2,1.1131524993745351e-05,6m,1m,12m
2021-05-10,gamma2,-8.419051014055968e-06,6m,1m,12m
2021-05-11,gamma2,-1.2405234130433175e-05,6m,1m,12m
2021-05-12,gamma2,-1.6016850673050177e-05,6m,1m,12m
2021-05-13,gamma2,-6.969649955651181e-06,6m,1m,12m
2021-05-14,gamma2,2.1546672738136824e-06,6m,1m,12m
2021-05-17,gamma2,4.4542623371096585e-06,6m,1m,12m
2021-05-18,gamma2,1.914228492487986e-07,6m,1m,12m
2021-05-19,gamma2,6.369144227679851e-06,6m,1m,12m
2021-05-20,gamma2,4.353651537264167e-06,6m,1m,12m
2021-05-21,gamma2,-6.877768492310497e-07,6m,1m,12m
2021-05-24,gamma2,5.545001653912136e-07,6m,1m,12m
2021-05-25,gamma2,4.782862669404215e-06,6m,1m,12m
2021-05-26,gamma2,1.5631585020564293e-06,6m,1m,12m
2021-05-27,gamma2,5.620442165275299e-06,6m,1m,12m
2021-05-28,gamma2,2.9405831381837103e-06,6m,1m,12m
2021-06-01,gamma2,1.6316067923084456e-06,6m,1m,12m
2021-06-02,gamma2,5.36111309553953e-06,6m,1m,12m
2021-06-03,gamma2,3.471656354830829e-06,6m,1m,12m
2021-06-04,gamma2,1.5913893715317492e-05,6m,1m,12m
2021-06-07,gamma2,1.3558285797453867e-05,6m,1m,12m
2021-06-08,gamma2,1.1632300554956014e-05,6m,1m,12m
2021-06-09,gamma2,9.74931033497773e-06,6m,1m,12m
2021-06-10,gamma2,4.80809355881219e-06,6m,1m,12m
2021-06-11,gamma2,4.74575483161285e-06,6m,1m,12m
2021-06-14,gamma2,6.059878790143416e-06,6m,1m,12m
2021-06-15,gamma2,6.4294156259579105e-06,6m,1m,12m
2021-06-16,gamma2,6.674211027818373e-06,6m,1m,12m
2021-06-17,gamma2,5.258001064671089e-06,6m,1m,12m
2021-06-18,gamma2,8.451657507571e-06,6m,1m,12m
2021-06-21,gamma2,2.315999099812935e-06,6m,1m,12m
2021-06-22,gamma2,1.9788976353831026e-07,6m,1m,12m
2021-06-23,gamma2,-1.83951199658228e-07,6m,1m,12m
2021-06-24,gamma2,3.2799954772191545e-06,6m,1m,12m
2021-06-25,gamma2,-2.920027133390452e-07,6m,1m,12m
2021-06-28,gamma2,-5.804900707827827e-06,6m,1m,12m
2021-06-29,gamma2,-1.0874886273430755e-05,6m,1m,12m
2021-06-30,gamma2,-6.061302197814613e-06,6m,1m,12m
2021-07-01,gamma2,-3.5387241015885547e-06,6m,1m,12m
2021-07-02,gamma2,-1.965160543405813e-06,6m,1m,12m
2021-07-06,gamma2,-5.257752570959468e-06,6m,1m,12m
2021-07-07,gamma2,-1.5093708216983598e-05,6m,1m,12m
2021-07-08,gamma2,2.3357249782457057e-05,6m,1m,12m
2021-07-09,gamma2,-7.177838892399569e-06,6m,1m,12m
2021-07-12,gamma2,-4.317376505911229e-06,6m,1m,12m
2021-07-13,gamma2,-9.072138667296848e-06,6m,1m,12m
2021-07-14,gamma2,-9.968981017069864e-07,6m,1m,12m
2021-07-15,gamma2,-7.647968304422861e-06,6m,1m,12m
2021-07-16,gamma2,-7.741281394735254e-06,6m,1m,12m
2021-07-19,gamma2,-1.5682719180811282e-05,6m,1m,12m
2021-07-20,gamma2,-1.1206450454251859e-05,6m,1m,12m
2021-07-21,gamma2,-8.708131965358465e-06,6m,1m,12m
2021-07-22,gamma2,-7.506641733196789e-06,6m,1m,12m
2021-07-23,gamma2,-6.920023049157963e-06,6m,1m,12m
2021-07-26,gamma2,-7.439352776706242e-06,6m,1m,12m
2021-07-27,gamma2,-8.363591373670163e-06,6m,1m,12m
2021-07-28,gamma2,-7.853802022543805e-06,6m,1m,12m
2021-07-29,gamma2,-7.158672195046051e-06,6m,1m,12m
2021-07-30,gamma2,-1.2400919123076888e-05,6m,1m,12m
2021-08-02,gamma2,3.587504080967628e-05,6m,1m,12m
2021-08-03,gamma2,2.4671010990128093e-05,6m,1m,12m
2021-08-04,gamma2,2.5379505675834805e-05,6m,1m,12m
2021-08-05,gamma2,2.4501185036320245e-05,6m,1m,12m
2021-08-06,gamma2,2.2917488919789228e-05,6m,1m,12m
2021-08-09,gamma2,1.9258671353898405e-05,6m,1m,12m
2021-08-10,gamma2,1.6498621346593304e-05,6m,1m,12m
2021-08-11,gamma2,1.5268957741552312e-05,6m,1m,12m
2021-08-12,gamma2,1.1430734287911302e-05,6m,1m,12m
2021-08-13,gamma2,1.0953251424180619e-05,6m,1m,12m
2021-08-16,gamma2,3.385659885985835e-06,6m,1m,12m
2021-08-17,gamma2,2.9172106065903713e-06,6m,1m,12m
2021-08-18,gamma2,2.1809885185743697e-06,6m,1m,12m
2021-08-19,gamma2,-5.078338887613171e-06,6m,1m,12m
2021-08-20,gamma2,-2.770685247113675e-06,6m,1m,12m
2021-08-23,gamma2,-8.95199956391506e-06,6m,1m,12m
2021-08-24,gamma2,-9.36456913850573e-06,6m,1m,12m
2021-08-25,gamma2,-7.191046856921059e-06,6m,1m,12m
2021-08-26,gamma2,-1.2166872743048947e-05,6m,1m,12m
2021-08-27,gamma2,-9.11277716436621e-06,6m,1m,12m
2021-08-30,gamma2,-7.775027415786884e-06,6m,1m,12m
2021-08-31,gamma2,-4.835355037061647e-06,6m,1m,12m
2021-09-01,gamma2,2.387382820681617e-07,6m,1m,12m
2021-09-02,gamma2,1.7354918787320063e-05,6m,1m,12m
2021-09-03,gamma2,1.0999039100742759e-05,6m,1m,12m
2021-09-07,gamma2,8.311023782285419e-06,6m,1m,12m
2021-09-08,gamma2,1.0223436778013397e-05,6m,1m,12m
2021-09-09,gamma2,-4.64326530578268e-06,6m,1m,12m
2021-09-10,gamma2,4.225926110122231e-06,6m,1m,12m
2021-09-13,gamma2,3.893973151009936e-06,6m,1m,12m
2021-09-14,gamma2,3.3398275754874225e-06,6m,1m,12m
2021-09-15,gamma2,3.010335228764187e-06,6m,1m,12m
2021-09-16,gamma2,2.8871229012236538e-06,6m,1m,12m
2021-09-17,gamma2,3.623506432108158e-07,6m,1m,12m
2021-09-20,gamma2,-3.5700608947955195e-06,6m,1m,12m
2021-09-21,gamma2,-2.280956321111523e-06,6m,1m,12m
2021-09-22,gamma2,1.4206794037018455e-06,6m,1m,12m
2021-09-23,gamma2,-1.284472120013195e-06,6m,1m,12m
2021-09-24,gamma2,2.9405786620201693e-06,6m,1m,12m
2021-09-27,gamma2,-1.3842199689711612e-06,6m,1m,12m
2021-09-28,gamma2,-6.522526107938861e-06,6m,1m,12m
2021-09-29,gamma2,-2.5892555398004636e-06,6m,1m,12m
2021-09-30,gamma2,-9.08537493940968e-06,6m,1m,12m
2021-10-01,gamma2,-1.2975178335193594e-05,6m,1m,12m
2021-10-04,gamma2,-1.9806002771831104e-05,6m,1m,12m
2021-10-05,gamma2,-1.8937651185108872e-05,6m,1m,12m
2021-10-06,gamma2,-9.889950152528054e-06,6m,1m,12m
2021-10-07,gamma2,4.630545556740552e-06,6m,1m,12m
2021-10-08,gamma2,-1.2125515693666069e-06,6m,1m,12m
2021-10-11,gamma2,-8.51655894073633e-06,6m,1m,12m
2021-10-12,gamma2,-7.173185272980028e-06,6m,1m,12m
2021-10-13,gamma2,-8.49198240751986e-06,6m,1m,12m
2021-10-14,gamma2,-1.1958278921595262e-06,6m,1m,12m
2021-10-15,gamma2,-3.7752646021063223e-06,6m,1m,12m
2021-10-18,gamma2,-3.4366782747946963e-06,6m,1m,12m
2021-10-19,gamma2,-5.495064213123511e-07,6m,1m,12m
2021-10-20,gamma2,-2.835874405396591e-06,6m,1m,12m
2021-10-21,gamma2,-1.4357497870199408e-06,6m,1m,12m
2021-10-22,gamma2,-9.040942424222184e-07,6m,1m,12m
2021-10-25,gamma2,-1.8501428618140023e-06,6m,1m,12m
2021-10-26,gamma2,-1.8384307609994597e-06,6m,1m,12m
2021-10-27,gamma2,-7.88366552670827e-06,6m,1m,12m
2021-10-28,gamma2,-6.62055870339873e-06,6m,1m,12m
2021-10-29,gamma2,-4.604787292348288e-06,6m,1m,12m
2021-11-01,gamma2,7.996539214276512e-06,6m,1m,12m
2021-11-02,gamma2,1.2504428505953804e-05,6m,1m,12m
2021-11-03,gamma2,1.1580945438431475e-05,6m,1m,12m
2021-11-04,gamma2,8.674651064878495e-06,6m,1m,12m
2021-11-05,gamma2,1.6509143055964458e-05,6m,1m,12m
2021-11-08,gamma2,9.207478432704873e-06,6m,1m,12m
2021-11-09,gamma2,1.2490734873584296e-05,6m,1m,12m
2021-11-10,gamma2,2.243608500737067e-06,6m,1m,12m
2021-11-11,gamma2,1.6940711441109597e-07,6m,1m,12m
2021-11-12,gamma2,4.2779382404747806e-06,6m,1m,12m
2021-11-15,gamma2,4.486788694949824e-07,6m,1m,12m
2021-11-16,gamma2,4.392346817210514e-07,6m,1m,12m
2021-11-17,gamma2,-2.1089745758306588e-06,6m,1m,12m
2021-11-18,gamma2,-4.497221637898462e-06,6m,1m,12m
2021-11-19,gamma2,-4.96600951033506e-06,6m,1m,12m
2021-11-22,gamma2,-4.406779946687049e-06,6m,1m,12m
2021-11-23,gamma2,-6.902719808824697e-06,6m,1m,12m
2021-11-24,gamma2,-7.822653023221137e-06,6m,1m,12m
2021-11-26,gamma2,-2.8198155485070596e-05,6m,1m,12m
2021-11-29,gamma2,-1.3235713887511242e-05,6m,1m,12m
2021-11-30,gamma2,-1.881096042351065e-05,6m,1m,12m
2021-12-01,gamma2,-1.999432262131561e-05,6m,1m,12m
2021-12-02,gamma2,-1.0422542667915964e-05,6m,1m,12m
2021-12-03,gamma2,-1.9327704947806265e-05,6m,1m,12m
2021-12-06,gamma2,1.6064995120960563e-05,6m,1m,12m
2021-12-07,gamma2,8.590480781485122e-06,6m,1m,12m
2021-12-08,gamma2,8.954102863756552e-06,6m,1m,12m
2021-12-09,gamma2,8.121686119998357e-06,6m,1m,12m
2021-12-10,gamma2,5.6864007800845154e-06,6m,1m,12m
2021-12-13,gamma2,4.003412608200393e-06,6m,1m,12m
2021-12-14,gamma2,-1.1150242302260739e-06,6m,1m,12m
2021-12-15,gamma2,3.593235311588589e-07,6m,1m,12m
2021-12-16,gamma2,-1.826121438084815e-06,6m,1m,12m
2021-12-17,gamma2,-6.149576575947151e-06,6m,1m,12m
2021-12-20,gamma2,-5.3778081895226925e-06,6m,1m,12m
2021-12-21,gamma2,-6.433824246372596e-06,6m,1m,12m
2021-12-22,gamma2,-2.643674672820151e-06,6m,1m,12m
2021-12-23,gamma2,-2.3901501231885326e-07,6m,1m,12m
2021-12-27,gamma2,3.525411178434888e-06,6m,1m,12m
2021-12-28,gamma2,1.0215130162384932e-05,6m,1m,12m
2021-12-29,gamma2,-2.551899430707107e-07,6m,1m,12m
2021-12-30,gamma2,-2.2490008375179263e-06,6m,1m,12m
2021-12-31,gamma2,-3.393887476969627e-06,6m,1m,12m
2022-01-03,gamma2,-1.7255286631248585e-06,6m,1m,12m
2022-01-04,gamma2,-8.351950605737316e-07,6m,1m,12m
2022-01-05,gamma2,7.307091565171639e-06,6m,1m,12m
2022-01-06,gamma2,-9.526832787193935e-07,6m,1m,12m
2022-01-07,gamma2,-9.669371852968849e-06,6m,1m,12m
2022-01-10,gamma2,6.185418346535918e-07,6m,1m,12m
2022-01-11,gamma2,2.7840240631066225e-07,6m,1m,12m
2022-01-12,gamma2,1.9208425841941626e-06,6m,1m,12m
2022-01-13,gamma2,1.6116875602696044e-06,6m,1m,12m
2022-01-14,gamma2,-2.9687963165418254e-06,6m,1m,12m
2022-01-18,gamma2,-2.503234714496592e-06,6m,1m,12m
2022-01-19,gamma2,-2.726124746003754e-06,6m,1m,12m
2022-01-20,gamma2,1.1228595404075156e-05,6m,1m,12m
2022-01-21,gamma2,3.2847781915083096e-06,6m,1m,12m
2022-01-24,gamma2,-1.3871298152908082e-05,6m,1m,12m
2022-01-25,gamma2,1.2117138622603384e-05,6m,1m,12m
2022-01-26,gamma2,5.8307987439331476e-05,6m,1m,12m
2022-01-27,gamma2,1.8799160102689292e-05,6m,1m,12m
2022-01-28,gamma2,1.709619949577172e-05,6m,1m,12m
2022-01-31,gamma2,1.1165147143409462e-05,6m,1m,12m
2022-02-01,gamma2,5.4426522639023905e-06,6m,1m,12m
2022-02-02,gamma2,-7.224253703700877e-06,6m,1m,12m
2022-02-03,gamma2,1.3047357984604497e-05,6m,1m,12m
2022-02-04,gamma2,-1.2234609996114234e-06,6m,1m,12m
2022-02-07,gamma2,-4.212856095781946e-06,6m,1m,12m
2022-02-08,gamma2,-7.724118958088217e-07,6m,1m,12m
2022-02-09,gamma2,1.2420316180523037e-06,6m,1m,12m
2022-02-10,gamma2,-3.266791533918806e-06,6m,1m,12m
2022-02-11,gamma2,-1.3676219753702131e-06,6m,1m,12m
2022-02-14,gamma2,4.798185588428753e-06,6m,1m,12m
2022-02-15,gamma2,6.135497984791308e-06,6m,1m,12m
2022-02-16,gamma2,5.38572940285378e-06,6m,1m,12m
2022-02-17,gamma2,-1.6058687146838078e-06,6m,1m,12m
2022-02-18,gamma2,-2.948798553559913e-07,6m,1m,12m
2022-02-22,gamma2,-7.43935800516686e-06,6m,1m,12m
2022-02-23,gamma2,-1.6554311692486365e-06,6m,1m,12m
2022-02-24,gamma2,6.5643630544528715e-06,6m,1m,12m
2022-02-25,gamma2,-1.6013153031690636e-05,6m,1m,12m
2022-02-28,gamma2,-1.051195406604134e-05,6m,1m,12m
2022-03-01,gamma2,-4.2888328668338336e-06,6m,1m,12m
2022-03-02,gamma2,2.2593342325203305e-05,6m,1m,12m
2022-03-03,gamma2,2.2126570837729893e-05,6m,1m,12m
2022-03-04,gamma2,3.238794384039788e-05,6m,1m,12m
2022-03-07,gamma2,1.4497049515192892e-05,6m,1m,12m
2022-03-08,gamma2,1.0219078470846196e-05,6m,1m,12m
2022-03-09,gamma2,8.992392831520733e-06,6m,1m,12m
2022-03-10,gamma2,1.6392741352763153e-05,6m,1m,12m
2022-03-11,gamma2,1.8980809112767005e-05,6m,1m,12m
2022-03-14,gamma2,8.719570168552465e-06,6m,1m,12m
2022-03-15,gamma2,8.336313822176265e-06,6m,1m,12m
2022-03-16,gamma2,2.3003796651367042e-07,6m,1m,12m
2022-03-17,gamma2,1.53492252132058e-06,6m,1m,12m
2022-03-18,gamma2,-2.279494348047485e-06,6m,1m,12m
2022-03-21,gamma2,-7.198541104076077e-06,6m,1m,12m
2022-03-22,gamma2,-1.1756832081778949e-05,6m,1m,12m
2022-03-23,gamma2,-1.2470532489951656e-05,6m,1m,12m
2022-03-24,gamma2,-7.918398349930378e-06,6m,1m,12m
2022-03-25,gamma2,-8.418252129461585e-06,6m,1m,12m
2022-03-28,gamma2,-7.642455192924416e-06,6m,1m,12m
2022-03-29,gamma2,-3.157323449837061e-06,6m,1m,12m
2022-03-30,gamma2,-3.4121964245490335e-06,6m,1m,12m
2022-03-31,gamma2,-6.854021980463781e-06,6m,1m,12m
2022-04-01,gamma2,-7.534507168673374e-06,6m,1m,12m
2022-04-04,gamma2,-1.0795455040877797e-05,6m,1m,12m
2022-04-05,gamma2,-1.7209029889509346e-05,6m,1m,12m
2022-04-06,gamma2,-1.685660454002322e-05,6m,1m,12m
2022-04-07,gamma2,-1.2071961786046865e-05,6m,1m,12m
2022-04-08,gamma2,-1.3741328562508499e-05,6m,1m,12m
2022-04-11,gamma2,-1.654107041799381e-05,6m,1m,12m
2022-04-12,gamma2,-1.2961085267300626e-05,6m,1m,12m
2022-04-13,gamma2,-1.1429763507384515e-05,6m,1m,12m
2022-04-14,gamma2,-1.1943368307003194e-05,6m,1m,12m
2022-04-18,gamma2,-1.0434244950393587e-05,6m,1m,12m
2022-04-19,gamma2,-7.154718574377533e-06,6m,1m,12m
2022-04-20,gamma2,-4.923518635976101e-06,6m,1m,12m
2022-04-21,gamma2,-7.71309033719271e-06,6m,1m,12m
2022-04-22,gamma2,-1.0361114225892955e-05,6m,1m,12m
2022-04-25,gamma2,-1.0108284343324238e-05,6m,1m,12m
2022-04-26,gamma2,-6.895931895351733e-06,6m,1m,12m
2022-04-27,gamma2,-6.466966062138434e-06,6m,1m,12m
2022-04-28,gamma2,-4.243539540359594e-06,6m,1m,12m
2022-04-29,gamma2,-5.0355852458775976e-06,6m,1m,12m
2022-05-02,gamma2,-1.2732585974806258e-07,6m,1m,12m
2022-05-03,gamma2,4.92495608631316e-06,6m,1m,12m
2022-05-04,gamma2,1.8881278225474964e-05,6m,1m,12m
2022-05-05,gamma2,1.7660517592736456e-05,6m,1m,12m
2022-05-06,gamma2,1.0941659380615644e-06,6m,1m,12m
2022-05-09,gamma2,7.547930095026698e-06,6m,1m,12m
2022-05-10,gamma2,4.89321739438902e-06,6m,1m,12m
2022-05-11,gamma2,1.2429513414569973e-05,6m,1m,12m
2022-05-12,gamma2,1.689609450204475e-05,6m,1m,12m
2022-05-13,gamma2,1.523612823202076e-05,6m,1m,12m
2022-05-16,gamma2,1.448849593524036e-05,6m,1m,12m
2022-05-17,gamma2,1.4917526801445248e-05,6m,1m,12m
2022-05-18,gamma2,1.9678410021578068e-05,6m,1m,12m
2022-05-19,gamma2,2.059229137703778e-05,6m,1m,12m
2022-05-20,gamma2,2.2681347735008e-05,6m,1m,12m
2022-05-23,gamma2,1.7264197983891115e-05,6m,1m,12m
2022-05-24,gamma2,2.0437132316325527e-05,6m,1m,12m
2022-05-25,gamma2,2.1818370109169837e-05,6m,1m,12m
2022-05-26,gamma2,1.235394080620974e-05,6m,1m,12m
2022-05-27,gamma2,1.3389306116013052e-05,6m,1m,12m
2022-05-31,gamma2,2.142769280449106e-05,6m,1m,12m
2022-06-01,gamma2,1.1151178988950237e-05,6m,1m,12m
2022-06-02,gamma2,1.147879571776742e-05,6m,1m,12m
2022-06-03,gamma2,8.98132617515442e-06,6m,1m,12m
2022-06-06,gamma2,4.10355784742077e-06,6m,1m,12m
2022-06-07,gamma2,6.0831510440333734e-06,6m,1m,12m
2022-06-08,gamma2,1.0159938139281151e-05,6m,1m,12m
2022-06-09,gamma2,8.283031165920862e-06,6m,1m,12m
2022-06-10,gamma2,2.917573728697203e-06,6m,1m,12m
2022-06-13,gamma2,2.3878228288706153e-05,6m,1m,12m
2022-06-14,gamma2,1.5616970708524586e-05,6m,1m,12m
2022-06-15,gamma2,2.806420142712571e-05,6m,1m,12m
2022-06-16,gamma2,1.858969408140095e-05,6m,1m,12m
2022-06-17,gamma2,4.220450305922067e-05,6m,1m,12m
2022-06-21,gamma2,9.766084708028655e-06,6m,1m,12m
2022-06-22,gamma2,1.7265302566706405e-05,6m,1m,12m
2022-06-23,gamma2,6.599496246019976e-06,6m,1m,12m
2022-06-24,gamma2,1.5478229218320238e-05,6m,1m,12m
2022-06-27,gamma2,-3.502389413079883e-06,6m,1m,12m
2022-06-28,gamma2,-1.4144935272702311e-06,6m,1m,12m
2022-06-29,gamma2,-7.239866795887529e-06,6m,1m,12m
2022-06-30,gamma2,-1.801056574953563e-05,6m,1m,12m
2022-07-01,gamma2,-1.558544131948441e-05,6m,1m,12m
2022-07-05,gamma2,-2.418069628232934e-05,6m,1m,12m
2022-07-06,gamma2,-1.5753355057441442e-05,6m,1m,12m
2022-07-07,gamma2,-1.4385505458530017e-05,6m,1m,12m
2022-07-08,gamma2,-7.03433891932347e-06,6m,1m,12m
2022-07-11,gamma2,-9.086342178711104e-06,6m,1m,12m
2022-07-12,gamma2,-1.0849524491025629e-05,6m,1m,12m
2022-07-13,gamma2,-6.378253431083293e-06,6m,1m,12m
2022-07-14,gamma2,-5.736640680928436e-06,6m,1m,12m
2022-07-15,gamma2,-8.006272967281199e-06,6m,1m,12m
2022-07-18,gamma2,9.178456854749402e-07,6m,1m,12m
2022-07-19,gamma2,7.79565561184393e-06,6m,1m,12m
2022-07-20,gamma2,1.0706038761091823e-05,6m,1m,12m
2022-07-21,gamma2,9.58627959527413e-06,6m,1m,12m
2022-07-22,gamma2,9.918813565393272e-06,6m,1m,12m
2022-07-25,gamma2,8.099244573528095e-06,6m,1m,12m
2022-07-26,gamma2,3.522747981848903e-06,6m,1m,12m
2022-07-27,gamma2,3.0346281296245424e-06,6m,1m,12m
2022-07-28,gamma2,6.7744222216108335e-06,6m,1m,12m
2022-07-29,gamma2,7.572877451727723e-06,6m,1m,12m
2022-08-01,gamma2,9.284250311139683e-06,6m,1m,12m
2022-08-02,gamma2,-5.379345345730395e-06,6m,1m,12m
2022-08-03,gamma2,2.674504726293164e-06,6m,1m,12m
2022-08-04,gamma2,3.3210226004926143e-06,6m,1m,12m
2022-08-05,gamma2,4.489751865648345e-06,6m,1m,12m
2022-08-08,gamma2,4.656212706011416e-06,6m,1m,12m
2022-08-09,gamma2,4.010333798189683e-06,6m,1m,12m
2022-08-10,gamma2,7.252429566716282e-06,6m,1m,12m
2022-08-11,gamma2,5.446807619781123e-06,6m,1m,12m
2022-08-12,gamma2,8.275320420202222e-06,6m,1m,12m
2022-08-15,gamma2,8.06077500843285e-06,6m,1m,12m
2022-08-16,gamma2,6.302863878391022e-06,6m,1m,12m
2022-08-17,gamma2,7.502352246066581e-06,6m,1m,12m
2022-08-18,gamma2,5.870843866310864e-06,6m,1m,12m
2022-08-19,gamma2,2.921494577815465e-06,6m,1m,12m
2022-08-22,gamma2,1.5053716610917866e-06,6m,1m,12m
2022-08-23,gamma2,1.910349278105123e-06,6m,1m,12m
2022-08-24,gamma2,7.452513439021888e-06,6m,1m,12m
2022-08-25,gamma2,7.337224411376869e-06,6m,1m,12m
2022-08-26,gamma2,7.745954026087616e-06,6m,1m,12m
2022-08-29,gamma2,7.793683401305792e-06,6m,1m,12m
2022-08-30,gamma2,6.2689268778858205e-06,6m,1m,12m
2022-08-31,gamma2,1.1811501995117676e-05,6m,1m,12m
2022-09-01,gamma2,1.0798588053979767e-05,6m,1m,12m
2022-09-02,gamma2,4.321463683842019e-06,6m,1m,12m
2022-09-06,gamma2,8.970094717752812e-06,6m,1m,12m
2022-09-07,gamma2,1.958018240283932e-05,6m,1m,12m
2022-09-08,gamma2,1.9945208073300553e-05,6m,1m,12m
2022-09-09,gamma2,1.7935728447391546e-05,6m,1m,12m
2022-09-12,gamma2,1.2586796406542496e-05,6m,1m,12m
2022-09-13,gamma2,1.533880530680294e-05,6m,1m,12m
2022-09-14,gamma2,8.28199854650074e-06,6m,1m,12m
2022-09-15,gamma2,1.2059938881367155e-05,6m,1m,12m
2022-09-16,gamma2,1.0731325844719683e-05,6m,1m,12m
2022-09-19,gamma2,1.646582386905906e-05,6m,1m,12m
2022-09-20,gamma2,1.3387976500107092e-05,6m,1m,12m
2022-09-21,gamma2,1.4236745906283041e-05,6m,1m,12m
2022-09-22,gamma2,1.4970891268410737e-05,6m,1m,12m
2022-09-23,gamma2,3.398813026488328e-06,6m,1m,12m
2022-09-26,gamma2,3.3973200771581965e-06,6m,1m,12m
2022-09-27,gamma2,-6.588894279211842e-06,6m,1m,12m
2022-09-28,gamma2,-4.481419791107693e-06,6m,1m,12m
2022-09-29,gamma2,-4.6153428997995216e-06,6m,1m,12m
2022-09-30,gamma2,-4.692096805258493e-06,6m,1m,12m
2022-10-03,gamma2,7.20672593959306e-07,6m,1m,12m
2022-10-04,gamma2,6.420524069078728e-06,6m,1m,12m
2022-10-05,gamma2,-1.0484878752234402e-05,6m,1m,12m
2022-10-06,gamma2,-8.81458915948942e-06,6m,1m,12m
2022-10-07,gamma2,4.560542785628474e-06,6m,1m,12m
2022-10-10,gamma2,1.4471050336719995e-05,6m,1m,12m
2022-10-11,gamma2,1.6195607932043566e-05,6m,1m,12m
2022-10-12,gamma2,-8.341493885655607e-07,6m,1m,12m
2022-10-13,gamma2,1.0506536825883673e-05,6m,1m,12m
2022-10-14,gamma2,8.67971313367298e-06,6m,1m,12m
2022-10-17,gamma2,9.25739879356712e-06,6m,1m,12m
2022-10-18,gamma2,2.1824820028211218e-06,6m,1m,12m
2022-10-19,gamma2,1.2097720676866169e-05,6m,1m,12m
2022-10-20,gamma2,7.593644731798082e-06,6m,1m,12m
2022-10-21,gamma2,1.4513231705705158e-05,6m,1m,12m
2022-10-24,gamma2,7.0753293368933745e-06,6m,1m,12m
2022-10-25,gamma2,2.290272876053215e-05,6m,1m,12m
2022-10-26,gamma2,1.8822625615275365e-05,6m,1m,12m
2022-10-27,gamma2,2.096994871323384e-05,6m,1m,12m
2022-10-28,gamma2,1.0015382631487086e-05,6m,1m,12m
2022-10-31,gamma2,2.002278885250316e-05,6m,1m,12m
2022-11-01,gamma2,1.5154083613780326e-05,6m,1m,12m
2022-11-02,gamma2,1.8243796564867836e-05,6m,1m,12m
2022-11-03,gamma2,4.914856357466697e-06,6m,1m,12m
2022-11-04,gamma2,3.107970578103633e-06,6m,1m,12m
2022-11-07,gamma2,1.4762108789060077e-05,6m,1m,12m
2022-11-08,gamma2,1.8507831795090685e-05,6m,1m,12m
2022-11-09,gamma2,1.6183142537048066e-05,6m,1m,12m
2022-11-10,gamma2,2.0388430957833515e-05,6m,1m,12m
2022-11-11,gamma2,2.2377440116278755e-05,6m,1m,12m
2022-11-14,gamma2,1.423395847133058e-05,6m,1m,12m
2022-11-15,gamma2,1.179407334062742e-05,6m,1m,12m
2022-11-16,gamma2,1.5882092154769057e-05,6m,1m,12m
2022-11-17,gamma2,1.606837361209519e-05,6m,1m,12m
2022-11-18,gamma2,1.6815621627260863e-05,6m,1m,12m
2022-11-21,gamma2,2.2007740187905886e-05,6m,1m,12m
2022-11-22,gamma2,8.604943822464139e-06,6m,1m,12m
2022-11-23,gamma2,7.320423790250659e-06,6m,1m,12m
2022-11-25,gamma2,6.1833352317920564e-06,6m,1m,12m
2022-11-28,gamma2,1.7007595495912416e-05,6m,1m,12m
2022-11-29,gamma2,8.161297455331063e-06,6m,1m,12m
2022-11-30,gamma2,1.1128505355889052e-05,6m,1m,12m
2022-12-01,gamma2,1.3533744701053005e-05,6m,1m,12m
2022-12-02,gamma2,1.3737354406190146e-05,6m,1m,12m
2022-12-05,gamma2,1.0183105521537135e-05,6m,1m,12m
2022-12-06,gamma2,1.8345595936420547e-05,6m,1m,12m
2022-12-07,gamma2,1.9147278570301858e-05,6m,1m,12m
2022-12-08,gamma2,1.6468771483709655e-05,6m,1m,12m
2022-12-09,gamma2,1.9082527335736308e-05,6m,1m,12m
2022-12-12,gamma2,1.9739701338308536e-05,6m,1m,12m
2022-12-13,gamma2,1.1913691617743417e-05,6m,1m,12m
2022-12-14,gamma2,1.774295025804312e-05,6m,1m,12m
2022-12-15,gamma2,1.6316545476640335e-05,6m,1m,12m
2022-12-16,gamma2,1.7460706654482335e-05,6m,1m,12m
2022-12-19,gamma2,1.5802635758904562e-05,6m,1m,12m
2022-12-20,gamma2,8.162644513890894e-06,6m,1m,12m
2022-12-21,gamma2,1.9624771976365005e-05,6m,1m,12m
2022-12-22,gamma2,1.7299470346464174e-05,6m,1m,12m
2022-12-23,gamma2,1.338270211259022e-05,6m,1m,12m
2022-12-27,gamma2,1.8144077543137717e-05,6m,1m,12m
2022-12-28,gamma2,1.585165337745924e-05,6m,1m,12m
2022-12-29,gamma2,1.2348109327153915e-05,6m,1m,12m
2022-12-30,gamma2,9.522391967821198e-06,6m,1m,12m
2023-01-03,gamma2,5.728592276815319e-06,6m,1m,12m
2023-01-04,gamma2,1.0574992447880026e-05,6m,1m,12m
2023-01-05,gamma2,8.710794137178058e-06,6m,1m,12m
2023-01-06,gamma2,1.5300199426147345e-05,6m,1m,12m
2023-01-09,gamma2,1.8523775380220458e-05,6m,1m,12m
2023-01-10,gamma2,1.0252330866409716e-05,6m,1m,12m
2023-01-11,gamma2,1.3636256585581788e-05,6m,1m,12m
2023-01-12,gamma2,1.5054388626805331e-05,6m,1m,12m
2023-01-13,gamma2,1.079957641632259e-05,6m,1m,12m
2023-01-17,gamma2,1.3881834107978418e-05,6m,1m,12m
2023-01-18,gamma2,1.2714106761450775e-05,6m,1m,12m
2023-01-19,gamma2,1.4450732589059605e-05,6m,1m,12m
2023-01-20,gamma2,9.536305322563607e-06,6m,1m,12m
2023-01-23,gamma2,1.1507205932226582e-05,6m,1m,12m
2023-01-24,gamma2,1.2795615374860183e-05,6m,1m,12m
2023-01-25,gamma2,9.538229800593321e-06,6m,1m,12m
2023-01-26,gamma2,1.130931062967718e-05,6m,1m,12m
2023-01-27,gamma2,1.1293045583332075e-05,6m,1m,12m
2023-01-30,gamma2,1.3597115082391074e-05,6m,1m,12m
2023-01-31,gamma2,1.2499356185448432e-05,6m,1m,12m
2023-02-01,gamma2,1.4121781726509194e-05,6m,1m,12m
2023-02-02,gamma2,1.6345519132802216e-05,6m,1m,12m
2023-02-03,gamma2,1.5477840785994502e-05,6m,1m,12m
2023-02-06,gamma2,7.345198193739393e-06,6m,1m,12m
2023-02-07,gamma2,6.380426304166739e-06,6m,1m,12m
2023-02-08,gamma2,1.0936544880066944e-05,6m,1m,12m
2023-02-09,gamma2,6.9845322708248595e-06,6m,1m,12m
2023-02-10,gamma2,9.541754891737887e-06,6m,1m,12m
2023-02-13,gamma2,1.6577685859922554e-05,6m,1m,12m
2023-02-14,gamma2,1.301390059951992e-05,6m,1m,12m
2023-02-15,gamma2,1.0768237887014047e-05,6m,1m,12m
2023-02-16,gamma2,8.856777455470678e-06,6m,1m,12m
2023-02-17,gamma2,1.0893929693644549e-05,6m,1m,12m
2023-02-21,gamma2,7.864892479851727e-06,6m,1m,12m
2023-02-22,gamma2,9.730134302175833e-06,6m,1m,12m
2023-02-23,gamma2,1.1362117002397189e-05,6m,1m,12m
2023-02-24,gamma2,9.656774092616444e-06,6m,1m,12m
2023-02-27,gamma2,8.366833209857339e-06,6m,1m,12m
2023-02-28,gamma2,1.1438481144650893e-05,6m,1m,12m
2023-03-01,gamma2,9.589104807357284e-06,6m,1m,12m
2023-03-02,gamma2,5.236189906569263e-06,6m,1m,12m
2023-03-03,gamma2,6.842741894926366e-06,6m,1m,12m
2023-03-06,gamma2,1.3510995399587606e-05,6m,1m,12m
2023-03-07,gamma2,1.3682488967792134e-05,6m,1m,12m
2023-03-08,gamma2,1.3723732933037586e-05,6m,1m,12m
2023-03-09,gamma2,1.1487232939074895e-05,6m,1m,12m
2023-03-10,gamma2,9.308299009980018e-06,6m,1m,12m
2023-03-13,gamma2,9.804801208735521e-06,6m,1m,12m
2023-03-14,gamma2,1.1550918597819846e-05,6m,1m,12m
2023-03-15,gamma2,1.0544640463624077e-05,6m,1m,12m
2023-03-16,gamma2,9.085559289901044e-06,6m,1m,12m
2023-03-17,gamma2,6.495367828437568e-06,6m,1m,12m
2023-03-20,gamma2,6.248555839429641e-06,6m,1m,12m
2023-03-21,gamma2,1.1570844132144832e-05,6m,1m,12m
2023-03-22,gamma2,1.3640768277545144e-05,6m,1m,12m
2023-03-23,gamma2,8.298966717655271e-06,6m,1m,12m
2023-03-24,gamma2,3.630787888032348e-06,6m,1m,12m
2023-03-27,gamma2,4.876649213075457e-06,6m,1m,12m
2023-03-28,gamma2,5.07090087356502e-06,6m,1m,12m
2023-03-29,gamma2,1.0109972550948542e-05,6m,1m,12m
2023-03-30,gamma2,7.376862626898198e-06,6m,1m,12m
2023-03-31,gamma2,6.560420358699211e-06,6m,1m,12m
2023-04-03,gamma2,6.376715092576256e-06,6m,1m,12m
2023-04-04,gamma2,4.782080778601605e-06,6m,1m,12m
2023-04-05,gamma2,4.554691824090936e-06,6m,1m,12m
2023-04-06,gamma2,6.412688541921108e-06,6m,1m,12m
2023-04-10,gamma2,3.7167646660928586e-06,6m,1m,12m
2023-04-11,gamma2,4.808763054539829e-06,6m,1m,12m
2023-04-12,gamma2,5.149771459856289e-06,6m,1m,12m
2023-04-13,gamma2,5.143856892813965e-06,6m,1m,12m
2023-04-14,gamma2,5.230843071399996e-06,6m,1m,12m
2023-04-17,gamma2,2.724867646129126e-06,6m,1m,12m
2023-04-18,gamma2,5.251893791298712e-06,6m,1m,12m
2023-04-19,gamma2,3.937477197548748e-06,6m,1m,12m
2023-04-20,gamma2,1.5500489998490999e-06,6m,1m,12m
2023-04-21,gamma2,2.163020601351828e-06,6m,1m,12m
2023-04-24,gamma2,2.349079984837825e-06,6m,1m,12m
2023-04-25,gamma2,3.168323759089192e-06,6m,1m,12m
2023-04-26,gamma2,4.390001780890736e-06,6m,1m,12m
2023-04-27,gamma2,5.8572441018031586e-06,6m,1m,12m
2023-04-28,gamma2,5.1894964389986764e-06,6m,1m,12m
2023-05-01,gamma2,1.0869835849894253e-05,6m,1m,12m
2023-05-02,gamma2,7.846961536151394e-06,6m,1m,12m
2023-05-03,gamma2,-7.427414188906173e-06,6m,1m,12m
2023-05-04,gamma2,-1.0600930525272142e-05,6m,1m,12m
2023-05-05,gamma2,-7.151113182697996e-06,6m,1m,12m
2023-05-08,gamma2,-4.436050947622065e-06,6m,1m,12m
2023-05-09,gamma2,-4.9657964280738445e-06,6m,1m,12m
2023-05-10,gamma2,-2.3509125464621287e-06,6m,1m,12m
2023-05-11,gamma2,-2.204572557082791e-06,6m,1m,12m
2023-05-12,gamma2,-2.7585976454324294e-06,6m,1m,12m
2023-05-15,gamma2,-2.0115290646180394e-06,6m,1m,12m
2023-05-16,gamma2,-9.628176246905835e-07,6m,1m,12m
2023-05-17,gamma2,3.5072986966582503e-06,6m,1m,12m
2023-05-18,gamma2,3.019207222775956e-06,6m,1m,12m
2023-05-19,gamma2,3.5529385855633294e-06,6m,1m,12m
2023-05-22,gamma2,1.896775693904499e-06,6m,1m,12m
2023-05-23,gamma2,2.543692714077161e-06,6m,1m,12m
2023-05-24,gamma2,3.3320967771316127e-06,6m,1m,12m
2023-05-25,gamma2,2.1461682745667953e-06,6m,1m,12m
2023-05-26,gamma2,1.7295155028138118e-07,6m,1m,12m
2023-05-30,gamma2,2.0067129270821967e-06,6m,1m,12m
2023-05-31,gamma2,4.56931402891009e-06,6m,1m,12m
2023-06-01,gamma2,1.4750650938745765e-06,6m,1m,12m
2023-06-02,gamma2,6.417619738652818e-06,6m,1m,12m
2023-06-05,gamma2,6.129835179269603e-06,6m,1m,12m
2023-06-06,gamma2,6.188632620153982e-06,6m,1m,12m
2023-06-07,gamma2,5.928886419428319e-06,6m,1m,12m
2023-06-08,gamma2,3.945137388997191e-06,6m,1m,12m
2023-06-09,gamma2,3.876781755737154e-06,6m,1m,12m
2023-06-12,gamma2,2.5844383448965123e-06,6m,1m,12m
2023-06-13,gamma2,2.4712832488315722e-06,6m,1m,12m
2023-06-14,gamma2,4.9211875317950795e-06,6m,1m,12m
2023-06-15,gamma2,5.864497070033375e-06,6m,1m,12m
2023-06-16,gamma2,6.21337302234013e-06,6m,1m,12m
2023-06-20,gamma2,6.279563299152559e-06,6m,1m,12m
2023-06-21,gamma2,8.155597030973032e-06,6m,1m,12m
2023-06-22,gamma2,6.980021506448819e-06,6m,1m,12m
2023-06-23,gamma2,4.356587731888935e-06,6m,1m,12m
2023-06-26,gamma2,3.6464409423790824e-06,6m,1m,12m
2023-06-27,gamma2,6.106785948406421e-06,6m,1m,12m
2023-06-28,gamma2,6.192534327555909e-06,6m,1m,12m
2023-06-29,gamma2,6.742472089477816e-06,6m,1m,12m
2023-06-30,gamma2,6.733245668434475e-06,6m,1m,12m
2023-07-03,gamma2,7.496865753854561e-06,6m,1m,12m
2023-07-05,gamma2,8.711270166084293e-06,6m,1m,12m
2023-07-06,gamma2,7.924963616660013e-06,6m,1m,12m
2023-07-07,gamma2,6.6601956468404226e-06,6m,1m,12m
2023-07-10,gamma2,5.527718590326314e-06,6m,1m,12m
2023-07-11,gamma2,6.495978089140293e-06,6m,1m,12m
2023-07-12,gamma2,6.348603708437656e-06,6m,1m,12m
2023-07-13,gamma2,7.6187949547801e-06,6m,1m,12m
2023-07-14,gamma2,6.353262163240017e-06,6m,1m,12m
2023-07-17,gamma2,8.0343974130789e-06,6m,1m,12m
2023-07-18,gamma2,4.729005976355779e-06,6m,1m,12m
2023-07-19,gamma2,5.567177019184194e-06,6m,1m,12m
2023-07-20,gamma2,4.121653240665365e-06,6m,1m,12m
2023-07-21,gamma2,3.7749932935022393e-06,6m,1m,12m
2023-07-24,gamma2,4.722932886028015e-06,6m,1m,12m
2023-07-25,gamma2,3.072424063866858e-06,6m,1m,12m
2023-07-26,gamma2,6.862813570704627e-06,6m,1m,12m
2023-07-27,gamma2,5.510298649148445e-06,6m,1m,12m
2023-07-28,gamma2,5.875191403548683e-06,6m,1m,12m
2023-07-31,gamma2,7.791355353929806e-06,6m,1m,12m
2023-08-01,gamma2,-1.0329711538963453e-05,6m,1m,12m
2023-08-02,gamma2,-6.236298588490198e-06,6m,1m,12m
2023-08-03,gamma2,-8.56138620104456e-06,6m,1m,12m
2023-08-04,gamma2,1.7019222692637226e-06,6m,1m,12m
2023-08-07,gamma2,9.762136636955836e-07,6m,1m,12m
2023-08-08,gamma2,-5.089951768755171e-07,6m,1m,12m
2023-08-09,gamma2,9.191589522594678e-06,6m,1m,12m
2023-08-10,gamma2,7.002567886043846e-06,6m,1m,12m
2023-08-11,gamma2,6.248976608110821e-06,6m,1m,12m
2023-08-14,gamma2,7.58467373264075e-06,6m,1m,12m
2023-08-15,gamma2,5.851473800842985e-06,6m,1m,12m
2023-08-16,gamma2,9.829982719144226e-06,6m,1m,12m
2023-08-17,gamma2,8.873149016310133e-06,6m,1m,12m
2023-08-18,gamma2,7.634782297863318e-06,6m,1m,12m
2023-08-21,gamma2,5.662147183471134e-06,6m,1m,12m
2023-08-22,gamma2,6.466729748064024e-06,6m,1m,12m
2023-08-23,gamma2,7.98056097830667e-06,6m,1m,12m
2023-08-24,gamma2,1.2051575572666538e-05,6m,1m,12m
2023-08-25,gamma2,8.104706395777802e-06,6m,1m,12m
2023-08-28,gamma2,1.1205728421462893e-05,6m,1m,12m
2023-08-29,gamma2,5.5039421647715115e-06,6m,1m,12m
2023-08-30,gamma2,9.452443864901025e-06,6m,1m,12m
2023-08-31,gamma2,7.596665506517109e-06,6m,1m,12m
2023-09-01,gamma2,1.1694221303370066e-05,6m,1m,12m
2023-09-05,gamma2,1.0712375053562997e-05,6m,1m,12m
2023-09-06,gamma2,3.890799765009466e-06,6m,1m,12m
2023-09-07,gamma2,4.242785233823759e-06,6m,1m,12m
2023-09-08,gamma2,3.545156850710607e-06,6m,1m,12m
2023-09-11,gamma2,5.329598626175006e-06,6m,1m,12m
2023-09-12,gamma2,5.838983681679852e-06,6m,1m,12m
2023-09-13,gamma2,6.236042320118613e-06,6m,1m,12m
2023-09-14,gamma2,4.376922103652595e-06,6m,1m,12m
2023-09-15,gamma2,2.68527881843243e-06,6m,1m,12m
2023-09-18,gamma2,2.0485467660994353e-06,6m,1m,12m
2023-09-19,gamma2,3.4374162536606365e-06,6m,1m,12m
2023-09-20,gamma2,8.14083020447239e-06,6m,1m,12m
2023-09-21,gamma2,6.016296852724346e-06,6m,1m,12m
2023-09-22,gamma2,5.5896241145331546e-06,6m,1m,12m
2023-09-25,gamma2,2.758560412092677e-06,6m,1m,12m
2023-09-26,gamma2,7.925830319841679e-06,6m,1m,12m
2023-09-27,gamma2,1.0649374277032924e-05,6m,1m,12m
2023-09-28,gamma2,7.8183226764673e-06,6m,1m,12m
2023-09-29,gamma2,8.597707326856653e-06,6m,1m,12m
2023-10-02,gamma2,7.770962766949833e-06,6m,1m,12m
2023-10-03,gamma2,6.967561667580804e-06,6m,1m,12m
2023-10-04,gamma2,1.3794540642399297e-05,6m,1m,12m
2023-10-05,gamma2,1.3170586633441969e-05,6m,1m,12m
2023-10-06,gamma2,1.1331169902648256e-05,6m,1m,12m
2023-10-09,gamma2,8.37092821225274e-06,6m,1m,12m
2023-10-10,gamma2,5.347414044386411e-06,6m,1m,12m
2023-10-11,gamma2,9.150670451543327e-06,6m,1m,12m
2023-10-12,gamma2,6.184600489933298e-06,6m,1m,12m
2023-10-13,gamma2,5.529480822590593e-06,6m,1m,12m
2023-10-16,gamma2,2.6917428855163695e-06,6m,1m,12m
2023-10-17,gamma2,2.2287260771629996e-06,6m,1m,12m
2023-10-18,gamma2,7.889917879306182e-06,6m,1m,12m
2023-10-19,gamma2,6.6723374986063595e-06,6m,1m,12m
2023-10-20,gamma2,5.326405012290676e-06,6m,1m,12m
2023-10-23,gamma2,5.174332227342065e-06,6m,1m,12m
2023-10-24,gamma2,1.0492397666973444e-05,6m,1m,12m
2023-10-25,gamma2,7.840610031817364e-06,6m,1m,12m
2023-10-26,gamma2,1.1292554067466635e-05,6m,1m,12m
2023-10-27,gamma2,5.7519504026571455e-06,6m,1m,12m
2023-10-30,gamma2,9.796377574068307e-06,6m,1m,12m
2023-10-31,gamma2,1.0227368724740603e-05,6m,1m,12m
2023-11-01,gamma2,9.925882924190186e-06,6m,1m,12m
2023-11-02,gamma2,2.7411492100708445e-06,6m,1m,12m
2023-11-03,gamma2,3.6529516774930176e-06,6m,1m,12m
2023-11-06,gamma2,4.9436020907108006e-06,6m,1m,12m
2023-11-07,gamma2,4.4068971313402895e-06,6m,1m,12m
2023-11-08,gamma2,5.075257320589074e-06,6m,1m,12m
2023-11-09,gamma2,2.375840712672461e-06,6m,1m,12m
2023-11-10,gamma2,3.7490941907523018e-06,6m,1m,12m
2023-11-13,gamma2,3.7216106580501515e-06,6m,1m,12m
2023-11-14,gamma2,7.533323391739868e-06,6m,1m,12m
2023-11-15,gamma2,7.33112494344721e-06,6m,1m,12m
2023-11-16,gamma2,4.944689400640765e-06,6m,1m,12m
2023-11-17,gamma2,6.204205473792435e-06,6m,1m,12m
2023-11-20,gamma2,5.4098338088370855e-06,6m,1m,12m
2023-11-21,gamma2,6.16382958944569e-06,6m,1m,12m
2023-11-22,gamma2,5.760190868100818e-06,6m,1m,12m
2023-11-24,gamma2,6.060743065353868e-06,6m,1m,12m
2023-11-27,gamma2,5.992936212717418e-06,6m,1m,12m
2023-11-28,gamma2,2.9306301816622134e-06,6m,1m,12m
2023-11-29,gamma2,6.898877109409297e-06,6m,1m,12m
2023-11-30,gamma2,5.420160636680286e-06,6m,1m,12m
2023-12-01,gamma2,5.9767918264361736e-06,6m,1m,12m
2023-12-04,gamma2,4.765426192858415e-06,6m,1m,12m
2023-12-05,gamma2,7.515371845051773e-06,6m,1m,12m
2023-12-06,gamma2,7.283242320851386e-06,6m,1m,12m
2023-12-07,gamma2,6.994496123500508e-06,6m,1m,12m
2023-12-08,gamma2,8.227034872523534e-06,6m,1m,12m
2023-12-11,gamma2,6.815796686062894e-06,6m,1m,12m
2023-12-12,gamma2,4.147354753286354e-06,6m,1m,12m
2023-12-13,gamma2,5.025007443245436e-06,6m,1m,12m
2023-12-14,gamma2,4.141467077204614e-06,6m,1m,12m
2023-12-15,gamma2,6.614900580295963e-06,6m,1m,12m
2023-12-18,gamma2,3.209183940229743e-06,6m,1m,12m
2023-12-19,gamma2,1.2900545378683571e-05,6m,1m,12m
2023-12-20,gamma2,9.196685180493345e-06,6m,1m,12m
2023-12-21,gamma2,9.774073932872474e-06,6m,1m,12m
2023-12-22,gamma2,9.179867072475401e-06,6m,1m,12m
2023-12-26,gamma2,8.192164203409547e-06,6m,1m,12m
2023-12-27,gamma2,5.515782677442422e-06,6m,1m,12m
2023-12-28,gamma2,7.631923996165597e-06,6m,1m,12m
2023-12-29,gamma2,7.4963755875854645e-06,6m,1m,12m
2024-01-02,gamma2,7.800318558895359e-06,6m,1m,12m
2024-01-03,gamma2,7.597401731075789e-06,6m,1m,12m
2024-01-04,gamma2,8.027504627670038e-06,6m,1m,12m
2024-01-05,gamma2,7.121689970425094e-06,6m,1m,12m
2024-01-08,gamma2,5.321273655511809e-06,6m,1m,12m
2024-01-09,gamma2,2.819745995800779e-06,6m,1m,12m
2024-01-10,gamma2,6.576031254112252e-06,6m,1m,12m
2024-01-11,gamma2,5.80153069470989e-06,6m,1m,12m
2024-01-12,gamma2,3.556994743857313e-06,6m,1m,12m
2024-01-16,gamma2,2.42576265780557e-06,6m,1m,12m
2024-01-17,gamma2,5.096254686377858e-06,6m,1m,12m
2024-01-18,gamma2,3.3275588499267885e-06,6m,1m,12m
2024-01-19,gamma2,3.6335607621750195e-06,6m,1m,12m
2024-01-22,gamma2,6.665754818513214e-06,6m,1m,12m
2024-01-23,gamma2,5.669536364338508e-06,6m,1m,12m
2024-01-24,gamma2,5.20590134077257e-06,6m,1m,12m
2024-01-25,gamma2,4.103874115711638e-06,6m,1m,12m
2024-01-26,gamma2,4.891354167090494e-06,6m,1m,12m
2024-01-29,gamma2,3.7560652918708417e-06,6m,1m,12m
2024-01-30,gamma2,4.7132538111605675e-06,6m,1m,12m
2024-01-31,gamma2,3.633137010285661e-06,6m,1m,12m
2024-02-01,gamma2,8.465620376982515e-06,6m,1m,12m
2024-02-02,gamma2,8.276746128784672e-06,6m,1m,12m
2024-02-05,gamma2,1.6379468662758248e-06,6m,1m,12m
2024-02-06,gamma2,2.596542647765492e-06,6m,1m,12m
2024-02-07,gamma2,4.057587972209281e-06,6m,1m,12m
2024-02-08,gamma2,3.5514307729140907e-06,6m,1m,12m
2024-02-09,gamma2,1.8260252049253114e-06,6m,1m,12m
2024-02-12,gamma2,5.447602064336183e-06,6m,1m,12m
2024-02-13,gamma2,-6.398250888660962e-08,6m,1m,12m
2024-02-14,gamma2,1.3709330905771878e-06,6m,1m,12m
2024-02-15,gamma2,2.3780241516940584e-06,6m,1m,12m
2024-02-16,gamma2,3.3232070636663275e-06,6m,1m,12m
2024-02-20,gamma2,4.20351745569097e-06,6m,1m,12m
2024-02-21,gamma2,7.1006994459109205e-06,6m,1m,12m
2024-02-22,gamma2,4.884153193394559e-06,6m,1m,12m
2024-02-23,gamma2,4.292684260642249e-06,6m,1m,12m
2024-02-26,gamma2,4.195423130459587e-06,6m,1m,12m
2024-02-27,gamma2,3.5590977136865422e-06,6m,1m,12m
2024-02-28,gamma2,3.3824865189463914e-06,6m,1m,12m
2024-02-29,gamma2,4.402044203664546e-06,6m,1m,12m
2024-03-01,gamma2,2.97153331654388e-06,6m,1m,12m
2024-03-04,gamma2,-3.469813570416718e-05,6m,1m,12m
2024-03-05,gamma2,1.2257564754053933e-07,6m,1m,12m
2024-03-06,gamma2,1.9022872779138887e-06,6m,1m,12m
2024-03-07,gamma2,3.620523677481354e-06,6m,1m,12m
2024-03-08,gamma2,1.0917320908966744e-06,6m,1m,12m
2024-03-11,gamma2,-2.3662509786821605e-07,6m,1m,12m
2024-03-12,gamma2,2.459840136276423e-06,6m,1m,12m
2024-03-13,gamma2,2.7795324719697837e-06,6m,1m,12m
2024-03-14,gamma2,1.229929609262346e-06,6m,1m,12m
2024-03-15,gamma2,3.3786789609314396e-06,6m,1m,12m
2024-03-18,gamma2,2.931045999218477e-06,6m,1m,12m
2024-03-19,gamma2,2.9653537561694997e-06,6m,1m,12m
2024-03-20,gamma2,2.1143463188322703e-07,6m,1m,12m
2024-03-21,gamma2,8.219823221693511e-07,6m,1m,12m
2024-03-22,gamma2,1.0089757844347687e-06,6m,1m,12m
2024-03-25,gamma2,9.199066051565342e-07,6m,1m,12m
2024-03-26,gamma2,6.762690530391381e-06,6m,1m,12m
2024-03-27,gamma2,2.8685849854658923e-06,6m,1m,12m
2024-03-28,gamma2,2.802874056139273e-06,6m,1m,12m
2024-04-01,gamma2,5.452611734792345e-06,6m,1m,12m
2024-04-02,gamma2,6.128365279779357e-06,6m,1m,12m
2024-04-03,gamma2,9.699251757700914e-06,6m,1m,12m
2024-04-04,gamma2,7.488446988625177e-06,6m,1m,12m
2024-04-05,gamma2,5.643729680661213e-06,6m,1m,12m
2024-04-08,gamma2,3.83293008230591e-06,6m,1m,12m
2024-04-09,gamma2,4.817508407931509e-06,6m,1m,12m
2024-04-10,gamma2,1.0201712370197508e-05,6m,1m,12m
2024-04-11,gamma2,6.399597011694952e-06,6m,1m,12m
2024-04-12,gamma2,6.469806612590348e-06,6m,1m,12m
2024-04-15,gamma2,6.097535609665293e-06,6m,1m,12m
2024-04-16,gamma2,1.4821172485361295e-05,6m,1m,12m
2024-04-17,gamma2,8.037804260208027e-06,6m,1m,12m
2024-04-18,gamma2,1.1626240321991894e-05,6m,1m,12m
2024-04-19,gamma2,1.112328364747287e-05,6m,1m,12m
2024-04-22,gamma2,1.2044066388645185e-05,6m,1m,12m
2024-04-23,gamma2,4.2236937202363095e-06,6m,1m,12m
2024-04-24,gamma2,6.115615916834844e-06,6m,1m,12m
2024-04-25,gamma2,7.5618899984346e-06,6m,1m,12m
2024-04-26,gamma2,9.198672116038134e-06,6m,1m,12m
2024-04-29,gamma2,5.333799505109363e-06,6m,1m,12m
2024-04-30,gamma2,4.182730100869936e-06,6m,1m,12m
2024-05-01,gamma2,9.728107883353813e-06,6m,1m,12m
2024-05-02,gamma2,6.720169592276744e-06,6m,1m,12m
2024-05-03,gamma2,-2.810169436776239e-06,6m,1m,12m
2024-05-06,gamma2,-1.1286487166806793e-06,6m,1m,12m
2024-05-07,gamma2,-5.833293306737104e-07,6m,1m,12m
2024-05-08,gamma2,1.263665841047491e-06,6m,1m,12m
2024-05-09,gamma2,1.3772242110473002e-06,6m,1m,12m
2024-05-10,gamma2,2.008253428345412e-06,6m,1m,12m
2024-05-13,gamma2,5.696565744722119e-06,6m,1m,12m
2024-05-14,gamma2,8.091443594339432e-06,6m,1m,12m
2024-05-15,gamma2,6.195650486546937e-06,6m,1m,12m
2024-05-16,gamma2,3.1403603181094094e-06,6m,1m,12m
2024-05-17,gamma2,4.30978946699311e-06,6m,1m,12m
2024-05-20,gamma2,5.462783377014809e-06,6m,1m,12m
2024-05-21,gamma2,3.9107967678529475e-06,6m,1m,12m
2024-05-22,gamma2,-2.503792854059656e-07,6m,1m,12m
2024-05-23,gamma2,-6.116931475901229e-07,6m,1m,12m
2024-05-24,gamma2,-5.019527205989448e-07,6m,1m,12m
2024-05-28,gamma2,1.464871298398614e-06,6m,1m,12m
2024-05-29,gamma2,1.8996940560144773e-06,6m,1m,12m
2024-05-30,gamma2,2.2457500215581164e-06,6m,1m,12m
2024-05-31,gamma2,2.050962224758857e-06,6m,1m,12m
2024-06-03,gamma2,3.801383892008187e-06,6m,1m,12m
2024-06-04,gamma2,-3.9934822423122724e-07,6m,1m,12m
2024-06-05,gamma2,5.957103231931305e-06,6m,1m,12m
2024-06-06,gamma2,7.758547335609924e-06,6m,1m,12m
2024-06-07,gamma2,3.948704237296184e-06,6m,1m,12m
2024-06-10,gamma2,5.4246683429092505e-06,6m,1m,12m
2024-06-11,gamma2,1.3138238771621491e-06,6m,1m,12m
2024-06-12,gamma2,4.446359418359306e-06,6m,1m,12m
2024-06-13,gamma2,4.131006918177732e-06,6m,1m,12m
2024-06-14,gamma2,4.766298302268763e-06,6m,1m,12m
2024-06-17,gamma2,3.5679550119886915e-06,6m,1m,12m
2024-06-18,gamma2,2.711935373580316e-06,6m,1m,12m
2024-06-20,gamma2,-2.4478041076146925e-06,6m,1m,12m
2024-06-21,gamma2,-1.9625003862770706e-06,6m,1m,12m
2024-06-24,gamma2,1.2714038195395818e-06,6m,1m,12m
2024-06-25,gamma2,-2.401355584143208e-06,6m,1m,12m
2024-06-26,gamma2,1.1569742628953129e-06,6m,1m,12m
2024-06-27,gamma2,1.7884501185837599e-06,6m,1m,12m
2024-06-28,gamma2,3.6461159631792763e-06,6m,1m,12m
2024-07-01,gamma2,3.2444943157305535e-06,6m,1m,12m
2024-07-02,gamma2,5.425581073072464e-06,6m,1m,12m
2024-07-03,gamma2,3.270552328946714e-06,6m,1m,12m
2024-07-05,gamma2,6.667557577521314e-06,6m,1m,12m
2024-07-08,gamma2,2.303753062142831e-06,6m,1m,12m
2024-07-09,gamma2,2.759808467312466e-06,6m,1m,12m
2024-07-10,gamma2,2.5188366738589116e-06,6m,1m,12m
2024-07-11,gamma2,1.435048847648644e-06,6m,1m,12m
2024-07-12,gamma2,-3.319811385494702e-07,6m,1m,12m
2024-07-15,gamma2,-2.708445182906821e-06,6m,1m,12m
2024-07-16,gamma2,1.739641946043837e-06,6m,1m,12m
2024-07-17,gamma2,-4.376120371585011e-06,6m,1m,12m
2024-07-18,gamma2,-5.325769051241698e-06,6m,1m,12m
2024-07-19,gamma2,-3.1682190195798394e-06,6m,1m,12m
2024-07-22,gamma2,-3.771298762425205e-07,6m,1m,12m
2024-07-23,gamma2,1.9396117345280387e-06,6m,1m,12m
2024-07-24,gamma2,-1.7805322176650094e-06,6m,1m,12m
2024-07-25,gamma2,8.268312327047493e-07,6m,1m,12m
2024-07-26,gamma2,-2.8263318275418486e-06,6m,1m,12m
2024-07-29,gamma2,-3.878215715016488e-06,6m,1m,12m
2024-07-30,gamma2,-2.3587795115412635e-06,6m,1m,12m
2024-07-31,gamma2,-2.7075428016309142e-06,6m,1m,12m
2024-08-01,gamma2,-4.013184594476225e-06,6m,1m,12m
2024-08-02,gamma2,1.1139734460567285e-05,6m,1m,12m
2024-08-05,gamma2,1.9243985090512135e-05,6m,1m,12m
2024-08-06,gamma2,8.092392841854807e-06,6m,1m,12m
2024-08-07,gamma2,1.8662454978914202e-05,6m,1m,12m
2024-08-08,gamma2,8.189865764637467e-06,6m,1m,12m
2024-08-09,gamma2,2.732034121573337e-06,6m,1m,12m
2024-08-12,gamma2,1.252366251521271e-06,6m,1m,12m
2024-08-13,gamma2,7.290254219763553e-08,6m,1m,12m
2024-08-14,gamma2,3.7672585186772477e-06,6m,1m,12m
2024-08-15,gamma2,4.117654976539972e-06,6m,1m,12m
2024-08-16,gamma2,5.910113057500254e-06,6m,1m,12m
2024-08-19,gamma2,8.482016522825618e-06,6m,1m,12m
2024-08-20,gamma2,2.112029362957377e-05,6m,1m,12m
2024-08-21,gamma2,3.460132447906901e-07,6m,1m,12m
2024-08-22,gamma2,3.9761942247564564e-07,6m,1m,12m
2024-08-23,gamma2,-1.4021437846430813e-06,6m,1m,12m
2024-08-26,gamma2,-7.380758441488643e-07,6m,1m,12m
2024-08-27,gamma2,-5.009621806055903e-06,6m,1m,12m
2024-08-28,gamma2,-1.0971163268467456e-06,6m,1m,12m
2024-08-29,gamma2,-4.185880481010797e-07,6m,1m,12m
2024-08-30,gamma2,2.4338748704137356e-06,6m,1m,12m
2024-09-03,gamma2,-1.3528915077911898e-06,6m,1m,12m
2024-09-04,gamma2,9.430220470002839e-07,6m,1m,12m
2024-09-05,gamma2,9.697689166965322e-06,6m,1m,12m
2024-09-06,gamma2,8.96156788467841e-06,6m,1m,12m
2024-09-09,gamma2,7.211090915739388e-06,6m,1m,12m
2024-09-10,gamma2,7.223910033543113e-06,6m,1m,12m
2024-09-11,gamma2,7.836086893252744e-06,6m,1m,12m
2024-09-12,gamma2,4.475541493868596e-06,6m,1m,12m
2024-09-13,gamma2,7.465500013612358e-06,6m,1m,12m
2024-09-16,gamma2,-1.593967473606324e-07,6m,1m,12m
2024-09-17,gamma2,7.733193236585718e-06,6m,1m,12m
2024-09-18,gamma2,1.6379399492205208e-06,6m,1m,12m
2024-09-19,gamma2,-5.045651284748677e-07,6m,1m,12m
2024-09-20,gamma2,4.443033052210349e-06,6m,1m,12m
2024-09-23,gamma2,5.753399679945419e-06,6m,1m,12m
2024-09-24,gamma2,4.004799819221836e-06,6m,1m,12m
2024-09-25,gamma2,3.84363717068756e-06,6m,1m,12m
2024-09-26,gamma2,2.5834004119647396e-06,6m,1m,12m
2024-09-27,gamma2,2.349406129857302e-07,6m,1m,12m
2024-09-30,gamma2,1.3694408525006561e-06,6m,1m,12m
2024-10-01,gamma2,9.364224290850185e-07,6m,1m,12m
2024-10-02,gamma2,-7.522692013794224e-07,6m,1m,12m
2024-10-03,gamma2,-1.1166447109914671e-06,6m,1m,12m
2024-10-04,gamma2,-9.8343511330212e-07,6m,1m,12m
2024-10-07,gamma2,8.498489849831392e-07,6m,1m,12m
2024-10-08,gamma2,-9.88580004982948e-07,6m,1m,12m
2024-10-09,gamma2,5.876752291865683e-06,6m,1m,12m
2024-10-10,gamma2,5.3675274553218675e-06,6m,1m,12m
2024-10-11,gamma2,2.6104110140104816e-06,6m,1m,12m
2024-10-14,gamma2,-4.950258621909816e-06,6m,1m,12m
2024-10-15,gamma2,-6.027880924319991e-06,6m,1m,12m
2024-10-16,gamma2,-1.949757095281203e-06,6m,1m,12m
2024-10-17,gamma2,-1.8117317320436644e-06,6m,1m,12m
2024-10-18,gamma2,-8.641418958010365e-07,6m,1m,12m
2024-10-21,gamma2,8.525944963514289e-07,6m,1m,12m
2024-10-22,gamma2,1.258803568546204e-06,6m,1m,12m
2024-10-23,gamma2,9.090590860172292e-06,6m,1m,12m
2024-10-24,gamma2,4.507682517877501e-06,6m,1m,12m
2024-10-25,gamma2,2.822404844411753e-06,6m,1m,12m
2024-10-28,gamma2,4.856776088603509e-06,6m,1m,12m
2024-10-29,gamma2,6.822634273740498e-06,6m,1m,12m
2024-10-30,gamma2,4.276871557226796e-06,6m,1m,12m
2024-10-31,gamma2,2.3966914374238134e-06,6m,1m,12m
2024-11-01,gamma2,7.316035675923121e-07,6m,1m,12m
2024-11-04,gamma2,-4.974148113403534e-06,6m,1m,12m
2024-11-05,gamma2,2.438132678823688e-06,6m,1m,12m
2024-11-06,gamma2,5.285255235451702e-06,6m,1m,12m
2024-11-07,gamma2,4.797867364106044e-06,6m,1m,12m
2024-11-08,gamma2,5.283203150619736e-06,6m,1m,12m
2024-11-11,gamma2,4.038819277898361e-06,6m,1m,12m
2024-11-12,gamma2,-4.4185593001767765e-07,6m,1m,12m
2024-11-13,gamma2,3.7567857794355566e-06,6m,1m,12m
2024-11-14,gamma2,1.8056900619140855e-06,6m,1m,12m
2024-11-15,gamma2,-2.9520179616276558e-06,6m,1m,12m
2024-11-18,gamma2,-3.695517616905264e-06,6m,1m,12m
2024-11-19,gamma2,-3.434737596575104e-06,6m,1m,12m
2024-11-20,gamma2,-4.039714480809065e-06,6m,1m,12m
2024-11-21,gamma2,-6.833657814907845e-06,6m,1m,12m
2024-11-22,gamma2,-7.017342235045268e-06,6m,1m,12m
2024-11-25,gamma2,-4.4841995115610854e-06,6m,1m,12m
2024-11-26,gamma2,-3.2353281230176537e-06,6m,1m,12m
2024-11-27,gamma2,-2.892567315971779e-06,6m,1m,12m
2024-11-29,gamma2,-2.0145167107540175e-06,6m,1m,12m
2024-12-02,gamma2,2.515423303201925e-06,6m,1m,12m
2024-12-03,gamma2,3.600241727163244e-07,6m,1m,12m
2024-12-04,gamma2,3.2260058931956504e-06,6m,1m,12m
2024-12-05,gamma2,3.5489926983013106e-06,6m,1m,12m
2024-12-06,gamma2,4.5604774673984954e-06,6m,1m,12m
2024-12-09,gamma2,4.500280309701852e-06,6m,1m,12m
2024-12-10,gamma2,1.2678922734879384e-06,6m,1m,12m
2024-12-11,gamma2,2.1043317636908676e-06,6m,1m,12m
2024-12-12,gamma2,1.0201650786599784e-06,6m,1m,12m
2024-12-13,gamma2,6.695371043150139e-07,6m,1m,12m
2024-12-16,gamma2,-7.802542688011286e-07,6m,1m,12m
2024-12-17,gamma2,-1.5789187274905126e-06,6m,1m,12m
2024-12-18,gamma2,-2.1639759575854496e-05,6m,1m,12m
2024-12-19,gamma2,-8.596503068773039e-06,6m,1m,12m
2024-12-20,gamma2,-6.536577388292522e-06,6m,1m,12m
2024-12-23,gamma2,-6.161133295355373e-06,6m,1m,12m
2024-12-24,gamma2,-1.4454985025817977e-06,6m,1m,12m
2024-12-26,gamma2,6.547282059597803e-07,6m,1m,12m
2024-12-27,gamma2,-1.2777652889438079e-06,6m,1m,12m
2024-12-30,gamma2,8.097267154480383e-08,6m,1m,12m
2024-12-31,gamma2,2.755864232098392e-07,6m,1m,12m
2025-01-02,gamma2,3.5200752022495207e-06,6m,1m,12m
2025-01-03,gamma2,1.3738776864101141e-06,6m,1m,12m
2025-01-06,gamma2,1.0729370425945297e-06,6m,1m,12m
2025-01-07,gamma2,-2.009147396787862e-08,6m,1m,12m
2025-01-08,gamma2,2.05383072554182e-06,6m,1m,12m
2025-01-10,gamma2,6.132446271910272e-07,6m,1m,12m
2025-01-13,gamma2,1.443935741606611e-06,6m,1m,12m
2025-01-14,gamma2,-4.750491858107698e-06,6m,1m,12m
2025-01-15,gamma2,-1.6792396497462285e-06,6m,1m,12m
2025-01-16,gamma2,1.6558628589815124e-07,6m,1m,12m
2025-01-17,gamma2,8.912114386397262e-07,6m,1m,12m
2025-01-21,gamma2,3.3830847761267675e-06,6m,1m,12m
2025-01-22,gamma2,2.864350951602782e-06,6m,1m,12m
2025-01-23,gamma2,1.1086967053464685e-06,6m,1m,12m
2025-01-24,gamma2,6.644761576167462e-07,6m,1m,12m
2025-01-27,gamma2,3.149900934501565e-06,6m,1m,12m
2025-01-28,gamma2,1.4095606366935493e-06,6m,1m,12m
2025-01-29,gamma2,5.921535684247191e-06,6m,1m,12m
2025-01-30,gamma2,3.6007286331432973e-06,6m,1m,12m
2025-01-31,gamma2,1.0259745320403852e-06,6m,1m,12m
2025-02-03,gamma2,1.5470782237417872e-05,6m,1m,12m
2025-02-04,gamma2,5.718632371796118e-06,6m,1m,12m
2025-02-05,gamma2,6.825206929601831e-06,6m,1m,12m
2025-02-06,gamma2,4.464482766223116e-06,6m,1m,12m
2025-02-07,gamma2,2.203963035019859e-06,6m,1m,12m
2025-02-10,gamma2,1.6713243454992523e-06,6m,1m,12m
2025-02-11,gamma2,2.9203717578553724e-06,6m,1m,12m
2025-02-12,gamma2,3.9714064663845955e-06,6m,1m,12m
2025-02-13,gamma2,4.1489530699827966e-06,6m,1m,12m
2025-02-14,gamma2,2.0487670932938304e-06,6m,1m,12m
2025-02-18,gamma2,7.654586514551432e-07,6m,1m,12m
2025-02-19,gamma2,3.13355505914794e-06,6m,1m,12m
2025-02-20,gamma2,3.825159754493874e-06,6m,1m,12m
2025-02-21,gamma2,5.375091131949683e-06,6m,1m,12m
2025-02-24,gamma2,8.42468253575293e-06,6m,1m,12m
2025-02-25,gamma2,3.390588455857948e-06,6m,1m,12m
2025-02-26,gamma2,4.616875856112144e-06,6m,1m,12m
2025-02-27,gamma2,6.61804697438355e-06,6m,1m,12m
2025-02-28,gamma2,8.503990594157684e-06,6m,1m,12m
2025-03-03,gamma2,1.2048754461424921e-05,6m,1m,12m
2025-03-04,gamma2,1.0103688047148171e-05,6m,1m,12m
2025-03-05,gamma2,3.131400183189639e-06,6m,1m,12m
2025-03-06,gamma2,-2.0966450008455203e-06,6m,1m,12m
2025-03-07,gamma2,2.5801411549014185e-06,6m,1m,12m
2025-03-10,gamma2,-3.86518559155333e-06,6m,1m,12m
2025-03-11,gamma2,3.997636855631123e-07,6m,1m,12m
2025-03-12,gamma2,1.0682132212168087e-05,6m,1m,12m
2025-03-13,gamma2,1.4074757509571659e-05,6m,1m,12m
2025-03-14,gamma2,8.336837853983434e-06,6m,1m,12m
2025-03-17,gamma2,3.0884094592927876e-06,6m,1m,12m
2025-03-18,gamma2,8.677812348687926e-06,6m,1m,12m
2025-03-19,gamma2,9.671876079737397e-06,6m,1m,12m
2025-03-20,gamma2,3.493030883365331e-06,6m,1m,12m
2025-03-21,gamma2,8.563509971520371e-06,6m,1m,12m
2025-03-24,gamma2,5.252590568499056e-06,6m,1m,12m
2025-03-25,gamma2,5.510264392376243e-06,6m,1m,12m
2025-03-26,gamma2,6.283444944594619e-06,6m,1m,12m
2025-03-27,gamma2,3.3101283168088035e-06,6m,1m,12m
2025-03-28,gamma2,-1.0810964916096503e-06,6m,1m,12m
2025-03-31,gamma2,-6.940390969431627e-07,6m,1m,12m
2025-04-01,gamma2,-3.856138757842639e-06,6m,1m,12m
2025-04-02,gamma2,-2.1117267826078677e-06,6m,1m,12m
2025-04-03,gamma2,-1.6260955000467717e-05,6m,1m,12m
2025-04-04,gamma2,2.6446606228602698e-05,6m,1m,12m
2025-04-07,gamma2,1.4953722897825626e-05,6m,1m,12m
2025-04-08,gamma2,-1.536360279116913e-05,6m,1m,12m
2025-04-09,gamma2,-1.1130249981791457e-05,6m,1m,12m
2025-04-10,gamma2,-3.152278649474776e-05,6m,1m,12m
2025-04-11,gamma2,-2.4062014827401816e-05,6m,1m,12m
2025-04-14,gamma2,-2.0784474972272643e-05,6m,1m,12m
2025-04-15,gamma2,-2.0912369784979712e-05,6m,1m,12m
2025-04-16,gamma2,-9.828221154951211e-06,6m,1m,12m
2025-04-17,gamma2,5.356208047141835e-06,6m,1m,12m
2025-04-21,gamma2,-2.192405041583199e-05,6m,1m,12m
2025-04-22,gamma2,-3.864735794064839e-08,6m,1m,12m
2025-04-23,gamma2,-1.1837899946168402e-06,6m,1m,12m
2025-04-24,gamma2,-2.102998906958678e-05,6m,1m,12m
2025-04-25,gamma2,-6.757053693163e-06,6m,1m,12m
2025-04-28,gamma2,-4.567991647776369e-06,6m,1m,12m
2025-04-29,gamma2,-9.236286249778954e-06,6m,1m,12m
2025-04-30,gamma2,-2.0473605049471454e-06,6m,1m,12m
2025-05-01,gamma2,8.632796006492791e-06,6m,1m,12m
2025-05-02,gamma2,1.037823011001786e-05,6m,1m,12m
2025-05-05,gamma2,8.472635718088564e-06,6m,1m,12m
2025-05-06,gamma2,-2.7917338331275192e-06,6m,1m,12m
2025-05-07,gamma2,-5.644881488263387e-06,6m,1m,12m
2025-05-08,gamma2,-3.5726730737554087e-06,6m,1m,12m
2025-05-09,gamma2,-2.5915243703454926e-06,6m,1m,12m
2025-05-12,gamma2,9.692079529832674e-06,6m,1m,12m
2025-05-13,gamma2,9.909492423817354e-06,6m,1m,12m
2025-05-14,gamma2,9.418523966827801e-07,6m,1m,12m
2025-05-15,gamma2,4.2877076063448003e-07,6m,1m,12m
2025-05-16,gamma2,3.285251622985172e-07,6m,1m,12m
2025-05-19,gamma2,4.676703064960845e-06,6m,1m,12m
2025-05-20,gamma2,1.696139877521136e-06,6m,1m,12m
2025-05-21,gamma2,3.416229513254507e-06,6m,1m,12m
2025-05-22,gamma2,3.3105152425412836e-06,6m,1m,12m
2025-05-23,gamma2,3.59146879799907e-07,6m,1m,12m
2025-05-27,gamma2,2.443894885163454e-06,6m,1m,12m
2025-05-28,gamma2,2.902224138365005e-06,6m,1m,12m
2025-05-29,gamma2,9.95083616828957e-07,6m,1m,12m
2025-05-30,gamma2,1.952470957251568e-06,6m,1m,12m
2025-06-02,gamma2,5.241314701344688e-07,6m,1m,12m
2025-06-03,gamma2,-3.3900949127687615e-05,6m,1m,12m
2025-06-04,gamma2,5.373919157919501e-07,6m,1m,12m
2025-06-05,gamma2,7.66462845555574e-07,6m,1m,12m
2025-06-06,gamma2,1.9782204740555564e-07,6m,1m,12m
2025-06-09,gamma2,1.5875139964832073e-06,6m,1m,12m
2025-06-10,gamma2,-8.390198086468526e-09,6m,1m,12m
2025-06-11,gamma2,6.470727924687587e-07,6m,1m,12m
2025-06-12,gamma2,-6.446333624924439e-07,6m,1m,12m
2025-06-13,gamma2,-3.935793446361202e-06,6m,1m,12m
2025-06-16,gamma2,-1.028517102922333e-06,6m,1m,12m
2025-06-17,gamma2,-1.2228597960581527e-06,6m,1m,12m
2025-06-18,gamma2,-6.864642508498303e-07,6m,1m,12m
2025-06-20,gamma2,-1.649209798843992e-07,6m,1m,12m
2025-06-23,gamma2,2.2556694209965596e-06,6m,1m,12m
2025-06-24,gamma2,1.9309699870647975e-06,6m,1m,12m
2025-06-25,gamma2,2.9702736034422387e-06,6m,1m,12m
2025-06-26,gamma2,4.172497141185871e-06,6m,1m,12m
2025-06-27,gamma2,2.929728663445463e-06,6m,1m,12m
2025-06-30,gamma2,6.066836186482683e-06,6m,1m,12m
2025-07-01,gamma2,5.10080611690465e-06,6m,1m,12m
2025-07-02,gamma2,6.028219440691926e-06,6m,1m,12m
2025-07-03,gamma2,6.1168950166974736e-06,6m,1m,12m
2025-07-07,gamma2,7.38082449136306e-06,6m,1m,12m
2025-07-08,gamma2,6.4007970931648946e-06,6m,1m,12m
2025-07-09,gamma2,6.476444922536045e-06,6m,1m,12m
2025-07-10,gamma2,6.463665344439808e-06,6m,1m,12m
2025-07-11,gamma2,7.642529348714622e-06,6m,1m,12m
2025-07-14,gamma2,5.318039659618695e-06,6m,1m,12m
2025-07-15,gamma2,6.833707392206183e-06,6m,1m,12m
2025-07-16,gamma2,5.1666744567987306e-06,6m,1m,12m
2025-07-17,gamma2,5.1652936250736e-06,6m,1m,12m
2025-07-18,gamma2,5.474790177393803e-06,6m,1m,12m
2025-07-21,gamma2,5.311876582356342e-06,6m,1m,12m
2025-07-22,gamma2,6.479182569897111e-06,6m,1m,12m
2025-07-23,gamma2,3.966011662586355e-06,6m,1m,12m
2025-07-24,gamma2,5.213194753551835e-06,6m,1m,12m
2025-07-25,gamma2,5.797340212527222e-06,6m,1m,12m
2025-07-28,gamma2,5.732902048447865e-06,6m,1m,12m
2025-07-29,gamma2,8.209032754020383e-06,6m,1m,12m
2025-07-30,gamma2,4.096277052736393e-06,6m,1m,12m
2025-07-31,gamma2,5.033335789352987e-06,6m,1m,12m
