asset,maturity,horizon,predictor,is_alpha,is_beta1,is_beta2,is_beta3,is_t_alpha,is_t_beta1,is_t_beta2,is_t_beta3,is_p_alpha,is_p_beta1,is_p_beta2,is_p_beta3,is_r_squared,is_n_obs,is_contango_intercept,is_contango_slope,is_backwardation_intercept,is_backwardation_slope,y_benchmark_in_sample,n_out_of_sample,r2_out_of_sample,clark-west_statistic,clark-west_p_value,directional_accuracy,directional_accuracy_n_correct,directional_accuracy_n_total,directional_accuracy_p_value,error present,N_is,N_obs
variance_swap,12m,daily,gamma0__12m__1m,-0.0004096333295112264,-0.0013611616140710159,0.0015919794038413112,0.014573243664187586,-0.21155408593960737,-0.020933022885009506,0.505583792361283,0.1689806186801065,0.8324549325979296,0.9832990839377874,0.6131488618475842,0.8658118862148755,0.000279050221649646,2077.0,-0.0004096333295112264,-0.0013611616140710159,0.0011823460743300848,0.01321208205011657,-8.251873954052684e-05,1963.0,-0.0004900529017479727,-0.46748899844213376,0.6799249693018043,0.5445746306673459,1069.0,1963.0,4.253188434189243e-05,,,
variance_swap,12m,daily,gamma0__12m__6m,-0.0013634617374470588,0.10064424148411852,0.00046288263563650444,-0.23116855080023047,-0.8837234877701067,0.5762525150424337,0.1874849366134033,-0.8978695368465819,0.376845497936968,0.5644445138345224,0.851280433125768,0.3692551071253154,0.0006053079759742452,2403.0,-0.0013634617374470588,0.10064424148411852,-0.0009005791018105543,-0.13052430931611195,-0.0003748215355579226,1963.0,-0.0028582106885812752,-1.3175754165953915,0.9061770902359595,0.5359144167091187,1052.0,1963.0,0.0007859596680249341,,,
variance_swap,12m,daily,gamma0__6m__1m,-0.0008532181760282617,0.024143430232347093,0.002174701269122725,-0.0003250492245656794,-0.46520420835491516,0.27990981932573356,0.7149677138926804,-0.0028797314688993555,0.6417852253135616,0.7795466935099933,0.47462899359031674,0.997702309897442,0.00033496386766951325,2077.0,-0.0008532181760282617,0.024143430232347093,0.0013214830930944636,0.023818381007781414,-8.251873954052684e-05,1963.0,-7.275798175210291e-05,0.10791558471565404,0.4570313272522531,0.5455934793683138,1071.0,1963.0,2.90834302985866e-05,,,
variance_swap,12m,daily,gamma1__12m__1m,0.010273668824671319,-2.2268652892015153,-0.007845584747262949,2.4069755038134852,1.373218478817048,-1.5687164226583499,-1.0388459092386593,1.690988827969831,0.16968443670516775,0.11671403020932869,0.29887640610412247,0.09083893642279703,0.004480888932952842,2077.0,0.010273668824671319,-2.2268652892015153,0.00242808407740837,0.18011021461196997,-8.251873954052684e-05,1963.0,-0.009772526415181337,0.5367187484922191,0.29573095174293196,0.4819154355578197,946.0,1963.0,0.9479383461162662,,,
variance_swap,12m,daily,gamma1__12m__6m,0.000935374385517753,0.3360771448192899,-0.001559174511386623,-0.26804906687117414,0.429477087822876,0.7502802447174953,-0.6479099854331957,-0.5803440957735778,0.6675760644827324,0.4530859381433455,0.5170431719329287,0.5616825965681508,0.0016520244565748632,2403.0,0.000935374385517753,0.3360771448192899,-0.0006238001258688699,0.06802807794811577,-0.0003748215355579226,1963.0,0.002275998590317574,1.4638688789991612,0.07161488902405627,0.5252165053489557,1031.0,1963.0,0.013474075678837252,,,
variance_swap,12m,daily,gamma1__6m__1m,0.013343073213596563,-3.50471102701889,-0.010680659958691191,3.779781548786745,2.5066733036200546,-2.5426837065400374,-1.943037833773923,2.726113342133767,0.012187329685567906,0.011000475739515698,0.05201158723587405,0.006408498801112368,0.007267849112841507,2077.0,0.013343073213596563,-3.50471102701889,0.0026624132549053717,0.27507052176785507,-8.251873954052684e-05,1963.0,-0.006711808552468668,0.7447718688907531,0.22820482186021085,0.49821701477330615,978.0,1963.0,0.5716419627343876,,,
variance_swap,12m,daily,gamma2__12m__1m,-0.0018946649187993978,0.059805059728285606,0.004475626017084859,0.5942850088169389,-0.9511388994066323,0.35891351804884614,1.7266373951662544,1.4385572897829164,0.3415338702728027,0.7196597865698651,0.08423280556907245,0.1502759946835517,0.0021310984488667195,2077.0,-0.0018946649187993978,0.059805059728285606,0.002580961098285461,0.6540900685452246,-8.251873954052684e-05,1963.0,-0.0047329145209082935,-0.4841048039761135,0.6858442539482732,0.4528782475802343,889.0,1963.0,0.9999867173248533,,,
variance_swap,12m,daily,gamma2__12m__6m,0.00036416348859695427,-0.14986623864901435,-0.001095547779160079,0.024325042104077908,0.25774777052536657,-0.7924957337750016,-0.6365746389448265,0.0678347610843988,0.7966015757926099,0.4280716783564037,0.5244019490003027,0.9459171721383183,0.00040146607575464177,2403.0,0.00036416348859695427,-0.14986623864901435,-0.0007313842905631247,-0.12554119654493645,-0.0003748215355579226,1963.0,-0.0006080577821634403,-0.3167109073471645,0.6242685141595872,0.5119714722363728,1005.0,1963.0,0.14957841605159608,,,
variance_swap,12m,daily,gamma2__6m__1m,-0.002374350834966686,0.38608162544752356,0.003807406419199666,0.09051500600475221,-1.037116572798995,0.7481795797870824,1.2915053006770794,0.11275187412144473,0.29968153242195694,0.4543518462862425,0.19652851825636386,0.910227273827691,0.0008110939436111186,2077.0,-0.002374350834966686,0.38608162544752356,0.00143305558423298,0.47659663145227577,-8.251873954052684e-05,1963.0,-0.0025815823153225725,-0.8736825205430333,0.8088544137040621,0.45084055017829855,885.0,1963.0,0.9999941217052772,,,
variance_swap,12m,daily,hump_gamma0,-0.0017320302293738887,6.588736266206331,0.002814421998889861,2.76662952770771,-0.785119073918131,0.497250522321644,0.9714566401262738,0.12679587137583553,0.4323837574360234,0.6190123978761348,0.3313209350906863,0.8991019635286958,0.000562452489357157,2077.0,-0.0017320302293738887,6.588736266206331,0.0010823917695159725,9.355365793914041,-8.251873954052684e-05,1963.0,0.0005043910803632645,0.8871175968171978,0.18750779553703067,0.5160468670402445,1013.0,1963.0,0.08084299336163016,,,
variance_swap,12m,daily,hump_gamma1,0.0016994721865049725,-28.09550944810741,-0.0018463067386723154,33.93383589549801,1.1228005917971453,-1.2126145828432084,-0.6492142673529772,0.6271654228705041,0.2615221939855793,0.22527721081131913,0.5161998910426628,0.5305508059685037,0.0012027486243475494,2077.0,0.0016994721865049725,-28.09550944810741,-0.00014683455216734287,5.838326447390596,-8.251873954052684e-05,1963.0,-0.0007066248940652553,0.13743395566700423,0.44534389647150546,0.5399898115129903,1060.0,1963.0,0.0002135915763548226,,,
variance_swap,12m,daily,hump_gamma2,0.0006703087289024554,-18.85820987862129,-0.0018696129008000735,18.783173257329796,0.5851017118103796,-0.6082702958829128,-0.768086705030766,0.3022889571864331,0.5584793279125071,0.5430082184803474,0.4424356749307149,0.7624317957111089,0.00048667716128592,2077.0,0.0006703087289024554,-18.85820987862129,-0.001199304171897618,-0.07503662129149546,-8.251873954052684e-05,1963.0,0.00020991849335694202,0.5301650559513185,0.2979987483273009,0.47274579724910853,928.0,1963.0,0.9926180323656133,,,
variance_swap,12m,weekly,gamma0__12m__1m,-0.008300441020817648,0.050833491727105384,0.0035633089871941713,-0.2655150186500162,-1.1300516234398807,0.16961184070452387,0.34335931040816686,-0.6901008948660702,0.2584544724886695,0.865315409945567,0.7313281664496365,0.490130740477409,0.0070775507724528675,1389.0,-0.008300441020817648,0.050833491727105384,-0.004737132033623477,-0.21468152692291081,-0.0034143964029286667,1161.0,0.00125706681501625,0.8491115192382006,0.19790962059937012,0.6437768240343348,150.0,233.0,6.745214831047106e-06,,,
variance_swap,12m,weekly,gamma0__12m__6m,0.0013931503522924254,-1.3082121964567421,-0.010570040292130276,0.555279406053039,0.22745020724795834,-1.5219151131318136,-1.1698568381014494,0.43983037054125745,0.8200736834025015,0.12803035182025974,0.24205858589270046,0.6600599693937581,0.005961689540383008,1599.0,0.0013931503522924254,-1.3082121964567421,-0.00917688993983785,-0.7529327904037031,-0.0049539430036429615,1161.0,-0.027176880571113893,-1.5625396620985905,0.9409195450331511,0.592274678111588,138.0,233.0,0.002907345899754725,,,
variance_swap,12m,weekly,gamma0__6m__1m,-0.015900451080510768,0.5116620365088892,0.012874231000047504,-0.7631103772677716,-2.308231801489841,1.3452685450381323,1.2508407153309227,-1.552676812120359,0.02098624728068328,0.17853852760637468,0.2109925969118004,0.12050036468238279,0.010424451748200836,1389.0,-0.015900451080510768,0.5116620365088892,-0.003026220080463264,-0.25144834075888245,-0.0034143964029286667,1161.0,-0.0041879574614935855,0.47548230447333206,0.31722162152094946,0.5450643776824035,127.0,233.0,0.09500020875745142,,,
variance_swap,12m,weekly,gamma1__12m__1m,0.03499034948931307,-1.8406268446626484,-0.030108588663735163,2.4499631803594486,1.4696366443090532,-0.451682175969559,-1.27685137114865,0.5977403219272136,0.14166019011451123,0.6514979605314914,0.20165472511852178,0.5500132162315885,0.013157098531041966,1389.0,0.03499034948931307,-1.8406268446626484,0.0048817608255779105,0.6093363356968002,-0.0034143964029286667,1161.0,-0.036139516997531373,-0.05947003738230862,0.5237111350351431,0.5278969957081545,123.0,233.0,0.2159229026940926,,,
variance_swap,12m,weekly,gamma1__12m__6m,-0.008123835648186516,4.5881412219232605,0.004145281501301096,-4.131521236038476,-1.0377350668550822,2.495075294733747,0.4921045547930277,-2.1872213593840755,0.29939341443754897,0.012593040522219804,0.6226454325023625,0.028726368349089326,0.012413990255864982,1599.0,-0.008123835648186516,4.5881412219232605,-0.00397855414688542,0.45661998588478436,-0.0049539430036429615,1161.0,-0.050856746302299305,0.13668302064137072,0.44564067556231063,0.630901287553648,147.0,233.0,3.882352151326162e-05,,,
variance_swap,12m,weekly,gamma1__6m__1m,0.01729385454316561,0.045835916271452115,-0.015976751331860942,0.5236638489558572,1.1237621019543702,0.0134992279911184,-1.043829815112446,0.1502158822042508,0.26111396294329847,0.9892295015205974,0.29656413464109943,0.8805942958835464,0.007339269314437291,1389.0,0.01729385454316561,0.045835916271452115,0.0013171032113046682,0.5694997652273093,-0.0034143964029286667,1161.0,-0.02008170914110674,-0.8417390096715205,0.8000329711885414,0.5364806866952789,125.0,233.0,0.14726636233713153,,,
variance_swap,12m,weekly,gamma2__12m__1m,-0.00143360521880714,0.5206005694778253,-0.0006696633692640907,0.12951441672411199,-0.17800932904849973,0.6396707102574503,-0.06521679939418337,0.06939307755862713,0.8587156492334068,0.5223867012800659,0.9480013856208599,0.9446767389462823,0.002388752739988842,1389.0,-0.00143360521880714,0.5206005694778253,-0.0021032685880712308,0.6501149862019373,-0.0034143964029286667,1161.0,-0.00022616706193523406,0.17250985250182355,0.4315183581505919,0.6566523605150214,153.0,233.0,9.97034589795356e-07,,,
variance_swap,12m,weekly,gamma2__12m__6m,-0.002880162647002645,0.11967803709380212,-0.00029607890345269186,1.2384545354649432,-0.549615350019171,0.16665463245140946,-0.04811400661101562,1.0710848035797862,0.5825832281739278,0.8676418042641576,0.9616253834728443,0.2841313004408037,0.0031000344207047226,1599.0,-0.002880162647002645,0.11967803709380212,-0.003176241550455337,1.3581325725587454,-0.0049539430036429615,1161.0,-0.005053639551418687,-0.25730468255855926,0.6015282110187,0.6652360515021459,155.0,233.0,2.543377351645949e-07,,,
variance_swap,12m,weekly,gamma2__6m__1m,-0.008505966006674498,1.7380691375558368,0.004935892146354124,-1.7590758591774023,-0.9964556203792315,0.9055077390055833,0.474149751516291,-0.5577243455818527,0.31902881985409337,0.3651964618212874,0.6353931227539634,0.5770326305275288,0.0010501170158486728,1389.0,-0.008505966006674498,1.7380691375558368,-0.003570073860320374,-0.021006721621565472,-0.0034143964029286667,1161.0,0.0042272381045063145,3.666356725074772,0.00012301533042892318,0.6652360515021459,155.0,233.0,2.543377351645949e-07,,,
variance_swap,12m,weekly,hump_gamma0,-0.0060293914360654635,60.676957130572525,-0.013161329799842771,-213.80402291360696,-0.7174646691590715,1.1088479801960087,-1.373102809676026,-2.3827715695739218,0.47308742910465973,0.26749576804869324,0.16972038772506204,0.01718285294057385,0.013518077469983458,1389.0,-0.0060293914360654635,60.676957130572525,-0.019190721235908235,-153.12706578303442,-0.0034143964029286667,1161.0,-0.041901138333521715,-0.9127185454883578,0.8193047061982321,0.48497854077253216,113.0,233.0,0.6998469208641147,,,
variance_swap,12m,weekly,hump_gamma1,-0.007651581586829848,47.99870302166032,0.010540363152936466,-10.839481612573039,-1.3114367139452865,0.4975299773967498,1.2080899517980324,-0.0738682840901033,0.1897102618286074,0.6188153687312878,0.22701266433349976,0.941115192509532,0.001835368298510498,1389.0,-0.007651581586829848,47.99870302166032,0.002888781566106618,37.15922140908728,-0.0034143964029286667,1161.0,-0.01217924650040425,-3.4964966451914075,0.9997642947892967,0.5536480686695279,129.0,233.0,0.05784545538843163,,,
variance_swap,12m,weekly,hump_gamma2,-0.0032745392597766424,14.875212910011353,0.0030316255969008903,133.98222833346097,-0.771390335628712,0.17099874151868075,0.40965984592792926,0.8983160075404188,0.4404756017451553,0.8642247551441057,0.682055489492462,0.36901710083698613,0.0017507344322467144,1389.0,-0.0032745392597766424,14.875212910011353,-0.0002429136628757521,148.85744124347232,-0.0034143964029286667,1161.0,-0.006670852416323925,-2.4391832786184344,0.9926397498898876,0.6652360515021459,155.0,233.0,2.543377351645949e-07,,,
variance_swap,12m,monthly,gamma0__12m__1m,-0.025155487156468703,-1.476063580953646,-0.008948855175572458,1.4897039682584357,-0.9861250608295186,-1.2258922325836432,-0.36003446918704496,1.0339420043664158,0.3240717472684508,0.22023923217993613,0.7188213569347635,0.30116327664112874,0.011410229101803337,580.0,-0.025155487156468703,-1.476063580953646,-0.03410434233204116,0.01364038730478967,-0.042615865822262435,283.0,-0.04973530133148518,0.4850528946214924,0.31381941255324375,0.7142857142857143,10.0,14.0,0.08978271484375,,,
variance_swap,12m,monthly,gamma0__12m__6m,-0.006387693163720705,-7.454450132086258,-0.043493257748163455,5.432764439194166,-0.2356510201696653,-1.534104640394302,-1.6076608926948441,0.9316467084264689,0.8137034797593256,0.1250039119107941,0.10790946800139604,0.35151913584032346,0.024659785658626365,696.0,-0.006387693163720705,-7.454450132086258,-0.04988095091188416,-2.021685692892092,-0.03566615859474758,283.0,-0.0630832299569748,0.7758201942947579,0.21892757929616197,0.7142857142857143,10.0,14.0,0.08978271484375,,,
variance_swap,12m,monthly,gamma0__6m__1m,-0.05167777536967774,-0.15932446089152008,0.028109791469598633,0.3955172607393256,-2.137502347199407,-0.12806014356353096,1.3179194727679477,0.24406903203232155,0.03255715501311748,0.8981013771126182,0.187530606316752,0.8071773562214581,0.008829976636336112,580.0,-0.05167777536967774,-0.15932446089152008,-0.02356798390007911,0.2361927998478055,-0.042615865822262435,283.0,0.00602287964126913,0.545616187954113,0.29266489724753947,0.7142857142857143,10.0,14.0,0.08978271484375,,,
variance_swap,12m,monthly,gamma1__12m__1m,0.0038513490435403003,-8.843802615415974,-0.009330318193174564,11.086822053101987,0.05760781252377038,-1.589904896838477,-0.15344156768495634,1.9362796953402184,0.9540610265159624,0.1118562437125044,0.8780500667166066,0.05283345424618081,0.029030281302256045,580.0,0.0038513490435403003,-8.843802615415974,-0.0054789691496342635,2.243019437686012,-0.042615865822262435,283.0,0.05734852136827162,1.807252552176643,0.0353614551963604,0.7142857142857143,10.0,14.0,0.08978271484375,,,
variance_swap,12m,monthly,gamma1__12m__6m,-0.007711308240027798,-3.1404384118124513,-0.015373038991967788,5.145603241774927,-0.2871971803560463,-1.2408826249090879,-0.49905863269988565,1.4993765805130352,0.7739613451723283,0.21464911227292105,0.6177380789460443,0.13377596564275668,0.013770000664830473,696.0,-0.007711308240027798,-3.1404384118124513,-0.023084347231995588,2.0051648299624754,-0.03566615859474758,283.0,0.02170025669136577,1.071647062155272,0.14193929327138233,0.7142857142857143,10.0,14.0,0.08978271484375,,,
variance_swap,12m,monthly,gamma1__6m__1m,-0.01457383802833048,-6.861163144995967,0.01128948876947135,10.603024053242322,-0.5429458299067232,-1.1681239651137387,0.41017434021280097,1.7760199937950103,0.5871670999901565,0.24275676481829456,0.6816780625297636,0.07572962175469088,0.028171736169447015,580.0,-0.01457383802833048,-6.861163144995967,-0.003284349258859131,3.7418609082463554,-0.042615865822262435,283.0,0.05540059320656665,1.867951206109766,0.030884436228450555,0.7142857142857143,10.0,14.0,0.08978271484375,,,
variance_swap,12m,monthly,gamma2__12m__1m,-0.04339382958824359,4.72254078877824,0.032394596281417776,4.389761019344231,-1.3074285878489929,3.0119974527957423,0.9464900340053136,0.9783296236200003,0.19106719348593248,0.002595347753050467,0.34389870302492365,0.3279113229912306,0.06551879783083303,580.0,-0.04339382958824359,4.72254078877824,-0.010999233306825812,9.11230180812247,-0.042615865822262435,283.0,-0.029601980035157904,0.4738461068752261,0.3178048264412648,0.7142857142857143,10.0,14.0,0.08978271484375,,,
variance_swap,12m,monthly,gamma2__12m__6m,-0.006591145981972927,2.48622099385971,-0.034364193269578805,1.8508322120689178,-0.26272851006872733,1.2861567531388085,-1.3130263108622644,0.5194854420658918,0.7927598406616517,0.1983883606755208,0.18917408248358214,0.6034222622377822,0.05230285635360532,696.0,-0.006591145981972927,2.48622099385971,-0.04095533925155173,4.337053205928628,-0.03566615859474758,283.0,0.0014861719646895866,0.9639795750837279,0.16752808306107564,0.6428571428571429,9.0,14.0,0.21197509765625,,,
variance_swap,12m,monthly,gamma2__6m__1m,-0.03651554710893909,0.050569906398860276,0.02220326150051281,10.248883419958169,-1.4248100862437698,0.008583196068241584,0.6632821515178791,0.9476264960117424,0.15421210594455861,0.9931516844622426,0.5071498655280445,0.34331963255750686,0.012058219654166091,580.0,-0.03651554710893909,0.050569906398860276,-0.014312285608426279,10.299453326357028,-0.042615865822262435,283.0,-0.05101378870324402,-0.42640423083188556,0.6650933404836393,0.7142857142857143,10.0,14.0,0.08978271484375,,,
variance_swap,12m,monthly,hump_gamma0,-0.01848349399407622,-68.50459429917383,-0.06315118351115553,-252.67276898865504,-0.7368374275743161,-0.5066810861361942,-2.7999471056910745,-0.8664542759607747,0.46122121954318196,0.6123786036271123,0.005111098087549718,0.38624109059459943,0.02202899910786127,580.0,-0.01848349399407622,-68.50459429917383,-0.08163467750523176,-321.1773632878289,-0.042615865822262435,283.0,-0.03751686972008672,0.5024383272660689,0.30767961217337636,0.6428571428571429,9.0,14.0,0.21197509765625,,,
variance_swap,12m,monthly,hump_gamma1,-0.021645201206185148,-380.7893947365406,-0.02092424267187331,434.5962178807298,-0.7854418910954659,-1.1305498770632374,-0.8441384512405163,0.9860183411329173,0.43219452764990907,0.2582445941572865,0.39859204323873076,0.3241241126484965,0.0092439111441458,580.0,-0.021645201206185148,-380.7893947365406,-0.04256944387805846,53.806823144189195,-0.042615865822262435,283.0,0.03170178807856705,2.3777833516771594,0.008708527832014147,0.7142857142857143,10.0,14.0,0.08978271484375,,,
variance_swap,12m,monthly,hump_gamma2,-0.044022691636468284,292.6072374480883,0.010393696293215505,275.86744282760617,-1.9888194160364683,0.8397323649567824,0.4935650264006958,0.5204978095580284,0.046721138895506414,0.40105846304394477,0.6216134054118949,0.6027166542048327,0.019368538993266626,580.0,-0.044022691636468284,292.6072374480883,-0.03362899534325278,568.4746802756945,-0.042615865822262435,283.0,-0.015569103016841446,-0.6792004486012363,0.7514945684453619,0.7142857142857143,10.0,14.0,0.08978271484375,,,
variance_swap,1m,daily,gamma0__12m__1m,0.06593799366164843,-0.3686013760487449,-0.010776815222148154,0.5256185774292621,4.615267624930633,-0.9144755887630183,-0.48184668490468313,1.1150460544090486,3.925890865582653e-06,0.3604669991800338,0.6299148624768148,0.26483068672089094,0.0015321647066661725,968.0,0.06593799366164843,-0.3686013760487449,0.055161178439500275,0.15701720138051722,0.05272921215764473,1092.0,0.000711295882989238,0.5694633346836863,0.2845208731334975,0.5064102564102564,553.0,1092.0,0.34702219578886045,,,
variance_swap,1m,daily,gamma0__12m__6m,0.05328859829531311,0.47510964691670643,-0.007983294081561827,-0.10534839209127256,4.4953433516585335,0.43134630955279823,-0.3919032850637782,-0.0740426230721466,6.945777666040525e-06,0.6662165827196265,0.6951296756315568,0.9409764700118343,0.002118892225335234,968.0,0.05328859829531311,0.47510964691670643,0.04530530421375128,0.36976125482543387,0.05272921215764473,1092.0,-0.00682165190425188,-1.8437840665486882,0.9673926921518285,0.5064102564102564,553.0,1092.0,0.34702219578886045,,,
variance_swap,1m,daily,gamma0__6m__1m,0.07568532587992138,-1.0082776185158244,-0.020685698336476398,1.184403546723137,5.165786520643954,-1.7501519963092682,-0.9326141412385657,1.7749339696060356,2.394299429570949e-07,0.08009208954755064,0.35101922935307694,0.07590879053539759,0.003079663081898776,968.0,0.07568532587992138,-1.0082776185158244,0.054999627543444986,0.17612592820731265,0.05272921215764473,1092.0,-0.0016153784326742304,0.5235004355355339,0.30031302401083104,0.5064102564102564,553.0,1092.0,0.34702219578886045,,,
variance_swap,1m,daily,gamma1__12m__1m,0.11538533941807219,-1.3054515427510847,-0.051856748072135334,2.29112760664812,2.3320913184348173,-0.1030190827496439,-1.023722343286577,0.18064196696267312,0.019695887668721605,0.917947825689571,0.3059664388894494,0.8566486128624715,0.009363918252815462,968.0,0.11538533941807219,-1.3054515427510847,0.06352859134593686,0.9856760638970354,0.05272921215764473,1092.0,0.015729473258989546,3.2362377123448103,0.0006055823816703592,0.5082417582417582,555.0,1092.0,0.30348111828701235,,,
variance_swap,1m,daily,gamma1__12m__6m,0.06382786036192549,2.7822052581308814,-0.0072011041537413875,-0.5684246745508754,4.39134148473832,1.6362203352273499,-0.42093150224112397,-0.27581869177208407,1.1265344997024612e-05,0.10179348197406028,0.6738051008948172,0.7826873264382137,0.013038608858005674,968.0,0.06382786036192549,2.7822052581308814,0.0566267562081841,2.213780583580006,0.05272921215764473,1092.0,0.01001704179955698,2.0195273148946162,0.02171622061449009,0.5082417582417582,555.0,1092.0,0.30348111828701235,,,
variance_swap,1m,daily,gamma1__6m__1m,0.09725386124855273,-10.828717024972327,-0.045999487560318915,10.816647771409745,2.8401673543790005,-1.127402853463307,-1.276794991377275,1.1255923257075802,0.004508987184717136,0.2595721931753645,0.2016746342871346,0.2603381179304325,0.002419212929500647,968.0,0.09725386124855273,-10.828717024972327,0.051254373688233816,-0.012069253562582816,0.05272921215764473,1092.0,-0.0015676539855344895,0.363852394936451,0.35798411741054703,0.5036630036630036,550.0,1092.0,0.41612600457189336,,,
variance_swap,1m,daily,gamma2__12m__1m,0.023108166421663065,0.14314048415964786,0.051321489420390304,4.405214371572356,1.3549194096961992,0.10657523768098587,2.5759014808311016,1.619179098665491,0.17544323488760438,0.9151259641445372,0.009997912864118157,0.10540873377495504,0.009995293011246686,968.0,0.023108166421663065,0.14314048415964786,0.07442965584205337,4.548354855732004,0.05272921215764473,1092.0,-0.01603849221182152,-1.115591756310848,0.8677015387938251,0.51007326007326,557.0,1092.0,0.26256424507377424,,,
variance_swap,1m,daily,gamma2__12m__6m,0.07184715715532548,-2.3314119027865323,-0.026303773081743136,2.1477917158601345,5.500095984481373,-1.4875281772996853,-1.7660565781877287,1.0592371263104299,3.795845579141423e-08,0.13687536689646135,0.07738635729584317,0.28949180085236614,0.005062856846204,968.0,0.07184715715532548,-2.3314119027865323,0.04554338407358235,-0.1836201869263978,0.05272921215764473,1092.0,-0.009250389105074142,-1.1080380928761278,0.8660773175219392,0.5036630036630036,550.0,1092.0,0.41612600457189336,,,
variance_swap,1m,daily,gamma2__6m__1m,0.02923061080334453,0.7719549197498055,0.04455504522945858,5.616760180633689,1.883968291357626,0.347942700207546,2.192857084737994,1.1406042097343252,0.05956926466728762,0.7278832163375111,0.028317677534600606,0.2540346646253915,0.005603498224583503,968.0,0.02923061080334453,0.7719549197498055,0.07378565603280311,6.388715100383494,0.05272921215764473,1092.0,-0.02176407679322412,-2.3605746166030124,0.9908766764125113,0.5064102564102564,553.0,1092.0,0.34702219578886045,,,
variance_swap,1m,daily,hump_gamma0,0.05603035002607395,-26.43935179842982,0.025028610553964763,323.54804942217146,3.803930338227972,-0.3957405307805194,1.2097941462461825,2.3364498323418745,0.0001424182458622475,0.6922964520748376,0.2263578929918929,0.019467809357470143,0.005500477146088922,968.0,0.05603035002607395,-26.43935179842982,0.08105896058003871,297.10869762374165,0.05272921215764473,1092.0,-0.019654388012447788,-0.5067320577608168,0.6938285830508208,0.48443223443223443,529.0,1092.0,0.8552360706010822,,,
variance_swap,1m,daily,hump_gamma1,0.04687155467763633,103.78079644566863,0.022805649322881604,553.3138578730543,4.950455732031893,1.1804819993229392,1.1588343711053257,1.5310944892324188,7.403989764329498e-07,0.23780856564632635,0.24652370436945392,0.12574604160650074,0.005419646075744966,968.0,0.04687155467763633,103.78079644566863,0.06967720400051794,657.094654318723,0.05272921215764473,1092.0,0.0007615277938824994,0.8322935429080278,0.20262163721339493,0.5054945054945055,552.0,1092.0,0.3696228050288415,,,
variance_swap,1m,daily,hump_gamma2,0.06018105224288724,-187.01134074174993,-0.02079058422318577,146.96470671753355,6.632906965178421,-0.6711517652785585,-1.2478780184493719,0.43759384715139893,3.2913928245521325e-11,0.5021238528345695,0.2120757316809263,0.6616807322282559,0.001883679322903009,968.0,0.06018105224288724,-187.01134074174993,0.03939046801970147,-40.04663402421639,0.05272921215764473,1092.0,-0.009768332665995194,-2.010676030907212,0.9778201563064223,0.5064102564102564,553.0,1092.0,0.34702219578886045,,,
variance_swap,1m,weekly,gamma0__12m__1m,,,,,,,,,,,,,,,,,,,,,,,,,,,,insufficient insample data,13.0,50.0
variance_swap,1m,weekly,gamma0__12m__6m,,,,,,,,,,,,,,,,,,,,,,,,,,,,insufficient insample data,13.0,50.0
variance_swap,1m,weekly,gamma0__6m__1m,,,,,,,,,,,,,,,,,,,,,,,,,,,,insufficient insample data,13.0,50.0
variance_swap,1m,weekly,gamma1__12m__1m,,,,,,,,,,,,,,,,,,,,,,,,,,,,insufficient insample data,13.0,50.0
variance_swap,1m,weekly,gamma1__12m__6m,,,,,,,,,,,,,,,,,,,,,,,,,,,,insufficient insample data,13.0,50.0
variance_swap,1m,weekly,gamma1__6m__1m,,,,,,,,,,,,,,,,,,,,,,,,,,,,insufficient insample data,13.0,50.0
variance_swap,1m,weekly,gamma2__12m__1m,,,,,,,,,,,,,,,,,,,,,,,,,,,,insufficient insample data,13.0,50.0
variance_swap,1m,weekly,gamma2__12m__6m,,,,,,,,,,,,,,,,,,,,,,,,,,,,insufficient insample data,13.0,50.0
variance_swap,1m,weekly,gamma2__6m__1m,,,,,,,,,,,,,,,,,,,,,,,,,,,,insufficient insample data,13.0,50.0
variance_swap,1m,weekly,hump_gamma0,,,,,,,,,,,,,,,,,,,,,,,,,,,,insufficient insample data,13.0,50.0
variance_swap,1m,weekly,hump_gamma1,,,,,,,,,,,,,,,,,,,,,,,,,,,,insufficient insample data,13.0,50.0
variance_swap,1m,weekly,hump_gamma2,,,,,,,,,,,,,,,,,,,,,,,,,,,,insufficient insample data,13.0,50.0
variance_swap,2m,daily,gamma0__12m__1m,0.015125493767312172,0.10790196440484792,-0.002886522132968603,-0.07200576453899307,2.497735920024298,0.5489821898990344,-0.28609833509204896,-0.291842729915528,0.012498926583896335,0.5830176723295832,0.7748028066884205,0.7704068729249147,0.0011564259707720348,1591.0,0.015125493767312172,0.10790196440484792,0.012238971634343569,0.03589619986585485,0.015327949009711439,1291.0,-0.0006502713683789185,0.053769915379027186,0.4785592394405682,0.506584043377227,654.0,1291.0,0.32805827786038483,,,
variance_swap,2m,daily,gamma0__12m__6m,0.006791011920111618,1.375781137170006,-0.001318101962813703,-1.4259966498536507,1.314537230404271,2.356707023937579,-0.16896154730515006,-1.9799494599077794,0.18866547775069054,0.018437787104302005,0.8658268872851682,0.047709207969517345,0.005233247994360535,1830.0,0.006791011920111618,1.375781137170006,0.005472909957297915,-0.05021551268364477,0.013470114191504347,1291.0,-0.00841934729965188,-1.7641008415699937,0.961142498588234,0.506584043377227,654.0,1291.0,0.32805827786038483,,,
variance_swap,2m,daily,gamma0__6m__1m,0.018947952380845314,-0.07333742291741553,-0.006369757378888809,0.10586566635107542,3.113841369565531,-0.28042767754819137,-0.6376113070859251,0.3241053600708181,0.0018466874608254614,0.779149404946739,0.523726733411022,0.7458582690318805,0.0007384020761377341,1591.0,0.018947952380845314,-0.07333742291741553,0.012578195001956505,0.032528243433659884,0.015327949009711439,1291.0,0.00014756464189369378,0.32566240276176905,0.3723398965031644,0.506584043377227,654.0,1291.0,0.32805827786038483,,,
variance_swap,2m,daily,gamma1__12m__1m,0.06620709802202134,-3.1687272223475667,-0.04582440530479795,3.617282945741163,2.622696142019249,-0.7734697856400045,-1.7866037901498972,0.8810076491569359,0.008723703730910623,0.4392444034528834,0.07400154869859,0.37831367988931697,0.007470205694861787,1591.0,0.06620709802202134,-3.1687272223475667,0.020382692717223386,0.4485557233935964,0.015327949009711439,1291.0,0.017311828559134712,3.6453935113905875,0.00013349147662545957,0.5081332300542215,656.0,1291.0,0.2888984970270505,,,
variance_swap,2m,daily,gamma1__12m__6m,0.027677625027794132,-0.8845961532483461,-0.014133192460562397,1.4883925639971611,3.6963070574441477,-0.9540631610225516,-1.6881687694751062,1.4754120190324982,0.00021875837037809017,0.3400516720628922,0.09137883640804925,0.1401018060023603,0.004797406247227576,1830.0,0.027677625027794132,-0.8845961532483461,0.013544432567231736,0.6037964107488151,0.013470114191504347,1291.0,0.00465448586457462,2.6429992821117696,0.004108760475937755,0.5112316034082107,660.0,1291.0,0.21791250124780764,,,
variance_swap,2m,daily,gamma1__6m__1m,0.05831823428080956,-8.969106198184939,-0.04264775893190012,9.110222072562898,2.8855489480960244,-1.8227878623148304,-2.0435230959760933,1.8531805756324304,0.003907316967707299,0.06833552676784288,0.04100068344418381,0.063856480826317,0.004836224697513547,1591.0,0.05831823428080956,-8.969106198184939,0.01567047534890944,0.14111587437795947,0.015327949009711439,1291.0,-0.0018971254323403297,0.793539392103246,0.21373181401688585,0.506584043377227,654.0,1291.0,0.32805827786038483,,,
variance_swap,2m,daily,gamma2__12m__1m,0.0006684814315475702,0.9473365050342214,0.029549204898650004,2.554532324472567,0.08026958889691002,1.3056576535492523,2.9301593441869938,1.8571247957563712,0.9360228446906156,0.19166900471062653,0.0033878822875106807,0.06329340122106736,0.008916012985425215,1591.0,0.0006684814315475702,0.9473365050342214,0.030217686330197575,3.5018688295067886,0.015327949009711439,1291.0,-0.0026284781779934985,1.0819315011015453,0.13964148311833602,0.5104570100697134,659.0,1291.0,0.23465654934657368,,,
variance_swap,2m,daily,gamma2__12m__6m,0.020596397907090093,-0.5204389006446849,-0.009326542471407802,0.701157236518234,3.56410855305896,-0.7367076248826695,-1.4202961393495,0.7465337571216669,0.000365094850022231,0.4613001689565511,0.15552148464562857,0.45534504746586923,0.0016242451708287087,1830.0,0.020596397907090093,-0.5204389006446849,0.011269855435682291,0.18071833587354913,0.013470114191504347,1291.0,0.0011369161666516803,1.2168182491754933,0.11183668753977627,0.506584043377227,654.0,1291.0,0.32805827786038483,,,
variance_swap,2m,daily,gamma2__6m__1m,-0.003235894833103648,1.707817892724672,0.03354444174263735,2.5431057743975995,-0.4506491744396576,1.1541987360326988,3.3546505901089785,0.9561311102778505,0.65224241919556,0.24841870067056593,0.0007946528777605557,0.33900599897560657,0.007023241273254599,1591.0,-0.003235894833103648,1.707817892724672,0.0303085469095337,4.250923667122271,0.015327949009711439,1291.0,-0.016147048625227534,-1.5354631214049366,0.9376649454483065,0.48412083656080557,625.0,1291.0,0.8787883726454985,,,
variance_swap,2m,daily,hump_gamma0,0.011937690667642427,4.329194520636708,0.012771471852627544,81.34466050099556,1.6952935554497717,0.11517449539797447,1.3586027959956708,1.2578800398007757,0.09001974674582694,0.9083068138514112,0.17427248871873213,0.20843514334636015,0.0015154168720573624,1591.0,0.011937690667642427,4.329194520636708,0.024709162520269973,85.67385502163226,0.015327949009711439,1291.0,-0.007701872185390313,-1.8995704042475992,0.9712552404023325,0.4895429899302866,632.0,1291.0,0.7820874987521924,,,
variance_swap,2m,daily,hump_gamma1,0.013666958255625252,15.323897685090369,0.01683032087411658,346.21540780779554,3.0433042907155565,0.31057502663402053,1.6297133465067237,2.0664338026879006,0.002339955902057937,0.7561237147902988,0.10316209525420095,0.03878753693604924,0.002984963487036696,1591.0,0.013666958255625252,15.323897685090369,0.03049727912974183,361.5393054928859,0.015327949009711439,1291.0,0.0016844773882888076,1.4071203952813158,0.079695845653169,0.5112316034082107,660.0,1291.0,0.21791250124780764,,,
variance_swap,2m,daily,hump_gamma2,0.019525638385261706,-65.63250655830012,-0.011959308275692651,57.327402276706486,4.3498463803913525,-0.5220330531084741,-1.5660625028400823,0.3426110274634291,1.3623293523522352e-05,0.6016473172541698,0.11733398540703764,0.7318911049510952,0.0017976606366105763,1591.0,0.019525638385261706,-65.63250655830012,0.007566330109569055,-8.305104281593636,0.015327949009711439,1291.0,-0.005036353982046382,-1.7235798291631903,0.9576081387575597,0.506584043377227,654.0,1291.0,0.32805827786038483,,,
variance_swap,2m,weekly,gamma0__12m__1m,-0.041703493776693294,2.107660876869962,0.2234393710776888,-0.23648416407584802,-1.4076533972962828,1.3967111433274138,1.9661438342755522,-0.14557407492739594,0.15923372765912458,0.16250045187310058,0.049281998184169486,0.8842576351399889,0.041922975800614326,263.0,-0.041703493776693294,2.107660876869962,0.1817358773009955,1.8711767127941141,0.05798047670859536,105.0,-0.0409392569762721,-1.1854299695064774,0.8820762559128144,0.6666666666666666,14.0,21.0,0.09462356567382812,,,
variance_swap,2m,weekly,gamma0__12m__6m,0.05149166365790946,7.25294975296525,0.010416012089140265,-4.770475056407547,0.9015117689912899,0.8548186290992258,0.16744837498028584,-0.5456808485640889,0.3673162792028418,0.39265156337071627,0.8670172647148517,0.5852853387278341,0.014092868780143486,299.0,0.05149166365790946,7.25294975296525,0.06190767574704973,2.482474696557703,0.056515267234440114,105.0,0.0037965098268123443,0.3499552001998257,0.36318615964873047,0.7142857142857143,15.0,21.0,0.03917694091796875,,,
variance_swap,2m,weekly,gamma0__6m__1m,-0.006602590567125133,0.7375113655669605,0.15378306976699244,0.869623767846986,-0.2453234786754204,0.43561182193149384,1.5778705975609064,0.4458241157064718,0.8062059737457378,0.6631183920352706,0.11459534097325168,0.6557243004379274,0.022143416092254342,263.0,-0.006602590567125133,0.7375113655669605,0.1471804791998673,1.6071351334139465,0.05798047670859536,105.0,-0.033020619214332525,-1.455652801913732,0.9272556882424297,0.6666666666666666,14.0,21.0,0.09462356567382812,,,
variance_swap,2m,weekly,gamma1__12m__1m,0.025016728699498305,-14.098927616195162,0.039802420741750576,14.27158264231408,0.4423619225197666,-1.2247548393769963,0.5583554234007917,1.216130949135094,0.6582273284376285,0.22066760506909167,0.5766017057430546,0.22393504251536256,0.0024566895394334543,263.0,0.025016728699498305,-14.098927616195162,0.06481914944124888,0.17265502611891748,0.05798047670859536,105.0,-0.05658579459043778,-1.2674816175337313,0.8975084337668847,0.7619047619047619,16.0,21.0,0.013301849365234375,,,
variance_swap,2m,weekly,gamma1__12m__6m,0.09804741831769477,-6.295524273674224,-0.009861564975630701,10.396408633559004,2.208456290302618,-1.0641370287622376,-0.15401884306555988,1.4708551173107183,0.027212481563231333,0.28726662856220164,0.87759487824287,0.14133030285442394,0.009846451953050117,299.0,0.09804741831769477,-6.295524273674224,0.08818585334206407,4.1008843598847795,0.056515267234440114,105.0,-0.013621463421015001,-0.9698662216959197,0.8339434105205341,0.6666666666666666,14.0,21.0,0.09462356567382812,,,
variance_swap,2m,weekly,gamma1__6m__1m,-0.00620239446485299,-1.9331964356723437,0.01418022194069694,-3.1992492678784217,-0.14341459243405874,-0.20823701013970014,0.2588644673750017,-0.293074914777388,0.885962759007128,0.8350439120139932,0.795739814819677,0.7694648904303222,0.016091415529979614,263.0,-0.00620239446485299,-1.9331964356723437,0.007977827475843951,-5.132445703550765,0.05798047670859536,105.0,-0.005507369075134161,-0.0729279887159319,0.5290682892675334,0.9047619047619048,19.0,21.0,0.000110626220703125,,,
variance_swap,2m,weekly,gamma2__12m__1m,0.004577060428079345,2.3014164442388765,0.018417335262707044,-14.668642310597942,0.15331632700303086,0.8765117484033929,0.2665971974447509,-1.384642882554508,0.8781488258053413,0.38075189239054497,0.7897793136795065,0.1661616921652559,0.017138866982207235,263.0,0.004577060428079345,2.3014164442388765,0.022994395690786387,-12.367225866359066,0.05798047670859536,105.0,-0.017288102172987152,-0.8713179568746491,0.8082097157838009,0.7619047619047619,16.0,21.0,0.013301849365234375,,,
variance_swap,2m,weekly,gamma2__12m__6m,0.05721755636180555,0.4783758718393504,0.009396295921541564,2.701118005578902,2.310824051579154,0.16625960428098074,0.1378144516199954,0.38541980321332203,0.020842575445437155,0.8679526546539916,0.8903870626062798,0.6999264129005551,0.001591171432317795,299.0,0.05721755636180555,0.4783758718393504,0.06661385228334711,3.179493877418252,0.056515267234440114,105.0,0.004663859320970132,2.86521633480478,0.002083622216040646,0.7619047619047619,16.0,21.0,0.013301849365234375,,,
variance_swap,2m,weekly,gamma2__6m__1m,-0.01870877686069584,6.168959819815956,-0.0016274940456416365,-48.41344246993596,-0.6673729140895487,1.2041028461009777,-0.028770350707315265,-2.691949419018278,0.5045339626773893,0.22854983003203055,0.9770477477951564,0.007103571788292203,0.054441314142874786,263.0,-0.01870877686069584,6.168959819815956,-0.020336270906337477,-42.244482650120005,0.05798047670859536,105.0,0.018241800596817903,0.6001404468781996,0.2742063193668457,0.5714285714285714,12.0,21.0,0.33181190490722656,,,
variance_swap,2m,weekly,hump_gamma0,0.09139294655414881,-78.14190574661129,-0.06483882772999691,525.0234955031979,1.4965737191556372,-0.37492451459690773,-1.1012739762325887,1.3830097322527666,0.13450421270912247,0.7077166067123797,0.27077743380481734,0.1666618817787393,0.00909237893741588,263.0,0.09139294655414881,-78.14190574661129,0.0265541188241519,446.88158975658655,0.05798047670859536,105.0,-0.0427501392033216,-1.9747079380261097,0.9758493492073883,0.42857142857142855,9.0,21.0,0.808344841003418,,,
variance_swap,2m,weekly,hump_gamma1,0.04815776108878853,679.2129713231413,-0.06096012976349183,-577.3310896639802,0.8454092887678136,1.0872328137676819,-0.9633703653054879,-0.7616725124534677,0.39788236008024835,0.2769339324512763,0.3353616926454057,0.4462554848171194,0.030826023372538702,263.0,0.04815776108878853,679.2129713231413,-0.012802368674703295,101.8818816591612,0.05798047670859536,105.0,0.033631860722484475,1.2348765921601748,0.10843821818347393,0.9047619047619048,19.0,21.0,0.000110626220703125,,,
variance_swap,2m,weekly,hump_gamma2,0.1125143643395142,160.00933450131564,-0.1267744489208596,-398.38676142673864,1.6455557847323432,0.36034758210427503,-1.7342398015708487,-0.5907222924239798,0.09985524863330071,0.7185872205609372,0.08287554360558687,0.5547065088064349,0.02892598170325522,263.0,0.1125143643395142,160.00933450131564,-0.014260084581345395,-238.377426925423,0.05798047670859536,105.0,0.020750212332776075,1.0707423892221184,0.14214263864478488,0.6666666666666666,14.0,21.0,0.09462356567382812,,,
variance_swap,3m,daily,gamma0__12m__1m,0.0008482640960020886,0.14993123307401063,0.008875489429836575,-0.05329372408358,0.2313470030165377,1.2605144144700806,1.3942727495534153,-0.34363776768535076,0.8170452338020047,0.20748385130517166,0.1632352566159614,0.7311187179957364,0.001223614359789127,2073.0,0.0008482640960020886,0.14993123307401063,0.009723753525838662,0.09663750899043064,0.005266019002160499,1558.0,-0.0018315650557778618,-0.6402184584456566,0.738984707939502,0.4544287548138639,708.0,1558.0,0.9998556439318682,,,
variance_swap,3m,daily,gamma0__12m__6m,-0.0013650939742049194,0.8925787012187361,0.004691864842727211,-0.8034568683770188,-0.40990368077609607,2.3166545634791795,0.8853948423910635,-1.602962727156691,0.6818766051898295,0.020522556530873492,0.3759437131550192,0.10894288337728293,0.0025944527189333266,2352.0,-0.0013650939742049194,0.8925787012187361,0.003326770868522292,0.08912183284171726,0.004632096230636979,1558.0,-0.00441237994501531,-1.5078128098858647,0.9341987786579861,0.4544287548138639,708.0,1558.0,0.9998556439318682,,,
variance_swap,3m,daily,gamma0__6m__1m,0.0062356020841459765,-0.04574359009558951,0.0012374816375590439,0.1253857788516694,1.5692100270936102,-0.2766047340706623,0.19384567347270854,0.5979456105397415,0.11659900856527992,0.7820836292221328,0.8462967229812303,0.5498762249350213,0.00028512112219103436,2073.0,0.0062356020841459765,-0.04574359009558951,0.0074730837217050206,0.0796421887560799,0.005266019002160499,1558.0,-0.0012809868815626402,-1.190900450643853,0.8831536661886557,0.45378690629011553,707.0,1558.0,0.9998815395739976,,,
variance_swap,3m,daily,gamma1__12m__1m,0.037496746113241164,-4.346851238114122,-0.02688458677815327,4.74400049474123,2.3715492830510008,-1.875532007634025,-1.6548321886208424,2.0420168081247456,0.017713684180203585,0.060719570377986684,0.09795854265024684,0.04114986408636571,0.00565382312338758,2073.0,0.037496746113241164,-4.346851238114122,0.010612159335087894,0.39714925662710776,0.005266019002160499,1558.0,0.006267430595937484,2.772009015844643,0.002785574674402221,0.472400513478819,736.0,1558.0,0.9862580963120322,,,
variance_swap,3m,daily,gamma1__12m__6m,0.010042936658643519,-0.3199892515380999,-0.0055485231502243725,0.5448574781643685,2.0774621256866452,-0.43113851721981217,-1.0289068619694803,0.6932652151747459,0.03775892739159604,0.6663676556674308,0.30352344355159067,0.48814312834338225,0.001292263269638494,2352.0,0.010042936658643519,-0.3199892515380999,0.004494413508419146,0.2248682266262686,0.004632096230636979,1558.0,0.002659683546506142,2.431570148739208,0.007516768444815863,0.4595635430038511,716.0,1558.0,0.9993570856505026,,,
variance_swap,3m,daily,gamma1__6m__1m,0.040279555240517496,-6.60379886028553,-0.03135089905190491,6.977987095563778,3.2070197285409967,-2.2666652874795608,-2.4122767887574015,2.3843207272595905,0.0013411779781398012,0.02341068047705152,0.015853241250462738,0.01711068256664827,0.005938713503281345,2073.0,0.040279555240517496,-6.60379886028553,0.008928656188612584,0.37418823527824774,0.005266019002160499,1558.0,-0.001986205037436184,0.972209672450141,0.1654731248046264,0.4621309370988447,720.0,1558.0,0.9987199247003612,,,
variance_swap,3m,daily,gamma2__12m__1m,-0.0025964987055429145,0.6229538017237535,0.01274603371699586,0.4897521900272542,-0.4867226586844692,1.2564258949256046,1.9076829911399893,0.4890167737585745,0.6264548856154026,0.20896159799950986,0.05643220138551505,0.6248298215647587,0.002363742904666344,2073.0,-0.0025964987055429145,0.6229538017237535,0.010149535011452946,1.1127059917510076,0.005266019002160499,1558.0,-0.001994284990768813,-0.043791382274554654,0.51746465177763,0.44801026957637996,698.0,1558.0,0.9999821064781889,,,
variance_swap,3m,daily,gamma2__12m__6m,0.009230433584058954,-0.12628425030168045,-0.006709616637971868,0.1426852333361872,2.535955771273486,-0.28012346393195126,-1.5631953842969666,0.1940229471462473,0.01121408962985896,0.7793827834436101,0.11800664546683012,0.8461579140899281,0.0014348898733196336,2352.0,0.009230433584058954,-0.12628425030168045,0.002520816946087086,0.016400983034506766,0.004632096230636979,1558.0,0.0007584079300756441,1.108770771890084,0.13376454117164677,0.45314505776636715,706.0,1558.0,0.9999030280939336,,,
variance_swap,3m,daily,gamma2__6m__1m,-0.003076139085702703,1.173898540292552,0.015011411939571886,0.8717748296460336,-0.6059321176780917,0.9640128690275203,2.279646794373759,0.49104535345632083,0.5445598308784507,0.3350394739512427,0.02262864524629681,0.6233943704186817,0.002561281609047561,2073.0,-0.003076139085702703,1.173898540292552,0.011935272853869184,2.0456733699385854,0.005266019002160499,1558.0,-0.0063401308782893295,-1.1742905468268847,0.8798606657913466,0.4492939666238768,700.0,1558.0,0.9999722907825154,,,
variance_swap,3m,daily,hump_gamma0,0.006398264075452777,-9.834828215246752,0.005456649239605008,81.2719579477569,1.4085635200435465,-0.39863905271834515,0.8889825250008687,1.9509653477337934,0.15896427210874153,0.6901591818526954,0.37401247151199934,0.05106116805966426,0.0016482883081107014,2073.0,0.006398264075452777,-9.834828215246752,0.011854913315057784,71.43712973251016,0.005266019002160499,1558.0,-0.00963054870155089,-1.9415844414603864,0.973906286052131,0.47689345314505777,743.0,1558.0,0.9678197838228462,,,
variance_swap,3m,daily,hump_gamma1,0.0053637431028414635,-16.580463341131292,0.011815844366799545,188.52892508944058,1.6684944921290974,-0.4633039732852778,1.8448722377771993,1.81245850246354,0.09521760440408247,0.64314649818687,0.06505612603016243,0.06991538036659121,0.0022401010531000187,2073.0,0.0053637431028414635,-16.580463341131292,0.01717958746964101,171.94846174830928,0.005266019002160499,1558.0,0.0013877521323362174,1.279046202370867,0.10044039321592096,0.4557124518613607,710.0,1558.0,0.9997872019042774,,,
variance_swap,3m,daily,hump_gamma2,0.0057084259353916405,10.591334134334582,-0.0030375285412313296,-22.59087897775143,2.1326458313160743,0.14255043082582097,-0.5939324319213383,-0.19027176096009213,0.032953790632743944,0.8866452480110394,0.552557306162736,0.8490961808970637,0.0002414397113860156,2073.0,0.0057084259353916405,10.591334134334582,0.002670897394160311,-11.999544843416848,0.005266019002160499,1558.0,-0.0010555967684446887,-1.1487065876628237,0.8746615057327776,0.45314505776636715,706.0,1558.0,0.9999030280939336,,,
variance_swap,3m,weekly,gamma0__12m__1m,0.03086152349450893,0.461806197518211,0.021129268970100996,0.5315243527705865,1.4450535701528682,0.4457820032992864,0.6718502036075117,0.45247905710414277,0.14844283907569367,0.6557547228893092,0.5016790644030826,0.6509239052442037,0.019360712083002718,615.0,0.03086152349450893,0.461806197518211,0.05199079246460993,0.9933305502887975,0.024865795173982807,285.0,0.000604667721770924,0.3020806388559782,0.3812952956812533,0.5263157894736842,30.0,57.0,0.3956832138895903,,,
variance_swap,3m,weekly,gamma0__12m__6m,0.015777647537242027,5.512861292994153,0.011328131790883244,-3.2619705143728406,0.6622439066201623,1.451375484239519,0.4545033578220093,-0.8017581658039435,0.5078149194839119,0.14667533249769127,0.6494665756870084,0.42269286217511093,0.022773828522093864,694.0,0.015777647537242027,5.512861292994153,0.027105779328125273,2.250890778621313,0.02282157825068346,285.0,0.004975240490523447,1.2373276449357855,0.10798273431969252,0.5789473684210527,33.0,57.0,0.14462187355451026,,,
variance_swap,3m,weekly,gamma0__6m__1m,0.04137446834028996,-0.10424301089128664,0.008607170977889128,1.287209913668918,1.88386259034909,-0.07971494065712617,0.2843485104254905,0.8714338746364708,0.05958356459366367,0.9364639763437259,0.7761433137172092,0.3835172965114506,0.01580548115954883,615.0,0.04137446834028996,-0.10424301089128664,0.04998163931817909,1.1829669027776313,0.024865795173982807,285.0,-0.0016678320083740594,0.07237282328535624,0.47115260597108244,0.5263157894736842,30.0,57.0,0.3956832138895903,,,
variance_swap,3m,weekly,gamma1__12m__1m,0.027765674484206315,1.6873109001085367,0.007447356158230972,-1.05555929357857,0.6999576002093632,0.2816397634298591,0.18100768308605403,-0.17325821279451073,0.48395378384188903,0.7782197470750766,0.8563615454007022,0.862448468248606,0.001631758912026604,615.0,0.027765674484206315,1.6873109001085367,0.03521303064243729,0.6317516065299666,0.024865795173982807,285.0,0.011874605604203614,1.9660123205341038,0.02464859372125616,0.5087719298245614,29.0,57.0,0.5,,,
variance_swap,3m,weekly,gamma1__12m__6m,0.029997738761746738,0.5033438547108793,0.0041453577077998375,1.2350971971041833,1.3183212261608865,0.16573601594078471,0.1458210191307654,0.3689656517645783,0.18739613828690815,0.8683647013838982,0.8840626823998199,0.7121533271485367,0.006356713179808349,694.0,0.029997738761746738,0.5033438547108793,0.03414309646954657,1.7384410518150626,0.02282157825068346,285.0,0.00753171125213381,1.655748825631053,0.04888634753044492,0.5263157894736842,30.0,57.0,0.3956832138895903,,,
variance_swap,3m,weekly,gamma1__6m__1m,0.024629524259063052,-2.2939557947625566,-0.0012560080739635639,2.107156114252466,0.8308869508061344,-0.3933227811885731,-0.039683016204303624,0.34290418963341845,0.4060374960632529,0.6940810943958329,0.9683458421165807,0.731670539784314,0.00030346978997430885,615.0,0.024629524259063052,-2.2939557947625566,0.023373516185099488,-0.18679968051009066,0.024865795173982807,285.0,-0.0046633993994567025,-1.7385752670473233,0.958945249934222,0.5087719298245614,29.0,57.0,0.5,,,
variance_swap,3m,weekly,gamma2__12m__1m,0.008211696745748827,0.20720762500370649,0.032190609220794364,2.0567735070194066,0.4266654890483089,0.1706135151850324,1.2706388827782442,0.5228880169170941,0.6696229904607303,0.8645276701676332,0.20385714751411022,0.6010521840465564,0.003529142949977193,615.0,0.008211696745748827,0.20720762500370649,0.04040230596654319,2.263981132023113,0.024865795173982807,285.0,0.004935512845381296,1.3620516275117158,0.08659079629767824,0.5087719298245614,29.0,57.0,0.5,,,
variance_swap,3m,weekly,gamma2__12m__6m,0.04802876445655013,-2.2724393219895527,-0.02619194747448452,5.136206203713854,2.699609986610367,-1.435923023565566,-1.1517919133025238,1.639421126411518,0.006942080495457176,0.1510242462710208,0.24940659170729818,0.1011255847565555,0.010458820131590163,694.0,0.04802876445655013,-2.2724393219895527,0.02183681698206561,2.8637668817243016,0.02282157825068346,285.0,-0.00011000483073675404,0.2980168983382146,0.3828451331524708,0.5087719298245614,29.0,57.0,0.5,,,
variance_swap,3m,weekly,gamma2__6m__1m,-0.007098208087329904,1.3581406892762806,0.016975446219760812,-13.090051289458662,-0.4118494529075501,0.3558755960212796,0.6543296433018229,-1.3287566765848007,0.6804497717364142,0.7219337324948726,0.5128994517607726,0.1839282595750581,0.01814785234605043,615.0,-0.007098208087329904,1.3581406892762806,0.009877238132430908,-11.731910600182381,0.024865795173982807,285.0,-0.01638300762690026,-0.9666103641995661,0.8331305742476451,0.45614035087719296,26.0,57.0,0.7864785717483724,,,
variance_swap,3m,weekly,hump_gamma0,0.042912842206663554,-177.31252896474513,0.011570114646195692,371.6270151088964,1.8976266796116499,-1.6706633552713372,0.4204845178372464,1.3579523462080136,0.05774527732004179,0.0947881908207898,0.6741315371618004,0.17447880571167929,0.012018277239290165,615.0,0.042912842206663554,-177.31252896474513,0.05448295685285925,194.31448614415126,0.024865795173982807,285.0,-0.005181099808476253,-0.19773442914731737,0.5783735745224698,0.5087719298245614,29.0,57.0,0.5,,,
variance_swap,3m,weekly,hump_gamma1,0.027609566146920447,55.446230929438485,-0.010417130198439966,191.03842205334115,1.4731448981874333,0.2722827617716506,-0.46067012849031075,0.5068580683770564,0.14071196914426606,0.7854046097898616,0.645035289448355,0.6122544089467206,0.004511605673240493,615.0,0.027609566146920447,55.446230929438485,0.01719243594848048,246.48465298277964,0.024865795173982807,285.0,-0.004098555094576906,-0.7906448144445735,0.7854243561290328,0.543859649122807,31.0,57.0,0.2983208801865413,,,
variance_swap,3m,weekly,hump_gamma2,0.0431231731902306,10.671975150258675,-0.045814265675623286,-23.793982006605177,2.30261624917807,0.06179627321201267,-1.8740008390274088,-0.07163894438970275,0.021300444091188607,0.9507250713633008,0.06093030947050727,0.9428892465400814,0.013628464109366134,615.0,0.0431231731902306,10.671975150258675,-0.0026910924853926835,-13.122006856346502,0.024865795173982807,285.0,-0.0031912861218006405,0.020295828358829874,0.4919036917951294,0.5263157894736842,30.0,57.0,0.3956832138895903,,,
variance_swap,3m,monthly,gamma0__12m__1m,,,,,,,,,,,,,,,,,,,,,,,,,,,,insufficient out of sample data,80.0,0.0
variance_swap,3m,monthly,gamma0__12m__6m,,,,,,,,,,,,,,,,,,,,,,,,,,,,insufficient out of sample data,98.0,0.0
variance_swap,3m,monthly,gamma0__6m__1m,,,,,,,,,,,,,,,,,,,,,,,,,,,,insufficient out of sample data,80.0,0.0
variance_swap,3m,monthly,gamma1__12m__1m,,,,,,,,,,,,,,,,,,,,,,,,,,,,insufficient out of sample data,80.0,0.0
variance_swap,3m,monthly,gamma1__12m__6m,,,,,,,,,,,,,,,,,,,,,,,,,,,,insufficient out of sample data,98.0,0.0
variance_swap,3m,monthly,gamma1__6m__1m,,,,,,,,,,,,,,,,,,,,,,,,,,,,insufficient out of sample data,80.0,0.0
variance_swap,3m,monthly,gamma2__12m__1m,,,,,,,,,,,,,,,,,,,,,,,,,,,,insufficient out of sample data,80.0,0.0
variance_swap,3m,monthly,gamma2__12m__6m,,,,,,,,,,,,,,,,,,,,,,,,,,,,insufficient out of sample data,98.0,0.0
variance_swap,3m,monthly,gamma2__6m__1m,,,,,,,,,,,,,,,,,,,,,,,,,,,,insufficient out of sample data,80.0,0.0
variance_swap,3m,monthly,hump_gamma0,,,,,,,,,,,,,,,,,,,,,,,,,,,,insufficient out of sample data,80.0,0.0
variance_swap,3m,monthly,hump_gamma1,,,,,,,,,,,,,,,,,,,,,,,,,,,,insufficient out of sample data,80.0,0.0
variance_swap,3m,monthly,hump_gamma2,,,,,,,,,,,,,,,,,,,,,,,,,,,,insufficient out of sample data,80.0,0.0
variance_swap,4m,daily,gamma0__12m__1m,0.002242547378063864,0.01875716147132106,-0.00012152418743563637,-0.06063218074996528,0.7318574327436668,0.19729600871391126,-0.022469808747161858,-0.453019945895739,0.4642555899239035,0.843595902547935,0.9820731950467848,0.6505343789856846,0.00025028551982231306,2271.0,0.002242547378063864,0.01875716147132106,0.0021210231906282277,-0.04187501927864422,0.0030985530002991995,1851.0,0.0007034041053118889,0.9009685484604466,0.18380252122015495,0.4105888708806051,760.0,1851.0,0.9999999999999949,,,
variance_swap,4m,daily,gamma0__12m__6m,-0.00026796851067846603,0.4700819568882473,-0.001556457765767504,-0.7408058315391413,-0.0984429817653131,1.5991290487969083,-0.3536528407914025,-1.7407916153483962,0.9215805458943112,0.10979193132950574,0.7235990689246972,0.08172011222516164,0.0018396642687821263,2556.0,-0.00026796851067846603,0.4700819568882473,-0.00182442627644597,-0.270723874650894,0.0026653835651130513,1851.0,-0.001686172966181232,-0.33019677280706017,0.6293743574261921,0.4505672609400324,834.0,1851.0,0.9999906594695555,,,
variance_swap,4m,daily,gamma0__6m__1m,0.0038139209174337958,-0.06812051188898482,-0.0010528486798895838,0.0159689673547894,1.20562537187579,-0.5182967713713005,-0.19749536422984854,0.0886189193523239,0.22796197177513988,0.6042512252297598,0.8434399088107332,0.929384771773278,0.0004238564930874045,2271.0,0.0038139209174337958,-0.06812051188898482,0.002761072237544212,-0.052151544534195425,0.0030985530002991995,1851.0,0.0010584524556253028,1.2788675407371053,0.10047185236440864,0.4105888708806051,760.0,1851.0,0.9999999999999949,,,
variance_swap,4m,daily,gamma1__12m__1m,0.03924369663103126,-4.581789707982216,-0.031531954841819386,4.937597398985035,2.9499808016807334,-1.7486622215827199,-2.333079141216493,1.8817580011651538,0.0031779367604460383,0.08034942395072293,0.01964399200626817,0.0598688806048524,0.008315206407300879,2271.0,0.03924369663103126,-4.581789707982216,0.007711741789211871,0.35580769100281895,0.0030985530002991995,1851.0,-9.942772590987303e-05,2.333854134421719,0.009801680535161426,0.4516477579686656,836.0,1851.0,0.9999858607139233,,,
variance_swap,4m,daily,gamma1__12m__6m,0.008353135407780366,-0.4089250985547346,-0.005155719933438636,0.7617741424629569,2.291742581162474,-0.6450333562986811,-1.25419841008012,1.1379085378839677,0.021920501737996076,0.5189055697478393,0.20976989763213238,0.25515867576638374,0.0025683889961345407,2556.0,0.008353135407780366,-0.4089250985547346,0.0031974154743417303,0.35284904390822236,0.0026653835651130513,1851.0,0.0021232171438088088,1.9614567652887684,0.024912881864431604,0.4376012965964344,810.0,1851.0,0.9999999665472034,,,
variance_swap,4m,daily,gamma1__6m__1m,0.018458106714987772,-3.352992941658066,-0.010919111468378933,3.7408959853897334,1.8004847225921268,-1.2033191895956536,-1.0334398376796294,1.338480229520199,0.07178413375804008,0.22885282595351641,0.30139811144341266,0.18073994093673484,0.0033163126424046174,2271.0,0.018458106714987772,-3.352992941658066,0.007538995246608839,0.3879030437316673,0.0030985530002991995,1851.0,-0.0030900759676535383,-0.05864591060824464,0.523382928895157,0.428957320367369,794.0,1851.0,0.9999999996037384,,,
variance_swap,4m,daily,gamma2__12m__1m,0.001736747147817471,-0.02281648822872264,0.0047102179126830394,0.8387216166249833,0.3920550043432213,-0.06330023442957787,0.8645369200760773,0.9844929097081109,0.6950175727775578,0.9495274290916714,0.38729300777708686,0.3248732159336045,0.0010979941227791112,2271.0,0.001736747147817471,-0.02281648822872264,0.006446965060500511,0.8159051283962607,0.0030985530002991995,1851.0,0.00013580067399232565,0.7939386120930639,0.21361558491257,0.41869259859535385,775.0,1851.0,0.9999999999990027,,,
variance_swap,4m,daily,gamma2__12m__6m,0.006702113421078287,-0.38282646815826515,-0.005657979065207596,0.3310434060877937,2.4451037408499086,-1.0897906127193262,-1.7154094836504952,0.5354956566910243,0.014481048157609285,0.27580539000794524,0.08627017787255509,0.5923071601550708,0.0014259770596647403,2556.0,0.006702113421078287,-0.38282646815826515,0.001044134355870691,-0.05178306207047145,0.0026653835651130513,1851.0,-0.001115856272409843,-0.12470687006041054,0.5496221908287112,0.4095083738519719,758.0,1851.0,0.9999999999999976,,,
variance_swap,4m,daily,gamma2__6m__1m,-0.004747660695590018,0.9301606199248227,0.013754641611518051,0.877813941723877,-1.074196427218159,0.8859197533424757,2.4805146774199156,0.5753945197732241,0.2827346533579165,0.3756607708940185,0.013119286245706095,0.5650245096280547,0.0029568817660636793,2271.0,-0.004747660695590018,0.9301606199248227,0.009006980915928033,1.8079745616486997,0.0030985530002991995,1851.0,-0.009365237128362347,-1.8940379689470264,0.9708900148566209,0.43706104808211776,809.0,1851.0,0.9999999742365109,,,
variance_swap,4m,daily,hump_gamma0,0.001873494909678747,16.294591114587227,0.005918399964161526,41.994411628231845,0.47713399814457436,0.6935433711113494,1.1588757751767873,1.187266346423951,0.6332667064149299,0.4879686176939103,0.2465068246084997,0.23512257812922144,0.0021455403909411697,2271.0,0.001873494909678747,16.294591114587227,0.007791894873840273,58.28900274281907,0.0030985530002991995,1851.0,-0.001555533348577498,1.072444758844853,0.1417601566629093,0.48190167477039436,892.0,1851.0,0.9430206571191487,,,
variance_swap,4m,daily,hump_gamma1,0.00511661774013509,-26.728237343649454,0.003443286746318262,169.40330864117632,1.9844992822145584,-0.8955997041109234,0.6480426260796281,1.8025360129585533,0.04720020802730533,0.3704665937968261,0.5169573808077086,0.07146111397808907,0.0016123166789782095,2271.0,0.00511661774013509,-26.728237343649454,0.008559904486453352,142.67507129752687,0.0030985530002991995,1851.0,-0.0005408672490379018,0.26387469606393643,0.39593823719737054,0.43327930848190166,802.0,1851.0,0.99999999610044,,,
variance_swap,4m,daily,hump_gamma2,0.0055693562361189665,-59.874581905239964,-0.007382909160576465,27.487560215723487,2.638414734650549,-1.0035129737813449,-1.7863670396335591,0.28092533779132123,0.008329464398893215,0.3156134203916293,0.0740398487215885,0.7787676661531315,0.00153182060424506,2271.0,0.0055693562361189665,-59.874581905239964,-0.0018135529244574988,-32.38702168951647,0.0030985530002991995,1851.0,-0.004024940442590497,-1.3208871478471644,0.9067305021442634,0.46461372231226367,860.0,1851.0,0.9989270971547222,,,
variance_swap,4m,weekly,gamma0__12m__1m,0.010693666449252676,-0.009602177008667945,-0.016898330242135502,-0.34819044576246916,0.6025336386588175,-0.01010315495592415,-0.6837176757566269,-0.3229158138583479,0.5468189786287991,0.9919389857818142,0.4941534597112376,0.7467589996428328,0.0035570835443639037,752.0,0.010693666449252676,-0.009602177008667945,-0.006204663792882826,-0.3577926227711371,0.009167926135264742,740.0,0.007288915818301045,0.8788122811189829,0.18975153313768695,0.41216216216216217,61.0,148.0,0.9869373606007003,,,
variance_swap,4m,weekly,gamma0__12m__6m,-0.0036946442495086806,1.9035715762452905,0.0058300034835450255,-2.3515743889204668,-0.22074668406027864,0.6087745031606491,0.2931696710684767,-0.6940732953967788,0.8252896793590662,0.5426739159594572,0.7693924650680133,0.48763624471184,0.002003691743826752,853.0,-0.0036946442495086806,1.9035715762452905,0.002135359234036345,-0.4480028126751763,0.0071996615368803245,740.0,0.006417594872169086,1.7595738723820264,0.03924004238548345,0.42567567567567566,63.0,148.0,0.9708440342628522,,,
variance_swap,4m,weekly,gamma0__6m__1m,0.012806206868260206,-0.0951901970699845,-0.023742061878145163,-0.4861339046445763,0.7533524505417043,-0.08103387126601796,-0.9486328360494535,-0.35600106223749384,0.4512381480531703,0.9354150156942981,0.34280738449003356,0.7218397696789675,0.005508868981163428,752.0,0.012806206868260206,-0.0951901970699845,-0.010935855009884957,-0.5813241017145607,0.009167926135264742,740.0,0.009501844866806719,1.0094811890037045,0.15637195932680248,0.4391891891891892,65.0,148.0,0.9409803766091369,,,
variance_swap,4m,weekly,gamma1__12m__1m,-0.0027656249147315556,2.2586283075572373,0.02266926718765039,-1.623892127263433,-0.08483302160498232,0.3666660684771846,0.655651557813627,-0.260547712342438,0.9323941407123443,0.7138681197315861,0.5120483441141125,0.7944413166151942,0.0021805717649452383,752.0,-0.0027656249147315556,2.2586283075572373,0.019903642272918836,0.6347361802938043,0.009167926135264742,740.0,0.0057672094217767755,1.5215978179421468,0.06405494232228852,0.43243243243243246,64.0,148.0,0.9580166913780348,,,
variance_swap,4m,weekly,gamma1__12m__6m,0.021576151160325005,-0.73113153562358,-0.010355982677795226,1.7759669422846325,1.3052785725242602,-0.35568809710487004,-0.5238751938010396,0.7841577467129105,0.19179800764136246,0.7220741599962475,0.6003653493117733,0.4329475547137349,0.00450589850251959,853.0,0.021576151160325005,-0.73113153562358,0.01122016848252978,1.0448354066610523,0.0071996615368803245,740.0,0.009802147943865802,2.3682422678960124,0.00893641405832038,0.47297297297297297,70.0,148.0,0.7702294780846527,,,
variance_swap,4m,weekly,gamma1__6m__1m,0.006509734948645037,-0.20058522063571482,0.009402341987909579,0.7215960782849997,0.2438715475361628,-0.04181182485106486,0.32505290442264473,0.13970695232526914,0.8073303057480601,0.966648708389537,0.7451410318722211,0.8888915331226548,0.0007965997630970945,752.0,0.006509734948645037,-0.20058522063571482,0.015912076936554616,0.5210108576492849,0.009167926135264742,740.0,-0.003913180935950722,-1.1761156050193307,0.8802256585582331,0.43243243243243246,64.0,148.0,0.9580166913780348,,,
variance_swap,4m,weekly,gamma2__12m__1m,0.008219513624423212,0.0039500409137736,-0.009671087875385375,-2.7658082005856706,0.5337494324046793,0.0034689438991937368,-0.4255918164850653,-0.6295778885804946,0.5935149037612639,0.9972321887716523,0.6704053044230693,0.5289707940783857,0.0025419272969847695,752.0,0.008219513624423212,0.0039500409137736,-0.0014515742509621631,-2.761858159671897,0.009167926135264742,740.0,-0.007549411827716401,-1.1334686228037802,0.8714912446982348,0.42567567567567566,63.0,148.0,0.9708440342628522,,,
variance_swap,4m,weekly,gamma2__12m__6m,0.018974073756400728,-1.0824606058481787,-0.021400854940061404,-0.5063437628928433,1.6900753599489322,-0.8266554651884999,-1.4053993891752836,-0.1816086076984891,0.09101353817861324,0.40843237024885004,0.15990254828708772,0.8558898932237012,0.004531899108383586,853.0,0.018974073756400728,-1.0824606058481787,-0.0024267811836606763,-1.588804368741022,0.0071996615368803245,740.0,-0.0039937720787450726,-0.27373738982619117,0.6078567790595397,0.5067567567567568,75.0,148.0,0.4672624927085505,,,
variance_swap,4m,weekly,gamma2__6m__1m,-0.011040078526294825,3.573739396869804,0.015547803599977136,-6.526162591369792,-0.7217748995660933,0.89811203247536,0.5938762885492309,-0.7254419352795888,0.4704328839632844,0.3691258247967033,0.5525948592686127,0.46818095438790963,0.0041523870341581,752.0,-0.011040078526294825,3.573739396869804,0.004507725073682311,-2.9524231944999877,0.009167926135264742,740.0,0.008950375381574394,1.449151399121335,0.0736476533217343,0.5,74.0,148.0,0.5327375072914495,,,
variance_swap,4m,weekly,hump_gamma0,-0.009687742533924251,111.0935474651122,0.022331268923352743,-88.02136669449874,-0.4927657560460285,0.8394330233957036,0.8731699157612471,-0.3642022962789636,0.6221781094855466,0.40122635898050285,0.3825704699762187,0.7157069523922904,0.005453316617739623,752.0,-0.009687742533924251,111.0935474651122,0.012643526389428492,23.072180770613457,0.009167926135264742,740.0,0.0076937170162217905,0.9465795949758135,0.17192652284668386,0.40540540540540543,60.0,148.0,0.9915792886215775,,,
variance_swap,4m,weekly,hump_gamma1,0.018315783676995337,-65.31276503501346,-0.016826905001208647,213.59482029029982,1.2187073453297221,-0.42331691966273444,-0.8675380849636579,0.6723936244544919,0.22295528905561268,0.6720640512833446,0.3856472538643938,0.5013331405174375,0.003499376596033832,752.0,0.018315783676995337,-65.31276503501346,0.0014888786757866895,148.28205525528637,0.009167926135264742,740.0,0.00012626205396060186,0.340539045828439,0.3667253117861199,0.49324324324324326,73.0,148.0,0.5973395216799096,,,
variance_swap,4m,weekly,hump_gamma2,0.014965261753694968,41.88081747158404,-0.03268402103882912,-416.6206639271195,1.1511743221630764,0.2065940811245451,-1.8543074660665322,-1.2064559963919952,0.249660526781047,0.8363268831256748,0.06369518459521568,0.22764171617046847,0.009109249496683902,752.0,0.014965261753694968,41.88081747158404,-0.017718759285134153,-374.7398464555355,0.009167926135264742,740.0,0.004301394484338306,1.2566586459341373,0.10443863437984319,0.5472972972972973,81.0,148.0,0.14260834359064153,,,
variance_swap,4m,monthly,gamma0__12m__1m,-0.034363240214727434,21.2300284366171,-0.06614951859316526,-20.510977687292137,-0.36747815213179186,3.0987284038374336,-0.5300569713842482,-3.180445343997461,0.7132623856901192,0.0019435309700266995,0.5960724311062031,0.0014704887532891104,0.2036733165578707,100.0,-0.034363240214727434,21.2300284366171,-0.10051275880789269,0.719050749324964,-0.11831993877935401,65.0,-6.128092611887046,-1.5799243464727275,0.9429379035524672,0.25,1.0,4.0,0.9375,,,
variance_swap,4m,monthly,gamma0__12m__6m,0.03492626227269286,-35.613552681515536,-0.14296315941370064,35.47249712779046,0.46177799653961804,-2.7978279289895553,-1.4108058904596936,2.8751609597329133,0.6442405315321889,0.005144751255730101,0.1583018571556707,0.004038215776922508,0.033370228328216345,124.0,0.03492626227269286,-35.613552681515536,-0.10803689714100778,-0.1410555537250744,-0.09672259478620633,65.0,-0.3915879585745041,-0.7387047716293575,0.7699568561580852,1.0,4.0,4.0,0.0625,,,
variance_swap,4m,monthly,gamma0__6m__1m,0.041229268399268555,14.069879590273086,-0.13050919381822734,-12.804973809959261,0.5029087679770634,1.7644113006470106,-1.19875948385057,-1.523892705412156,0.6150284163188352,0.07766275694493244,0.2306214809670335,0.1275355159820429,0.24535797228546563,100.0,0.041229268399268555,14.069879590273086,-0.0892799254189588,1.2649057803138248,-0.11831993877935401,65.0,-5.339930517153866,-1.5940435633436758,0.9445368609838826,0.25,1.0,4.0,0.9375,,,
variance_swap,4m,monthly,gamma1__12m__1m,-0.2847588108248119,371.353392904183,0.22366877071606087,-367.5527459551344,-1.8960256280914907,3.7389502920224937,1.4014647223830707,-3.6791424517313356,0.057956655761490235,0.00018479025811413903,0.16107514969421233,0.0002340195314911503,0.17171418888166734,100.0,-0.2847588108248119,371.353392904183,-0.06109004010875105,3.8006469490485983,-0.11831993877935401,65.0,-81.78083170221274,-1.3012505360136644,0.9034136438534025,1.0,4.0,4.0,0.0625,,,
variance_swap,4m,monthly,gamma1__12m__6m,-0.044612349967504156,-3.880942632745448,-0.01514446946608904,9.364347447152323,-0.6870418544893018,-0.2501048606041191,-0.17934003114553124,0.5647994851424349,0.49205635362975264,0.8025062571925748,0.8576707160430217,0.5722101572766276,0.052823840209211936,124.0,-0.044612349967504156,-3.880942632745448,-0.05975681943359319,5.4834048144068746,-0.09672259478620633,65.0,0.03734353703209381,0.8132210167198384,0.20804567587981732,1.0,4.0,4.0,0.0625,,,
variance_swap,4m,monthly,gamma1__6m__1m,0.021798458912436758,-39.51717002776544,0.000955399456781518,51.77957411867523,0.16200618735555447,-2.0244279471952793,0.010976590366309042,2.256877747068456,0.8713009814342189,0.04292613864413324,0.9912421238830508,0.024015714895025558,0.191625587762137,100.0,0.021798458912436758,-39.51717002776544,0.022753858369218276,12.26240409090979,-0.11831993877935401,65.0,-0.41862356271520085,-1.5629306194653183,0.9409655426429111,0.75,3.0,4.0,0.3125,,,
variance_swap,4m,monthly,gamma2__12m__1m,-0.15447597189201717,5.799567102552733,0.10452317596290467,9.072587199590247,-3.6202655801368335,1.6825248279339573,3.0761184484853588,1.1970819154822032,0.00029430078231965887,0.09246711464725588,0.002097145169248359,0.23127462803387944,0.06398139610410525,100.0,-0.15447597189201717,5.799567102552733,-0.0499527959291125,14.872154302142981,-0.11831993877935401,65.0,-0.00542420918931219,0.45200145043648693,0.32563396877049344,1.0,4.0,4.0,0.0625,,,
variance_swap,4m,monthly,gamma2__12m__6m,-0.001907926978309854,-1.7266254861168193,-0.14494914941610976,5.716461373886182,-0.0444320865988366,-0.5395922058342948,-2.736324744778418,0.797739687983095,0.964559985489084,0.589478292928924,0.006212967932746802,0.4250215673896952,0.17884351298076717,124.0,-0.001907926978309854,-1.7266254861168193,-0.1468570763944196,3.989835887769363,-0.09672259478620633,65.0,-0.11810549613071286,-0.17286665651968572,0.5686218793623972,1.0,4.0,4.0,0.0625,,,
variance_swap,4m,monthly,gamma2__6m__1m,-0.1417120291929575,0.47326060030249195,0.051212026664321696,-2.0832539908398338,-3.582536009751902,0.06003074409401752,1.1212719863774425,-0.10730194707990481,0.00034027469239924146,0.952131148591135,0.26217210604717867,0.9145494399161193,0.024553056663809136,100.0,-0.1417120291929575,0.47326060030249195,-0.0905000025286358,-1.6099933905373418,-0.11831993877935401,65.0,-0.01456688143878515,0.037213725400758395,0.4851572974529669,1.0,4.0,4.0,0.0625,,,
variance_swap,4m,monthly,hump_gamma0,-0.06730909245383379,-359.1271235569478,0.2666101715902061,759.7905414597939,-1.5841941999496254,-1.502242135653257,2.8772925948228703,1.385039882343042,0.11314953278207913,0.13303458655209868,0.004011034880226828,0.16604027265525312,0.28849552712642146,100.0,-0.06730909245383379,-359.1271235569478,0.19930107913637232,400.66341790284605,-0.11831993877935401,65.0,-1.5040247065723094,-1.9122775607092117,0.9720796987970307,0.25,1.0,4.0,0.9375,,,
variance_swap,4m,monthly,hump_gamma1,-0.010098098213244082,-1602.2286798367925,-0.05444297597042079,3055.777731105223,-0.12468783251104536,-1.6859160026548097,-0.702436642948684,2.159697203119994,0.9007706904710829,0.09181197920952446,0.4824069002687549,0.03079611786528636,0.12188968969865599,100.0,-0.010098098213244082,-1602.2286798367925,-0.06454107418366486,1453.5490512684307,-0.11831993877935401,65.0,-0.14745330537196777,0.40525766415202613,0.3426440611753744,1.0,4.0,4.0,0.0625,,,
variance_swap,4m,monthly,hump_gamma2,-0.04604654001897275,-5.3856786858515875,-0.10628902708998353,440.81112871852474,-1.0424793073076453,-0.017725608416196477,-1.76192491382832,0.6264283598348508,0.2971895142797545,0.9858577512935667,0.07808198462526456,0.531034012846459,0.12810811952225443,100.0,-0.04604654001897275,-5.3856786858515875,-0.1523355671089563,435.42545003267315,-0.11831993877935401,65.0,-0.09971991074715203,-0.3528298190858543,0.6378919863748329,1.0,4.0,4.0,0.0625,,,
variance_swap,6m,daily,gamma0__12m__1m,-0.00018190251625375885,-0.0029560516216096885,0.005021978119805478,0.09046620118914644,-0.06898309529608791,-0.038390894950123974,1.1963953864423493,0.8893235276601464,0.9450030754409963,0.9693760204091941,0.23154230087216487,0.37382923048568273,0.0015083183814328383,2446.0,-0.00018190251625375885,-0.0029560516216096885,0.004840075603551719,0.08751014956753675,0.00029815793235291174,1846.0,-0.0019865899243012297,-0.5545364786759727,0.7103941261273421,0.5698808234019501,1052.0,1846.0,1.0424115473998975e-09,,,
variance_swap,6m,daily,gamma0__12m__6m,-0.0005943125012983967,0.17992959264581396,0.0002337066381825078,-0.11730581681891285,-0.27434263489647687,0.829639005265343,0.06858210888897945,-0.36201255437738755,0.7838213229585548,0.4067429166709946,0.9453222603691058,0.7173426488087729,0.0005247775528900434,2782.0,-0.0005943125012983967,0.17992959264581396,-0.00036060586311588894,0.06262377582690111,0.0002938919742608013,1846.0,-0.0004663633840624737,-0.0795591043007164,0.5317060389464381,0.5054171180931745,933.0,1846.0,0.32917105417578707,,,
variance_swap,6m,daily,gamma0__6m__1m,0.0009077553330619619,-0.0678273367925787,0.004132565660141672,0.17635045967181542,0.33621419869423186,-0.6273773825979585,0.9896479890442109,1.2776012852360525,0.7367093465142951,0.530411889857683,0.3223462051636061,0.20139004717874853,0.0016550608599651406,2446.0,0.0009077553330619619,-0.0678273367925787,0.005040320993203634,0.10852312287923672,0.00029815793235291174,1846.0,-0.002200217294948903,-0.6129206299268917,0.7300355891495942,0.537919826652221,993.0,1846.0,0.0006048797226959915,,,
variance_swap,6m,daily,gamma1__12m__1m,0.013094590823451562,0.5515632969171166,-0.007584784995757353,-0.1770499842204533,1.3254921744233925,0.25539887796928296,-0.7551668120946039,-0.08181680459462723,0.1850079632611259,0.7984150373139107,0.45014889908704414,0.9347923927418096,0.007851605205716927,2446.0,0.013094590823451562,0.5515632969171166,0.005509805827694209,0.3745133126966633,0.00029815793235291174,1846.0,0.0020557302507435704,2.3561224573382447,0.00923341442372705,0.4507042253521127,832.0,1846.0,0.9999898959170579,,,
variance_swap,6m,daily,gamma1__12m__6m,0.0012351864727777786,0.18366342094276222,-0.0005819488072440592,-0.0057715993553870484,0.45610328985853194,0.4154172190287418,-0.18821007017776564,-0.012187478887516312,0.6483157045619953,0.6778365035858709,0.8507119786975411,0.9902760394853009,0.0008372712596466103,2782.0,0.0012351864727777786,0.18366342094276222,0.0006532376655337194,0.17789182158737518,0.0002938919742608013,1846.0,0.002842346768160864,2.1643650730585833,0.015218171080636549,0.4658721560130011,860.0,1846.0,0.998446363791672,,,
variance_swap,6m,daily,gamma1__6m__1m,0.012192970372142013,-1.3994431486390702,-0.006405935648839243,1.8705821795288335,1.5499093045236592,-0.8177612912003404,-0.7865365214596559,1.0901020668780366,0.12116328608121599,0.4134935050402744,0.4315532316488909,0.2756681859487746,0.005927050652571708,2446.0,0.012192970372142013,-1.3994431486390702,0.005787034723302769,0.4711390308897634,0.00029815793235291174,1846.0,-0.002482388933040758,0.6141910333433699,0.26954454895977054,0.4452871072589382,822.0,1846.0,0.9999988737054727,,,
variance_swap,6m,daily,gamma2__12m__1m,-0.00020592482549955122,-0.11470333167639529,0.0038305653565933566,0.9178298421576438,-0.05957926915621626,-0.32438964085127703,0.9075487446586091,1.4805400063757252,0.9524907298490761,0.7456430614978935,0.36411668481585935,0.13872919241633103,0.0017364108426167757,2446.0,-0.00020592482549955122,-0.11470333167639529,0.0036246405310938054,0.8031265104812486,0.00029815793235291174,1846.0,-6.273957868452307e-05,0.7790857441945961,0.21796460359264686,0.43066088840736727,795.0,1846.0,0.9999999989575884,,,
variance_swap,6m,daily,gamma2__12m__6m,0.0030159649094507667,-0.3648179752744871,-0.004060466297333101,0.19694026857613423,1.3965760720848432,-1.1394315946065596,-1.583744025221219,0.42113828711902984,0.16254108990305616,0.2545231843953364,0.11325198180915183,0.6736541050270991,0.001302682501705843,2782.0,0.0030159649094507667,-0.3648179752744871,-0.0010445013878823345,-0.1678777066983529,0.0002938919742608013,1846.0,-0.0020578726481799148,-0.6742690387872915,0.7499298578647162,0.5227518959913326,965.0,1846.0,0.0266773629215291,,,
variance_swap,6m,daily,gamma2__6m__1m,-0.005327272545695117,1.008579775251107,0.01030338143447397,0.4851228540631651,-1.5894620490151434,1.2601262220360467,2.47080519268907,0.4413099898310381,0.11195611558454925,0.20762383223242542,0.013480923348645828,0.6589885949510654,0.003108459091850091,2446.0,-0.005327272545695117,1.008579775251107,0.0049761088887788525,1.4937026293142721,0.00029815793235291174,1846.0,-0.008098548023644181,-1.5207192402648069,0.9358348458524912,0.4322860238353196,798.0,1846.0,0.9999999975531346,,,
variance_swap,6m,daily,hump_gamma0,0.003823541746449823,-14.24536935318118,-0.00012103938172466889,59.00890726321863,1.2945449398215039,-0.8852541188375421,-0.030431734823001124,2.1668778892542333,0.19547725690406104,0.3760195895991121,0.9757227358413237,0.030244166316363525,0.0022945985631728227,2446.0,0.003823541746449823,-14.24536935318118,0.0037025023647251545,44.76353791003745,0.00029815793235291174,1846.0,-0.005450322253106599,-0.03555796125223865,0.5141825854161373,0.5222101841820151,964.0,1846.0,0.02968331089242483,,,
variance_swap,6m,daily,hump_gamma1,0.00240747480185597,-33.20211081112361,0.004771119590801913,141.23843916650097,1.2367501586710457,-1.5593042339191,1.1301123369451453,2.082097667428791,0.2161798509009527,0.11892439011498271,0.2584288919418761,0.03733354956930479,0.0027812165862859395,2446.0,0.00240747480185597,-33.20211081112361,0.007178594392657884,108.03632835537735,0.00029815793235291174,1846.0,-0.0005638873767903618,0.4008092052128816,0.34428030052932634,0.4745395449620802,876.0,1846.0,0.9864988757717665,,,
variance_swap,6m,daily,hump_gamma2,0.0024526921291409187,-70.94463385712731,-0.005299285917283367,36.474391515605085,1.4061914572184664,-1.3461483425202985,-1.6724603759347505,0.46730437686747356,0.15966728021691134,0.17825468076187545,0.09443357509555979,0.6402821254424265,0.0015789512639994285,2446.0,0.0024526921291409187,-70.94463385712731,-0.0028465937881424486,-34.47024234152223,0.00029815793235291174,1846.0,-0.004052101657042062,-1.0005669570311682,0.8414818941825799,0.4739978331527627,875.0,1846.0,0.9880291691642994,,,
variance_swap,6m,weekly,gamma0__12m__1m,0.0196423226897506,-0.5147837680089044,-0.027395366093278428,0.3406360589028571,1.38442428943156,-1.0736971865464287,-1.6843615380330346,0.6059641992668712,0.1662285757882942,0.28295842275952543,0.09211181919948656,0.5445385266756197,0.005082466764703919,1060.0,0.0196423226897506,-0.5147837680089044,-0.007753043403527827,-0.17414770910604727,0.0027995750020224958,943.0,-0.004944122974405607,-0.22716479412318577,0.5898521988503398,0.5185185185185185,98.0,189.0,0.3313173317447399,,,
variance_swap,6m,weekly,gamma0__12m__6m,0.00753141304710627,0.4344615913151354,-0.019220836874715617,-0.923783634350368,0.6958925729007063,0.31999149530549476,-1.3618767450009204,-0.5288940470281482,0.48649610890617523,0.7489747776397989,0.17323678635007322,0.5968789518013956,0.0072828482688636065,1240.0,0.00753141304710627,0.4344615913151354,-0.011689423827609347,-0.48932204303523263,0.0013172438969528126,943.0,0.00014082978540885804,0.7068914985372626,0.23981695376293516,0.5185185185185185,98.0,189.0,0.3313173317447399,,,
variance_swap,6m,weekly,gamma0__6m__1m,0.01764239918786198,-0.7940296844837085,-0.020076209379307555,0.6546934534092337,1.39702988808972,-1.3247855672759508,-1.3240448383621706,0.9221122529745744,0.1624045835421999,0.18524228309644053,0.1854881537428107,0.35647002631749913,0.003390462606222444,1060.0,0.01764239918786198,-0.7940296844837085,-0.002433810191445576,-0.1393362310744748,0.0027995750020224958,943.0,-0.004110469839258224,0.35278065599251335,0.3621264434249053,0.5238095238095238,99.0,189.0,0.2803700039502036,,,
variance_swap,6m,weekly,gamma1__12m__1m,-0.00246307953212848,-1.6432041787424736,0.028232828781783854,2.9539999188515154,-0.07277816843969556,-0.2434722168918654,0.8035430732832212,0.4365420803556492,0.9419826439390612,0.8076396053535467,0.4216609111876567,0.6624434751924391,0.013488858500919743,1060.0,-0.00246307953212848,-1.6432041787424736,0.025769749249655374,1.3107957401090418,0.0027995750020224958,943.0,-0.0035951313227087223,0.7776755224157635,0.21838016296171825,0.5291005291005291,100.0,189.0,0.23353963193704272,,,
variance_swap,6m,weekly,gamma1__12m__6m,0.006752919014985165,2.2505408406807774,-0.006541041978124476,-1.6020834854482273,0.6112361937363071,1.3514814155137351,-0.5267703420129805,-0.8958940658359961,0.5410432254247444,0.17654126920074686,0.598353080807428,0.37030934381592406,0.011596542402566912,1240.0,0.006752919014985165,2.2505408406807774,0.00021187703686068819,0.6484573552325501,0.0013172438969528126,943.0,0.02486395662432006,1.6028470948383629,0.05448420819279946,0.5502645502645502,104.0,189.0,0.0951457420729552,,,
variance_swap,6m,weekly,gamma1__6m__1m,0.012403277168635304,-5.083617459872673,0.0016498671762188357,5.892959410913338,0.5953170381258397,-1.3412429328602982,0.07380603029922125,1.5261642012435803,0.5516315689958688,0.17984159131862798,0.9411647286302777,0.12696897643318308,0.004268315297553449,1060.0,0.012403277168635304,-5.083617459872673,0.01405314434485414,0.8093419510406656,0.0027995750020224958,943.0,0.0005011659854020634,0.5821157259998162,0.28024436657959423,0.48148148148148145,91.0,189.0,0.7196299960497964,,,
variance_swap,6m,weekly,gamma2__12m__1m,-0.010356033794873189,1.2072797255585384,0.010953552480187827,-2.1607715783217194,-0.8984970873305843,0.6823118263456321,0.7477144695917094,-0.7756702346534008,0.3689205973397355,0.49504179654682523,0.4546324015219506,0.43794371896781614,0.0031346840068658954,1060.0,-0.010356033794873189,1.2072797255585384,0.0005975186853146384,-0.953491852763181,0.0027995750020224958,943.0,-0.007110656246307245,-1.2066212177177966,0.8862109741577274,0.4603174603174603,87.0,189.0,0.8777895541336126,,,
variance_swap,6m,weekly,gamma2__12m__6m,0.005780191414960861,-1.083170520167425,-0.009083726103376108,-0.21022814221919955,0.6987724931295675,-0.7405566331524503,-0.9169102519803941,-0.106414248671452,0.48469422139199825,0.4589623108322787,0.35918967132427837,0.9152536884631004,0.003585247417376869,1240.0,0.005780191414960861,-1.083170520167425,-0.003303534688415247,-1.2933986623866247,0.0013172438969528126,943.0,-0.015849711792797594,-1.829465943917634,0.9663350816867815,0.5079365079365079,96.0,189.0,0.4421914836304654,,,
variance_swap,6m,weekly,gamma2__6m__1m,-0.022874764671857,6.450731399478652,0.026283674942761796,-6.765655568559805,-2.0437960103685917,2.379708332027425,1.8634784767915609,-1.6024423675202644,0.04097370347690473,0.017326345944237303,0.06239497794454063,0.10905782232735547,0.012353428478857897,1060.0,-0.022874764671857,6.450731399478652,0.0034089102709047962,-0.31492416908115306,0.0027995750020224958,943.0,-0.002365339769678565,0.6072282550106647,0.27184972177074407,0.5185185185185185,98.0,189.0,0.3313173317447399,,,
variance_swap,6m,weekly,hump_gamma0,0.001473396176337497,18.221180526760598,0.01797522439057109,199.42196712517318,0.14086596694098447,0.30241156948248044,1.185763747690106,1.4600227197087388,0.8879758284517675,0.762338336217554,0.23571561174471622,0.14428382990785146,0.005867696314947213,1060.0,0.001473396176337497,18.221180526760598,0.01944862056690859,217.6431476519338,0.0027995750020224958,943.0,-0.01240180565233695,1.1538269459895913,0.12428556226015158,0.5132275132275133,97.0,189.0,0.3855873113519636,,,
variance_swap,6m,weekly,hump_gamma1,0.0033866245542732236,4.582052055543116,0.010127935618708207,350.02062123446035,0.34901651734822814,0.04619417330828653,0.7012219234421838,1.4940288154816193,0.7270769093185688,0.9631554865453694,0.4831645300984674,0.13516808786929643,0.002992394420724631,1060.0,0.0033866245542732236,4.582052055543116,0.013514560172981431,354.60267329000345,0.0027995750020224958,943.0,0.011454719618433029,3.4498750351688714,0.00028042305343581596,0.4708994708994709,89.0,189.0,0.8086077028748009,,,
variance_swap,6m,weekly,hump_gamma2,0.010965905080437438,-193.39741377509446,-0.024152232397345243,-109.04954831862932,1.4746839917101349,-1.1387655208917078,-2.0329685364143657,-0.40350708485089176,0.14029752186802186,0.2548009662855276,0.042055701876137164,0.6865752237985401,0.00810173717051521,1060.0,0.010965905080437438,-193.39741377509446,-0.013186327316907805,-302.44696209372376,0.0027995750020224958,943.0,-0.01963881060396333,-1.0182109365490386,0.8457111384201008,0.544973544973545,103.0,189.0,0.1222104458663874,,,
variance_swap,6m,monthly,gamma0__12m__1m,0.13526032842467256,-1.764725737793214,-0.22619969914474244,1.481782233787939,1.6902174879816556,-0.4895588693730292,-2.8494953537265237,0.4111739182906582,0.0909863538821148,0.6244460875095129,0.00437886453239929,0.68094501154165,0.13632239815262737,403.0,0.13526032842467256,-1.764725737793214,-0.09093937072006988,-0.282943504005275,-0.02907771401128213,145.0,-0.25952110137037665,-1.373753400348382,0.9152408737556278,0.42857142857142855,3.0,7.0,0.7734375,,,
variance_swap,6m,monthly,gamma0__12m__6m,-0.015280872253668778,27.155865670281365,-0.09436566925028442,-30.505771664091892,-0.25693050969481196,1.0594125178240925,-1.5124294884443796,-1.181626034388267,0.7972324176461385,0.2894119512572423,0.13042463789012926,0.2373541186911583,0.16529958680565915,479.0,-0.015280872253668778,27.155865670281365,-0.1096465415039532,-3.349905993810527,-0.01873582838195092,145.0,-0.9014447380829436,0.19243200251254203,0.42370191321597517,0.42857142857142855,3.0,7.0,0.7734375,,,
variance_swap,6m,monthly,gamma0__6m__1m,0.18850452407458448,-7.360881643751993,-0.2605869066489275,7.40486667725966,1.5759653320674405,-2.7273329769035684,-2.3523116990288835,2.4586157287571004,0.11503379299127199,0.006384857241217548,0.018657133429088136,0.013947381581198487,0.13295385433964524,403.0,0.18850452407458448,-7.360881643751993,-0.07208238257434299,0.043985033507667026,-0.02907771401128213,145.0,-0.21192479101589923,0.25476823247849634,0.3994510563006085,0.7142857142857143,5.0,7.0,0.2265625,,,
variance_swap,6m,monthly,gamma1__12m__1m,0.15123691253686342,-29.947081153531045,-0.05565701430811748,37.07963974121088,2.3821130715318835,-1.1722179282066312,-0.5460096667424155,1.4683495627829821,0.017213611077485824,0.24110957226593654,0.5850592923770799,0.14200929447669927,0.10933860574920173,403.0,0.15123691253686342,-29.947081153531045,0.09557989822874594,7.1325585876798385,-0.02907771401128213,145.0,-0.21237876221545982,0.7262245130174785,0.23385057344830396,0.5714285714285714,4.0,7.0,0.5,,,
variance_swap,6m,monthly,gamma1__12m__6m,0.06477414530636079,14.44362642622494,-0.09316273192794777,-11.633603979133094,0.8125524947609855,0.8316093422417865,-1.1708746943524806,-0.6810412533886173,0.41647467762320434,0.40562948713925506,0.2416491482439319,0.49584538750707996,0.09083849603986727,479.0,0.06477414530636079,14.44362642622494,-0.028388586621586984,2.8100224470918462,-0.01873582838195092,145.0,-0.07881347705911179,1.2308151572117823,0.1091960026304678,0.7142857142857143,5.0,7.0,0.2265625,,,
variance_swap,6m,monthly,gamma1__6m__1m,0.039968291910158465,-22.30254801820469,0.032303034818535456,30.4489924767711,0.4455389297637084,-1.7956454965326736,0.33577878487698465,2.2750741645598245,0.6559303329605346,0.07255091522303408,0.737037689484189,0.02290148119329982,0.06018791033073578,403.0,0.039968291910158465,-22.30254801820469,0.07227132672869392,8.14644445856641,-0.02907771401128213,145.0,-0.17929634420011653,0.15506102917313208,0.43838660236916377,0.7142857142857143,5.0,7.0,0.2265625,,,
variance_swap,6m,monthly,gamma2__12m__1m,-0.08857819970863581,6.531550450957219,0.09039574191391715,-2.629556368811666,-2.288368016942852,2.1965554055663215,1.3619739849737524,-0.5355694286546105,0.022116098557984576,0.028052214065946976,0.17320609532810327,0.5922561619795856,0.027855232416185483,403.0,-0.08857819970863581,6.531550450957219,0.001817542205281339,3.901994082145553,-0.02907771401128213,145.0,-0.08159798477970104,-0.8293898237569255,0.7965580710389317,0.7142857142857143,5.0,7.0,0.2265625,,,
variance_swap,6m,monthly,gamma2__12m__6m,0.008958367986750596,0.6336628456232176,-0.04616176883439391,2.435740032231212,0.2158923371650268,0.18004216406188067,-1.3450396927727382,0.499561576084705,0.8290716703136808,0.8571194668803315,0.17861241672063122,0.6173838189987659,0.020006344750666427,479.0,0.008958367986750596,0.6336628456232176,-0.037203400847643314,3.0694028778544293,-0.01873582838195092,145.0,0.1085016803718265,2.3199236119794517,0.010172505002594291,0.5714285714285714,4.0,7.0,0.5,,,
variance_swap,6m,monthly,gamma2__6m__1m,-0.12703991768560566,14.123308975601336,0.09125405495942229,-24.99561202915957,-3.623766246218244,2.6841317442990498,2.2997126326134305,-1.6788940352782489,0.00029034402933272315,0.007271844484501643,0.02146450595819164,0.0931726972291032,0.045258761402576786,403.0,-0.12703991768560566,14.123308975601336,-0.035785862726183365,-10.872303053558234,-0.02907771401128213,145.0,-0.020864904961255926,0.9779399313542757,0.16405201704703848,0.7142857142857143,5.0,7.0,0.2265625,,,
variance_swap,6m,monthly,hump_gamma0,-0.04528469098429505,-120.89983913511837,0.23822533398957424,1727.4443557699603,-1.3124408771539497,-0.7243710240434759,1.7633710063811312,1.5398437237275802,0.18937142223456194,0.46883798401378174,0.07783793652891115,0.12359845114204557,0.1170119558939322,403.0,-0.04528469098429505,-120.89983913511837,0.1929406430052792,1606.544516634842,-0.02907771401128213,145.0,-0.3666424063556306,1.2852106935042262,0.09935933390947144,0.7142857142857143,5.0,7.0,0.2265625,,,
variance_swap,6m,monthly,hump_gamma1,0.0356857205277922,-658.8198873666336,-0.07891200689975696,1249.3070852692279,0.6348340830018965,-1.4608152801664147,-1.293785646555336,1.7217624513321135,0.5255366317821185,0.14406614129953205,0.19573947192249352,0.08511255908737697,0.03104052365117982,403.0,0.0356857205277922,-658.8198873666336,-0.04322628637196475,590.4871979025943,-0.02907771401128213,145.0,0.007696992662102442,1.2219453716222417,0.11086414301862241,0.8571428571428571,6.0,7.0,0.0625,,,
variance_swap,6m,monthly,hump_gamma2,-0.03027376956721132,679.1439556600064,-0.015821679493865915,-429.8234550992346,-0.6800271126463978,1.1055027604369096,-0.3130186012850038,-0.619870419360293,0.4964872937222783,0.2689417989468793,0.7542665300061075,0.5353431021012274,0.016471714171347518,403.0,-0.03027376956721132,679.1439556600064,-0.04609544906107724,249.32050056077185,-0.02907771401128213,145.0,0.06863787808589461,1.6366744628156287,0.05084925381432104,0.8571428571428571,6.0,7.0,0.0625,,,
straddle,12m,daily,gamma0__12m__1m,-0.00022605556773706007,-0.007952452326298966,-6.010223679100442e-05,-0.01394640809901828,-0.37837497964522493,-0.4144731711477206,-0.0605540721909355,-0.5165677324964797,0.705152052353683,0.6785276113361405,0.9517143514411863,0.6054579455239841,0.0027750625942072338,2319.0,-0.00022605556773706007,-0.007952452326298966,-0.0002861578045280645,-0.021898860425317246,-0.00015127644894576207,2287.0,0.0050501436198792105,1.44475230735011,0.07426373583140504,0.5181460428508964,1185.0,2287.0,0.04319167403359661,,,
straddle,12m,daily,gamma0__12m__6m,-0.0006764667098778671,0.03471289695981976,-0.0010369042708426165,-0.24557700547878553,-1.4677307640286092,0.6945081301534025,-1.2178730017775166,-2.827045710086174,0.14217737073768144,0.48736360397794654,0.2232722372825422,0.004697962134852024,0.008430075811586724,2672.0,-0.0006764667098778671,0.03471289695981976,-0.0017133709807204836,-0.21086410851896575,-0.0002541065080268846,2287.0,0.015876023076165424,2.478834857769373,0.006590615951082742,0.5216440752076956,1193.0,2287.0,0.020207609431541207,,,
straddle,12m,daily,gamma0__6m__1m,0.00036861498521300175,-0.036122881534511576,-0.001056575379231087,0.005867628736973724,0.637721027855278,-1.4003238821150032,-1.0895202580335375,0.16412099676249792,0.5236552948170952,0.16141635235832263,0.27592452639088394,0.869635892906285,0.002552705192818472,2319.0,0.00036861498521300175,-0.036122881534511576,-0.0006879603940180852,-0.03025525279753785,-0.00015127644894576207,2287.0,-0.0015612147393135878,0.45561539747014035,0.3243332844478064,0.5015303891560997,1147.0,2287.0,0.45008000390979136,,,
straddle,12m,daily,gamma1__12m__1m,0.0035033368378677944,-0.5626640355972192,-0.002937452863134875,0.6193786159497073,1.8180217936862393,-1.382113794810428,-1.4938867911121563,1.517419661770323,0.0690608018638461,0.1669367634598482,0.1352052114493318,0.12916076288726433,0.004361616594290352,2319.0,0.0035033368378677944,-0.5626640355972192,0.0005658839747329195,0.05671458035248811,-0.00015127644894576207,2287.0,-0.0065427554977748326,0.8734710473756445,0.1912031902602339,0.525142107564495,1201.0,2287.0,0.008557734929609467,,,
straddle,12m,daily,gamma1__12m__6m,0.00027057712146464567,0.07226963162405842,-0.0003689238869560885,-0.004504719572670773,0.40760531089821894,0.40871888412520424,-0.5028037399969879,-0.024625125804026975,0.6835634646085866,0.6827459737645091,0.6151022638983316,0.980353977880762,0.0024464649416857664,2672.0,0.00027057712146464567,0.07226963162405842,-9.834676549144283e-05,0.06776491205138764,-0.0002541065080268846,2287.0,0.0038562694307886503,1.8930082285065268,0.02917838760196838,0.525142107564495,1201.0,2287.0,0.008557734929609467,,,
straddle,12m,daily,gamma1__6m__1m,0.0025394657635519373,-0.6301910296651587,-0.002037539275608283,0.6981768618461917,1.623156388112485,-1.3773474812658228,-1.2532880132917106,1.5209332636373531,0.10455597806499632,0.16840484188260518,0.2101009091534498,0.12827658548751256,0.003109596805584758,2319.0,0.0025394657635519373,-0.6301910296651587,0.0005019264879436544,0.06798583218103293,-0.00015127644894576207,2287.0,-0.004771066301043403,0.11058905458364927,0.4559711137102147,0.5220813292522956,1194.0,2287.0,0.018249732089612506,,,
straddle,12m,daily,gamma2__12m__1m,0.000493737462052197,0.06100497914952928,1.577471423001569e-05,0.17249988521216586,0.6081628668854943,0.6958017382855021,0.0170352822702176,1.2054595217399346,0.5430794599496103,0.4865530004919557,0.9864084686698267,0.22802595538386505,0.004012446871400455,2319.0,0.000493737462052197,0.06100497914952928,0.0005095121762822127,0.23350486436169515,-0.00015127644894576207,2287.0,-0.0038925610637081665,-0.042476658114518485,0.5169406404606193,0.4984696108439003,1140.0,2287.0,0.5664247500442849,,,
straddle,12m,daily,gamma2__12m__6m,-1.8517707124458826e-06,0.015309202366472735,-0.00043525666837992234,-0.039953371914144276,-0.004046033406624477,0.1871488344865501,-0.7747925078266648,-0.26938617605080384,0.996771741220338,0.8515439401164561,0.4384622771371055,0.7876325230161049,0.0003714890189089326,2672.0,-1.8517707124458826e-06,0.015309202366472735,-0.0004371084390923682,-0.02464416954767154,-0.0002541065080268846,2287.0,0.003100828659724386,3.0310660573353045,0.001218459636861629,0.5225185832968955,1195.0,2287.0,0.01645583107447856,,,
straddle,12m,daily,gamma2__6m__1m,-0.0019026354674710338,0.4584349357384569,0.0023134882537532713,-0.265459241493121,-2.1736601562099978,2.0729423375210474,2.269813265532382,-0.9286141494686748,0.02973066703650588,0.03817764625170385,0.02321891535724519,0.35308908634295444,0.004209213068793849,2319.0,-0.0019026354674710338,0.4584349357384569,0.0004108527862822374,0.1929756942453359,-0.00015127644894576207,2287.0,-0.0032175326918872926,0.32835343427445984,0.37132222346086513,0.4905990380411019,1122.0,2287.0,0.8212298539755738,,,
straddle,12m,daily,hump_gamma0,-0.0007942069357707478,5.097800651230451,0.0014841994108047503,5.166898954807474,-1.127381572035257,1.1384757315523455,1.6462703039821427,0.7581101537750308,0.2595811869876451,0.2549218869211177,0.0997081205168688,0.4483850416117736,0.0026361143015601884,2319.0,-0.0007942069357707478,5.097800651230451,0.0006899924750340025,10.264699606037926,-0.00015127644894576207,2287.0,-0.010990910537098886,-0.5179400392327929,0.6977499474301945,0.5120244862264975,1171.0,2287.0,0.12940994305092154,,,
straddle,12m,daily,hump_gamma1,8.046575915239227e-05,-3.119816390450979,-0.0007006887586694913,-5.154102751690892,0.18200114844259546,-0.5005677113139239,-0.7696636799895619,-0.2522584830551941,0.8555818246276041,0.6166753912642324,0.4414994200180521,0.8008412763199032,0.00032538530931813803,2319.0,8.046575915239227e-05,-3.119816390450979,-0.000620222999517099,-8.273919142141871,-0.00015127644894576207,2287.0,-0.0013947186157183822,-0.7971876698540101,0.7873289770263107,0.5137735024048973,1175.0,2287.0,0.09740325683769643,,,
straddle,12m,daily,hump_gamma2,-8.748021140872773e-05,0.28707068776824346,-0.00023550303093209098,2.6176316800330786,-0.24526503947108796,0.024238421099509824,-0.31077686240929103,0.13131073028659598,0.806251219597045,0.9806624315186552,0.7559702604220467,0.8955295037494615,0.00015763416046055134,2319.0,-8.748021140872773e-05,0.28707068776824346,-0.00032298324234081874,2.904702367801322,-0.00015127644894576207,2287.0,-0.0005389711841408129,-0.5369834911006937,0.7043604911784418,0.5177087888062964,1184.0,2287.0,0.04716765696598398,,,
straddle,12m,weekly,gamma0__12m__1m,-0.001432457427701265,-0.0021872394852019542,-0.005933157009271739,-0.25139822594725125,-0.6421559947491158,-0.027991256846747935,-1.7472687146535593,-1.9909545004374951,0.5207719019912732,0.9776691244416804,0.08059073722778988,0.0464858896401312,0.02816411380876671,2085.0,-0.001432457427701265,-0.0021872394852019542,-0.007365614436973004,-0.2535854654324532,-0.0005877311687300463,2145.0,0.052471052134670626,2.0548429160025017,0.019947089771803445,0.49417249417249415,212.0,429.0,0.6139507226667981,,,
straddle,12m,weekly,gamma0__12m__6m,-0.0028164218177471902,0.1587106669644573,-0.007149532283220731,-1.302565766932267,-1.461719073111132,0.6779101580718211,-2.153718350615449,-2.758578080589409,0.14381820841170606,0.49782865889005423,0.03126226615796669,0.005805343465079606,0.03451362746993181,2379.0,-0.0028164218177471902,0.1587106669644573,-0.00996595410096792,-1.1438550999678097,-0.0012994499782809834,2145.0,0.052262071631482554,2.5000132035338862,0.0062094338940862715,0.5268065268065268,226.0,429.0,0.14407338775378528,,,
straddle,12m,weekly,gamma0__6m__1m,-0.0008132036253645325,-0.030926213630782504,-0.006396436173014706,-0.27381473096080483,-0.36667265571036173,-0.29148408510100116,-1.87685430928977,-1.7033062368983265,0.7138632055813563,0.7706811139559383,0.06053806457551119,0.08851077403391963,0.02416141061390853,2085.0,-0.0008132036253645325,-0.030926213630782504,-0.007209639798379238,-0.30474094459158735,-0.0005877311687300463,2145.0,0.04202133443813838,1.8239280733288787,0.03408147343905269,0.4825174825174825,207.0,429.0,0.78006899852058,,,
straddle,12m,weekly,gamma1__12m__1m,0.009984973394167767,0.021855533862887258,-0.009205006910454958,0.10816046181604308,1.9011957979363279,0.024910411703599523,-1.7757251458007357,0.12109477924848655,0.05727637129238797,0.9801264224736187,0.0757782306678765,0.9036159643025757,0.007404500889849008,2085.0,0.009984973394167767,0.021855533862887258,0.0007799664837128094,0.13001599567893035,-0.0005877311687300463,2145.0,0.006632116851832959,2.1388200566818147,0.01622512223117376,0.578088578088578,248.0,429.0,0.0007059078346250973,,,
straddle,12m,weekly,gamma1__12m__6m,0.0005793089257812019,1.2685976386374176,-0.0020425241280054305,-1.0544451871580385,0.2301747811437982,1.8704158526408088,-0.7728452265080713,-1.4850087875423084,0.817955957505421,0.0614260922565708,0.43961398388248174,0.13754149630420712,0.01422253578756294,2379.0,0.0005793089257812019,1.2685976386374176,-0.0014632152022242286,0.2141524514793791,-0.0012994499782809834,2145.0,0.026673469161612617,2.4456602735927353,0.007229358441586517,0.5291375291375291,227.0,429.0,0.12326733577084129,,,
straddle,12m,weekly,gamma1__6m__1m,0.0045753547463894435,0.7454662683418198,-0.006514313735330232,-0.8303928377581311,1.1239122788087517,0.6941165750303981,-1.5315466090110559,-0.763296606738274,0.26105024174687297,0.487609104758724,0.12563435637423417,0.44528652530707313,0.005000310288498122,2085.0,0.0045753547463894435,0.7454662683418198,-0.0019389589889407888,-0.08492656941631127,-0.0005877311687300463,2145.0,-0.008717912300643782,0.3321722689205071,0.3698795911197705,0.4965034965034965,213.0,429.0,0.5765540271004732,,,
straddle,12m,weekly,gamma2__12m__1m,-0.0019135638321426131,0.8597353464936605,0.0020475158368925685,-0.4414669214372757,-0.5173756731295658,1.7710003937198502,0.5169822483016805,-0.7107861683045139,0.6048939381428163,0.07656063625103582,0.6051685508091988,0.47721675312960365,0.01738903357306454,2085.0,-0.0019135638321426131,0.8597353464936605,0.00013395200474995532,0.4182684250563848,-0.0005877311687300463,2145.0,-0.00787609574510384,-1.1746816626336696,0.8799389508185518,0.5174825174825175,222.0,429.0,0.2495664785954816,,,
straddle,12m,weekly,gamma2__12m__6m,0.000632754760886571,0.3675352389832057,-0.0021922084276156705,0.26146082043716196,0.3237732132068696,0.8082025052369975,-1.035811145007676,0.4437663343659497,0.7461097374845376,0.41897401579929117,0.30029025709136403,0.6572115306812334,0.010219381880509526,2379.0,0.000632754760886571,0.3675352389832057,-0.0015594536667290996,0.6289960594203676,-0.0012994499782809834,2145.0,-0.005725300855252025,0.16191721908400608,0.4356855214401124,0.5198135198135199,223.0,429.0,0.21993100147942,,,
straddle,12m,weekly,gamma2__6m__1m,-0.009335847913236115,2.5082738442143055,0.007585024887039061,-2.9777564501115377,-3.026253761756264,2.6738799855821593,2.2444664930685336,-2.573594047017762,0.0024760440374620245,0.007497927902397655,0.024802402452696087,0.010064828867697415,0.014357166952057576,2085.0,-0.009335847913236115,2.5082738442143055,-0.0017508230261970535,-0.4694826058972321,-0.0005877311687300463,2145.0,-0.021781138691557844,-1.3266189389973129,0.9076826161572558,0.48484848484848486,208.0,429.0,0.7504335214045184,,,
straddle,12m,weekly,hump_gamma0,-0.006093656368570077,49.51135193025269,0.005897266024421027,-37.680430913351806,-2.252641103561667,2.482955882490626,1.8832472999053775,-1.2910540918947082,0.02428178724856871,0.013029722375324135,0.0596668616736532,0.19668492144106864,0.018114170508941374,2085.0,-0.006093656368570077,49.51135193025269,-0.00019639034414904982,11.83092101690088,-0.0005877311687300463,2145.0,0.025052051483691384,1.4839011313373407,0.06891757585348046,0.4825174825174825,207.0,429.0,0.78006899852058,,,
straddle,12m,weekly,hump_gamma1,-0.0033697895854774593,48.679439420484634,0.0015384333937504618,-82.19987921387485,-1.8340800785153237,1.7405234883354337,0.5965848152083373,-1.4274374987142786,0.06664210810826046,0.08176713937514976,0.550784611791058,0.15345382860781015,0.005021375363230218,2085.0,-0.0033697895854774593,48.679439420484634,-0.0018313561917269975,-33.52043979339022,-0.0005877311687300463,2145.0,0.004168036612151038,0.8506940485290275,0.1974696650358323,0.4592074592074592,197.0,429.0,0.9589632317573822,,,
straddle,12m,weekly,hump_gamma2,-0.0007938716501898966,62.73620196785017,-0.004817996412088853,-93.57121323550601,-0.558824478776828,1.2306455134882817,-1.9012065780407377,-1.3123414766002872,0.5762815146099726,0.21845547482992955,0.057274959827744186,0.1894049435336601,0.009094428139052146,2085.0,-0.0007938716501898966,62.73620196785017,-0.00561186806227875,-30.835011267655837,-0.0005877311687300463,2145.0,0.0040614502966632715,0.9949985788854007,0.1598684777631939,0.4662004662004662,200.0,429.0,0.9262924283742623,,,
straddle,12m,monthly,gamma0__12m__1m,-0.017444681718510883,0.4454916657497109,-0.02650418081081762,-1.4432546489375104,-1.339130867607489,0.8643792587981912,-1.9241652846577282,-2.054926610778519,0.180528073227465,0.3873795830007567,0.05433386903245132,0.039886093742972535,0.07603970284545325,1403.0,-0.017444681718510883,0.4454916657497109,-0.0439488625293285,-0.9977629831877995,-0.008406311875302245,1635.0,0.02178693012902344,1.784667437181549,0.037157637865837354,0.5128205128205128,40.0,78.0,0.4549732259372621,,,
straddle,12m,monthly,gamma0__12m__6m,-0.0189688760216345,1.89422135519376,-0.021035744707682092,-5.568306373914579,-1.9170779915170526,1.3963399865239627,-1.5921334843477262,-2.5011000740120877,0.05522802417484781,0.16261213788289475,0.11135471483315694,0.012380818785279944,0.06980867452569295,1646.0,-0.0189688760216345,1.89422135519376,-0.04000462072931659,-3.6740850187208194,-0.007831064885548085,1635.0,0.05121527195403697,2.706770083440653,0.0033970646305974983,0.5897435897435898,46.0,78.0,0.07026914313476121,,,
straddle,12m,monthly,gamma0__6m__1m,-0.012521340293045104,0.31295366367796146,-0.03269906964675703,-1.6116780286187158,-0.9581520063057547,0.44605074243667875,-2.284615310824247,-1.7290751291287914,0.3379861142130697,0.6555605926833311,0.022335394369112086,0.08379564975278703,0.07245545068232873,1403.0,-0.012521340293045104,0.31295366367796146,-0.04522040993980213,-1.2987243649407543,-0.008406311875302245,1635.0,0.010335799038781901,1.4357861812289001,0.07553159657936656,0.44871794871794873,35.0,78.0,0.8459158840281596,,,
straddle,12m,monthly,gamma1__12m__1m,-0.018958297404639023,0.1904110876391036,0.021284149169693775,0.5993885262849551,-1.0034656503444552,0.14384022731868965,1.0589320095857861,0.37665499517950146,0.3156362422531438,0.8856266363568432,0.28963074513298936,0.7064300123044369,0.009946104900763308,1403.0,-0.018958297404639023,0.1904110876391036,0.0023258517650547525,0.7897996139240587,-0.008406311875302245,1635.0,-0.01970589846436077,-0.3621606279664584,0.6413840001864288,0.46153846153846156,36.0,78.0,0.7858964821412097,,,
straddle,12m,monthly,gamma1__12m__6m,0.00016069304678381115,1.954048689483655,-0.005576630357328241,-1.0048869194311185,0.013642162516437658,0.9337417969887808,-0.4657182466068188,-0.45950033758561454,0.9891154667707548,0.3504370990687037,0.6414171898711918,0.6458749096842324,0.012182080691651387,1646.0,0.00016069304678381115,1.954048689483655,-0.00541593731054443,0.9491617700525365,-0.007831064885548085,1635.0,0.02481286367133606,1.7403012282821542,0.040903069249305576,0.5384615384615384,42.0,78.0,0.28579335900153613,,,
straddle,12m,monthly,gamma1__6m__1m,-0.010522301510518828,-3.6052294099767557,0.00889098761961557,4.225097255025085,-1.1205371953385102,-1.2031303170518413,0.6762534190316385,1.3106512806628219,0.26248491144351604,0.22892589509676986,0.49887976174178794,0.18997560553798243,0.006094491373456856,1403.0,-0.010522301510518828,-3.6052294099767557,-0.001631313890903258,0.6198678450483297,-0.008406311875302245,1635.0,-0.010482206956466289,-0.030380518274640014,0.512118209075791,0.4358974358974359,34.0,78.0,0.8936585900745971,,,
straddle,12m,monthly,gamma2__12m__1m,-0.03775391144911345,7.07959813153032,0.038899349527694964,-4.123803538876439,-3.2427515123001465,3.587325679594989,3.1379728779754283,-1.489494465315031,0.0011838140930611036,0.00033408693852487363,0.0017012061760438544,0.1363572097050845,0.10869157836458243,1403.0,-0.03775391144911345,7.07959813153032,0.001145438078581515,2.9557945926538807,-0.008406311875302245,1635.0,-0.04597766810976611,-0.6407275443494477,0.7391501424483722,0.4230769230769231,33.0,78.0,0.9297308568652388,,,
straddle,12m,monthly,gamma2__12m__6m,-0.010346430235086105,3.9787443380584886,0.004515920186860503,-0.8301212669562851,-1.0018430651112324,1.3380719408635404,0.4242563577286629,-0.2570825478140146,0.3164193942095407,0.18087298649711503,0.6713788634883788,0.7971150497113552,0.04554555378617642,1646.0,-0.010346430235086105,3.9787443380584886,-0.005830510048225602,3.1486230711022034,-0.007831064885548085,1635.0,-0.05931168267078468,-1.1733454373526173,0.8796713459422132,0.3974358974358974,31.0,78.0,0.9732278039157489,,,
straddle,12m,monthly,gamma2__6m__1m,-0.05132645485708644,12.757498653915569,0.04990636267754092,-10.287774727015634,-5.072863227398892,2.5492854027486733,3.8188113041906973,-1.8149870686082223,3.9187416557260353e-07,0.0107943921579237,0.0001340962850278768,0.06952589676402461,0.06490364741910593,1403.0,-0.05132645485708644,12.757498653915569,-0.0014200921795455151,2.4697239268999347,-0.008406311875302245,1635.0,-0.05542144051632025,-0.561392698535997,0.7127350697974393,0.4358974358974359,34.0,78.0,0.8936585900745971,,,
straddle,12m,monthly,hump_gamma0,-0.038284614039256426,217.54451016355628,0.032614121009230355,-189.92454150677713,-3.4112198581529065,2.0524635794576653,2.519781360340534,-1.0955438050617323,0.0006467292054826449,0.04012463106949533,0.011742774929468918,0.2732784654063565,0.056215660218406294,1403.0,-0.038284614039256426,217.54451016355628,-0.005670493030026071,27.61996865677915,-0.008406311875302245,1635.0,-0.0177489196136853,0.24705101117808345,0.4024343730550806,0.44871794871794873,35.0,78.0,0.8459158840281596,,,
straddle,12m,monthly,hump_gamma1,-0.005545451637588885,-2.9922003335876335,-0.010140372832683618,133.4938519195711,-0.6277683803427263,-0.023010185539036585,-1.1082908867193464,0.7208847700989586,0.5301556826364908,0.981642148215952,0.26773620997829195,0.4709804139262368,0.007474182675811347,1403.0,-0.005545451637588885,-2.9922003335876335,-0.015685824470272502,130.50165158598347,-0.008406311875302245,1635.0,-0.029311740614545556,-2.0517107063178295,0.9799011071786824,0.4358974358974359,34.0,78.0,0.8936585900745971,,,
straddle,12m,monthly,hump_gamma2,-0.008001019756770542,164.6509252438616,-0.013473974535366886,-143.4245055547693,-1.134614443994893,0.6684243088583336,-1.1653676308136611,-0.37716090210219777,0.2565368985420651,0.5038627827446387,0.24387021395509378,0.7060540339617636,0.011956696308005776,1403.0,-0.008001019756770542,164.6509252438616,-0.02147499429213743,21.226419689092296,-0.008406311875302245,1635.0,-0.03338316651270956,-2.4334054916388883,0.9925212301913447,0.4230769230769231,33.0,78.0,0.9297308568652388,,,
straddle,1m,daily,gamma0__12m__1m,-0.0040381613937149055,-0.017895039440875664,-0.00025197582486431925,-0.046962651419080084,-1.8814496156561065,-0.27640556067593713,-0.07204892610211515,-0.5759460742223247,0.05991078299479772,0.7822365862277983,0.9425629715937048,0.5646516317145672,0.00122747776878529,3373.0,-0.0040381613937149055,-0.017895039440875664,-0.0042901372185792245,-0.06485769085995574,-0.003824973118081173,2335.0,0.0014499231314341054,0.9905349286972721,0.16095636271524877,0.622269807280514,1453.0,2335.0,1.0094042967761177e-32,,,
straddle,1m,daily,gamma0__12m__6m,-0.0042409967576177345,0.03978114799603986,-0.002652752263479473,-0.3702709423815508,-2.1664188618156373,0.21699160656166083,-0.8356207002008476,-1.405198952540143,0.030279193907724912,0.8282148861044633,0.40336831964979725,0.15996212554554623,0.0011145876783619224,3373.0,-0.0042409967576177345,0.03978114799603986,-0.0068937490210972075,-0.3304897943855109,-0.003824973118081173,2335.0,0.000904681653481898,0.8325223829423436,0.2025570747501807,0.6119914346895075,1429.0,2335.0,1.0192319337663767e-27,,,
straddle,1m,daily,gamma0__6m__1m,-0.0018990341101989654,-0.11838762808978645,-0.00406149586092649,0.0014460901637711725,-0.8751861974173075,-1.302331764090045,-1.1758742830785016,0.012933976056755468,0.38147260208203526,0.19280299769052034,0.23964511685013246,0.9896804679171839,0.0019097457949635022,3373.0,-0.0018990341101989654,-0.11838762808978645,-0.005960529971125455,-0.11694153792601528,-0.003824973118081173,2335.0,0.0014122780373013732,1.1422629851575796,0.12667236106100965,0.6218415417558887,1452.0,2335.0,1.665621463627681e-32,,,
straddle,1m,daily,gamma1__12m__1m,0.0012874838779808856,-0.7371350830316459,-0.00250357707182796,0.9264046306195898,0.1901372677581448,-0.5377704654120172,-0.3555439244681615,0.6747625309455278,0.849201567278841,0.5907355244255851,0.7221821446066369,0.4998266492865425,0.00142421195390241,3373.0,0.0012874838779808856,-0.7371350830316459,-0.0012160931938470746,0.1892695475879439,-0.003824973118081173,2335.0,0.0011309075881411612,1.5266971073501951,0.06341817352536351,0.6107066381156316,1426.0,2335.0,4.0015198452269965e-27,,,
straddle,1m,daily,gamma1__12m__6m,-0.0037262314645228134,0.44875380536110787,-0.0007027610701030899,-0.43806374478351734,-1.7134057206676685,1.2096837520245647,-0.2709003549804324,-1.068418423058956,0.08663792459308071,0.2264002668779288,0.7864676719969916,0.2853318103316542,0.0009911676918057388,3373.0,-0.0037262314645228134,0.44875380536110787,-0.004428992534625903,0.010690060577590532,-0.003824973118081173,2335.0,0.0023805900121389723,1.7174007194725167,0.042952990155197636,0.6068522483940043,1417.0,2335.0,2.1989581471079627e-25,,,
straddle,1m,daily,gamma1__6m__1m,0.011043573780266944,-3.805487976694175,-0.01251776014627763,4.0267375932542295,1.6322016852106298,-2.451795334399154,-1.794337914602772,2.584184722182267,0.10263700590032676,0.014214548563452382,0.07275924994981435,0.009760950043429958,0.003300897451214202,3373.0,0.011043573780266944,-3.805487976694175,-0.001474186366010686,0.22124961656005437,-0.003824973118081173,2335.0,-0.0033139829838932933,0.7855303829931057,0.2160713318120055,0.5944325481798716,1388.0,2335.0,3.344323349710318e-20,,,
straddle,1m,daily,gamma2__12m__1m,-0.002842405924799283,0.3563624297755879,0.002037045792806007,0.581048940998327,-0.8247673533777977,1.1329912725035731,0.5320194575649323,1.1737024088457404,0.40950368455919217,0.2572179183846247,0.5947125192738698,0.24051424507479668,0.0032270975864580054,3373.0,-0.002842405924799283,0.3563624297755879,-0.0008053601319932759,0.9374113707739149,-0.003824973118081173,2335.0,0.003606885381701952,2.571536121062387,0.0050624226386960245,0.6201284796573876,1448.0,2335.0,1.2127429832330784e-31,,,
straddle,1m,daily,gamma2__12m__6m,-0.0019102180955896865,0.17828718450856337,-0.0037027224859818558,-0.47368516164979496,-0.9985383517955604,0.5835045202789828,-1.6293475188277848,-1.172247383567348,0.3180183769627706,0.5595537149547329,0.10323947200367294,0.24109774958418395,0.0015889681421135116,3373.0,-0.0019102180955896865,0.17828718450856337,-0.005612940581571542,-0.2953979771412316,-0.003824973118081173,2335.0,-6.499546094662634e-05,0.6284032848431533,0.26486989288234825,0.6209850107066381,1450.0,2335.0,4.510681966941693e-32,,,
straddle,1m,daily,gamma2__6m__1m,-0.007393427435807438,1.2829493528850018,0.007012725045351809,0.09024694688523194,-2.3395517542485447,2.2778385823785205,1.84797031485584,0.10236658378351383,0.01930689637272268,0.022736196647789555,0.06460663731564498,0.9184657065804965,0.0035572174463808226,3373.0,-0.007393427435807438,1.2829493528850018,-0.0003807023904556289,1.3731962997702336,-0.003824973118081173,2335.0,-0.001775597900658843,0.13410795260156586,0.44665860559302933,0.6205567451820129,1449.0,2335.0,7.402828951787898e-32,,,
straddle,1m,daily,hump_gamma0,-0.007610784684959594,30.208315868667356,0.007785082961414495,15.138846371629535,-3.1748725302728094,2.364525208046516,2.415923665675016,0.6860529756682517,0.0014990233600117692,0.01805319870695073,0.015695351373224326,0.4926797027494709,0.003811881751117241,3373.0,-0.007610784684959594,30.208315868667356,0.00017429827645490132,45.34716224029689,-0.003824973118081173,2335.0,-0.0024118683146971964,1.1569528447249111,0.12364581332271546,0.6184154175588865,1444.0,2335.0,8.578593349661379e-31,,,
straddle,1m,daily,hump_gamma1,-0.002852290738884197,-15.66520388791278,0.002353177011323133,85.32298147257895,-1.8237491951096858,-0.9156522424784561,0.66726219144125,1.223575047079998,0.0681899977761243,0.3598493210431858,0.5046046722314798,0.22111257755668845,0.0007092162826035642,3373.0,-0.002852290738884197,-15.66520388791278,-0.0004991137275610637,69.65777758466616,-0.003824973118081173,2335.0,0.0003837351837834291,0.7617345476870122,0.22310922580462633,0.6205567451820129,1449.0,2335.0,7.402828951787898e-32,,,
straddle,1m,daily,hump_gamma2,-0.004029294655124835,1.3247847679662894,-0.0011327634758222212,-50.14627919528977,-3.039301766916628,0.029720932039760662,-0.4088471788693567,-0.8378123073678188,0.0023712720066300617,0.9762896179411685,0.6826518145454785,0.40213612545990063,0.0007331817136325691,3373.0,-0.004029294655124835,1.3247847679662894,-0.005162058130947056,-48.82149442732348,-0.003824973118081173,2335.0,-0.001485126784339652,-1.509185712501993,0.9343743348250427,0.6201284796573876,1448.0,2335.0,1.2127429832330784e-31,,,
straddle,1m,weekly,gamma0__12m__1m,-0.022467289982973128,0.007198137819965686,0.003970404939036372,-0.3005220847179694,-2.8566190267394798,0.029903688943181926,0.30113771898083647,-0.9053599964742035,0.004281794294074511,0.9761438638153734,0.7633094795800284,0.36527470131139994,0.005659866515504208,2681.0,-0.022467289982973128,0.007198137819965686,-0.018496885043936755,-0.2933239468980037,-0.018388257013816283,2060.0,0.00965320096163702,1.380760607352073,0.08367628965931817,0.6407766990291263,264.0,412.0,5.9091583342628626e-09,,,
straddle,1m,weekly,gamma0__12m__6m,-0.023263438101241807,0.5300339249562155,-0.00900198814248217,-1.9611280495067271,-2.9234319029414744,0.6817620422413655,-0.7482694666930791,-1.640414447658878,0.003461959410517891,0.4953894294733432,0.454297637610823,0.10091902336448892,0.004509499730254607,2681.0,-0.023263438101241807,0.5300339249562155,-0.03226542624372398,-1.4310941245505115,-0.018388257013816283,2060.0,0.003545516198898646,0.9342074796243525,0.17509843911082612,0.6213592233009708,256.0,412.0,4.783427856115233e-07,,,
straddle,1m,weekly,gamma0__6m__1m,-0.01316166812217441,-0.41538335564887896,-0.010729910089744192,-0.0994411631623101,-1.755655903026372,-1.3482457549159843,-0.8919857207180937,-0.23250026396461196,0.07914718060441527,0.17757935274477132,0.3724005861215889,0.8161494822178901,0.007886508968568462,2681.0,-0.01316166812217441,-0.41538335564887896,-0.023891578211918604,-0.5148245188111891,-0.018388257013816283,2060.0,0.009074275273539989,1.3726607022901667,0.08492892567275978,0.6407766990291263,264.0,412.0,5.9091583342628626e-09,,,
straddle,1m,weekly,gamma1__12m__1m,0.011674424350822252,-4.628142740455073,-0.025410033095814008,5.005014680815253,0.6635877974679792,-0.8873648924936981,-1.4416758373858045,0.9546294792283979,0.5069541694039721,0.37488247854878,0.1493938431176166,0.3397651039302466,0.002534795994075023,2681.0,0.011674424350822252,-4.628142740455073,-0.013735608744991756,0.37687194036018035,-0.018388257013816283,2060.0,-0.0008242299238776507,1.034989916443274,0.1503368101735606,0.6213592233009708,256.0,412.0,4.783427856115233e-07,,,
straddle,1m,weekly,gamma1__12m__6m,-0.006306585287523135,-0.21119371618877744,-0.018204660997198124,-0.17302880508406637,-0.7006381156571746,-0.25258667302742377,-1.8472503034280792,-0.1594586588148071,0.48352888521516324,0.8005876295350141,0.06471087188730336,0.8733075269958787,0.0036844436136870273,2681.0,-0.006306585287523135,-0.21119371618877744,-0.024511246284721257,-0.38422252127284384,-0.018388257013816283,2060.0,0.00462948473142466,1.966148067045248,0.02464075469156612,0.6383495145631068,263.0,412.0,1.0604572990579188e-08,,,
straddle,1m,weekly,gamma1__6m__1m,0.025091993450059507,-6.913328890236535,-0.040428476256969915,7.31018520603878,1.460234637696521,-1.597178190764539,-2.30159400861065,1.6791632486279722,0.14422559877618807,0.11022599271657946,0.021358078338030977,0.09312023233566558,0.004812199617548085,2681.0,0.025091993450059507,-6.913328890236535,-0.015336482806910409,0.39685631580224534,-0.018388257013816283,2060.0,0.003005442626786592,1.7142768379910283,0.04323894744753056,0.6286407766990292,259.0,412.0,9.933082337592275e-08,,,
straddle,1m,weekly,gamma2__12m__1m,-0.01089107068641142,1.7072236690680542,-0.0018138239166021598,0.5449293610742338,-0.881313273424029,1.521113383808548,-0.13295889262164165,0.30519087468207995,0.3781482837849719,0.1282313863990735,0.894225890720074,0.7602207820413527,0.008973626587494232,2681.0,-0.01089107068641142,1.7072236690680542,-0.01270489460301358,2.252153030142288,-0.018388257013816283,2060.0,0.0033086719264137088,1.44002960094945,0.0749295122742902,0.6310679611650486,260.0,412.0,5.7649488296347135e-08,,,
straddle,1m,weekly,gamma2__12m__6m,-0.016709296201796203,2.1575027753716998,-0.0059614969538614275,-2.505010539575607,-2.2450253881015234,2.033653024804732,-0.7245255501359796,-1.8669212316945176,0.024766502778858324,0.04198659155899042,0.46874314707792253,0.06191258843575383,0.006125656382314326,2681.0,-0.016709296201796203,2.1575027753716998,-0.02267079315565763,-0.34750776420390705,-0.018388257013816283,2060.0,0.0071861208367215434,1.3651975330193995,0.08609548677240836,0.6359223300970874,262.0,412.0,1.8837200021320947e-08,,,
straddle,1m,weekly,gamma2__6m__1m,-0.02311586696054404,2.6897071818164098,0.014893707535169312,1.557048163650813,-2.2256960103613466,1.405074962534867,1.2495052439651715,0.49406517699949654,0.026034550183032603,0.1599989884104449,0.2114803366992214,0.6212601500455457,0.005000158647996411,2681.0,-0.02311586696054404,2.6897071818164098,-0.008222159425374726,4.246755345467223,-0.018388257013816283,2060.0,-0.008016660474568615,-0.8492407448203285,0.8021263273122352,0.6383495145631068,263.0,412.0,1.0604572990579188e-08,,,
straddle,1m,weekly,hump_gamma0,-0.030204036932661254,131.90005963181898,0.027390786059832944,58.8722134372213,-3.357243947931484,2.523694240791896,2.543543961024882,0.6968674062860326,0.0007872362145159938,0.011612888510427856,0.010973424763454375,0.4858857771624211,0.014884413443153832,2681.0,-0.030204036932661254,131.90005963181898,-0.0028132508728283094,190.77227306904027,-0.018388257013816283,2060.0,-0.0071239745111046915,1.1702058529252173,0.1209590690125531,0.6456310679611651,266.0,412.0,1.779059253277388e-09,,,
straddle,1m,weekly,hump_gamma1,-0.016525953084844624,-38.51334748138373,0.007557519786264692,171.93142301435452,-2.8544962104910008,-0.735219907714232,0.7625467040481713,0.8346206591134674,0.004310514595494142,0.46220557670661166,0.44573377961886207,0.4039313264606351,0.0009771440689881894,2681.0,-0.016525953084844624,-38.51334748138373,-0.008968433298579933,133.4180755329708,-0.018388257013816283,2060.0,-0.0008498831867922441,-0.05321379850175864,0.5212192192107914,0.6383495145631068,263.0,412.0,1.0604572990579188e-08,,,
straddle,1m,weekly,hump_gamma2,-0.02115451571276836,114.85044860982106,0.0032552735219066806,-139.0861336352041,-4.043301325624229,0.8466852455793831,0.3443221698292389,-0.7516661913254766,5.2703816607991114e-05,0.3971705847917689,0.7306040133693057,0.45225182681390164,0.0006119454878152908,2681.0,-0.02115451571276836,114.85044860982106,-0.01789924219086168,-24.23568502538305,-0.018388257013816283,2060.0,0.003587299943823785,1.1626529107142651,0.12248517709339818,0.6407766990291263,264.0,412.0,5.9091583342628626e-09,,,
straddle,1m,monthly,gamma0__12m__1m,-0.13114259418144186,1.1862150339495061,0.0016489742017668915,-0.7545393826299966,-2.8026463750515087,0.8732603874607232,0.028042624766490328,-0.4520487240076569,0.0050685210356469735,0.38252116655938573,0.9776281548542756,0.6512338818655626,0.011612972571063196,813.0,-0.13114259418144186,1.1862150339495061,-0.12949361997967498,0.43167565131950947,-0.10174108037713284,1267.0,-0.0068961565752581055,-0.3448949941540882,0.6349133429680238,0.7049180327868853,43.0,61.0,0.0009340505154876255,,,
straddle,1m,monthly,gamma0__12m__6m,-0.14200434896197225,5.021251116308462,-0.032087375273173555,-5.955034724623884,-2.488970057902165,1.102933477779013,-0.46774299151182114,-0.820385735728908,0.012811375484627695,0.27005605461402493,0.6399683929563165,0.4119962445355363,0.0196633781673905,813.0,-0.14200434896197225,5.021251116308462,-0.1740917242351458,-0.9337836083154221,-0.10174108037713284,1267.0,-0.005671635125304775,0.16408485022285782,0.43483217396868257,0.7049180327868853,43.0,61.0,0.0009340505154876255,,,
straddle,1m,monthly,gamma0__6m__1m,-0.09974957187884344,0.35537657187042004,-0.01782415244948345,0.5496045566674498,-2.2698659566827106,0.18685532537852825,-0.3168108555360367,0.26037604022428706,0.023215717214549358,0.8517740673686125,0.7513871266751088,0.7945737228614334,0.009513074188411186,813.0,-0.09974957187884344,0.35537657187042004,-0.11757372432832688,0.9049811285378698,-0.10174108037713284,1267.0,-0.0066750266176967,-0.553120184820372,0.7099094420575491,0.7049180327868853,43.0,61.0,0.0009340505154876255,,,
straddle,1m,monthly,gamma1__12m__1m,-0.05712669922170841,-9.895334219958729,-0.03561607714914363,10.63106650050271,-0.7525080049563528,-1.3872642792518266,-0.4712069229139241,1.354617790845134,0.45174561773585,0.16536119115689263,0.6374929754349667,0.17553936223118616,0.00231360349199361,813.0,-0.05712669922170841,-9.895334219958729,-0.09274277637085204,0.7357322805439814,-0.10174108037713284,1267.0,-0.00013738577447597322,0.5906389070978749,0.27738119503676995,0.7049180327868853,43.0,61.0,0.0009340505154876255,,,
straddle,1m,monthly,gamma1__12m__6m,-0.06336683871816891,-9.73948538827137,-0.057767828650903,6.328167813083037,-1.2547234280240218,-1.8601257972357297,-1.18456605207519,0.9851507158343149,0.20957917789680947,0.0628677301516881,0.23618906605779233,0.32455004483751226,0.01618812992686003,813.0,-0.06336683871816891,-9.73948538827137,-0.12113466736907191,-3.411317575188334,-0.10174108037713284,1267.0,-0.01662729335148727,-0.8168242074091248,0.7929855519000036,0.7049180327868853,43.0,61.0,0.0009340505154876255,,,
straddle,1m,monthly,gamma1__6m__1m,0.040600181795156405,-24.093505539788996,-0.11824947605568933,26.648524658404718,0.5323531026625429,-2.365464607885282,-1.6783687104374323,2.380774708024314,0.5944814597464709,0.018007464361334196,0.09327514200083019,0.017276274279116037,0.0175153360515935,813.0,0.040600181795156405,-24.093505539788996,-0.07764929426053294,2.5550191186157214,-0.10174108037713284,1267.0,0.014804629448353146,1.7040432821682563,0.044186500740224524,0.6557377049180327,40.0,61.0,0.01020735689981745,,,
straddle,1m,monthly,gamma2__12m__1m,-0.008019972024957571,5.294433533665911,-0.045962345906662955,14.263762555887588,-0.1704869015104016,2.339388469112981,-0.7924453604068339,2.0994775371595376,0.8646272346480098,0.01931533775794583,0.4281010393336858,0.03577482593452956,0.07654545937346025,813.0,-0.008019972024957571,5.294433533665911,-0.053982317931620526,19.558196089553498,-0.10174108037713284,1267.0,0.014890628350589519,1.1678012279325252,0.12144347634974378,0.6721311475409836,41.0,61.0,0.004926724097629634,,,
straddle,1m,monthly,gamma2__12m__6m,-0.16419989479431374,11.360101955456905,0.08456908504561618,-2.5615226723428433,-5.004057229222244,3.878402809946933,2.311893024034807,-0.6889106488989185,5.613607946346919e-07,0.00010514451706533702,0.020783579256166182,0.4908794976819636,0.06411146876443852,813.0,-0.16419989479431374,11.360101955456905,-0.07963080974869756,8.798579283114062,-0.10174108037713284,1267.0,-0.026576005525168478,-1.170976068354549,0.8791958016187175,0.7049180327868853,43.0,61.0,0.0009340505154876255,,,
straddle,1m,monthly,gamma2__6m__1m,0.05682465427123354,-29.54595757633418,-0.08346203332306247,65.1072716544462,0.3556597660078016,-3.1204982560027057,-0.5251367702265037,4.050588960345101,0.7220953794143831,0.0018054536705103472,0.5994881162675451,5.1088881946794935e-05,0.07994896264660478,813.0,0.05682465427123354,-29.54595757633418,-0.026637379051828933,35.56131407811201,-0.10174108037713284,1267.0,-0.013420719658963964,0.9477485098705919,0.17162874946086942,0.5901639344262295,36.0,61.0,0.10001568425655157,,,
straddle,1m,monthly,hump_gamma0,-0.1326533971612964,-190.0039480633232,0.10193862376883278,730.0685769589065,-3.6864585566974784,-1.1453818501261783,2.0591722888455117,1.996929961621849,0.00022739645329996496,0.2520510134227011,0.039477736791078175,0.04583279188231736,0.025503539645460482,813.0,-0.1326533971612964,-190.0039480633232,-0.030714773392463618,540.0646288955834,-0.10174108037713284,1267.0,-0.0210911487282055,-0.7284436163306998,0.7668289640584511,0.7049180327868853,43.0,61.0,0.0009340505154876255,,,
straddle,1m,monthly,hump_gamma1,-0.06925097196372985,-534.8786339215012,-0.007751775403434997,-69.3926123910061,-1.800878487645023,-1.8973152552520318,-0.11831589135171965,-0.08261438462023762,0.07172203438087615,0.05778634276876241,0.9058173663619471,0.9341581631035913,0.020681422639411196,813.0,-0.06925097196372985,-534.8786339215012,-0.07700274736716485,-604.2712463125073,-0.10174108037713284,1267.0,-0.002650049501572438,0.6713633218150974,0.2509945523358246,0.7049180327868853,43.0,61.0,0.0009340505154876255,,,
straddle,1m,monthly,hump_gamma2,-0.12315410748308436,796.2558743810719,0.09094975812105523,535.2830839807843,-3.9155405686733413,1.7863033638774528,1.1013739707986872,1.0850044959472647,9.020187481790621e-05,0.07405015255308962,0.27073392918019423,0.2779196640028694,0.0354566978347296,813.0,-0.12315410748308436,796.2558743810719,-0.032204349362029136,1331.5389583618562,-0.10174108037713284,1267.0,-0.006472317476383438,0.008428565404203925,0.49663752870924205,0.7049180327868853,43.0,61.0,0.0009340505154876255,,,
straddle,2m,daily,gamma0__12m__1m,-0.002287242949015552,-0.026786603217859046,-0.0007246893592593664,-0.03657052256175504,-1.8089707939263513,-0.7237501691846903,-0.34707205030168103,-0.7793836567580693,0.0704555408320309,0.469219126810248,0.7285371905254282,0.43575374819905,0.0031879606810679695,3504.0,-0.002287242949015552,-0.026786603217859046,-0.0030119323082749183,-0.06335712577961408,-0.002393177913066876,2310.0,0.0037156047784807633,1.3903637205127453,0.0822092286597848,0.5991341991341992,1384.0,2310.0,7.171245875569178e-22,,,
straddle,2m,daily,gamma0__12m__6m,-0.0037605321773825995,0.11231077325670583,-0.001219074164256799,-0.42602981342854773,-3.5466520403132864,1.1292415854990723,-0.6716028114797444,-2.8537227089036197,0.00039015953789890863,0.2587959353824324,0.5018365879631932,0.004321022903088033,0.0033085643298836898,3947.0,-0.0037605321773825995,0.11231077325670583,-0.004979606341639398,-0.31371904017184193,-0.002555090658964296,2310.0,0.0038203216352183933,1.5072093797622663,0.06587849838180368,0.5904761904761905,1364.0,2310.0,1.6632916863790128e-18,,,
straddle,2m,daily,gamma0__6m__1m,-0.0009706730144196327,-0.10048440568698101,-0.002450608846171412,0.008553652100047385,-0.7713735399997224,-1.9570547397589233,-1.1905444962796825,0.13303007786199636,0.4404855541306806,0.050341032911634075,0.23383245201453506,0.8941695932060025,0.004176733732303761,3504.0,-0.0009706730144196327,-0.10048440568698101,-0.0034212818605910446,-0.09193075358693363,-0.002393177913066876,2310.0,0.0017456541122671254,1.2121006091194246,0.11273693530497098,0.5991341991341992,1384.0,2310.0,7.171245875569178e-22,,,
straddle,2m,daily,gamma1__12m__1m,0.004006400034776629,-0.7844640237314602,-0.004860858055183201,0.9009552862673046,0.8941903703780234,-0.8964634111889762,-1.0560529796532772,1.0275644242281516,0.37122004360846583,0.3700053134220478,0.2909440107971174,0.30415476605628755,0.002137383932032555,3504.0,0.004006400034776629,-0.7844640237314602,-0.000854458020406572,0.11649126253584441,-0.002393177913066876,2310.0,0.002465390080475083,2.0792574951755505,0.01879684481091261,0.5826839826839827,1346.0,2310.0,9.706000953217174e-16,,,
straddle,2m,daily,gamma1__12m__6m,-0.002323570545864475,0.15190257816166125,-0.0005201147123891623,-0.148369911617566,-1.8185270411321375,0.6441226228252265,-0.34912511609722224,-0.5845572041972718,0.06898361756569425,0.5194959214853174,0.7269953815796295,0.5588454906292466,0.0004545833290536816,3947.0,-0.002323570545864475,0.15190257816166125,-0.0028436852582536375,0.0035326665440952587,-0.002555090658964296,2310.0,0.0023489879769604816,2.0744177381320825,0.01902026567110914,0.593939393939394,1372.0,2310.0,8.162768902634746e-20,,,
straddle,2m,daily,gamma1__6m__1m,0.010069039515662877,-2.479793819648471,-0.01136179104443379,2.596553975971242,2.320296866185772,-2.3533433705556477,-2.558385143442539,2.4550312113843544,0.020324823534384338,0.018605444389871266,0.010515955220987893,0.014087235673571353,0.004475827233735075,3504.0,0.010069039515662877,-2.479793819648471,-0.0012927515287709124,0.11676015632277137,-0.002393177913066876,2310.0,-0.004930605253709697,0.7839576028051195,0.216532494098581,0.5714285714285714,1320.0,2310.0,3.524277948316537e-12,,,
straddle,2m,daily,gamma2__12m__1m,0.001566149416427301,0.06402516460203217,-0.00305775076897594,0.3152094776104833,0.7160615607750505,0.3589241993263405,-1.2641054977878465,1.0210783437889461,0.47395333761326286,0.7196517957791677,0.20619216358905623,0.30721732246407096,0.003307744965193482,3504.0,0.001566149416427301,0.06402516460203217,-0.0014916013525486389,0.37923464221251546,-0.002393177913066876,2310.0,0.003027853001934977,2.085002864579115,0.018534520255220885,0.5701298701298702,1317.0,2310.0,8.413176474831254e-12,,,
straddle,2m,daily,gamma2__12m__6m,-0.0011195254195202863,0.029383114876335516,-0.0027581827075593133,-0.2856185778536408,-1.0808456499067656,0.18774180987595276,-2.2101331780550524,-1.2710878577249622,0.27976577831192284,0.8510790534466193,0.027095920845804762,0.20369739451164914,0.002334354941078365,3947.0,-0.0011195254195202863,0.029383114876335516,-0.0038777081270795996,-0.2562354629773053,-0.002555090658964296,2310.0,-2.6636230286314344e-05,0.7711023945193984,0.22032312070805093,0.5978354978354978,1381.0,2310.0,2.399345050925705e-21,,,
straddle,2m,daily,gamma2__6m__1m,-0.003328578542739892,0.8008016929376982,0.002826071920738727,0.023210726109959667,-1.604367819399967,2.0873137468932668,1.181678374940041,0.041770049926734824,0.10863300005234057,0.03685978295003687,0.23733334205445134,0.9666820108628925,0.004581151427613062,3504.0,-0.003328578542739892,0.8008016929376982,-0.0005025066220011652,0.8240124190476579,-0.002393177913066876,2310.0,-0.0007806983597511419,0.23502874995896497,0.40709320944496474,0.5969696969696969,1379.0,2310.0,5.319715918058748e-21,,,
straddle,2m,daily,hump_gamma0,-0.004001773999428465,20.428652243949625,0.004750032437404501,19.14576518955779,-2.758401202350785,2.6196426943032485,2.44212247962435,1.4731852812216055,0.005808486024856527,0.008802193869863322,0.014601191997667897,0.14070108278341975,0.007004855959521161,3504.0,-0.004001773999428465,20.428652243949625,0.0007482584379760364,39.57441743350741,-0.002393177913066876,2310.0,-0.00852271081637146,0.9993689508353365,0.15880799753419444,0.5904761904761905,1364.0,2310.0,1.6632916863790128e-18,,,
straddle,2m,daily,hump_gamma1,-0.002092591453673312,-7.183203570652093,0.0020192862442711046,35.88933424871044,-2.205530222229948,-0.6603278708131177,0.9201494583824609,0.8084146855243347,0.027416909445166088,0.5090434483574466,0.3574946617425384,0.4188519007558704,0.0006696614260438549,3504.0,-0.002092591453673312,-7.183203570652093,-7.330520940220745e-05,28.706130678058347,-0.002393177913066876,2310.0,-0.000148607437387982,0.3089085442004616,0.37869554857145116,0.5969696969696969,1379.0,2310.0,5.319715918058748e-21,,,
straddle,2m,daily,hump_gamma2,-0.002676721560587519,-2.7174093064652465,0.000495219960548852,-24.268658748936748,-3.49184238420187,-0.11074132391703212,0.2862194076988397,-0.6859349729185016,0.0004797012248924591,0.9118214757486591,0.7747100800661512,0.4927541151578949,0.0010685343043337348,3504.0,-0.002676721560587519,-2.7174093064652465,-0.002181501600038667,-26.986068055401994,-0.002393177913066876,2310.0,-0.0010976574518866133,-0.6922494581164601,0.7556096579466929,0.5974025974025974,1380.0,2310.0,3.575833704019926e-21,,,
straddle,2m,weekly,gamma0__12m__1m,-0.012915090223061226,-0.06687132682377685,-0.0036552396033897525,-0.3742569629210254,-2.88692523603912,-0.5162675003848591,-0.4931342760257637,-1.9858882362698922,0.0038902665925362703,0.6056675916401704,0.6219177134428588,0.0470457352290773,0.026805349340914275,3341.0,-0.012915090223061226,-0.06687132682377685,-0.01657032982645098,-0.4411282897448022,-0.010541076146338497,1963.0,0.01129501187227544,1.2849693689633341,0.09940149407980836,0.6005089058524173,236.0,393.0,3.959535701563151e-05,,,
straddle,2m,weekly,gamma0__12m__6m,-0.016393665855967604,0.30504808354179413,-0.007441048229588323,-1.9062436481179788,-3.9206431560536315,0.777173077903464,-1.1401229523511314,-2.8959222457141838,8.831295467085481e-05,0.43705666359383577,0.25423508085038127,0.0037804605686560526,0.01636210995095988,3764.0,-0.016393665855967604,0.30504808354179413,-0.023834714085555927,-1.6011955645761846,-0.012225871523755868,1963.0,0.007744094504804622,1.303793222464676,0.09615204704751967,0.6030534351145038,237.0,393.0,2.574647849076039e-05,,,
straddle,2m,weekly,gamma0__6m__1m,-0.00885913387109815,-0.3022557102136903,-0.008875675275889425,-0.31880421228914774,-2.118440846810791,-1.81519057374786,-1.264968714049105,-1.3148119949858308,0.03413774963039507,0.06949462779509735,0.20588254323830912,0.1885730951510819,0.031063507786179168,3341.0,-0.00885913387109815,-0.3022557102136903,-0.017734809146987576,-0.621059922502838,-0.010541076146338497,1963.0,0.005897553805572886,1.1746629231031622,0.12006479923152041,0.6005089058524173,236.0,393.0,3.959535701563151e-05,,,
straddle,2m,weekly,gamma1__12m__1m,0.01926351001065323,-3.258122080436821,-0.02829402829592469,3.4050390957093155,1.5003292274120752,-1.416338912026695,-2.233731999807099,1.4618228944887117,0.13352914210786376,0.15667630017294776,0.02550071215528415,0.14378974858958338,0.003511146089312689,3341.0,0.01926351001065323,-3.258122080436821,-0.00903051828527146,0.14691701527249457,-0.010541076146338497,1963.0,0.0026028516627324416,1.835584098078614,0.03320959538902025,0.5750636132315522,226.0,393.0,0.0016924152745720806,,,
straddle,2m,weekly,gamma1__12m__6m,-0.010049544496285708,0.4572340376555596,-0.005835553539360305,-0.8680850497128708,-2.2351215077271056,0.63595263011508,-1.1713384463675909,-0.9767886833773648,0.02540937273521048,0.524807297512017,0.24146276345205553,0.3286737797140675,0.002365485852370175,3764.0,-0.010049544496285708,0.4572340376555596,-0.015885098035646014,-0.4108510120573112,-0.012225871523755868,1963.0,0.003937049295560269,1.5267813994128603,0.06340768918449605,0.6055979643765903,238.0,393.0,1.657232689411611e-05,,,
straddle,2m,weekly,gamma1__6m__1m,0.02628266901980008,-5.104396073776019,-0.035666789431835995,5.2879106761929,2.3863630611375792,-1.8495277575023332,-3.246314968502481,1.8810163973201806,0.017015943165443616,0.06438164352195135,0.0011690941696504125,0.059969688331681786,0.006390489576741931,3341.0,0.02628266901980008,-5.104396073776019,-0.009384120412035915,0.18351460241688144,-0.010541076146338497,1963.0,-0.000322783852158226,1.5690911669988161,0.05831334883462849,0.5725190839694656,225.0,393.0,0.002334414278055462,,,
straddle,2m,weekly,gamma2__12m__1m,0.0042684765298947325,0.6583751566693282,-0.01631653194272203,-0.44239072484003733,0.5504165394415255,0.9725869688989002,-1.872673483707381,-0.35456936634444175,0.5820337070251458,0.3307586217339278,0.061113487136057604,0.7229122290212215,0.009571105324944096,3341.0,0.0042684765298947325,0.6583751566693282,-0.012048055412827299,0.2159844318292909,-0.010541076146338497,1963.0,-0.001114876417172228,0.765406587781943,0.22201473567653746,0.5419847328244275,213.0,393.0,0.0531838978897439,,,
straddle,2m,weekly,gamma2__12m__6m,-0.008490003266467481,0.9984575077648624,-0.009806912071040279,-2.2285416261125555,-2.28630399432247,1.496299518544,-2.327128203471995,-2.3874939339875136,0.022236480372983085,0.13457562052803085,0.019958442833432562,0.016963682702499643,0.011306311133450486,3764.0,-0.008490003266467481,0.9984575077648624,-0.01829691533750776,-1.2300841183476932,-0.012225871523755868,1963.0,0.0005761071515210103,0.7872276893085065,0.21557429545330892,0.6081424936386769,239.0,393.0,1.0559017444214772e-05,,,
straddle,2m,weekly,gamma2__6m__1m,-0.015392890072662566,3.566453823811966,0.00871036153784494,-1.5747329056972905,-2.27834571610858,2.840415987455142,1.1393812756131665,-0.7719649349263802,0.022705987901091365,0.0045054738751231635,0.2545441622584289,0.44013519596411177,0.01334724011575028,3341.0,-0.015392890072662566,3.566453823811966,-0.006682528534817626,1.9917209181146753,-0.010541076146338497,1963.0,-0.007077851253046719,-1.079245293385563,0.8597608033578485,0.6030534351145038,237.0,393.0,2.574647849076039e-05,,,
straddle,2m,weekly,hump_gamma0,-0.01832651876257157,128.35092267250104,0.014281957795278974,-7.960579377951245,-3.185093132962492,4.09351790261289,2.2046080754466493,-0.16745614621356392,0.001447074294079103,4.248772549645361e-05,0.027481608605299388,0.867011150493711,0.038269204415120495,3341.0,-0.01832651876257157,128.35092267250104,-0.004044560967292594,120.3903432945498,-0.010541076146338497,1963.0,-0.019406191755558133,0.948193357468424,0.17151551406886223,0.6081424936386769,239.0,393.0,1.0559017444214772e-05,,,
straddle,2m,weekly,hump_gamma1,-0.0113043696810239,-3.087578947475894,0.007725102452828719,36.490233465706126,-3.1296465657479176,-0.0777045052285866,1.246231523027947,0.25857881784325687,0.0017501673868355293,0.9380631102905583,0.21267940925066964,0.7959602284339045,0.0011447064722370781,3341.0,-0.0113043696810239,-3.087578947475894,-0.003579267228195181,33.402654518230236,-0.010541076146338497,1963.0,-0.0016879461008985075,-0.22802340169922392,0.5901859761090542,0.6081424936386769,239.0,393.0,1.0559017444214772e-05,,,
straddle,2m,weekly,hump_gamma2,-0.013653270588678528,82.64913102549794,0.002115619164763905,-224.99169299506596,-4.6528475416561275,0.9907468290349029,0.35402287718849246,-1.6521635546914992,3.2738230557371285e-06,0.3218092183490133,0.7233217385737081,0.09850121381115673,0.005291904393556868,3341.0,-0.013653270588678528,82.64913102549794,-0.011537651423914623,-142.342561969568,-0.010541076146338497,1963.0,-0.0008015817453388419,0.17887420124153203,0.4290182402404214,0.6132315521628499,241.0,393.0,4.156771835681444e-06,,,
straddle,2m,monthly,gamma0__12m__1m,-0.05058129458225877,-0.4448502645082013,-0.02567956959743915,-1.1164006412269587,-2.3739893440555817,-0.7292806618436736,-0.9031466257598127,-1.1774451312267877,0.0175970583231252,0.4658299989460336,0.36644808093079795,0.2390178853896503,0.051117230426828364,2834.0,-0.05058129458225877,-0.4448502645082013,-0.07626086417969792,-1.56125090573516,-0.048587829581043046,1108.0,-0.018719236410556173,0.0584529059094103,0.476693936977049,0.6415094339622641,34.0,53.0,0.026719405268855523,,,
straddle,2m,monthly,gamma0__12m__6m,-0.06701489566556973,1.3471281816904055,0.006185738967345425,-5.216276400220482,-3.0770352621839256,0.6389804946023807,0.20415916034759418,-1.5224074265594671,0.0020907056707895853,0.5228356210182776,0.8382291244844677,0.1279070251418485,0.021776945298211836,3231.0,-0.06701489566556973,1.3471281816904055,-0.06082915669822431,-3.8691482185300767,-0.04589524154183287,1108.0,-0.013004610218364077,0.2897812609608672,0.38599179232395503,0.5849056603773585,31.0,53.0,0.13583958303275168,,,
straddle,2m,monthly,gamma0__6m__1m,-0.03772710094142576,-1.2788218467013293,-0.04449465200664309,-0.9946654002907712,-1.9091070437391977,-1.6330626570906221,-1.6887352066320809,-0.8065020056802402,0.0562482842826404,0.10245581944520245,0.09127018553345162,0.4199534520159507,0.06285375079771338,2834.0,-0.03772710094142576,-1.2788218467013293,-0.08222175294806885,-2.2734872469921004,-0.048587829581043046,1108.0,-0.046015567571010996,-0.1955488182793468,0.5775183380956871,0.660377358490566,35.0,53.0,0.013504158826861179,,,
straddle,2m,monthly,gamma1__12m__1m,-0.03688822478798468,0.6961388735922198,-0.01723159787984183,-1.0319277812768415,-1.3455982350741653,0.2151782873506275,-0.6089496624997408,-0.2842058816860642,0.17843212116909857,0.8296283186122715,0.5425578047774844,0.7762526083087116,0.00046922270278959566,2834.0,-0.03688822478798468,0.6961388735922198,-0.054119822667826514,-0.33578890768462166,-0.048587829581043046,1108.0,-0.01175604999958213,-1.3599637864145546,0.9130793080248484,0.660377358490566,35.0,53.0,0.013504158826861179,,,
straddle,2m,monthly,gamma1__12m__6m,-0.053641586479832,1.1795380136747355,0.0015885643244711082,-2.5063225538543565,-2.8715207869984516,0.3040939962183066,0.08948596003110333,-0.5357187303439458,0.004085019145586081,0.7610562807142525,0.9286957110893792,0.592152956662253,0.001946939873679554,3231.0,-0.053641586479832,1.1795380136747355,-0.05205302215536089,-1.326784540179621,-0.04589524154183287,1108.0,-0.006950346251164641,-1.1138134002145785,0.8673203764990738,0.660377358490566,35.0,53.0,0.013504158826861179,,,
straddle,2m,monthly,gamma1__6m__1m,-0.061619498020481674,16.29151916732985,0.012838359530679135,-16.211319223417526,-2.8399400255573326,1.613384856882271,0.5021064882068285,-1.482308340705142,0.004512201626470799,0.10666092101648676,0.6155926164645811,0.1382582700101646,0.002987980134794843,2834.0,-0.061619498020481674,16.29151916732985,-0.04878113848980254,0.08019994391232288,-0.048587829581043046,1108.0,-0.032691691648740084,-0.19246838145969816,0.5763123335960054,0.6226415094339622,33.0,53.0,0.04918532422024591,,,
straddle,2m,monthly,gamma2__12m__1m,0.021653221905035037,3.0109166277995034,-0.0838389431893515,-3.5539906913447554,0.6250055912802818,1.384964406925195,-2.107305529882899,-0.5326295162877489,0.5319673884239076,0.1660633511261942,0.03509110433432699,0.5942900658607139,0.03253757452669137,2834.0,0.021653221905035037,3.0109166277995034,-0.06218572128431647,-0.543074063545252,-0.048587829581043046,1108.0,-0.07928744033016466,-1.004999376683764,0.842551424999459,0.6037735849056604,32.0,53.0,0.08448891114385937,,,
straddle,2m,monthly,gamma2__12m__6m,-0.04112876180783272,5.685142017237481,-0.02191378537163965,-8.282023632947375,-2.964774459457707,2.1710601367383204,-1.3112345335189886,-1.7345273400090897,0.003029049125242462,0.02992662685000177,0.1897785385300701,0.08282455908756242,0.02096345809148603,3231.0,-0.04112876180783272,5.685142017237481,-0.06304254717947237,-2.5968816157098944,-0.04589524154183287,1108.0,0.0014661412350019942,0.5271163242922942,0.29905640561125163,0.660377358490566,35.0,53.0,0.013504158826861179,,,
straddle,2m,monthly,gamma2__6m__1m,-0.02323387662696722,5.4263978857864945,-0.015992768119328878,0.8050782282132919,-0.627534987946965,0.8323521506314345,-0.44383048283114535,0.06162109487855463,0.5303086089916542,0.40521020217972836,0.6571651478071063,0.9508645775805853,0.01725284388014503,2834.0,-0.02323387662696722,5.4263978857864945,-0.0392266447462961,6.231476113999786,-0.048587829581043046,1108.0,-0.008354354134812558,0.028377879040266504,0.4886803835318795,0.660377358490566,35.0,53.0,0.013504158826861179,,,
straddle,2m,monthly,hump_gamma0,-0.08228635971847324,478.1066287395149,0.05344882859987711,-87.47338402166267,-3.6016897481633636,2.579586771201988,2.2973921058392257,-0.36788090971118936,0.0003161555379115605,0.009891860385632877,0.0215964117023473,0.7129620354190601,0.07791320028605819,2834.0,-0.08228635971847324,478.1066287395149,-0.028837531118596132,390.6332447178522,-0.048587829581043046,1108.0,-0.1188948537911434,-0.1621080547744908,0.5643896183477285,0.660377358490566,35.0,53.0,0.013504158826861179,,,
straddle,2m,monthly,hump_gamma1,-0.040656980382176126,-80.3238814371118,-0.03604425891687586,-432.8471567338835,-2.080845299354915,-0.3632946531046266,-1.908985475712596,-0.76396324346893,0.0374480683226463,0.7163847870989367,0.056263965346078415,0.4448891470664674,0.0026210342976741297,2834.0,-0.040656980382176126,-80.3238814371118,-0.07670123929905198,-513.1710381709953,-0.048587829581043046,1108.0,-0.005353559869470503,-0.3536218320759962,0.638188844697035,0.660377358490566,35.0,53.0,0.013504158826861179,,,
straddle,2m,monthly,hump_gamma2,-0.06841988634642807,539.3191651105199,0.04923968553219291,-557.6888365662682,-4.957922524102137,1.4502421945153057,1.2662789159811472,-0.7449256242175273,7.125096401115305e-07,0.14699099244082897,0.20541324267611294,0.45631668352725396,0.010916137336295928,2834.0,-0.06841988634642807,539.3191651105199,-0.019180200814235153,-18.36967145574829,-0.048587829581043046,1108.0,-0.022166869145341384,-0.23636068612616304,0.5934236000497131,0.660377358490566,35.0,53.0,0.013504158826861179,,,
straddle,3m,daily,gamma0__12m__1m,-0.0017156987134670024,-0.019597721261455398,4.717312897444467e-05,-0.03757119295394429,-1.675861306416468,-0.6656246894330526,0.02748603085925568,-0.9233202415240428,0.0937653623532275,0.505651021345016,0.9780720813986472,0.35584034244649787,0.00484674788417383,3398.0,-0.0017156987134670024,-0.019597721261455398,-0.0016685255844925578,-0.057168914215399685,-0.0015390050691226982,2392.0,0.0037245936454557427,1.309691159842267,0.09515016767565687,0.5777591973244147,1382.0,2392.0,1.4722938812609503e-14,,,
straddle,3m,daily,gamma0__12m__6m,-0.0024246154795492868,0.054269432254999264,-0.0008796301157241971,-0.32388962845794333,-2.8698549483415334,0.692683667378705,-0.5883990763526686,-2.519792021943509,0.004106601348615354,0.4885080909916656,0.5562644575744242,0.011742419278358888,0.0038952321606146034,3818.0,-0.0024246154795492868,0.054269432254999264,-0.003304245595273484,-0.2696201962029441,-0.0016317668312272496,2392.0,0.004251114664490574,1.4911478797183069,0.06796133703574758,0.5731605351170569,1371.0,2392.0,4.3916108473077934e-13,,,
straddle,3m,daily,gamma0__6m__1m,-0.0004697657884481054,-0.08378408794076254,-0.001982487940111085,-0.0065847003681628585,-0.46520290761818633,-2.067908667735173,-1.167722106797828,-0.11804598907676352,0.6417861567123871,0.03864861220858867,0.24291887660187161,0.9060312185841272,0.006059711378352373,3398.0,-0.0004697657884481054,-0.08378408794076254,-0.0024522537285591906,-0.0903687883089254,-0.0015390050691226982,2392.0,0.001654440649564215,1.1839177448192806,0.11822281256790057,0.5831939799331104,1395.0,2392.0,2.0460737526763902e-16,,,
straddle,3m,daily,gamma1__12m__1m,0.0033433410737648095,-0.9469363765375293,-0.003917066294403912,1.019053109751149,0.9781766105495411,-1.4202648187197364,-1.1143150550831709,1.5246497576287452,0.32798698244596214,0.15553059933479418,0.2651440505224064,0.12734647959610543,0.0016840823285917406,3398.0,0.0033433410737648095,-0.9469363765375293,-0.0005737252206391027,0.07211673321361978,-0.0015390050691226982,2392.0,-0.0009950196653993881,1.151932709771134,0.12467436283556543,0.572324414715719,1369.0,2392.0,7.966104299925755e-13,,,
straddle,3m,daily,gamma1__12m__6m,-0.0010309508220466507,-0.05173678595404228,-0.001081725922793354,-0.01183574349644808,-1.0055446836001594,-0.2663958699932757,-0.9027226462792696,-0.055431957238633,0.31463464463981505,0.7899343456161966,0.36667311419375115,0.9557943367734065,0.000310418877009333,3818.0,-0.0010309508220466507,-0.05173678595404228,-0.0021126767448400047,-0.06357252945049036,-0.0016317668312272496,2392.0,0.00039869656500268746,0.8383785544257235,0.2009090649931427,0.5836120401337793,1396.0,2392.0,1.455195326726221e-16,,,
straddle,3m,daily,gamma1__6m__1m,0.006466094756361602,-1.4940288500368455,-0.00688606964385652,1.60739844094196,1.9715473138356048,-1.6198838568806078,-2.0494042332029094,1.73559818813978,0.048661306741096526,0.10525722820890182,0.04042260365388677,0.08263490655825492,0.0038566630959581127,3398.0,0.006466094756361602,-1.4940288500368455,-0.0004199748874949179,0.11336959090511445,-0.0015390050691226982,2392.0,-0.004251901198091046,0.5019530112462447,0.30785028722748975,0.5589464882943144,1337.0,2392.0,4.411994335806323e-09,,,
straddle,3m,daily,gamma2__12m__1m,0.000761303356839985,0.13395560415399022,-0.0021284202832603204,0.014826573926495674,0.45948514609890756,0.877304188604434,-1.1508434116795725,0.057514607780521386,0.6458858163816588,0.38032143777506366,0.24979666161751335,0.9541352700443532,0.002579736676843969,3398.0,0.000761303356839985,0.13395560415399022,-0.0013671169264203352,0.14878217808048588,-0.0015390050691226982,2392.0,0.003111361661598866,1.8185454773792387,0.034490401243435685,0.5618729096989966,1344.0,2392.0,7.744027750662242e-10,,,
straddle,3m,daily,gamma2__12m__6m,-0.001065187852021548,0.15982670175903993,-0.001336378434338632,-0.2937238360926082,-1.3160812646033933,1.161111387386097,-1.3563903331610863,-1.4565822149573187,0.18814676856429635,0.24559660440354114,0.17497500736012217,0.14523173997282385,0.0016567723951151914,3818.0,-0.001065187852021548,0.15982670175903993,-0.00240156628636018,-0.13389713433356829,-0.0016317668312272496,2392.0,0.003337907793462991,1.7485241409746128,0.04018665455390381,0.5840301003344481,1397.0,2392.0,1.0331997746688388e-16,,,
straddle,3m,daily,gamma2__6m__1m,-0.003284219750854154,0.7051481864288471,0.002807681109365654,-0.2587864159407588,-2.129693238421532,2.3952823312165012,1.52358445328565,-0.5582061265759115,0.033196947590453524,0.016607571751002772,0.12761254922567403,0.5767036377887372,0.0034618175141253316,3398.0,-0.003284219750854154,0.7051481864288471,-0.0004765386414885002,0.44636177048808834,-0.0015390050691226982,2392.0,0.00010618353647340317,0.5471676940106289,0.29213176436302,0.5827759197324415,1394.0,2392.0,2.8720010113940697e-16,,,
straddle,3m,daily,hump_gamma0,-0.003100061530119307,20.127500117705186,0.004086998724024751,12.626194898896948,-2.489612207759099,2.606574789523734,2.55503818442246,1.1254762438692274,0.012788254392891517,0.009145284951255016,0.010617614967933037,0.2603872784267095,0.009238426988507187,3398.0,-0.003100061530119307,20.127500117705186,0.0009869371939054444,32.75369501660214,-0.0015390050691226982,2392.0,-0.00989532456741471,1.0643998821619434,0.1435737935748797,0.5819397993311036,1392.0,2392.0,5.629921770729419e-16,,,
straddle,3m,daily,hump_gamma1,-0.0007232950691767628,-13.177852231385161,-0.0004959467545636223,-4.149477729062215,-0.987418999861232,-1.6407034052390332,-0.2836487610308257,-0.10458680069899134,0.3234372737923813,0.1008589977275347,0.7766795652236075,0.9167036887762472,0.0012782980146865963,3398.0,-0.0007232950691767628,-13.177852231385161,-0.0012192418237403852,-17.327329960447376,-0.0015390050691226982,2392.0,-0.0032413716114292335,-1.08462466549072,0.8609560369978166,0.5748327759197325,1375.0,2392.0,1.308055825573375e-13,,,
straddle,3m,daily,hump_gamma2,-0.0019369525494311976,9.827599778471088,0.000727439583486802,-20.647930806237724,-3.081242430282006,0.4628754701023693,0.5378380629688944,-0.708470849623511,0.0020613873699051816,0.643453631151145,0.5906888515218978,0.47865290835914376,0.00046028472679360277,3398.0,-0.0019369525494311976,9.827599778471088,-0.0012095129659443955,-10.820331027766636,-0.0015390050691226982,2392.0,0.00032052784422575975,0.5761005740092634,0.2822736017481404,0.5844481605351171,1398.0,2392.0,7.323353724861283e-17,,,
straddle,3m,weekly,gamma0__12m__1m,-0.007947675645163334,-0.07794576224493634,-0.0030376528832027254,-0.32492553125511203,-2.075033055960055,-0.7177104464509686,-0.47517470210611695,-1.960529073925526,0.03798347125406664,0.47293584077289885,0.6346624569461016,0.04993398319172079,0.03316837371732817,3171.0,-0.007947675645163334,-0.07794576224493634,-0.010985328528366058,-0.40287129350004836,-0.0061438940508854005,2357.0,0.02448449481893733,1.7389487100914467,0.04102189255515288,0.5783898305084746,273.0,472.0,0.00038098136874566103,,,
straddle,3m,weekly,gamma0__12m__6m,-0.009946331810975172,0.09971398964489453,-0.007423503274255963,-1.6577453393296169,-2.845428352035168,0.3086088849164348,-1.2876947187290828,-2.6983630305269903,0.004435173587909805,0.7576190613844619,0.19785225271273132,0.0069681406029115725,0.02236551541263343,3492.0,-0.009946331810975172,0.09971398964489453,-0.017369835085231135,-1.5580313496847222,-0.007243671004281078,2357.0,0.014457621901879714,1.664279868001022,0.04802825682745804,0.5699152542372882,269.0,472.0,0.001367301493391341,,,
straddle,3m,weekly,gamma0__6m__1m,-0.0039714701755240835,-0.2987007213228908,-0.009171236975876745,-0.2801554877790893,-1.1116201717324676,-2.133608654628548,-1.5347780470263928,-1.322318634073172,0.2663014957487021,0.03287482894370616,0.12483835700288322,0.18606207029797528,0.037793085169245066,3171.0,-0.0039714701755240835,-0.2987007213228908,-0.01314270715140083,-0.5788562091019801,-0.0061438940508854005,2357.0,0.018899295779864045,1.6340595317476276,0.05112317552877178,0.5805084745762712,274.0,472.0,0.00027122341537731784,,,
straddle,3m,weekly,gamma1__12m__1m,0.007654463956526707,-1.4912447289285922,-0.0135834425768888,1.531680517433779,0.8201367878033601,-0.9263852409929598,-1.456152468375609,0.9356402891184514,0.41213813255029075,0.3542458113807485,0.145350475840779,0.3494584235074403,0.0013303950273372278,3171.0,0.007654463956526707,-1.4912447289285922,-0.005928978620362093,0.04043578850518692,-0.0061438940508854005,2357.0,0.0019215692841608734,1.495390467100902,0.06740628349945253,0.5720338983050848,270.0,472.0,0.0010055359949023338,,,
straddle,3m,weekly,gamma1__12m__6m,-0.005804939046888955,0.2375467460945453,-0.004388506856869525,-0.6316643064955727,-1.6117097827759903,0.41873493723027894,-1.0859005376661448,-0.8382601559280934,0.10702510787771641,0.6754098594253904,0.27752299902365885,0.4018846082484834,0.0019282085566327822,3492.0,-0.005804939046888955,0.2375467460945453,-0.01019344590375848,-0.3941175604010274,-0.007243671004281078,2357.0,0.00480736911675117,1.8840518339976544,0.029778982242538065,0.5911016949152542,279.0,472.0,4.3827924560353176e-05,,,
straddle,3m,weekly,gamma1__6m__1m,0.01416394293595996,-2.432277329467956,-0.019845336922438124,2.5347569507645673,1.697554675391837,-1.114513913461365,-2.3606274108495264,1.1388916630166588,0.08959184347093088,0.2650587788990527,0.018244050083147226,0.2547483433209342,0.003701333569654963,3171.0,0.01416394293595996,-2.432277329467956,-0.005681393986478165,0.10247962129661126,-0.0061438940508854005,2357.0,0.00037057886709468413,1.416149710584218,0.078365838104969,0.5635593220338984,266.0,472.0,0.0032762730726160496,,,
straddle,3m,weekly,gamma2__12m__1m,0.0040794570455537195,0.8968568603024023,-0.013490301109946968,-1.2203626955968723,0.657351821212496,1.3435212947543616,-1.9402657370765384,-1.1190776382223837,0.5109547227692455,0.17910323542629614,0.05234740308769789,0.2631070187946688,0.012670744179311244,3171.0,0.0040794570455537195,0.8968568603024023,-0.00941084406439325,-0.32350583529446997,-0.0061438940508854005,2357.0,-0.0032942243585547537,0.4486232753238231,0.32685172027822257,0.5614406779661016,265.0,472.0,0.004314962051766793,,,
straddle,3m,weekly,gamma2__12m__6m,-0.006354638955790518,1.107140409657047,-0.005290477911265871,-2.2101870205405274,-2.077339971427375,1.6943867312040741,-1.5212202988692474,-2.350144243047968,0.0377701923373387,0.09019181923069991,0.12820456314870798,0.018766137196778804,0.01148551439394252,3492.0,-0.006354638955790518,1.107140409657047,-0.011645116867056389,-1.1030466108834804,-0.007243671004281078,2357.0,0.006909585530721296,1.3455095466115117,0.08923037022746505,0.586864406779661,277.0,472.0,9.314766717532246e-05,,,
straddle,3m,weekly,gamma2__6m__1m,-0.013174148909445517,3.938611202055254,0.008219670633299113,-2.995517569214725,-2.4041990094675407,3.3511672879274195,1.3138171017801492,-1.6915805965356907,0.01620794718058282,0.0008047167366062098,0.18890776104806684,0.0907259686809077,0.017829307893767354,3171.0,-0.013174148909445517,3.938611202055254,-0.004954478276146404,0.943093632840529,-0.0061438940508854005,2357.0,-0.0069317528309511545,-1.0849215327869772,0.8610217949332081,0.586864406779661,277.0,472.0,9.314766717532246e-05,,,
straddle,3m,weekly,hump_gamma0,-0.014462812612102067,120.18239133645383,0.014724909736043786,-10.699314849515808,-2.9451796362423948,4.230951209472824,2.7087041039012,-0.2604942626952883,0.003227672084445127,2.3270514851545195e-05,0.00675465511995758,0.7944825403051784,0.045133597858784236,3171.0,-0.014462812612102067,120.18239133645383,0.00026209712394171907,109.48307648693802,-0.0061438940508854005,2357.0,-0.008167089294281338,1.4831920380392118,0.06901169799969084,0.5826271186440678,275.0,472.0,0.0001915086974200222,,,
straddle,3m,weekly,hump_gamma1,-0.006116301152327243,-7.7597935451132,0.0009922795618581364,-51.461969599466165,-2.036260575870836,-0.23385202434392954,0.2012231904263642,-0.41408518474673833,0.04172419637095857,0.8150998595392207,0.8405240590068315,0.6788117224232608,0.0007441363293908543,3171.0,-0.006116301152327243,-7.7597935451132,-0.005124021590469107,-59.22176314457936,-0.0061438940508854005,2357.0,-0.0034068124908706032,-1.1139310508252025,0.8673456163745703,0.5783898305084746,273.0,472.0,0.00038098136874566103,,,
straddle,3m,weekly,hump_gamma2,-0.009096434278577023,87.5934459204674,0.0013142524783050936,-230.43011752635593,-3.77228547012091,1.2418794837462375,0.2737865256829347,-1.9160989654784293,0.00016175903120493085,0.21428103077291394,0.78424867906583,0.05535249997186091,0.0068206496755411905,3171.0,-0.009096434278577023,87.5934459204674,-0.0077821818002719294,-142.8366716058885,-0.0061438940508854005,2357.0,0.0019620869994226853,0.7470625377850825,0.22751290605449026,0.5889830508474576,278.0,472.0,6.41605880062707e-05,,,
straddle,3m,monthly,gamma0__12m__1m,-0.026320695842595707,-0.7603455709897112,-0.026910511319646273,-0.2624205013095381,-1.2937711405963161,-1.4647729678114862,-1.0951161755408534,-0.35831748722190737,0.1957444839318978,0.14298286940500418,0.2734657429992947,0.7201057328443068,0.05143330234755794,2214.0,-0.026320695842595707,-0.7603455709897112,-0.05323120716224198,-1.0227660722992493,-0.03872405072870334,2233.0,0.004398736052589669,0.6804589912838833,0.24810693974831016,0.5981308411214953,64.0,107.0,0.026333890649312137,,,
straddle,3m,monthly,gamma0__12m__6m,-0.045507252203541154,-0.018553757122488634,-0.005949432404023199,-3.242228428358889,-2.510971839603413,-0.011965917908432721,-0.21830792328449386,-1.3451679044606244,0.01203993010265673,0.9904528066785054,0.8271892014519433,0.1785710184444067,0.029622639557856933,2490.0,-0.045507252203541154,-0.018553757122488634,-0.051456684607564356,-3.2607821854813777,-0.03778434154474454,2233.0,0.004763916410864488,0.8123671809311087,0.2082904860815179,0.5887850467289719,63.0,107.0,0.04067652410298299,,,
straddle,3m,monthly,gamma0__6m__1m,-0.016593572628285105,-1.5553252566620601,-0.037607405995892136,0.14073159256597548,-0.8891427688365677,-2.3775146392117965,-1.7048728931581902,0.15022420699629618,0.37392635604111657,0.017429751108098936,0.0882181328952639,0.880587728183695,0.06262550385462995,2214.0,-0.016593572628285105,-1.5553252566620601,-0.05420097862417724,-1.4145936640960846,-0.03872405072870334,2233.0,-0.010367089139645902,0.5516788014329187,0.29058421814122803,0.5981308411214953,64.0,107.0,0.026333890649312137,,,
straddle,3m,monthly,gamma1__12m__1m,-0.027603988638232102,1.968633717543022,-0.007706383651941389,-1.684815924837112,-1.0146508380129367,0.4917736887678121,-0.27374933639387256,-0.40879579419557177,0.31027229653601396,0.6228793386905781,0.7842772604327339,0.6826895266491773,0.0013870210810448258,2214.0,-0.027603988638232102,1.968633717543022,-0.03531037229017349,0.28381779270591,-0.03872405072870334,2233.0,0.013523523104923885,1.284721277455219,0.09944485009180354,0.5981308411214953,64.0,107.0,0.026333890649312137,,,
straddle,3m,monthly,gamma1__12m__6m,-0.030751822070595715,-1.189594150101318,-0.01676639992700734,-0.4497866220510111,-2.0853220855868453,-0.546279493744433,-1.1768438373983148,-0.1790943370587585,0.03704007397930056,0.5848738298754,0.23925784192375532,0.8578636284927745,0.005545235434606721,2490.0,-0.030751822070595715,-1.189594150101318,-0.047518221997603055,-1.6393807721523292,-0.03778434154474454,2233.0,-0.0017943304067018495,0.20668309622323422,0.4181286798103173,0.5981308411214953,64.0,107.0,0.026333890649312137,,,
straddle,3m,monthly,gamma1__6m__1m,-0.012574011336290505,3.70466508898432,-0.01592769165996775,-2.685663412046651,-0.4993570699933304,0.5529065451264115,-0.6127856425087774,-0.39576040598406953,0.6175278569190297,0.5803274054058168,0.5400180854747447,0.692281788414713,0.008107871110473841,2214.0,-0.012574011336290505,3.70466508898432,-0.028501702996258257,1.0190016769376689,-0.03872405072870334,2233.0,0.007364668814532016,1.6169071569613052,0.05294916164968688,0.6074766355140186,65.0,107.0,0.01647333014991347,,,
straddle,3m,monthly,gamma2__12m__1m,0.04207442832884585,3.0552693167976064,-0.09384456020204567,-2.657909080689347,1.529824502007199,1.5146929482890032,-3.077750705969866,-0.6091797005533158,0.12606017500265643,0.1298501810500717,0.0020856931543689087,0.5424053339170929,0.09702015935901798,2214.0,0.04207442832884585,3.0552693167976064,-0.051770131873199815,0.39736023610825955,-0.03872405072870334,2233.0,-0.012443943720062967,0.9905499925143985,0.16095268324077788,0.5700934579439252,61.0,107.0,0.08782013667243996,,,
straddle,3m,monthly,gamma2__12m__6m,-0.03521323419743575,5.671166165498771,-0.016040472871228256,-7.2954004135500305,-2.8952145255921495,2.2748266872993734,-1.2020748932516176,-2.09340929503149,0.003788994920147835,0.02291632863595452,0.22933451272592986,0.036312633386495576,0.03970098080854245,2490.0,-0.03521323419743575,5.671166165498771,-0.05125370706866401,-1.62423424805126,-0.03778434154474454,2233.0,0.012042184675840839,0.9544662395007603,0.16992384527510157,0.616822429906542,66.0,107.0,0.009950190127234344,,,
straddle,3m,monthly,gamma2__6m__1m,0.005699585268249154,5.150403838784589,-0.025449340985184254,5.563830933752444,0.22902311516180013,1.0288632857841062,-0.9672427949054366,0.7740923959233725,0.818850950248132,0.30354392290430343,0.3334226733612674,0.4388761539050977,0.0631826130404265,2214.0,0.005699585268249154,5.150403838784589,-0.019749755716935102,10.714234772537033,-0.03872405072870334,2233.0,-0.007043793163231893,0.7727373546075693,0.21983891736559008,0.5700934579439252,61.0,107.0,0.08782013667243996,,,
straddle,3m,monthly,hump_gamma0,-0.05258695525635078,281.9578818572052,0.044925501764319434,157.1194314681963,-3.0458955157277114,2.5643411816951067,2.5037820419518075,0.9045040090323749,0.0023198843659756486,0.010337187546051903,0.01228737026400857,0.36572820952560225,0.0782051668433732,2214.0,-0.05258695525635078,281.9578818572052,-0.007661453492031345,439.0773133254015,-0.03872405072870334,2233.0,-0.06179360999709682,0.3949901603014198,0.3464250748697246,0.5981308411214953,64.0,107.0,0.026333890649312137,,,
straddle,3m,monthly,hump_gamma1,-0.02694308480230813,-176.9859456668233,-0.016214104203491956,-223.78343289720712,-1.8234971296848805,-1.1692337879174355,-0.9072562613939266,-0.8618933997097068,0.0682281314076644,0.24230945155890138,0.3642712980052858,0.38874618139685047,0.009482125750088999,2214.0,-0.02694308480230813,-176.9859456668233,-0.04315718900580008,-400.76937856403043,-0.03872405072870334,2233.0,-0.007625104853480114,-0.3936067004640996,0.65306428324017,0.6074766355140186,65.0,107.0,0.01647333014991347,,,
straddle,3m,monthly,hump_gamma2,-0.054982402457411955,436.30765862560696,0.04071229839740275,-532.901732631536,-4.988540130233197,1.6749210261418548,1.879081497494863,-1.2552353111199468,6.083727494867068e-07,0.09394972761887298,0.060233366118875316,0.20939335049134633,0.018109350284174264,2214.0,-0.054982402457411955,436.30765862560696,-0.014270104060009205,-96.59407400592903,-0.03872405072870334,2233.0,-0.00640438479012162,0.2907122683433618,0.38563569394131186,0.616822429906542,66.0,107.0,0.009950190127234344,,,
straddle,4m,daily,gamma0__12m__1m,-0.0009322743804208295,-0.026121865705234833,0.00028454564921964466,0.006864084006743774,-1.1262661087688939,-1.0992585019519179,0.19860653303400352,0.20000108780261305,0.26005289857770697,0.27165532758432975,0.8425705427972819,0.8414797303673578,0.002119577234754977,3443.0,-0.0009322743804208295,-0.026121865705234833,-0.0006477287312011849,-0.019257781698491058,-0.0012251664835835363,2370.0,-0.0003880137439506992,0.4045831670172018,0.3428919669188414,0.5687763713080168,1348.0,2370.0,1.1453006536487199e-11,,,
straddle,4m,daily,gamma0__12m__6m,-0.0016062058707437031,0.025339868512673086,-0.0006704307375237467,-0.16191875387480348,-2.349654010975907,0.39734394714945087,-0.5314030679110701,-1.3872609045810147,0.018790868620104786,0.6911138439592246,0.59513949600635,0.16536221981760846,0.001344558840427279,3861.0,-0.0016062058707437031,0.025339868512673086,-0.0022766366082674497,-0.1365788853621304,-0.0012782005157783991,2370.0,0.0041332320578711945,1.6826815269355038,0.046218379862302,0.5675105485232067,1345.0,2370.0,2.6479752526374962e-11,,,
straddle,4m,daily,gamma0__6m__1m,-0.00013887361936626126,-0.07464596926643134,-0.000905892043616408,0.03950460531555332,-0.1692606525750182,-2.27142719939628,-0.6444276706400212,0.8541759486435123,0.8655916240713286,0.023121129412757388,0.5192981461044085,0.3930075073926128,0.0031666806111888546,3443.0,-0.00013887361936626126,-0.07464596926643134,-0.0010447656629826692,-0.035141363950878024,-0.0012251664835835363,2370.0,-0.0028641494346766105,0.20511492172979554,0.4187411692166737,0.5734177215189873,1359.0,2370.0,4.653775071624894e-13,,,
straddle,4m,daily,gamma1__12m__1m,0.003086613439327852,-0.7215866025716382,-0.002841278587240687,0.8291453246336314,1.0058876881276704,-1.066019898746273,-0.9049443177095422,1.2223509338690626,0.3144695993745896,0.2864146468353368,0.36549488699218236,0.22157494568654168,0.003426727703638721,3443.0,0.003086613439327852,-0.7215866025716382,0.000245334852087165,0.10755872206199324,-0.0012251664835835363,2370.0,0.00035094312175665276,1.6121990472007786,0.05345931627814454,0.5447257383966245,1291.0,2370.0,7.224935985613985e-06,,,
straddle,4m,daily,gamma1__12m__6m,-0.00034185022516110476,-0.08863179288584502,-0.0011801942991935262,0.08457562972679729,-0.4113344566466796,-0.5471526468489633,-1.2149580954264811,0.4676204504013778,0.6808273071253232,0.5842738654801203,0.22438207423675915,0.6400560377420488,0.00046845327533806547,3861.0,-0.00034185022516110476,-0.08863179288584502,-0.0015220445243546309,-0.004056163159047735,-0.0012782005157783991,2370.0,0.0007298927358625473,1.2504260149472382,0.10557198314302552,0.570042194092827,1351.0,2370.0,4.879023670358035e-12,,,
straddle,4m,daily,gamma1__6m__1m,0.0034952420788111173,-0.9851213471842204,-0.003008590841672748,1.1400338559465875,1.280598884229521,-1.2695070788826812,-1.0756383863460766,1.4654856089928838,0.20033459212463378,0.2042602673988213,0.28208901281194054,0.14278847583845516,0.004587627794421678,3443.0,0.0034952420788111173,-0.9851213471842204,0.0004866512371383691,0.15491250876236706,-0.0012251664835835363,2370.0,-0.001772888669861361,0.8557774547435446,0.19606044399056027,0.5341772151898734,1266.0,2370.0,0.0004693364797150615,,,
straddle,4m,daily,gamma2__12m__1m,0.0008798987696731037,0.0938814442892322,-0.0009508319703128723,0.309892643437199,0.6075579665582291,0.6571689748808577,-0.5923485249491686,1.3397472405288748,0.5434806860824959,0.5110722722212775,0.5536172281706707,0.1803275335053598,0.004783474779723185,3443.0,0.0008798987696731037,0.0938814442892322,-7.09332006397686e-05,0.4037740877264312,-0.0012251664835835363,2370.0,0.00356796100454726,2.126895299794363,0.016714391742601965,0.5535864978902953,1312.0,2370.0,9.873903881125381e-08,,,
straddle,4m,daily,gamma2__12m__6m,-0.000227955890941039,0.018675337300555647,-0.001616524124627428,-0.043783999632751654,-0.3364298098615618,0.14710705486840922,-1.9834210323003207,-0.23868331013115673,0.7365467732049338,0.8830475214836224,0.0473204197318313,0.8113511593466876,0.0013690752858223076,3861.0,-0.000227955890941039,0.018675337300555647,-0.001844480015568467,-0.025108662332196007,-0.0012782005157783991,2370.0,0.0024183799406827244,2.288772999488767,0.01104627252038265,0.5721518987341773,1356.0,2370.0,1.1376663412911845e-12,,,
straddle,4m,daily,gamma2__6m__1m,-0.0016950981808061115,0.3510043685849217,0.001513391299615162,0.08295301501329587,-1.252014197170393,1.2598694534231583,0.9663565664573234,0.21204738410544685,0.21056469076842643,0.20771645979170827,0.33386578980732384,0.8320700675869085,0.002161696702846383,3443.0,-0.0016950981808061115,0.3510043685849217,-0.00018170688119094943,0.43395738359821756,-0.0012251664835835363,2370.0,0.000764656038362288,0.7739105055431725,0.21949185829123352,0.5708860759493671,1353.0,2370.0,2.7391034158860827e-12,,,
straddle,4m,daily,hump_gamma0,-0.0018511744809064953,10.41427175446149,0.0029128703724034164,17.938740321075638,-1.790424512148896,1.6548930175363399,2.202544554242338,1.9528604317811122,0.07338569265605421,0.09794620088832234,0.02762686554450506,0.050836135394108285,0.00649283813571222,3443.0,-0.0018511744809064953,10.41427175446149,0.001061695891496921,28.35301207553713,-0.0012251664835835363,2370.0,-0.015732752047169063,0.1910253276571951,0.42425287496545033,0.5721518987341773,1356.0,2370.0,1.1376663412911845e-12,,,
straddle,4m,daily,hump_gamma1,-7.94121806160305e-05,-16.37653833817056,-0.001307770888670257,0.8250472359906249,-0.12794059586083376,-2.298895303152569,-0.925139590845015,0.02479449641315243,0.8981959841701225,0.02151088518536487,0.3548933014733979,0.980218880936537,0.002286092483358426,3443.0,-7.94121806160305e-05,-16.37653833817056,-0.0013871830692862874,-15.551491102179934,-0.0012251664835835363,2370.0,-0.004352743265268577,-1.0421372560978714,0.8513259761176288,0.5637130801687764,1336.0,2370.0,2.9883815285994404e-10,,,
straddle,4m,daily,hump_gamma2,-0.0011658147860852607,-5.521843347437059,0.00031018452155119776,9.252844666800542,-2.236168838243957,-0.2919808666476049,0.27274951753671256,0.35136936295225346,0.025340713613142458,0.7703012530667475,0.7850457677649508,0.7253112637437866,8.699219882046805e-05,3443.0,-0.0011658147860852607,-5.521843347437059,-0.000855630264534063,3.7310013193634823,-0.0012251664835835363,2370.0,-0.0009410911751412954,-1.3884557087176241,0.9175008386004257,0.570042194092827,1351.0,2370.0,4.879023670358035e-12,,,
straddle,4m,weekly,gamma0__12m__1m,-0.004629389492745884,-0.09843460255723385,-0.002835551475927507,-0.15397079374632353,-1.4907001391087735,-1.0773959252119778,-0.5101095893570433,-0.9712933779736178,0.13604023955970623,0.2813034237669203,0.6099746874171901,0.3314022054324929,0.02031717434879965,3224.0,-0.004629389492745884,-0.09843460255723385,-0.007464940968673391,-0.2524053963035574,-0.004865506304180507,2307.0,0.01919074660937048,1.5645794377228448,0.05884077667419243,0.5692640692640693,263.0,462.0,0.001667388927616976,,,
straddle,4m,weekly,gamma0__12m__6m,-0.004968360166274076,-0.14593160933039678,-0.007789810322990925,-0.7223466774064128,-1.7470534674939653,-0.5456620196721836,-1.5456556736825378,-1.2079769561358447,0.08062806395658159,0.5852982838944472,0.12218774779410958,0.22705612627577387,0.00912707188798978,3555.0,-0.004968360166274076,-0.14593160933039678,-0.012758170489265001,-0.8682782867368095,-0.00576793651818163,2307.0,0.013152975949784262,1.617978372770182,0.05283362930311805,0.577922077922078,267.0,462.0,0.00046785707256990355,,,
straddle,4m,weekly,gamma0__6m__1m,-0.0023679563257393258,-0.2539645159036531,-0.00674885398809084,-0.12890373389706278,-0.8128604609400424,-2.1169873940249864,-1.2807364250815574,-0.6464377028073867,0.41629806607019104,0.034260917675405685,0.20028626104590286,0.5179959298836064,0.025891961269606578,3224.0,-0.0023679563257393258,-0.2539645159036531,-0.009116810313830166,-0.3828682498007159,-0.004865506304180507,2307.0,0.013684133749629401,1.3989917840947423,0.08090772340912722,0.5714285714285714,264.0,462.0,0.001228660117142247,,,
straddle,4m,weekly,gamma1__12m__1m,0.010938932752402288,-0.554568632638593,-0.012440434972956887,0.8227133705565622,1.24656632140049,-0.38538992403252825,-1.4082588711167598,0.5613569122321682,0.21255655705262433,0.6999485466183126,0.15905442956513138,0.5745542511330426,0.006017707889168666,3224.0,0.010938932752402288,-0.554568632638593,-0.001501502220554599,0.2681447379179692,-0.004865506304180507,2307.0,0.0026994760206283663,1.60167522770751,0.054613722937861583,0.5606060606060606,259.0,462.0,0.0052124940327070565,,,
straddle,4m,weekly,gamma1__12m__6m,-0.0014054159578313465,-0.24225418919177244,-0.006723418679472788,0.023576157070292605,-0.4799076440233809,-0.47686337474147233,-2.0943350712155158,0.03467221450800285,0.631293065595782,0.633459413813616,0.03623014224497247,0.9723411172113097,0.002502724702473147,3555.0,-0.0014054159578313465,-0.24225418919177244,-0.008128834637304135,-0.21867803212147985,-0.00576793651818163,2307.0,0.005970936389162462,2.6571349816899406,0.003940394090532795,0.5757575757575758,266.0,462.0,0.0006508562805111784,,,
straddle,4m,weekly,gamma1__6m__1m,0.007076480713372988,1.0823333024077717,-0.008501506516008546,-0.7248389916542188,0.9567882457587908,0.617519461313821,-1.1393687298951765,-0.4036891149796637,0.338674146242115,0.536892148809871,0.2545493927243496,0.6864413449669315,0.008054850435690986,3224.0,0.007076480713372988,1.0823333024077717,-0.0014250258026355577,0.35749431075355287,-0.004865506304180507,2307.0,-0.010718451606126944,0.5182489400280947,0.30214229643226,0.5476190476190477,253.0,462.0,0.02266243009985787,,,
straddle,4m,weekly,gamma2__12m__1m,0.002451678949535617,0.7458753959996494,-0.006174232776775657,-0.0263595614414808,0.4739366413676032,1.0704150747138785,-1.0381210765528168,-0.024221765263017076,0.6355450891369578,0.2844325168237605,0.2992136901753609,0.980675717052916,0.011721326175691105,3224.0,0.002451678949535617,0.7458753959996494,-0.00372255382724004,0.7195158345581686,-0.004865506304180507,2307.0,0.0033806142234954484,1.139822535509979,0.1271801215379963,0.564935064935065,261.0,462.0,0.002996333418231355,,,
straddle,4m,weekly,gamma2__12m__6m,-0.0037814416826909797,0.6674368113244811,-0.0040815751880808404,-0.8445789816009285,-1.5638011059606316,1.0318226909545762,-1.4374052278400749,-0.8850360764005611,0.11786428449775224,0.30215518739827363,0.15060288420721774,0.3761371741237868,0.004800099971931315,3555.0,-0.0037814416826909797,0.6674368113244811,-0.00786301687077182,-0.1771421702764474,-0.00576793651818163,2307.0,0.009438303304277085,1.767353553916749,0.038584518110040794,0.5800865800865801,268.0,462.0,0.0003335205753545884,,,
straddle,4m,weekly,gamma2__6m__1m,-0.006526809465016064,2.1178567236735653,0.0031984614892434085,-1.1611083257445363,-1.3210105921340496,1.7196209897425667,0.5955173203589432,-0.7061130081116901,0.18649783247146745,0.08550135823649822,0.5514977249380144,0.4801178628565008,0.009645079726628092,3224.0,-0.006526809465016064,2.1178567236735653,-0.003328347975772655,0.956748397929029,-0.004865506304180507,2307.0,-0.004066310970348486,-0.811321526415467,0.7914094744213606,0.5714285714285714,264.0,462.0,0.001228660117142247,,,
straddle,4m,weekly,hump_gamma0,-0.010679271670774862,86.28717636048971,0.010824977021284626,-1.7729544201102367,-2.501051549916796,3.1305734730009287,2.3105196325661526,-0.04745718754610604,0.012382515305160914,0.00174465350928429,0.020859402896889107,0.9621488512535346,0.03498388304123479,3224.0,-0.010679271670774862,86.28717636048971,0.00014570535050976476,84.51422194037947,-0.004865506304180507,2307.0,-0.010960775686521096,1.1572602017859517,0.12358303411997468,0.5757575757575758,266.0,462.0,0.0006508562805111784,,,
straddle,4m,weekly,hump_gamma1,-0.0028344681158308637,-33.118810819411664,-0.004909885711425808,-134.41580701756678,-1.119502910709107,-1.1518737686788,-1.211386133487281,-1.2804463800178454,0.26292564983662114,0.24937294876865834,0.2257474512847899,0.20038819119668738,0.004064787930184721,3224.0,-0.0028344681158308637,-33.118810819411664,-0.007744353827256672,-167.53461783697844,-0.004865506304180507,2307.0,-0.009547508344165623,-0.8465051335382664,0.8013644943575942,0.5476190476190477,253.0,462.0,0.02266243009985787,,,
straddle,4m,weekly,hump_gamma2,-0.005905162479938868,39.3608766489205,0.000345760325811824,-80.77244969209409,-2.947296167250429,0.579282669395676,0.0886876088373642,-0.6645444689114803,0.0032056601472815866,0.5623984573855492,0.9293301804433358,0.506341897344905,0.0009106810108291397,3224.0,-0.005905162479938868,39.3608766489205,-0.005559402154127044,-41.41157304317358,-0.004865506304180507,2307.0,0.002561949333785729,1.002418195385568,0.15807082892363616,0.5800865800865801,268.0,462.0,0.0003335205753545884,,,
straddle,4m,monthly,gamma0__12m__1m,-0.014281699073948852,-0.7930540340569918,-0.022898989443432098,0.18656371545413186,-0.8273586355767423,-1.751009667232773,-1.0912705608193591,0.2597732844728212,0.4080338184215918,0.0799442448217197,0.27515384760282746,0.7950386595660884,0.03267389623710215,2160.0,-0.014281699073948852,-0.7930540340569918,-0.03718068851738095,-0.60649031860286,-0.031026210835653358,2084.0,0.006604889398097558,0.7315168483396672,0.23223175862102918,0.57,57.0,100.0,0.09667395224782122,,,
straddle,4m,monthly,gamma0__12m__6m,-0.0220395881267877,-1.3106595573780262,-0.01879485215385096,-0.4812835477645911,-1.5175158909929642,-1.0552766316044146,-0.8401981387917214,-0.20986165612556376,0.12913648447666143,0.2912988254311726,0.4007973017982709,0.8337756497498653,0.011955824358456657,2453.0,-0.0220395881267877,-1.3106595573780262,-0.040834440280638665,-1.7919431051426173,-0.03103884133961675,2084.0,0.004504920939132906,0.6751181490027734,0.24980035190733835,0.55,55.0,100.0,0.18410080866334802,,,
straddle,4m,monthly,gamma0__6m__1m,-0.009818376048135792,-1.3971906188868188,-0.02823575821476922,0.5184145169573525,-0.6064234575773857,-2.366661207277718,-1.4150904265346715,0.5499871929429777,0.5442335955349691,0.017949355332489494,0.1570419847642618,0.5823281578106434,0.04411881194287315,2160.0,-0.009818376048135792,-1.3971906188868188,-0.038054134262905014,-0.8787761019294663,-0.031026210835653358,2084.0,-0.012673040779362044,0.46666957435091716,0.3203681505807341,0.57,57.0,100.0,0.09667395224782122,,,
straddle,4m,monthly,gamma1__12m__1m,-0.004066039453476383,-1.1940699437801998,-0.014385032805908183,2.1832793136540443,-0.2185523778872,-0.47519056702611395,-0.6571257553631297,0.7945111970538754,0.8269987528413874,0.6346511499714452,0.5111000595331778,0.426897893093648,0.008396353555868208,2160.0,-0.004066039453476383,-1.1940699437801998,-0.018451072259384565,0.9892093698738444,-0.031026210835653358,2084.0,0.024176674152971755,1.779062025387295,0.03761479682210114,0.57,57.0,100.0,0.09667395224782122,,,
straddle,4m,monthly,gamma1__12m__6m,-0.014225416877183967,-4.414632197425428,-0.020340650844009624,3.707278893170885,-1.214619986315362,-3.0472033906863834,-1.7210022298627279,1.7900966994116454,0.2245110624590424,0.002309813603894046,0.08525041925747251,0.07343836732428512,0.01504344246605227,2453.0,-0.014225416877183967,-4.414632197425428,-0.03456606772119359,-0.7073533042545432,-0.03103884133961675,2084.0,-0.023383838690365977,-0.7747625559213911,0.7807600105744293,0.57,57.0,100.0,0.09667395224782122,,,
straddle,4m,monthly,gamma1__6m__1m,-0.02140922264783154,6.415348928247218,0.008626312276932405,-4.624760235511008,-1.3991273867748664,1.7779542361112881,0.5501958028625817,-1.2236752317048634,0.16177478644750165,0.07541137140337957,0.5821850820316794,0.22107476678077387,0.018957161844489145,2160.0,-0.02140922264783154,6.415348928247218,-0.012782910370899136,1.7905886927362094,-0.031026210835653358,2084.0,0.008336263983400927,1.5745364789054899,0.05768173748394863,0.56,56.0,100.0,0.13562651203691772,,,
straddle,4m,monthly,gamma2__12m__1m,0.0008362825678325523,5.812818500919295,-0.03285197007165773,-3.577471449649164,0.03585293662645692,2.5326393156263434,-1.300257908227124,-0.9988423470494036,0.9713996228492754,0.011320737345833375,0.19351258924954973,0.31787106838880863,0.08003649478355568,2160.0,0.0008362825678325523,5.812818500919295,-0.03201568750382518,2.2353470512701312,-0.031026210835653358,2084.0,0.008799532973766677,1.507513619484779,0.06583952775989096,0.55,55.0,100.0,0.18410080866334802,,,
straddle,4m,monthly,gamma2__12m__6m,-0.028588503323213263,6.299688064872064,-0.007317738478379786,-5.197703886719943,-2.8371942941067676,1.731717844963102,-0.6257818080735706,-1.3082879526617668,0.004551190717461292,0.0833238117940053,0.5314580657023351,0.1907756597975322,0.03428599076806882,2453.0,-0.028588503323213263,6.299688064872064,-0.03590624180159305,1.1019841781521205,-0.03103884133961675,2084.0,0.024137891082976926,1.2314240431566104,0.10908215457560921,0.59,59.0,100.0,0.044313040057033785,,,
straddle,4m,monthly,gamma2__6m__1m,-0.004827046639717351,4.37829363625158,-0.01896366855077528,1.0122416096559919,-0.2201198591380621,0.7616122997625893,-0.7715084485610344,0.1329275151748717,0.8257778087367361,0.44629143169419816,0.4404056166155551,0.894250706036955,0.039737628176887085,2160.0,-0.004827046639717351,4.37829363625158,-0.02379071519049263,5.3905352459075715,-0.031026210835653358,2084.0,0.0008351968673626642,0.9603220582250451,0.16844657586555645,0.56,56.0,100.0,0.13562651203691772,,,
straddle,4m,monthly,hump_gamma0,-0.03870981106981655,189.7273097131219,0.0320310585505479,168.28581726297173,-2.421154957404464,1.5014332485156743,2.011512919410426,0.9522611612216407,0.015471280704538319,0.13324353965811814,0.04427130708718539,0.3409645497559012,0.06033022417817424,2160.0,-0.03870981106981655,189.7273097131219,-0.006678752519268652,358.01312697609364,-0.031026210835653358,2084.0,-0.0753536827027319,0.07811719807363683,0.468867413456792,0.58,58.0,100.0,0.0666053096036067,,,
straddle,4m,monthly,hump_gamma1,-0.013971677662578976,-259.3738135529851,-0.02253754078996758,-71.32259000922272,-1.2892367691348827,-2.952438321544769,-1.609827889461813,-0.2860083092892302,0.19731578575677466,0.0031527504758533447,0.10743543487329534,0.774871757386092,0.021390161451550038,2160.0,-0.013971677662578976,-259.3738135529851,-0.03650921845254655,-330.6964035622078,-0.031026210835653358,2084.0,-0.014767916777418177,-0.3708681275523976,0.6446321222837902,0.55,55.0,100.0,0.18410080866334802,,,
straddle,4m,monthly,hump_gamma2,-0.03630161253928536,95.75292460832063,0.023129570807645602,-29.161435829065496,-4.007766165097326,0.29893316378892454,1.2994165674835716,-0.06544867255195028,6.129576405758012e-05,0.7649910423673438,0.19380100902941755,0.9478167720285845,0.005222790280233869,2160.0,-0.03630161253928536,95.75292460832063,-0.013172041731639762,66.59148877925513,-0.031026210835653358,2084.0,0.0026814640863563888,1.2863052678638789,0.0991682723721678,0.57,57.0,100.0,0.09667395224782122,,,
straddle,6m,daily,gamma0__12m__1m,-0.0009967953771949528,-0.01597938597597455,0.0005323837888840475,-0.009907867602511,-1.4255883856515426,-0.8032819533362756,0.4214528506693178,-0.30921471205340995,0.15398719072362468,0.42181178633887184,0.673424433581743,0.7571582033350374,0.004239273949039002,3407.0,-0.0009967953771949528,-0.01597938597597455,-0.0004644115883109053,-0.02588725357848555,-0.0009218334324283264,2209.0,0.0014760512630860312,0.8894146346483055,0.186890141341572,0.5436849253055681,1201.0,2209.0,2.1799452897708112e-05,,,
straddle,6m,daily,gamma0__12m__6m,-0.001269677795075842,0.011784779634489708,-0.0006750278971857927,-0.184865908639624,-2.211979901950549,0.22851580345957948,-0.6427579718087053,-1.8834618551757916,0.02696805365296619,0.8192452717284119,0.5203811580403906,0.059637804546445794,0.003854058740098254,3843.0,-0.001269677795075842,0.011784779634489708,-0.0019447056922616349,-0.17308112900513428,-0.00092425508063564,2209.0,0.006748713230454451,1.6898647583183715,0.04552691558600118,0.5441376188320507,1202.0,2209.0,1.812524115935163e-05,,,
straddle,6m,daily,gamma0__6m__1m,-0.00020244483212731684,-0.057238579453766286,-0.0008426966587432338,0.012639910993699337,-0.2948138589731092,-2.080286618658007,-0.6819399640725292,0.2941829182021989,0.7681360788077489,0.03749925142480525,0.49527691379730854,0.7686181327274852,0.0050432564929022705,3407.0,-0.00020244483212731684,-0.057238579453766286,-0.0010451414908705507,-0.04459866846006695,-0.0009218334324283264,2209.0,-0.00150504657000039,0.6125370664745583,0.27009124092627407,0.549117247623359,1213.0,2209.0,2.1201225017682843e-06,,,
straddle,6m,daily,gamma1__12m__1m,0.0022286660571037616,-0.4032936841920683,-0.0024326544900077868,0.4576725548192367,0.9231811228738178,-0.6484922336591107,-0.9837281476131886,0.7344187619546112,0.3559128245660016,0.5166666323552284,0.3252491962074011,0.4626935554323983,0.0018026684539010907,3407.0,0.0022286660571037616,-0.4032936841920683,-0.00020398843290402513,0.054378870627168396,-0.0009218334324283264,2209.0,0.003492907522275046,2.223097433569587,0.013104615338473248,0.5509280217292892,1217.0,2209.0,9.216962596521123e-07,,,
straddle,6m,daily,gamma1__12m__6m,-0.0002457972453911893,0.011224589867794286,-0.0009672576533872733,-0.015913227056877005,-0.3467059600999793,0.0710120487655653,-1.1832443635623682,-0.09541988597996576,0.7288122321387125,0.9433881661727119,0.23671231549227623,0.9239813214167885,0.0006985129375294274,3843.0,-0.0002457972453911893,0.011224589867794286,-0.0012130548987784625,-0.004688637189082719,-0.00092425508063564,2209.0,0.003472939764092242,3.2585061154564494,0.0005600023117773607,0.5482118605703938,1211.0,2209.0,3.18169303995959e-06,,,
straddle,6m,daily,gamma1__6m__1m,0.0027793498269813744,-0.6677279101214291,-0.0031325734502330276,0.7240834241195857,1.463178442872765,-1.172431134554509,-1.5847693970186638,1.2624542468067148,0.14341855787183774,0.24102400552127135,0.11301873792828628,0.20678537992418478,0.0019409867277920823,3407.0,0.0027793498269813744,-0.6677279101214291,-0.00035322362325165314,0.05635551399815664,-0.0009218334324283264,2209.0,-0.0013538800032790732,0.6814048675637469,0.24780767187231006,0.5319148936170213,1175.0,2209.0,0.0014430810475281604,,,
straddle,6m,daily,gamma2__12m__1m,0.0004463004633982275,0.0921118795913286,-0.0008289429776772212,0.11797417458605378,0.4173890953125034,0.772362411310194,-0.6671980129386895,0.6018226525530506,0.6763938297293817,0.43989981018152,0.5046456602152987,0.5472921947794367,0.0032766280135134718,3407.0,0.0004463004633982275,0.0921118795913286,-0.0003826425142789937,0.21008605417738238,-0.0009218334324283264,2209.0,0.003416037024599139,1.7455038806623921,0.04044859877185277,0.5436849253055681,1201.0,2209.0,2.1799452897708112e-05,,,
straddle,6m,daily,gamma2__12m__6m,-0.0005629989249804886,0.1047024367814104,-0.0008947074902859978,-0.20327363973854126,-1.084145975808852,1.016545569245874,-1.39518093169005,-1.3012794095729288,0.2783000806414323,0.3093696589988696,0.16296128564664958,0.19316283251902056,0.001787201063885746,3843.0,-0.0005629989249804886,0.1047024367814104,-0.0014577064152664864,-0.09857120295713086,-0.00092425508063564,2209.0,0.0053845587075784795,2.1974824369477286,0.013993004726852314,0.5527387958352196,1221.0,2209.0,3.895351599748032e-07,,,
straddle,6m,daily,gamma2__6m__1m,-0.0021137021237475797,0.43811689515453883,0.0017400565798355125,-0.1994887026774947,-1.8221326096188641,1.5453742171101492,1.3203081581423726,-0.5420757331606159,0.06843486683539093,0.12225577301910759,0.18673215289379008,0.5877663351203289,0.0030552147947408015,3407.0,-0.0021137021237475797,0.43811689515453883,-0.0003736455439120672,0.23862819247704414,-0.0009218334324283264,2209.0,0.0006027812518031306,0.6693484005117684,0.2516366293790735,0.5482118605703938,1211.0,2209.0,3.18169303995959e-06,,,
straddle,6m,daily,hump_gamma0,-0.001646776193789645,11.11546721040243,0.0022004050691970425,8.75648578800701,-1.7415480799877472,1.7688560834917442,1.920386682822255,1.0548181259994096,0.08158755316723976,0.07691789463289486,0.05480907442088627,0.29150851300491964,0.00753223428489358,3407.0,-0.001646776193789645,11.11546721040243,0.0005536288754073974,19.87195299840944,-0.0009218334324283264,2209.0,-0.012958772612451597,0.368831835082727,0.3561265370414799,0.5495699411498416,1214.0,2209.0,1.726099584531728e-06,,,
straddle,6m,daily,hump_gamma1,-0.0007513075834690413,-2.808517216791342,-0.00043623927529339214,-11.93496593570508,-1.3078028752261333,-0.3706555164637361,-0.3812194044296595,-0.44834799160289635,0.19094017875246938,0.7108941265466892,0.7030404516911385,0.6539020700487068,0.00029861172929457336,3407.0,-0.0007513075834690413,-2.808517216791342,-0.0011875468587624334,-14.743483152496422,-0.0009218334324283264,2209.0,-0.0006888042496582258,-0.2869597598734262,0.6129284340314015,0.5454956994114984,1205.0,2209.0,1.0309802950862118e-05,,,
straddle,6m,daily,hump_gamma2,-0.0012912261492899681,10.788869980643312,0.000810718463057556,-13.932896412151631,-3.148609148875581,0.7147045083545215,0.8457518517404018,-0.5629612256425166,0.0016404944699636066,0.4747916513816024,0.3976911904982605,0.5734612873776791,0.0005421457656092921,3407.0,-0.0012912261492899681,10.788869980643312,-0.00048050768623241207,-3.144026431508319,-0.0009218334324283264,2209.0,0.0014249484846440286,1.1833502370892133,0.11833518527970366,0.5513807152557718,1218.0,2209.0,7.451248369505566e-07,,,
straddle,6m,weekly,gamma0__12m__1m,-0.0043936264607739115,-0.08177095659301438,0.0008940801673989317,-0.10504092091599294,-1.7347277952427502,-1.0927539826903077,0.21524008286441274,-0.9078836798618017,0.08278903065831586,0.27450183099276126,0.8295801416030631,0.3639396809850478,0.02476655197105082,3316.0,-0.0043936264607739115,-0.08177095659301438,-0.0034995462933749798,-0.18681187750900732,-0.003899899799880796,1915.0,0.015597507733542515,1.339941135463879,0.09013224156976024,0.5718015665796344,219.0,383.0,0.0028612751156831674,,,
straddle,6m,weekly,gamma0__12m__6m,-0.005402938067933444,-0.07943653174968926,-0.0036055462861481567,-0.7322785577667308,-2.3870012994580065,-0.3705300570103436,-0.9787101904844553,-1.7711330701809898,0.016986431236022108,0.7109875854465366,0.3277231954897005,0.0765385758651553,0.015718314404924327,3747.0,-0.005402938067933444,-0.07943653174968926,-0.009008484354081601,-0.81171508951642,-0.004762346961323294,1915.0,0.022179306064075255,1.6666006023495639,0.04779692452387104,0.5718015665796344,219.0,383.0,0.0028612751156831674,,,
straddle,6m,weekly,gamma0__6m__1m,-0.0019373463104092273,-0.22760118334623933,-0.0033176872466293837,-0.052977705647491005,-0.7857105945268387,-2.258263982002007,-0.8215625334098848,-0.3524364818946664,0.43203705498054146,0.023929206406594013,0.4113259202775895,0.724510946270029,0.02779553242290167,3316.0,-0.0019373463104092273,-0.22760118334623933,-0.005255033557038611,-0.28057888899373035,-0.003899899799880796,1915.0,0.0072055515734027464,1.1786385892313829,0.11927105934280136,0.5691906005221932,218.0,383.0,0.003900056271157287,,,
straddle,6m,weekly,gamma1__12m__1m,0.006355887789851607,-0.8001015695258255,-0.009675725303614501,0.8607892827021087,0.981253906642073,-0.7184866606857729,-1.4778625380260304,0.7618983561839554,0.3264675468356135,0.47245726984636094,0.1394445752147219,0.4461206711711503,0.001929864421295835,3316.0,0.006355887789851607,-0.8001015695258255,-0.003319837513762894,0.0606877131762833,-0.003899899799880796,1915.0,0.003980391755648793,1.7306277338316016,0.04175909094552319,0.5613577023498695,215.0,383.0,0.009315942409433536,,,
straddle,6m,weekly,gamma1__12m__6m,-0.003026846828543564,0.2919030105670672,-0.0031588736415716356,-0.36501087077258804,-1.2470558797140092,0.5571522949612722,-1.159441554209572,-0.630193334183499,0.21237700892790634,0.5774233802982307,0.24627624692035144,0.5285680999612112,0.002428003176726534,3747.0,-0.003026846828543564,0.2919030105670672,-0.0061857204701152,-0.07310786020552085,-0.004762346961323294,1915.0,0.011666762216367643,2.405786158952846,0.008068853890747595,0.566579634464752,217.0,383.0,0.0052642387524425354,,,
straddle,6m,weekly,gamma1__6m__1m,0.005334720872092601,-1.277215276132678,-0.009800101836494102,1.2555713192246458,1.0661499799971423,-0.9331688665473222,-1.8765754437102702,0.9101901656768694,0.28635584933396163,0.3507327866809855,0.06057630561088542,0.36272222963120593,0.0014862818026457614,3316.0,0.005334720872092601,-1.277215276132678,-0.004465380964401501,-0.021643956908032225,-0.003899899799880796,1915.0,0.002665303103200789,1.9938284767300753,0.023085401198129143,0.5352480417754569,205.0,383.0,0.09196382399222251,,,
straddle,6m,weekly,gamma2__12m__1m,0.0032443748372652514,0.5905404043425377,-0.00946988529811213,-0.8390792014286955,0.7211404646274846,1.0458828026093172,-1.9067080784165755,-0.9995798352595099,0.4708230969805226,0.29561514523321264,0.05655840029392757,0.31751388571338723,0.012943575202420843,3316.0,0.0032443748372652514,0.5905404043425377,-0.006225510460846878,-0.24853879708615778,-0.003899899799880796,1915.0,0.0029143442723998936,0.9704527777375965,0.16591042611150647,0.5430809399477807,208.0,383.0,0.050949151138981005,,,
straddle,6m,weekly,gamma2__12m__6m,-0.0036830814058801944,0.581807691945546,-0.003460127912441609,-1.0625060086608376,-1.9947449836437754,1.12630517909895,-1.5807276310070415,-1.6421292970748376,0.04607070050485341,0.26003636633912053,0.11394032775350675,0.10056321128423726,0.007157595312932585,3747.0,-0.0036830814058801944,0.581807691945546,-0.007143209318321804,-0.4806983167152915,-0.004762346961323294,1915.0,0.01782771012941875,1.957299515202088,0.025156132238995255,0.5926892950391645,227.0,383.0,0.0001678150408124686,,,
straddle,6m,weekly,gamma2__6m__1m,-0.007726116189548221,2.072722399440502,0.001973802498724808,-2.443520307657403,-2.0279022825483364,2.495413880013718,0.4685733160612631,-2.1484194124008478,0.0425702221461011,0.01258102905383113,0.6393746543034342,0.031680452014669666,0.011633664046855063,3316.0,-0.007726116189548221,2.072722399440502,-0.005752313690823413,-0.37079790821690084,-0.003899899799880796,1915.0,-0.005972400727108029,-0.7889744914944271,0.7849365421956296,0.5848563968668408,224.0,383.0,0.0005241823209298429,,,
straddle,6m,weekly,hump_gamma0,-0.006711239457524511,59.96237822322533,0.006969756274087136,12.174125797542235,-2.0436048225905723,3.0709151192061346,1.8906555216335483,0.42577026784039707,0.04099260247731113,0.0021340380799736306,0.05867034348083205,0.6702752539647105,0.032209575016903136,3316.0,-0.006711239457524511,59.96237822322533,0.0002585168165626251,72.13650402076756,-0.003899899799880796,1915.0,-0.020599101990346425,0.9812074627467725,0.1632452223866656,0.5796344647519582,222.0,383.0,0.0010648977861987521,,,
straddle,6m,weekly,hump_gamma1,-0.005229271178202778,16.008070001043883,0.0005561235465859086,-60.11438753365,-2.65797092124499,0.7087637436534593,0.1718337069244718,-0.9219846754573043,0.007861267562157338,0.4784711005236947,0.863568265347181,0.3565365691687943,0.0008800440757574801,3316.0,-0.005229271178202778,16.008070001043883,-0.004673147631616869,-44.10631753260612,-0.003899899799880796,1915.0,0.00190005601713783,0.727705233583577,0.23339702296735326,0.5926892950391645,227.0,383.0,0.0001678150408124686,,,
straddle,6m,weekly,hump_gamma2,-0.005515092778005121,72.39172253784722,-0.0012960203570842102,-149.77511454844333,-3.5109730664733574,1.2580195735059037,-0.4391014602147682,-1.9069553238604542,0.00044646963121270045,0.20838467754148704,0.660588021095889,0.05652637305910666,0.004758330086489293,3316.0,-0.005515092778005121,72.39172253784722,-0.006811113135089332,-77.38339201059611,-0.003899899799880796,1915.0,0.01111708533491973,1.3840160535103025,0.08317676961060477,0.5900783289817232,226.0,383.0,0.00024781663868129284,,,
straddle,6m,monthly,gamma0__12m__1m,-0.009421056754990963,-0.6502708451037237,-0.02360764983912538,-0.04513949648889948,-0.7787654604897458,-1.922198587193008,-1.786052282946375,-0.0949035574623511,0.4361178873401885,0.0545807745402881,0.07409079318558093,0.9243914308296148,0.050154009592917714,2994.0,-0.009421056754990963,-0.6502708451037237,-0.033028706594116344,-0.6954103415926232,-0.02178709619197118,993.0,0.048367593505378004,0.8366507495643514,0.20139445516668403,0.5416666666666666,26.0,48.0,0.3327329060383094,,,
straddle,6m,monthly,gamma0__12m__6m,-0.020763370558080408,-0.5117085893296313,-0.015543311939600096,-2.2218964650296704,-1.880694115160274,-0.4712128149721388,-1.0648959407602119,-1.369751779028757,0.0600135406613582,0.6374887682462731,0.28692302216662846,0.17076439932667486,0.0376886313830439,3414.0,-0.020763370558080408,-0.5117085893296313,-0.0363066824976805,-2.733605054359302,-0.020719955720136844,993.0,0.0651725733280254,0.9899860284130427,0.1610904740554847,0.5208333333333334,25.0,48.0,0.4427167486432568,,,
straddle,6m,monthly,gamma0__6m__1m,-0.004414441615109258,-1.191405311584183,-0.02792981202010183,0.26822763004111744,-0.3849276412122828,-2.77478317041148,-2.2242188096255524,0.441130422788054,0.700291026139813,0.0055238522400646,0.026133726123520697,0.6591185800275716,0.05855894252420235,2994.0,-0.004414441615109258,-1.191405311584183,-0.03234425363521109,-0.9231776815430655,-0.02178709619197118,993.0,0.01544686307830645,0.6795969355912722,0.24837985527241757,0.5416666666666666,26.0,48.0,0.3327329060383094,,,
straddle,6m,monthly,gamma1__12m__1m,-5.1933213366077945e-05,-3.5847765552460666,-0.020071933952312077,3.720008419136134,-0.003265079852356411,-1.8386914782400965,-1.232784221630347,1.8006182011516791,0.9973948478248282,0.06596057754059063,0.21765627961321155,0.0717630783650171,0.001162895903352612,2994.0,-5.1933213366077945e-05,-3.5847765552460666,-0.020123867165678155,0.13523186389006714,-0.02178709619197118,993.0,0.0009866831317235647,0.5251478468447116,0.2997402083743314,0.5416666666666666,26.0,48.0,0.3327329060383094,,,
straddle,6m,monthly,gamma1__12m__6m,-0.019690177528155536,0.92223715644192,-0.006160790086656625,-1.5808292972022808,-2.042149094489509,0.4977083057324663,-0.6336032577447835,-0.7903513011208916,0.04113674423752116,0.6186896530731769,0.526339774246055,0.4293226342879124,0.003408639163140159,3414.0,-0.019690177528155536,0.92223715644192,-0.025850967614812162,-0.6585921407603609,-0.020719955720136844,993.0,0.02225489229816313,1.705982595563095,0.044005660050934474,0.5416666666666666,26.0,48.0,0.3327329060383094,,,
straddle,6m,monthly,gamma1__6m__1m,-0.004043435887564376,-3.097033982365514,-0.014577274766584354,3.3985987694566666,-0.30572548974341,-0.8220779613858938,-1.0432549881761015,0.886658493390779,0.7598136639629027,0.4110325275844875,0.29683021205384164,0.3752627913786586,0.0015532761876363432,2994.0,-0.004043435887564376,-3.097033982365514,-0.01862071065414873,0.30156478709115264,-0.02178709619197118,993.0,-0.0028317178444701163,-0.11545732980295029,0.5459586799412632,0.5416666666666666,26.0,48.0,0.3327329060383094,,,
straddle,6m,monthly,gamma2__12m__1m,0.0003514004453035651,3.7803637852011605,-0.026933635115896894,-3.251120272926067,0.021586349492974916,2.1548140519084433,-1.542927169422204,-1.2113606329461482,0.9827779225224774,0.031176388192354274,0.12284844782621722,0.22575722010383803,0.06552815903468046,2994.0,0.0003514004453035651,3.7803637852011605,-0.026582234670593327,0.5292435122750936,-0.02178709619197118,993.0,0.03159440731836238,1.2557208424112238,0.10460859990350868,0.625,30.0,48.0,0.05570144553050939,,,
straddle,6m,monthly,gamma2__12m__6m,-0.01802843402436001,4.243960231016215,-0.012850731737338663,-5.6026575175073186,-2.3252690485215886,2.2551549672950797,-1.4774226817012894,-2.3437430597742352,0.0200575782336411,0.024123603435732315,0.1395623698765408,0.019091318288160606,0.04358777760000854,3414.0,-0.01802843402436001,4.243960231016215,-0.030879165761698673,-1.358697286491104,-0.020719955720136844,993.0,0.07960101049366997,1.1595034771348391,0.12312551001048527,0.5625,27.0,48.0,0.235439506810856,,,
straddle,6m,monthly,gamma2__6m__1m,-0.019817380518473794,5.404570336962253,0.009555918822983154,0.2736445339748469,-1.4194565184791137,1.6882955832516526,0.6554558153807934,0.061969547978926925,0.15576596494430717,0.09135450265522017,0.5121743253538965,0.9505870825689612,0.035356947279570394,2994.0,-0.019817380518473794,5.404570336962253,-0.01026146169549064,5.6782148709371,-0.02178709619197118,993.0,-0.00609483056165927,0.1034675436622995,0.45879595380787797,0.5416666666666666,26.0,48.0,0.3327329060383094,,,
straddle,6m,monthly,hump_gamma0,-0.029798707830785837,174.61647839976445,0.02838849334522335,125.59684715685927,-2.976945905075936,2.4199640774260285,2.6655243298066402,1.1220692505596834,0.002911353739856672,0.015522040394571801,0.007686836935594954,0.2618329968196079,0.06805329623625156,2994.0,-0.029798707830785837,174.61647839976445,-0.001410214485562486,300.2133255566237,-0.02178709619197118,993.0,-0.057795001675040814,0.4416310689500206,0.3293780988613141,0.5416666666666666,26.0,48.0,0.3327329060383094,,,
straddle,6m,monthly,hump_gamma1,-0.017949741301181005,-46.57933940428639,-0.013504616396154048,-177.78581147129168,-2.0281219105211155,-0.4976152215785758,-1.2267815359302552,-0.9611368161384605,0.04254780721723995,0.6187552729726857,0.21990471240801224,0.3364833804513293,0.0023881899759032876,2994.0,-0.017949741301181005,-46.57933940428639,-0.03145435769733505,-224.36515087557808,-0.02178709619197118,993.0,-0.00802617533101424,-0.6160977344218994,0.7310849913650015,0.5208333333333334,25.0,48.0,0.4427167486432568,,,
straddle,6m,monthly,hump_gamma2,-0.031561453918725044,348.6056116799201,0.013262646830551292,-471.1071385899623,-4.60087957618913,1.6426131869077318,0.9259350007241541,-1.5883226527307268,4.207106144008671e-06,0.10046299063190872,0.3544797605186586,0.11221339767329645,0.011933463126957311,2994.0,-0.031561453918725044,348.6056116799201,-0.018298807088173753,-122.50152691004217,-0.02178709619197118,993.0,0.04033786177974952,0.9422500374529892,0.17303232063838525,0.5625,27.0,48.0,0.235439506810856,,,
